filename,question_number,topic,confidence,syllabus,session_code,session_name,year,paper_number,paper_type,variant,question_text,marks
0607_m21_qp_22.json,1(a),statistics,high,607,m,Mar/May,2021,2,non_calculator,2,"These are the test results for 14 students. 27 19 22 25 18 23 24 17 16 25 17 27 23 26 Construct an ordered stem-and-leaf diagram to show this information, including a key.",3
0607_m21_qp_22.json,1(b),statistics,high,607,m,Mar/May,2021,2,non_calculator,2,Find the median.,1
0607_m21_qp_22.json,2,vectors,high,607,m,Mar/May,2021,2,non_calculator,2,"Point A (7, 5) is translated to point B (2, 2). Find the vector that represents this translation.",2
0607_m21_qp_22.json,3,topics in arithmetic,high,607,m,Mar/May,2021,2,non_calculator,2,Find the highest common factor (HCF) of 84 and 72.,1
0607_m21_qp_22.json,4,solving linear equations,high,607,m,Mar/May,2021,2,non_calculator,2,Solve. |x| + 2 = 7,1
0607_m21_qp_22.json,5(a),straight lines,high,607,m,Mar/May,2021,2,non_calculator,2,"Point A has coordinates (-3, 2). Point B has coordinates (5, -4). Find the mid-point of AB.",2
0607_m21_qp_22.json,5(b),Pythagoras,high,607,m,Mar/May,2021,2,non_calculator,2,Find the length of AB.,3
0607_m21_qp_22.json,6,exponents and surds,high,607,m,Mar/May,2021,2,non_calculator,2,Find the value of p when 2^6 ÷ 4^p = 2^7.,3
0607_m21_qp_22.json,7(a),probability,high,607,m,Mar/May,2021,2,non_calculator,2,Iraj travels to school either by bus or on a bicycle. The probability that he goes by bus is 0.3. He can have lunch at home or at school. The probability that he has lunch at school is 0.6. Complete the tree diagram.,2
0607_m21_qp_22.json,7(b),probability,high,607,m,Mar/May,2021,2,non_calculator,2,Find the probability that Iraj travels on a bicycle to school and goes home for lunch.,2
0607_m21_qp_22.json,8,expanding and factorising,high,607,m,Mar/May,2021,2,non_calculator,2,Expand and simplify. 4(2a + 5b) - 3(6b - 3a),2
0607_m21_qp_22.json,9(a),circle theorems,high,607,m,Mar/May,2021,2,non_calculator,2,"A, B, C, and D are points on a circle. CDE is a straight line. Find angle ABC.",1
0607_m21_qp_22.json,9(b)(i),circle theorems,high,607,m,Mar/May,2021,2,non_calculator,2,"P, Q, R, S and T are points on the circle centre O. TOQ is a straight line. Find angle STR.",1
0607_m21_qp_22.json,9(b)(ii),circle theorems,high,607,m,Mar/May,2021,2,non_calculator,2,Find angle QOR.,1
0607_m21_qp_22.json,10,topics in arithmetic,high,607,m,Mar/May,2021,2,non_calculator,2,Aisha picks three number cards from a pack. The mean of the three numbers is 6 1/3. She picks another card from the pack. The mean of the four numbers is 6 1/2. Work out the number on the fourth card.,3
0607_m21_qp_22.json,11,sequences,high,607,m,Mar/May,2021,2,non_calculator,2,"Find the next term and an expression for the nth term of this sequence. 35, 29, 19, 5, ...",3
0607_m21_qp_22.json,12,solving linear equations,high,607,m,Mar/May,2021,2,non_calculator,2,Rearrange this formula to make x the subject. y = (a - x) / (3x),3
0607_m21_qp_22.json,13,exponents and surds,high,607,m,Mar/May,2021,2,non_calculator,2,Rationalise the denominator and simplify. 2 / (√5 + 1),3
0607_m21_qp_22.json,14,expanding and factorising,high,607,m,Mar/May,2021,2,non_calculator,2,Write as a single fraction in its simplest form. 3a / (a + 4) - (a - 1) / (2a),3
0607_m21_qp_42.json,1(a)(i),transformations,high,607,m,Mar/May,2021,4,calculator,2,"Rotate triangle A through 90° anticlockwise about (0, 0). Label the image B.",2
0607_m21_qp_42.json,1(a)(ii),transformations,high,607,m,Mar/May,2021,4,calculator,2,Reflect triangle A in the y-axis. Label the image C.,1
0607_m21_qp_42.json,1(a)(iii),transformations,high,607,m,Mar/May,2021,4,calculator,2,Describe fully the single transformation that maps triangle B onto triangle C.,2
0607_m21_qp_42.json,1(b),transformations,high,607,m,Mar/May,2021,4,calculator,2,Describe fully the single transformation that maps trapezium D onto trapezium E.,3
0607_m21_qp_42.json,2(a),topics in arithmetic,high,607,m,Mar/May,2021,4,calculator,2,Write 260512 correct to 3 significant figures.,1
0607_m21_qp_42.json,2(b),topics in arithmetic,high,607,m,Mar/May,2021,4,calculator,2,Write 0.000000576 in standard form.,1
0607_m21_qp_42.json,2(c),topics in arithmetic,high,607,m,Mar/May,2021,4,calculator,2,Calculate \sqrt{27^2 - 6 \times 31^{0.3}}. Give your answer correct to 1 decimal place.,2
0607_m21_qp_42.json,2(d)(i),topics in arithmetic,high,607,m,Mar/May,2021,4,calculator,2,Work out 37% of $820.,2
0607_m21_qp_42.json,2(d)(ii),topics in arithmetic,high,607,m,Mar/May,2021,4,calculator,2,Work out $36 as a percentage of $150.,1
0607_m21_qp_42.json,2(e)(i),topics in arithmetic,high,607,m,Mar/May,2021,4,calculator,2,"An amount of money is shared between Alan, Bjorn and Carlo in the ratio 3 : 7 : 5. Carlo receives $695. Find the total amount of money shared.",3
0607_m21_qp_42.json,2(e)(ii),topics in arithmetic,high,607,m,Mar/May,2021,4,calculator,2,Carlo invests 40% of his $695 at a rate of 1.2% per year compound interest. Calculate the value of his investment at the end of 5 years.,3
0607_m21_qp_42.json,2(f),topics in arithmetic,high,607,m,Mar/May,2021,4,calculator,2,"Dana invests $2100 for 12 years at a rate of x% per year compound interest. At the end of the 12 years, the value of her investment is $2663.31. Calculate the value of x.",3
0607_m21_qp_42.json,3(a)(i),straight lines,high,607,m,Mar/May,2021,4,calculator,2,Write down the coordinates of the point where the line y = -2x + 3 crosses the y-axis.,1
0607_m21_qp_42.json,3(a)(ii),straight lines,high,607,m,Mar/May,2021,4,calculator,2,Write down the gradient of the line y = -2x + 3.,1
0607_m21_qp_42.json,3(b),straight lines,high,607,m,Mar/May,2021,4,calculator,2,The line x + y = 6 crosses the line x = -2 at point A. Find the y-coordinate of A.,1
0607_m21_qp_42.json,3(c),straight lines,high,607,m,Mar/May,2021,4,calculator,2,"Find the equation of the straight line that passes through the points (3, -1) and (12, 5).",3
0607_m21_qp_42.json,3(d),straight lines,high,607,m,Mar/May,2021,4,calculator,2,"The line L passes through the point (3, 4). Line L is perpendicular to the line 2y = 5x + 6. Find the equation of line L.",4
0607_m21_qp_42.json,3(e)(i),inequalities,high,607,m,Mar/May,2021,4,calculator,2,"On the grid, draw the lines y = 4, x + y = 3 and y = x - 1.",3
0607_m21_qp_42.json,3(e)(ii),inequalities,high,607,m,Mar/May,2021,4,calculator,2,"By shading the unwanted regions, find and label the region R that satisfies these three inequalities: y <= 4, x + y >= 3, y >= x - 1.",1
0607_m21_qp_42.json,4(a)(i),statistics,high,607,m,Mar/May,2021,4,calculator,2,"The mass, m grams, of each of 50 apples is found. The results are shown in the table. Write down the modal class.",1
0607_m21_qp_42.json,4(a)(ii),statistics,high,607,m,Mar/May,2021,4,calculator,2,Calculate an estimate of the mean.,2
0607_m21_qp_42.json,4(b)(i),statistics,high,607,m,Mar/May,2021,4,calculator,2,"The mass, x grams, of each of 120 different apples is found. Complete the cumulative frequency column in Table 2.",2
0607_m21_qp_42.json,4(b)(ii),statistics,high,607,m,Mar/May,2021,4,calculator,2,"On the grid, draw the cumulative frequency curve to show the results in Table 2.",3
0607_m21_qp_42.json,4(b)(iii)(a),statistics,high,607,m,Mar/May,2021,4,calculator,2,"Use your cumulative frequency curve to estimate the median,",1
0607_m21_qp_42.json,4(b)(iii)(b),statistics,high,607,m,Mar/May,2021,4,calculator,2,the interquartile range.,2
0607_m21_qp_42.json,5(a),trigonometry,high,607,m,Mar/May,2021,4,calculator,2,Calculate the length of AC.,2
0607_m21_qp_42.json,5(b),mensuration,high,607,m,Mar/May,2021,4,calculator,2,The diagram shows a circle with centre O and radius 16 cm. Calculate the length of the major arc AB.,2
0607_m21_qp_42.json,5(c),mensuration,high,607,m,Mar/May,2021,4,calculator,2,The diagram shows a prism with length 12 cm. The cross-section of the prism is a quarter of a circle. The radius of the circle is 6 cm. Calculate the volume of the prism.,2
0607_m21_qp_42.json,5(d)(i),solving quadratic equations,high,607,m,Mar/May,2021,4,calculator,2,Shape ABCDE is made by joining rectangle ABDE and triangle BCD. The perpendicular height of triangle BCD is (2x + 4) cm. The total area of ABCDE is 11 cm^2. Show that 2x^2 - 3x - 20 = 0.,3
0607_m21_qp_42.json,5(d)(ii),expanding and factorising,high,607,m,Mar/May,2021,4,calculator,2,Factorise 2x^2 - 3x - 20.,2
0607_m21_qp_42.json,5(d)(iii),solving quadratic equations,high,607,m,Mar/May,2021,4,calculator,2,Use your answer to part (ii) to solve the equation 2x^2 - 3x - 20 = 0.,1
0607_m21_qp_42.json,5(d)(iv),solving quadratic equations,high,607,m,Mar/May,2021,4,calculator,2,Find the perpendicular height of triangle BCD.,1
0607_m21_qp_42.json,6(a)(i),variation and proportion,high,607,m,Mar/May,2021,4,calculator,2,"y is inversely proportional to the square of x. When x = 2, y = 8. Find y in terms of x.",2
0607_m21_qp_42.json,6(a)(ii),variation and proportion,high,607,m,Mar/May,2021,4,calculator,2,Find the value of y when x = 4.,1
0607_m21_qp_42.json,6(a)(iii),variation and proportion,high,607,m,Mar/May,2021,4,calculator,2,Find the value of x when y = 128.,2
0607_m21_qp_42.json,6(b),variation and proportion,high,607,m,Mar/May,2021,4,calculator,2,"r is directly proportional to the cube of (p + 1). When p = 1, r = 16. Find the value of r when p = 4.",3
0607_m21_qp_42.json,7(a),functions,high,607,m,Mar/May,2021,4,calculator,2,"g(x) = 1 / (x - 2), x != 2. On the diagram, sketch the graph of y = g(x) for values of x between -4 and 3.",3
0607_m21_qp_42.json,7(b),functions,high,607,m,Mar/May,2021,4,calculator,2,Write down the equations of the asymptotes of the graph of y = g(x).,2
0607_m21_qp_42.json,7(c),inequalities,high,607,m,Mar/May,2021,4,calculator,2,h(x) = (x + 1)^2 - 3. Solve the inequality g(x) > h(x).,4
0607_m21_qp_42.json,8(a),angles,high,607,m,Mar/May,2021,4,calculator,2,Rani sails in a boat race around a triangular course. She sails from A to B to C and then directly back to A. B is due north of C. Find the bearing Rani sails on from C to A.,1
0607_m21_qp_42.json,8(b),trigonometry,high,607,m,Mar/May,2021,4,calculator,2,"Show that AB = 20.3 km, correct to 1 decimal place.",3
0607_m21_qp_42.json,8(c),trigonometry,high,607,m,Mar/May,2021,4,calculator,2,Calculate the bearing of B from A.,3
0607_m21_qp_42.json,8(d),topics in arithmetic,high,607,m,Mar/May,2021,4,calculator,2,Rani starts the race at 08 57 and returns to A at 12 33. Calculate the average speed of her boat in km/h.,3
0607_m21_qp_42.json,9(a)(i),sets and Venn diagrams,high,607,m,Mar/May,2021,4,calculator,2,"The Venn diagram shows information about 115 people who play musical instruments. F = {people who play the flute}, D = {people who play the drums}. Calculate the number of people who play both the flute and the drums.",3
0607_m21_qp_42.json,9(a)(ii),sets and Venn diagrams,high,607,m,Mar/May,2021,4,calculator,2,"On the Venn diagram, shade F' \cap D.",1
0607_m21_qp_42.json,9(a)(iii),sets and Venn diagrams,high,607,m,Mar/May,2021,4,calculator,2,Briony plays both the flute and the drums. Use set notation to complete the statement. Briony ...... (F \cap D),1
0607_m21_qp_42.json,9(b)(i),probability,high,607,m,Mar/May,2021,4,calculator,2,"Briony has 6 red socks, 4 green socks and 8 white socks. She picks a sock at random. Find the probability that the sock is green.",1
0607_m21_qp_42.json,9(b)(ii),probability,high,607,m,Mar/May,2021,4,calculator,2,"Briony replaces the sock. She now picks two socks at random, without replacement. Calculate the probability that the two socks are different colours.",4
0607_m21_qp_42.json,10(a),similarity,high,607,m,Mar/May,2021,4,calculator,2,Cone A has radius r and perpendicular height h. Cone B is mathematically similar to cone A. Solid C is formed by removing cone A from cone B. The ratio height of cone A : height of cone B = 2 : 3. Find the ratio volume of cone A : volume of solid C.,3
0607_m21_qp_42.json,10(b),mensuration,high,607,m,Mar/May,2021,4,calculator,2,Cone A has radius 4 cm and height 10 cm. Calculate the total surface area of solid C.,8
0607_m21_qp_42.json,11(a),functions,high,607,m,Mar/May,2021,4,calculator,2,"f(x) = 3x + 1, g(x) = x^2 - 5, h(x) = 3^x. Find g(3).",1
0607_m21_qp_42.json,11(b),functions,high,607,m,Mar/May,2021,4,calculator,2,Find f(h(2)).,2
0607_m21_qp_42.json,11(c),functions,high,607,m,Mar/May,2021,4,calculator,2,Find the value of r when f(r) = r.,2
0607_m21_qp_42.json,11(d),functions,high,607,m,Mar/May,2021,4,calculator,2,Solve g(f(x)) = 20.,3
0607_m21_qp_42.json,11(e),functions,high,607,m,Mar/May,2021,4,calculator,2,Find h^{-1}(x).,2
0607_m22_qp_22.json,1,topics in arithmetic,high,607,m,Mar/May,2022,2,non_calculator,2,Write down a cube number between 10 and 100.,1
0607_m22_qp_22.json,2,topics in arithmetic,high,607,m,Mar/May,2022,2,non_calculator,2,Work out (0.1)^4.,1
0607_m22_qp_22.json,3,topics in arithmetic,high,607,m,Mar/May,2022,2,non_calculator,2,"Alex goes to sleep at 2040 and wakes up the next morning at 0610. Work out the length of time, in hours and minutes, that Alex is asleep.",1
0607_m22_qp_22.json,4(a),vectors,high,607,m,Mar/May,2022,2,non_calculator,2,Work out \begin{pmatrix} 2 \\ 3 \end{pmatrix} - \begin{pmatrix} -3 \\ 5 \end{pmatrix}.,2
0607_m22_qp_22.json,4(b),vectors,high,607,m,Mar/May,2022,2,non_calculator,2,"F is the point (5, 7). The vector that maps F onto the point G is \begin{pmatrix} -1 \\ 3 \end{pmatrix}. Find the coordinates of G.",1
0607_m22_qp_22.json,5,topics in arithmetic,high,607,m,Mar/May,2022,2,non_calculator,2,"Work out \frac{3}{4} - \frac{1}{6}, giving your answer as a fraction in its lowest terms.",2
0607_m22_qp_22.json,6,topics in arithmetic,high,607,m,Mar/May,2022,2,non_calculator,2,Divide $140 in the ratio 2 : 1 : 4.,2
0607_m22_qp_22.json,7,mensuration,high,607,m,Mar/May,2022,2,non_calculator,2,The volume of a hemisphere with radius 3 cm is k \pi \text{ cm}^3. Find the value of k.,2
0607_m22_qp_22.json,8,exponents and surds,high,607,m,Mar/May,2022,2,non_calculator,2,Write 4^{-2} as a fraction.,1
0607_m22_qp_22.json,9,topics in arithmetic,high,607,m,Mar/May,2022,2,non_calculator,2,A train is travelling at a speed of 30 m/s. The length of the train is 70 m. The train passes through a station of length 170 m. Find the time the train takes to pass completely through the station.,2
0607_m22_qp_22.json,10(a),similarity,high,607,m,Mar/May,2022,2,non_calculator,2,Triangle PQR is similar to triangle ABC. Work out the length of PR.,2
0607_m22_qp_22.json,10(b),similarity,high,607,m,Mar/May,2022,2,non_calculator,2,Two mathematically similar containers have capacities of 27 litres and 8 litres. The surface area of the smaller container is 1600 \text{ cm}^2. Work out the surface area of the larger container.,3
0607_m22_qp_22.json,11,expanding and factorising,high,607,m,Mar/May,2022,2,non_calculator,2,Factorise 1 + x - y - xy.,2
0607_m22_qp_22.json,12(a),transformations,high,607,m,Mar/May,2022,2,non_calculator,2,Describe fully the single transformation that maps triangle P onto triangle Q.,3
0607_m22_qp_22.json,12(b),transformations,high,607,m,Mar/May,2022,2,non_calculator,2,Stretch triangle T by a factor of 2 with invariant line x = 1.,2
0607_m22_qp_22.json,13,exponents and surds,high,607,m,Mar/May,2022,2,non_calculator,2,Rationalise the denominator of \frac{2}{\sqrt{3}}.,1
0607_m22_qp_22.json,14(a),topics in arithmetic,high,607,m,Mar/May,2022,2,non_calculator,2,"In this calculation, the three numbers are written in standard form: (4 \times 10^p) \times (n \times 10^{p+2}) = 3.2 \times 10^t. n, p and t are integers. Find the value of n.",1
0607_m22_qp_22.json,14(b),topics in arithmetic,high,607,m,Mar/May,2022,2,non_calculator,2,Find t in terms of p.,1
0607_m22_qp_22.json,15,expanding and factorising,high,607,m,Mar/May,2022,2,non_calculator,2,Simplify \frac{x - 4}{x^2 - 16}.,2
0607_m22_qp_22.json,16,solving quadratic equations,high,607,m,Mar/May,2022,2,non_calculator,2,The solutions to the equation x^2 + gx + h = 0 are \frac{1 - \sqrt{17}}{2} and \frac{1 + \sqrt{17}}{2}. Find the value of g and the value of h.,3
0607_m22_qp_22.json,17,expanding and factorising,high,607,m,Mar/May,2022,2,non_calculator,2,"Write as a single fraction, giving your answer in its simplest form: 2 - \frac{3}{1 + x}.",2
0607_m22_qp_22.json,18,logarithms,high,607,m,Mar/May,2022,2,non_calculator,2,Find the value of \log 5 + \log 8 - 2 \log 2.,3
0607_m22_qp_42.json,1(a),straight lines,high,607,m,Mar/May,2022,4,calculator,2,Find the gradient and y-intercept of the line with equation 3x + 4y = 24.,3
0607_m22_qp_42.json,1(b)(i),straight lines,high,607,m,Mar/May,2022,4,calculator,2,Show that the equation of line L is 2y - x = 2.,3
0607_m22_qp_42.json,1(b)(ii),straight lines,high,607,m,Mar/May,2022,4,calculator,2,"Find the equation of the line parallel to L that passes through the point (0, 7). Give your answer in the form y = mx + c.",2
0607_m22_qp_42.json,2(a),topics in arithmetic,high,607,m,Mar/May,2022,4,calculator,2,Find 12 kg as a percentage of 80 kg.,1
0607_m22_qp_42.json,2(b),topics in arithmetic,high,607,m,Mar/May,2022,4,calculator,2,Find 19% of $250.,2
0607_m22_qp_42.json,2(c),topics in arithmetic,high,607,m,Mar/May,2022,4,calculator,2,"Xavier invests $500 at a rate of 1.5% per year simple interest. At the end of y years, the value of Xavier's investment is $612.50. Find the value of y.",3
0607_m22_qp_42.json,2(d)(i),topics in arithmetic,high,607,m,Mar/May,2022,4,calculator,2,Calculate the value of the car at the end of 3 years. Give your answer correct to the nearest dollar.,3
0607_m22_qp_42.json,2(d)(ii),topics in arithmetic,high,607,m,Mar/May,2022,4,calculator,2,Find the number of complete years for the value of $20000 to decrease until it is first below $1000.,4
0607_m22_qp_42.json,2(e),topics in arithmetic,high,607,m,Mar/May,2022,4,calculator,2,"Each year the value of another car decreases by r% of its value at the beginning of that year. At the end of 10 years, the value has decreased from $12 000 to $4673. Find the value of r.",3
0607_m22_qp_42.json,3(a)(i),statistics,high,607,m,Mar/May,2022,4,calculator,2,Find the mode,1
0607_m22_qp_42.json,3(a)(ii),statistics,high,607,m,Mar/May,2022,4,calculator,2,Find the range,1
0607_m22_qp_42.json,3(a)(iii),statistics,high,607,m,Mar/May,2022,4,calculator,2,Find the median,1
0607_m22_qp_42.json,3(a)(iv),statistics,high,607,m,Mar/May,2022,4,calculator,2,Find the lower quartile,1
0607_m22_qp_42.json,3(b),statistics,high,607,m,Mar/May,2022,4,calculator,2,Calculate an estimate of the mean height.,2
0607_m22_qp_42.json,3(c),statistics,high,607,m,Mar/May,2022,4,calculator,2,"When using mid-interval values, an estimate of the mean value of t is 25.4. Find the value of n.",4
0607_m22_qp_42.json,4(a),angles,high,607,m,Mar/May,2022,4,calculator,2,"Find the values of a, b and c.",3
0607_m22_qp_42.json,4(b),angles,high,607,m,Mar/May,2022,4,calculator,2,"Find the values of u, v, w, x, y and z.",6
0607_m22_qp_42.json,5(a)(i),expanding and factorising,high,607,m,Mar/May,2022,4,calculator,2,Expand and simplify (2x + 3)^2.,2
0607_m22_qp_42.json,5(a)(ii),expanding and factorising,high,607,m,Mar/May,2022,4,calculator,2,The equation 4x^2 + 12x + 5 = 0 can be written as (2x + 3)^2 = k. Find the value of k.,1
0607_m22_qp_42.json,5(a)(iii),solving quadratic equations,high,607,m,Mar/May,2022,4,calculator,2,Use your answer to part (ii) to solve the equation 4x^2 + 12x + 5 = 0.,2
0607_m22_qp_42.json,5(b)(i),solving linear equations,high,607,m,Mar/May,2022,4,calculator,2,Find x in terms of w.,2
0607_m22_qp_42.json,5(b)(ii),solving linear equations,high,607,m,Mar/May,2022,4,calculator,2,Find x when w = 3.25.,1
0607_m22_qp_42.json,5(b)(iii),solving linear equations,high,607,m,Mar/May,2022,4,calculator,2,Find w in terms of x.,3
0607_m22_qp_42.json,6(a),expanding and factorising,high,607,m,Mar/May,2022,4,calculator,2,Show that 5x^2 + 2x - 88 = 0.,4
0607_m22_qp_42.json,6(b),expanding and factorising,high,607,m,Mar/May,2022,4,calculator,2,Factorise 5x^2 + 2x - 88.,2
0607_m22_qp_42.json,6(c),mensuration,high,607,m,Mar/May,2022,4,calculator,2,Find the area of the smaller rectangle.,2
0607_m22_qp_42.json,7(a),functions,high,607,m,Mar/May,2022,4,calculator,2,"On the diagram, sketch the graph of y = f(x).",2
0607_m22_qp_42.json,7(b),functions,high,607,m,Mar/May,2022,4,calculator,2,Write down the zeros of f(x).,2
0607_m22_qp_42.json,7(c),functions,high,607,m,Mar/May,2022,4,calculator,2,Write down the coordinates of the local maximum.,1
0607_m22_qp_42.json,7(d),functions,high,607,m,Mar/May,2022,4,calculator,2,The equation |4 - x^2| = k has 4 solutions and k is an integer. Write down a possible value of k.,1
0607_m22_qp_42.json,7(e)(i),functions,high,607,m,Mar/May,2022,4,calculator,2,"On the diagram, sketch the graph of y = 2x.",1
0607_m22_qp_42.json,7(e)(ii),functions,high,607,m,Mar/May,2022,4,calculator,2,Solve the equation |4 - x^2| = 2x.,2
0607_m22_qp_42.json,7(e)(iii),inequalities,high,607,m,Mar/May,2022,4,calculator,2,"On the diagram, shade the regions where y >= 0, y <= 2x and y <= |4 - x^2|.",2
0607_m22_qp_42.json,8(a)(i),functions,high,607,m,Mar/May,2022,4,calculator,2,Find the value of f(12),1
0607_m22_qp_42.json,8(a)(ii),functions,high,607,m,Mar/May,2022,4,calculator,2,Find the value of g(f(12)),1
0607_m22_qp_42.json,8(b),functions,high,607,m,Mar/May,2022,4,calculator,2,Find the value of x when f(x) = g(x).,2
0607_m22_qp_42.json,8(c),functions,high,607,m,Mar/May,2022,4,calculator,2,"Find f(g(x)), giving your answer in its simplest form.",2
0607_m22_qp_42.json,8(d),functions,high,607,m,Mar/May,2022,4,calculator,2,Find g^(-1)(x).,2
0607_m22_qp_42.json,8(e),functions,high,607,m,Mar/May,2022,4,calculator,2,Find x when h(x) = f(0.5).,2
0607_m22_qp_42.json,8(f),functions,high,607,m,Mar/May,2022,4,calculator,2,Find h^(-1)(x).,2
0607_m22_qp_42.json,9(a),trigonometry,high,607,m,Mar/May,2022,4,calculator,2,Calculate the value of x.,3
0607_m22_qp_42.json,9(b)(i),trigonometry,high,607,m,Mar/May,2022,4,calculator,2,Calculate angle ABC.,3
0607_m22_qp_42.json,9(b)(ii),trigonometry,high,607,m,Mar/May,2022,4,calculator,2,T is the point on AB that is the shortest distance from C. Calculate BT.,3
0607_m22_qp_42.json,9(c),trigonometry,high,607,m,Mar/May,2022,4,calculator,2,"Another triangle PQR has QR = 12 cm, PR = 7 cm and angle PQR = 35°. Calculate the difference between the two possible values of angle QPR.",5
0607_m22_qp_42.json,10(a),probability,high,607,m,Mar/May,2022,4,calculator,2,Complete the tree diagram.,3
0607_m22_qp_42.json,10(b)(i),probability,high,607,m,Mar/May,2022,4,calculator,2,Find the probability that on one day Zena does not wear a sweatshirt and she goes for a walk.,2
0607_m22_qp_42.json,10(b)(ii),probability,high,607,m,Mar/May,2022,4,calculator,2,Find the probability that on one day Zena goes for a walk.,2
0607_m22_qp_42.json,10(c)(i),probability,high,607,m,Mar/May,2022,4,calculator,2,Find the probability that Zena does not wear a sweatshirt when she goes for a walk.,2
0607_m22_qp_42.json,10(c)(ii),probability,high,607,m,Mar/May,2022,4,calculator,2,Complete the tree diagram above.,3
0607_m22_qp_42.json,11(a),trigonometry,high,607,m,Mar/May,2022,4,calculator,2,Calculate the value of y.,3
0607_m22_qp_42.json,11(b)(i),trigonometry,high,607,m,Mar/May,2022,4,calculator,2,Show that A = (8x/45) * pi - 32 sin x.,2
0607_m22_qp_42.json,11(b)(ii),trigonometry,high,607,m,Mar/May,2022,4,calculator,2,Find the value of A when x = 90.,1
0607_m22_qp_42.json,11(b)(iii),trigonometry,high,607,m,Mar/May,2022,4,calculator,2,"By sketching the graph of A = (8x/45) * pi - 32 sin x, find the value of x when A = 5.5.",3
0607_m23_qp_22.json,1(a),topics in arithmetic,high,607,m,Mar/May,2023,2,non_calculator,2,From this list of numbers write down a prime number,1
0607_m23_qp_22.json,1(b),topics in arithmetic,high,607,m,Mar/May,2023,2,non_calculator,2,From this list of numbers write down a square number.,1
0607_m23_qp_22.json,2,topics in arithmetic,high,607,m,Mar/May,2023,2,non_calculator,2,Work out 10% of 250.,1
0607_m23_qp_22.json,3(a),topics in arithmetic,high,607,m,Mar/May,2023,2,non_calculator,2,Work out. 2.04 * 20,1
0607_m23_qp_22.json,3(b),topics in arithmetic,high,607,m,Mar/May,2023,2,non_calculator,2,Work out. 0.09 / 0.003,1
0607_m23_qp_22.json,4,angles,high,607,m,Mar/May,2023,2,non_calculator,2,The diagram shows three angles on a straight line. Find the value of x.,2
0607_m23_qp_22.json,5,probability,high,607,m,Mar/May,2023,2,non_calculator,2,"A bag contains 7 black balls, 2 red balls and 4 yellow balls. One ball is chosen at random from the bag. Find the probability that the ball chosen is yellow.",1
0607_m23_qp_22.json,6,solving linear equations,high,607,m,Mar/May,2023,2,non_calculator,2,Solve. 5x - 10 = 3x - 6,2
0607_m23_qp_22.json,7,inequalities,high,607,m,Mar/May,2023,2,non_calculator,2,Solve. 4x - 3 >= 9,2
0607_m23_qp_22.json,8(a),exponents and surds,high,607,m,Mar/May,2023,2,non_calculator,2,"p = 2 * 10^3, q = 8 * 10^-5. Work out the following, giving each answer in standard form. pq",2
0607_m23_qp_22.json,8(b),exponents and surds,high,607,m,Mar/May,2023,2,non_calculator,2,"p = 2 * 10^3, q = 8 * 10^-5. Work out the following, giving each answer in standard form. p / q",2
0607_m23_qp_22.json,9,angles,high,607,m,Mar/May,2023,2,non_calculator,2,The size of one exterior angle of a regular polygon is 24°. Find the number of sides of this polygon.,2
0607_m23_qp_22.json,10,Pythagoras,high,607,m,Mar/May,2023,2,non_calculator,2,"The point A has coordinates (2, 9) and the point B has coordinates (5, 3). Find the length of AB. Give your answer in surd form.",3
0607_m23_qp_22.json,11,simultaneous equations,high,607,m,Mar/May,2023,2,non_calculator,2,"Solve the simultaneous equations. 5x - 2y = 12, 3x + 4y = 2",3
0607_m23_qp_22.json,12,expanding and factorising,high,607,m,Mar/May,2023,2,non_calculator,2,Expand the brackets and simplify. (4x - 3y)(4x + 3y),2
0607_m23_qp_22.json,13(a),sets and Venn diagrams,high,607,m,Mar/May,2023,2,non_calculator,2,Shade the given sets in each of these Venn diagrams. A' U B',1
0607_m23_qp_22.json,13(b),sets and Venn diagrams,high,607,m,Mar/May,2023,2,non_calculator,2,Shade the given sets in each of these Venn diagrams. (A interset B)',1
0607_m23_qp_22.json,14,solving linear equations,high,607,m,Mar/May,2023,2,non_calculator,2,Make x the subject of A = 3(x + y) / x,3
0607_m23_qp_22.json,15,expanding and factorising,high,607,m,Mar/May,2023,2,non_calculator,2,Factorise. 5x^2 - xy - 4y^2,2
0607_m23_qp_22.json,16,mensuration,high,607,m,Mar/May,2023,2,non_calculator,2,The volume of a hemisphere with radius r cm is 16/3 * pi cm^3. Find the value of r.,3
0607_m23_qp_22.json,17,probability,high,607,m,Mar/May,2023,2,non_calculator,2,"An unbiased die is numbered 2, 3, 3, 4, 5, 6. Wendy rolls the die three times. Find the probability that Wendy rolls a prime number at least twice.",4
0607_m23_qp_42.json,1(a),statistics,high,607,m,Mar/May,2023,4,calculator,2,Write down the mode.,1
0607_m23_qp_42.json,1(b),statistics,high,607,m,Mar/May,2023,4,calculator,2,Write down the range.,1
0607_m23_qp_42.json,1(c),statistics,high,607,m,Mar/May,2023,4,calculator,2,Find the median.,1
0607_m23_qp_42.json,1(d),statistics,high,607,m,Mar/May,2023,4,calculator,2,Find the lower quartile.,1
0607_m23_qp_42.json,1(e),statistics,high,607,m,Mar/May,2023,4,calculator,2,Calculate the mean.,2
0607_m23_qp_42.json,2(a),transformations,high,607,m,Mar/May,2023,4,calculator,2,Describe the single transformation that maps triangle A onto triangle B.,2
0607_m23_qp_42.json,2(b),transformations,high,607,m,Mar/May,2023,4,calculator,2,Describe the single transformation that maps triangle A onto triangle C.,3
0607_m23_qp_42.json,2(c),transformations,high,607,m,Mar/May,2023,4,calculator,2,Reflect triangle B in the line y = 1. Label the image D.,2
0607_m23_qp_42.json,2(d),transformations,high,607,m,Mar/May,2023,4,calculator,2,"Enlarge triangle B scale factor 2, centre (-6, -6). Label the image E.",2
0607_m23_qp_42.json,3(a),circle theorems,high,607,m,Mar/May,2023,4,calculator,2,Complete the statement. Angle CAD = 90° because,1
0607_m23_qp_42.json,3(b)(i),circle theorems,high,607,m,Mar/May,2023,4,calculator,2,"Find, in terms of x, angle ACD",1
0607_m23_qp_42.json,3(b)(ii),circle theorems,high,607,m,Mar/May,2023,4,calculator,2,"Find, in terms of x, angle AOD",1
0607_m23_qp_42.json,3(b)(iii),circle theorems,high,607,m,Mar/May,2023,4,calculator,2,"Find, in terms of x, angle AOC",1
0607_m23_qp_42.json,3(b)(iv),circle theorems,high,607,m,Mar/May,2023,4,calculator,2,"Find, in terms of x, angle ADO",1
0607_m23_qp_42.json,3(b)(v),circle theorems,high,607,m,Mar/May,2023,4,calculator,2,"Find, in terms of x, angle ABC.",1
0607_m23_qp_42.json,3(c),circle theorems,high,607,m,Mar/May,2023,4,calculator,2,"Given that angle DTA = y°, find y in terms of x.",1
0607_m23_qp_42.json,4(a),statistics,high,607,m,Mar/May,2023,4,calculator,2,Calculate an estimate of the mean height.,2
0607_m23_qp_42.json,4(b),statistics,high,607,m,Mar/May,2023,4,calculator,2,Complete the cumulative frequency table.,1
0607_m23_qp_42.json,4(c),statistics,high,607,m,Mar/May,2023,4,calculator,2,"On the grid below, draw a cumulative frequency curve.",3
0607_m23_qp_42.json,4(d)(i),statistics,high,607,m,Mar/May,2023,4,calculator,2,Use your graph in part (c) to find an estimate for the upper quartile,1
0607_m23_qp_42.json,4(d)(ii),statistics,high,607,m,Mar/May,2023,4,calculator,2,Use your graph in part (c) to find an estimate for the percentage of students who are less than 162cm in height.,2
0607_m23_qp_42.json,5(a),variation and proportion,high,607,m,Mar/May,2023,4,calculator,2,Work out the value of B when X = 48 and A = 4.,2
0607_m23_qp_42.json,5(b),solving linear equations,high,607,m,Mar/May,2023,4,calculator,2,Solve 6(1 - 2x) = 2 + 4(x - 1).,3
0607_m23_qp_42.json,5(c),solving linear equations,high,607,m,Mar/May,2023,4,calculator,2,Solve (3x - 2) / 5 = (3 + 2x) / 4 - 2.,3
0607_m23_qp_42.json,5(d),logarithms,high,607,m,Mar/May,2023,4,calculator,2,Solve 4 log 2 - 2 log x + log 4 = 2. You must show your working.,4
0607_m23_qp_42.json,5(e),solving quadratic equations,high,607,m,Mar/May,2023,4,calculator,2,Solve x = 16 - 6x^2. Give your answers correct to 2 decimal places.,3
0607_m23_qp_42.json,6(a),functions,high,607,m,Mar/May,2023,4,calculator,2,"On the diagram, sketch the graph of y = f(x) for values of x between -5 and 5.",4
0607_m23_qp_42.json,6(b),functions,high,607,m,Mar/May,2023,4,calculator,2,Write down the equations of the two vertical asymptotes.,2
0607_m23_qp_42.json,6(c),functions,high,607,m,Mar/May,2023,4,calculator,2,Write down the coordinates of the local minimum point.,1
0607_m23_qp_42.json,6(d),functions,high,607,m,Mar/May,2023,4,calculator,2,"On the diagram, sketch the graph of y = g(x), where g(x) = 3 - x for -2 <= x <= 5.",1
0607_m23_qp_42.json,6(e)(i),functions,high,607,m,Mar/May,2023,4,calculator,2,Solve the equation f(x) = g(x).,2
0607_m23_qp_42.json,6(e)(ii),inequalities,high,607,m,Mar/May,2023,4,calculator,2,Solve the inequality f(x) > g(x).,3
0607_m23_qp_42.json,7(a),variation and proportion,high,607,m,Mar/May,2023,4,calculator,2,Find y in terms of x.,3
0607_m23_qp_42.json,7(b),variation and proportion,high,607,m,Mar/May,2023,4,calculator,2,Find the value of x when y = 8.,2
0607_m23_qp_42.json,7(c),variation and proportion,high,607,m,Mar/May,2023,4,calculator,2,"w varies as the square of y. w = 18 when y = 3. Find w in terms of x. Give your answer in the form w = px^q, where p and q are constants.",4
0607_m23_qp_42.json,8(a),trigonometry,high,607,m,Mar/May,2023,4,calculator,2,Calculate AB.,3
0607_m23_qp_42.json,8(b),trigonometry,high,607,m,Mar/May,2023,4,calculator,2,Calculate the obtuse angle ACD.,3
0607_m23_qp_42.json,8(c)(i),trigonometry,high,607,m,Mar/May,2023,4,calculator,2,Find the bearing of D from A,2
0607_m23_qp_42.json,8(c)(ii),trigonometry,high,607,m,Mar/May,2023,4,calculator,2,Find the bearing of A from D.,1
0607_m23_qp_42.json,8(d),trigonometry,high,607,m,Mar/May,2023,4,calculator,2,Calculate the area of the quadrilateral ABCD.,3
0607_m23_qp_42.json,9(a)(i),topics in arithmetic,high,607,m,Mar/May,2023,4,calculator,2,Find the total amount Henryk has in Bank A at the end of 4 years.,2
0607_m23_qp_42.json,9(a)(ii),topics in arithmetic,high,607,m,Mar/May,2023,4,calculator,2,Calculate the number of complete years it takes for the value of Henryk’s investment of $5000 in Bank A to be first greater than $8000.,4
0607_m23_qp_42.json,9(b)(i),topics in arithmetic,high,607,m,Mar/May,2023,4,calculator,2,Find the total amount Henryk has in Bank B at the end of 4 years.,3
0607_m23_qp_42.json,9(b)(ii),topics in arithmetic,high,607,m,Mar/May,2023,4,calculator,2,Calculate the number of complete years it takes for the value of Henryk’s investment of $5000 in Bank B to be $8000.,2
0607_m23_qp_42.json,9(c),topics in arithmetic,high,607,m,Mar/May,2023,4,calculator,2,"At the end of x complete years, the total amount that Henryk has in Bank A is greater than the total amount he has in Bank B. Given that 5 < x < 10, use a graphical method to find the value of x.",4
0607_m23_qp_42.json,10(a),trigonometry,high,607,m,Mar/May,2023,4,calculator,2,"Show that, in metres, AC = x / tan 63 + 2400.",3
0607_m23_qp_42.json,10(b),trigonometry,high,607,m,Mar/May,2023,4,calculator,2,Find the value of x.,5
0607_m23_qp_42.json,11(a)(i),mensuration,high,607,m,Mar/May,2023,4,calculator,2,Show that the area of triangle ABC is (3sqrt(3) / 4) r^2 cm^2.,4
0607_m23_qp_42.json,11(a)(ii),mensuration,high,607,m,Mar/May,2023,4,calculator,2,"Find an expression, in terms of pi and r, for the exact value of the shaded area.",1
0607_m23_qp_42.json,11(b),mensuration,high,607,m,Mar/May,2023,4,calculator,2,"Another equilateral triangle DEF is touching the same circle. Find an expression, in terms of pi and r, for the exact value of this shaded area.",3
0607_m23_qp_42.json,11(c),similarity,high,607,m,Mar/May,2023,4,calculator,2,Find in its simplest form the ratio perimeter of triangle ABC : perimeter of triangle DEF.,2
0607_m23_qp_42.json,12(a)(i),probability,high,607,m,Mar/May,2023,4,calculator,2,"Giving your answers as unsimplified algebraic fractions, find the probability, in terms of x, y, and z, that the two balls chosen are both red",2
0607_m23_qp_42.json,12(a)(ii),probability,high,607,m,Mar/May,2023,4,calculator,2,"Giving your answers as unsimplified algebraic fractions, find the probability, in terms of x, y, and z, that the two balls chosen are one blue and one green.",2
0607_m23_qp_42.json,12(b),probability,high,607,m,Mar/May,2023,4,calculator,2,"All of the green balls are removed from the bag. Novak now chooses a ball at random from the bag, notes its colour and replaces it in the bag. He then chooses a ball from the bag a second time and notes its colour. The probability that the two balls chosen are both red is 49 / 400. Find, as a fraction, the value of x / y.",3
0607_m24_qp_22.json,1,topics in arithmetic,high,607,m,Mar/May,2024,2,non_calculator,2,Write down a fraction between 5/8 and 3/4.,1
0607_m24_qp_22.json,2,topics in arithmetic,high,607,m,Mar/May,2024,2,non_calculator,2,Work out 8 / 0.02.,1
0607_m24_qp_22.json,3(a),transformations,high,607,m,Mar/May,2024,2,non_calculator,2,Shade one square so that the shape has one line of symmetry.,1
0607_m24_qp_22.json,3(b),transformations,high,607,m,Mar/May,2024,2,non_calculator,2,Shade two squares so that the shape has rotational symmetry of order 2.,1
0607_m24_qp_22.json,4,exponents and surds,high,607,m,Mar/May,2024,2,non_calculator,2,Simplify (a^3 x a^7) / a^4.,1
0607_m24_qp_22.json,5(a),topics in arithmetic,high,607,m,Mar/May,2024,2,non_calculator,2,Write the ratio 120 : 150 : 75 in its simplest form.,2
0607_m24_qp_22.json,5(b),topics in arithmetic,high,607,m,Mar/May,2024,2,non_calculator,2,Advik and Bidhi share $160 in the ratio 3 : 5. Calculate how much they each receive.,2
0607_m24_qp_22.json,6,angles,high,607,m,Mar/May,2024,2,non_calculator,2,"The diagram shows part of a regular hexagon, A, and part of a regular polygon, B. C is a square. Find the number of sides of the regular polygon, B.",4
0607_m24_qp_22.json,7(a),statistics,high,607,m,Mar/May,2024,2,non_calculator,2,Find the relative frequency of Reality.,1
0607_m24_qp_22.json,7(b),statistics,high,607,m,Mar/May,2024,2,non_calculator,2,The town has 40 000 inhabitants. Work out the expected number of people in the town whose favourite type of programme is Documentary.,2
0607_m24_qp_22.json,8,simultaneous equations,high,607,m,Mar/May,2024,2,non_calculator,2,"Solve the simultaneous equations. (1/2)x + (2/3)y = 8, 3x - y = 18",3
0607_m24_qp_22.json,9(a),topics in arithmetic,high,607,m,Mar/May,2024,2,non_calculator,2,Find the highest common factor (HCF) of 72 and 120.,1
0607_m24_qp_22.json,9(b),topics in arithmetic,high,607,m,Mar/May,2024,2,non_calculator,2,Find the lowest common multiple (LCM) of 54 and 81.,2
0607_m24_qp_22.json,10,exponents and surds,high,607,m,Mar/May,2024,2,non_calculator,2,Work out 16^(1/4).,1
0607_m24_qp_22.json,11,Pythagoras,high,607,m,Mar/May,2024,2,non_calculator,2,ABCDEFGH is a cuboid. Find the length of AG. Give your answer in surd form.,3
0607_m24_qp_22.json,12,solving linear equations,high,607,m,Mar/May,2024,2,non_calculator,2,Rearrange this formula to make R the subject. P = 2(Q + 3R) / 5,3
0607_m24_qp_22.json,13(a),exponents and surds,high,607,m,Mar/May,2024,2,non_calculator,2,Write in the form a + b*sqrt(3) where a and b are integers. (5 + 2*sqrt(3))^2,2
0607_m24_qp_22.json,13(b),exponents and surds,high,607,m,Mar/May,2024,2,non_calculator,2,Write in the form a + b*sqrt(3) where a and b are integers. 5 / (2 + sqrt(3)),2
0607_m24_qp_22.json,14,variation and proportion,high,607,m,Mar/May,2024,2,non_calculator,2,"y is inversely proportional to the square of x. When x = 2, y = 12. Find y when x = 4.",3
0607_m24_qp_22.json,15,logarithms,high,607,m,Mar/May,2024,2,non_calculator,2,log p = 2 log 6 + log 5 - 2. Find the value of p.,4
0607_m24_qp_42.json,1(a),trigonometry,high,607,m,Mar/May,2024,4,calculator,2,"On the diagram, sketch the graph of y = f(x) for -180 <= x <= 180.",2
0607_m24_qp_42.json,1(b),trigonometry,high,607,m,Mar/May,2024,4,calculator,2,Write down the amplitude and period of f(x).,2
0607_m24_qp_42.json,1(c)(i),trigonometry,high,607,m,Mar/May,2024,4,calculator,2,"On the diagram, sketch the graph of y = g(x) for -180 <= x <= 180.",2
0607_m24_qp_42.json,1(c)(ii),trigonometry,high,607,m,Mar/May,2024,4,calculator,2,Solve g(x) = f(x) for -180 <= x <= 180.,4
0607_m24_qp_42.json,1(c)(iii),inequalities,high,607,m,Mar/May,2024,4,calculator,2,Solve g(x) < f(x) for -180 <= x <= 180.,2
0607_m24_qp_42.json,2(a),topics in arithmetic,high,607,m,Mar/May,2024,4,calculator,2,The selling price of a basket increases by 8%. The new selling price is $4.86. Find the original selling price of a basket.,2
0607_m24_qp_42.json,2(b),topics in arithmetic,high,607,m,Mar/May,2024,4,calculator,2,Asif earns $4.70 per hour plus $1.21 for each basket he makes. Each week he works 8 hours a day for 5 days. Each day Asif makes 18 baskets. Calculate the total amount Asif earns in one week.,3
0607_m24_qp_42.json,2(c)(i),expanding and factorising,high,607,m,Mar/May,2024,4,calculator,2,Write down an expression in terms of x for the number of baskets Chelsea makes.,1
0607_m24_qp_42.json,2(c)(ii),expanding and factorising,high,607,m,Mar/May,2024,4,calculator,2,Write down an equation in terms of x and show that it simplifies to 3x^2 - 98x + 240 = 0.,3
0607_m24_qp_42.json,2(c)(iii),solving quadratic equations,high,607,m,Mar/May,2024,4,calculator,2,Solve the equation 3x^2 - 98x + 240 = 0.,2
0607_m24_qp_42.json,2(c)(iv),solving quadratic equations,high,607,m,Mar/May,2024,4,calculator,2,Find the number of baskets Chelsea makes.,2
0607_m24_qp_42.json,3(a),transformations,high,607,m,Mar/May,2024,4,calculator,2,Describe fully the single transformation that maps triangle A onto triangle B.,2
0607_m24_qp_42.json,3(b),transformations,high,607,m,Mar/May,2024,4,calculator,2,Describe fully the single transformation that maps triangle A onto triangle C.,3
0607_m24_qp_42.json,3(c)(i),transformations,high,607,m,Mar/May,2024,4,calculator,2,"Rotate triangle A through 90° clockwise about (-1, -1). Label the image D.",2
0607_m24_qp_42.json,3(c)(ii),transformations,high,607,m,Mar/May,2024,4,calculator,2,Reflect triangle D in the line x = -1. Label the image E.,2
0607_m24_qp_42.json,3(c)(iii),transformations,high,607,m,Mar/May,2024,4,calculator,2,Describe fully the single transformation that maps triangle A onto triangle E.,2
0607_m24_qp_42.json,4(a),statistics,high,607,m,Mar/May,2024,4,calculator,2,Complete the scatter diagram. The first 6 points have been plotted for you.,2
0607_m24_qp_42.json,4(b),statistics,high,607,m,Mar/May,2024,4,calculator,2,What type of correlation is shown on the scatter diagram?,1
0607_m24_qp_42.json,4(c),straight lines,high,607,m,Mar/May,2024,4,calculator,2,Find the equation of the regression line. Give your answer in the form y = mx + c.,2
0607_m24_qp_42.json,4(d),straight lines,high,607,m,Mar/May,2024,4,calculator,2,Anna trained for 10.8 hours. Use your equation to estimate the time Anna took for the test.,1
0607_m24_qp_42.json,4(e),statistics,high,607,m,Mar/May,2024,4,calculator,2,Ben trained for 20.5 hours. Explain why you should not use your equation to estimate the time Ben took for the test.,1
0607_m24_qp_42.json,5(a),trigonometry,high,607,m,Mar/May,2024,4,calculator,2,Calculate the bearing of D from C.,3
0607_m24_qp_42.json,5(b),trigonometry,high,607,m,Mar/May,2024,4,calculator,2,Show that angle ABC = 81.9° correct to one decimal place.,3
0607_m24_qp_42.json,5(c),trigonometry,high,607,m,Mar/May,2024,4,calculator,2,Find the total area of the field ABCD.,5
0607_m24_qp_42.json,6(a)(i),sets and Venn diagrams,high,607,m,Mar/May,2024,4,calculator,2,Complete the Venn diagram.,2
0607_m24_qp_42.json,6(a)(ii),sets and Venn diagrams,high,607,m,Mar/May,2024,4,calculator,2,Write down the elements of P intersect Q.,1
0607_m24_qp_42.json,6(a)(iii),sets and Venn diagrams,high,607,m,Mar/May,2024,4,calculator,2,Find n((P' intersect Q) union (P intersect Q')).,1
0607_m24_qp_42.json,6(b)(i),probability,high,607,m,Mar/May,2024,4,calculator,2,Amy picks a ball at random from bag A. She notes the colour of the ball and replaces it in bag A. Find the probability that Amy's ball is black.,1
0607_m24_qp_42.json,6(b)(ii),probability,high,607,m,Mar/May,2024,4,calculator,2,Basma picks two balls at random from bag B. She notes the colour of each ball and replaces them in bag B. Find the probability that both balls are white.,2
0607_m24_qp_42.json,6(b)(iii),probability,high,607,m,Mar/May,2024,4,calculator,2,Basma chooses one bag at random. She picks one ball at random from this bag. Find the probability that the ball is white.,3
0607_m24_qp_42.json,7(a)(i),angles,high,607,m,Mar/May,2024,4,calculator,2,Find angle FCD,2
0607_m24_qp_42.json,7(a)(ii),angles,high,607,m,Mar/May,2024,4,calculator,2,Find angle FBC,1
0607_m24_qp_42.json,7(a)(iii),angles,high,607,m,Mar/May,2024,4,calculator,2,Find angle BGE.,2
0607_m24_qp_42.json,7(b)(i),similarity,high,607,m,Mar/May,2024,4,calculator,2,Show that triangles AXB and DXC are similar. Give a reason for each statement you make.,2
0607_m24_qp_42.json,7(b)(ii),similarity,high,607,m,Mar/May,2024,4,calculator,2,"AX = 5cm, XC = 2cm and XD = 4cm. Find the length of BD.",3
0607_m24_qp_42.json,8(a),statistics,high,607,m,Mar/May,2024,4,calculator,2,"On the grid, draw a cumulative frequency curve to show this information.",4
0607_m24_qp_42.json,8(b)(i),statistics,high,607,m,Mar/May,2024,4,calculator,2,Use your curve to estimate the median,1
0607_m24_qp_42.json,8(b)(ii),statistics,high,607,m,Mar/May,2024,4,calculator,2,Use your curve to estimate the interquartile range.,2
0607_m24_qp_42.json,8(c),statistics,high,607,m,Mar/May,2024,4,calculator,2,Use your curve to estimate the percentage of these 120 days where the shop received more than $1800.,3
0607_m24_qp_42.json,9(a),straight lines,high,607,m,Mar/May,2024,4,calculator,2,Find the coordinates of the mid-point of AB.,2
0607_m24_qp_42.json,9(b),straight lines,high,607,m,Mar/May,2024,4,calculator,2,Find the equation of AB.,3
0607_m24_qp_42.json,9(c),straight lines,high,607,m,Mar/May,2024,4,calculator,2,Show that the equation of the perpendicular bisector of AB is y = 3x - 2.,3
0607_m24_qp_42.json,9(d),straight lines,high,607,m,Mar/May,2024,4,calculator,2,"The point C has coordinates (3, 7). Show that C lies on the perpendicular bisector of AB.",1
0607_m24_qp_42.json,9(e),straight lines,high,607,m,Mar/May,2024,4,calculator,2,Find the area of triangle ABC.,4
0607_m24_qp_42.json,10(a)(i),functions,high,607,m,Mar/May,2024,4,calculator,2,Find g(-2).,1
0607_m24_qp_42.json,10(a)(ii),functions,high,607,m,Mar/May,2024,4,calculator,2,Find h(g(x)). Write your answer in the form ax^2 + bx + c.,3
0607_m24_qp_42.json,10(a)(iii),functions,high,607,m,Mar/May,2024,4,calculator,2,Find g^-1(x).,2
0607_m24_qp_42.json,10(b)(i),functions,high,607,m,Mar/May,2024,4,calculator,2,"On the diagram, sketch the graph of y = f(x)/g(x) for values of x between -2 and 6.",3
0607_m24_qp_42.json,10(b)(ii),functions,high,607,m,Mar/May,2024,4,calculator,2,An asymptote to the graph of y = f(x)/g(x) is parallel to the y-axis. Find the equation of this asymptote.,1
0607_m24_qp_42.json,10(b)(iii),functions,high,607,m,Mar/May,2024,4,calculator,2,Solve f(x)/g(x) = 5 - 2^x.,3
0607_m24_qp_42.json,11(a),inequalities,high,607,m,Mar/May,2024,4,calculator,2,Solve. 3x + 2 > 7x - 8,2
0607_m24_qp_42.json,11(b),expanding and factorising,high,607,m,Mar/May,2024,4,calculator,2,Factorise fully. 75x^2 - 3,2
0607_m24_qp_42.json,11(c)(i),topics in arithmetic,high,607,m,Mar/May,2024,4,calculator,2,Simplify. 2/(3x) + 1/(6x) - 1/(5x),2
0607_m24_qp_42.json,11(c)(ii),expanding and factorising,high,607,m,Mar/May,2024,4,calculator,2,Simplify. (2x^2 + 3x - 2bx - 3b)/(2x^2 - 7x - 15),4
0607_m25_qp_22.json,1,topics in arithmetic,high,607,m,Mar/May,2025,2,non_calculator,2,Write down the reciprocal of 1/5.,1
0607_m25_qp_22.json,2,inequalities,high,607,m,Mar/May,2025,2,non_calculator,2,Show the inequality -2 < x <= 3 on the number line.,2
0607_m25_qp_22.json,3,angles,high,607,m,Mar/May,2025,2,non_calculator,2,Draw an angle of 215° at A.,1
0607_m25_qp_22.json,4,statistics,high,607,m,Mar/May,2025,2,non_calculator,2,"9 15 12 8 13 14
Find the range of these numbers.",1
0607_m25_qp_22.json,5,vectors,high,607,m,Mar/May,2025,2,non_calculator,2,"Point A is translated to point B.
Find vector AB.",2
0607_m25_qp_22.json,6(a),sets and Venn diagrams,high,607,m,Mar/May,2025,2,non_calculator,2,"U = {natural numbers <= 20}
A = {multiples of 3}
B = {triangle numbers}
Write down the elements of set A and the elements of set B.",2
0607_m25_qp_22.json,6(b),sets and Venn diagrams,high,607,m,Mar/May,2025,2,non_calculator,2,Write down the elements of A ∩ B.,1
0607_m25_qp_22.json,7,topics in arithmetic,high,607,m,Mar/May,2025,2,non_calculator,2,Write 84 as a product of its prime factors.,2
0607_m25_qp_22.json,8,topics in arithmetic,high,607,m,Mar/May,2025,2,non_calculator,2,"By writing each number correct to 1 significant figure, estimate the value of (5923 - 2198) / (0.5461 * 39.43).",2
0607_m25_qp_22.json,9(a),simultaneous equations,high,607,m,Mar/May,2025,2,non_calculator,2,"These are the equations of two lines.
4y = x + 7
y + 4x = 6
Find the coordinates of the point where these two lines intersect.",3
0607_m25_qp_22.json,9(b),straight lines,high,607,m,Mar/May,2025,2,non_calculator,2,Are the two lines perpendicular? Give a reason for your answer.,2
0607_m25_qp_22.json,10(a),probability,high,607,m,Mar/May,2025,2,non_calculator,2,"The probability that an event happens is 0.95.
Write down the probability that the event does not happen.",1
0607_m25_qp_22.json,10(b)(i),probability,high,607,m,Mar/May,2025,2,non_calculator,2,"An unbiased die is numbered 1, 2, 3, 4, 5, 6.
Jamisha rolls the die once.
Find the probability that Jamisha rolls an even number",1
0607_m25_qp_22.json,10(b)(ii),probability,high,607,m,Mar/May,2025,2,non_calculator,2,"An unbiased die is numbered 1, 2, 3, 4, 5, 6.
Jamisha rolls the die once.
Find the probability that Jamisha rolls a 3 or a 5.",1
0607_m25_qp_22.json,11,sequences,high,607,m,Mar/May,2025,2,non_calculator,2,"These are the first five terms of a sequence.
3 9 19 33 51
Find the nth term of this sequence.",2
0607_m25_qp_22.json,12(a)(i),transformations,high,607,m,Mar/May,2025,2,non_calculator,2,Describe fully the single transformation that maps triangle T onto triangle A,2
0607_m25_qp_22.json,12(a)(ii),transformations,high,607,m,Mar/May,2025,2,non_calculator,2,Describe fully the single transformation that maps triangle T onto triangle B.,3
0607_m25_qp_22.json,12(b),transformations,high,607,m,Mar/May,2025,2,non_calculator,2,"Draw the image of triangle T after a translation of (-4, 1).",2
0607_m25_qp_22.json,13,inequalities,high,607,m,Mar/May,2025,2,non_calculator,2,Find the 3 inequalities that define the shaded region.,4
0607_m25_qp_22.json,14(a),exponents and surds,high,607,m,Mar/May,2025,2,non_calculator,2,Work out (0.5)^2.,1
0607_m25_qp_22.json,14(b),exponents and surds,high,607,m,Mar/May,2025,2,non_calculator,2,Work out cube root of 64 * 3^2.,2
0607_m25_qp_22.json,14(c),exponents and surds,high,607,m,Mar/May,2025,2,non_calculator,2,"16^n = 2^(n - 1)
Find the value of n.",2
0607_m25_qp_22.json,15,expanding and factorising,high,607,m,Mar/May,2025,2,non_calculator,2,"Expand and simplify.
(3a + 4b)(a - 2b)",2
0607_m25_qp_22.json,16,mensuration,high,607,m,Mar/May,2025,2,non_calculator,2,"The diagram shows a solid half cylinder.
The radius of the cross-section is 3 cm.
The length of the solid is 4 cm.
Find the total surface area of the solid.
Give your answer in terms of pi.",4
0607_m25_qp_22.json,17,straight lines,high,607,m,Mar/May,2025,2,non_calculator,2,"A is the point (-5, 7) and B is the point (5, -2).
Find the equation of the line AB.
Give your answer in the form ax + by = k where a, b and k are integers.",4
0607_m25_qp_22.json,18(a),solving linear equations,high,607,m,Mar/May,2025,2,non_calculator,2,"Rearrange the formula to make a the subject.
sqrt(a - b) = 2c",2
0607_m25_qp_22.json,18(b),solving linear equations,high,607,m,Mar/May,2025,2,non_calculator,2,"Rearrange the formula to make p the subject.
(p - 5) / (3p - 2) = q",3
0607_m25_qp_22.json,19,similarity,high,607,m,Mar/May,2025,2,non_calculator,2,"A large cone has height h.
The large cone is cut parallel to its base to make a smaller cone and a frustum.
The height of the frustum is (3/5)h.
Find the ratio volume of small cone : volume of frustum.",3
0607_m25_qp_22.json,20,probability,high,607,m,Mar/May,2025,2,non_calculator,2,"A box contains 2 yellow pencils, 3 blue pencils and 4 green pencils.
Micah takes two pencils from the box at random without replacement.
Find the probability that the pencils are both blue.",2
0607_m25_qp_22.json,21(a),exponents and surds,high,607,m,Mar/May,2025,2,non_calculator,2,"Simplify.
3*sqrt(12) - sqrt(48) + sqrt(75)",3
0607_m25_qp_22.json,21(b),exponents and surds,high,607,m,Mar/May,2025,2,non_calculator,2,"Rationalise the denominator and simplify.
6 / (sqrt(5) - sqrt(2))",3
0607_m25_qp_22.json,22,solving quadratic equations,high,607,m,Mar/May,2025,2,non_calculator,2,"The equation of a quadratic function is y = ax^2 + bx + c.
The vertex of the quadratic function is at (1, 3).
The quadratic function passes through the point (2, 5).
Find the equation of the quadratic function.",4
0607_m25_qp_22.json,23(a),functions,high,607,m,Mar/May,2025,2,non_calculator,2,"The diagram shows the graph of f(x°) = a cos bx.
Find the value of a and the value of b.",2
0607_m25_qp_22.json,23(b),trigonometry,high,607,m,Mar/May,2025,2,non_calculator,2,Solve (sqrt(3) / tan x) - 1 = 0 for values of x between 0° and 360°.,3
0607_m25_qp_42.json,1(a),mensuration,high,607,m,Mar/May,2025,4,calculator,2,"Find the perimeter of the shape. Give your answer, in terms of x, in its simplest form.",2
0607_m25_qp_42.json,1(b),mensuration,high,607,m,Mar/May,2025,4,calculator,2,"Find the area of the shape. Give your answer, in terms of x, in its simplest form.",2
0607_m25_qp_42.json,2,topics in arithmetic,high,607,m,Mar/May,2025,4,calculator,2,$Y is shared in the ratio 5 : 2. The difference between the two shares is $108. Work out the value of Y.,2
0607_m25_qp_42.json,3,topics in arithmetic,high,607,m,Mar/May,2025,4,calculator,2,Work out 5(1/6) * (24/27). Give your answer as a mixed number.,1
0607_m25_qp_42.json,4(a),vectors,high,607,m,Mar/May,2025,4,calculator,2,Work out (1/3)a - b.,2
0607_m25_qp_42.json,4(b),vectors,high,607,m,Mar/May,2025,4,calculator,2,Find |b|.,2
0607_m25_qp_42.json,5,topics in arithmetic,high,607,m,Mar/May,2025,4,calculator,2,Work out \sqrt{25} - 7^{0.3} \times 1.5.,1
0607_m25_qp_42.json,6,circle theorems,high,607,m,Mar/May,2025,4,calculator,2,"P, Q, R and S are points on the circle. Find angle PQR.",1
0607_m25_qp_42.json,7,topics in arithmetic,high,607,m,Mar/May,2025,4,calculator,2,Write 7230000000 in standard form.,1
0607_m25_qp_42.json,8(a),functions,high,607,m,Mar/May,2025,4,calculator,2,"On the diagram, sketch the graph of y = f(x) for values of x between -3 and 3.",2
0607_m25_qp_42.json,8(b),inequalities,high,607,m,Mar/May,2025,4,calculator,2,Solve f(x) < x^2 + x - 1.,4
0607_m25_qp_42.json,9(a),statistics,high,607,m,Mar/May,2025,4,calculator,2,Complete the scatter diagram. The first 5 points have been plotted for you.,2
0607_m25_qp_42.json,9(b),statistics,high,607,m,Mar/May,2025,4,calculator,2,Find the equation of the line of regression for y in terms of x.,2
0607_m25_qp_42.json,10,statistics,high,607,m,Mar/May,2025,4,calculator,2,The table shows the number of pens in each room in a school. The mean number of pens is 2.3. Find the value of x.,3
0607_m25_qp_42.json,11,topics in arithmetic,high,607,m,Mar/May,2025,4,calculator,2,Vikram invests $450 at a rate of 3.1% per year compound interest. Calculate the number of complete years that it takes for the value of Vikram’s investment to first be greater than $900.,4
0607_m25_qp_42.json,12(a),mensuration,high,607,m,Mar/May,2025,4,calculator,2,Show that the capacity of the container is 32.8 litres.,2
0607_m25_qp_42.json,12(b)(i),topics in arithmetic,high,607,m,Mar/May,2025,4,calculator,2,At 10 40 there are x litres of water in the container. Find x as a percentage of 32.8.,3
0607_m25_qp_42.json,12(b)(ii),topics in arithmetic,high,607,m,Mar/May,2025,4,calculator,2,Find the time when the container is full.,3
0607_m25_qp_42.json,13(a),functions,high,607,m,Mar/May,2025,4,calculator,2,Find f(3).,1
0607_m25_qp_42.json,13(b),functions,high,607,m,Mar/May,2025,4,calculator,2,Find fg(x). Simplify your answer.,2
0607_m25_qp_42.json,13(c),functions,high,607,m,Mar/May,2025,4,calculator,2,Find f^{-1}(x).,2
0607_m25_qp_42.json,13(d),functions,high,607,m,Mar/May,2025,4,calculator,2,Find ff^{-1}(5).,1
0607_m25_qp_42.json,14(a),trigonometry,high,607,m,Mar/May,2025,4,calculator,2,Find the area of triangle ABD.,2
0607_m25_qp_42.json,14(b),trigonometry,high,607,m,Mar/May,2025,4,calculator,2,Find the shortest distance from D to AB.,3
0607_m25_qp_42.json,14(c),trigonometry,high,607,m,Mar/May,2025,4,calculator,2,Find the perimeter of ABCD.,6
0607_m25_qp_42.json,15(a),angles,high,607,m,Mar/May,2025,4,calculator,2,Write down the mathematical name of the quadrilateral ABCO.,1
0607_m25_qp_42.json,15(b),mensuration,high,607,m,Mar/May,2025,4,calculator,2,Calculate the area of the shaded segment.,3
0607_m25_qp_42.json,15(c),mensuration,high,607,m,Mar/May,2025,4,calculator,2,Calculate the shortest distance from B to the circumference of the circle.,3
0607_m25_qp_42.json,16,probability,high,607,m,Mar/May,2025,4,calculator,2,Rupesh plays a game 3 times. He can either win each game or lose each game. The probability that Rupesh wins each game is 0.2. Find the probability that Rupesh loses the 3 games.,2
0607_m25_qp_42.json,17,exponents and surds,high,607,m,Mar/May,2025,4,calculator,2,Simplify (64a^6b^{-3})^{\frac{2}{3}}.,3
0607_m25_qp_42.json,18(a),expanding and factorising,high,607,m,Mar/May,2025,4,calculator,2,Show that 2x^2 - x - 45 = 0.,4
0607_m25_qp_42.json,18(b),solving quadratic equations,high,607,m,Mar/May,2025,4,calculator,2,Solve by factorising 2x^2 - x - 45 = 0.,3
0607_s14_qp_21.json,1(a),expanding and factorising,high,607,s,May/Jun,2014,2,non_calculator,1,"Factorise.
x^2 - y^2",1
0607_s14_qp_21.json,1(b),expanding and factorising,high,607,s,May/Jun,2014,2,non_calculator,1,"Work out.
164^2 - 36^2",1
0607_s14_qp_21.json,2(a),exponents and surds,high,607,s,May/Jun,2014,2,non_calculator,1,"Simplify.
\sqrt{12}",1
0607_s14_qp_21.json,2(b),trigonometry,high,607,s,May/Jun,2014,2,non_calculator,1,"Solve the equation.
\cos x = \frac{\sqrt{3}}{2} \text{ for } 0^\circ \leqslant x \leqslant 90^\circ",1
0607_s14_qp_21.json,2(c),trigonometry,high,607,s,May/Jun,2014,2,non_calculator,1,"Solve the equation.
\cos x = -\frac{\sqrt{12}}{4} \text{ for } -180^\circ \leqslant x \leqslant 180^\circ",2
0607_s14_qp_21.json,3(a),topics in arithmetic,high,607,s,May/Jun,2014,2,non_calculator,1,"Find the highest common factor (HCF) in each list.
24 56 72",1
0607_s14_qp_21.json,3(b),expanding and factorising,high,607,s,May/Jun,2014,2,non_calculator,1,"Find the highest common factor (HCF) in each list.
x^3 y^4 \quad x^2 y^5 \quad x^4 y^2",2
0607_s14_qp_21.json,4,topics in arithmetic,high,607,s,May/Jun,2014,2,non_calculator,1,"A manufacturer made a profit of 60% when he sold a chair for $20.
Find the cost of making the chair.",3
0607_s14_qp_21.json,5(a),topics in arithmetic,high,607,s,May/Jun,2014,2,non_calculator,1,"A travel agent displays the following exchange rates.
\pounds1 = $1.55
\pounds1 = \yen 9.3
Change \pounds200 into dollars ($).",1
0607_s14_qp_21.json,5(b),variation and proportion,high,607,s,May/Jun,2014,2,non_calculator,1,"A travel agent displays the following exchange rates.
\pounds1 = $1.55
\pounds1 = \yen 9.3
Find the number of Chinese yuan (\yen) received in exchange for $1.",2
0607_s14_qp_21.json,6(a),exponents and surds,high,607,s,May/Jun,2014,2,non_calculator,1,"Simplify.
\sqrt{75} - \sqrt{27}",2
0607_s14_qp_21.json,6(b),exponents and surds,high,607,s,May/Jun,2014,2,non_calculator,1,"Rationalise the denominator.
\frac{7}{5 - \sqrt{2}}",2
0607_s14_qp_21.json,7(a),straight lines,high,607,s,May/Jun,2014,2,non_calculator,1,"On the grid, draw the following lines.
x = 1
y = 12 - 2x \text{ for } 0 \leqslant x \leqslant 6
4y + 3x = 36 \text{ for } 0 \leqslant x \leqslant 12",5
0607_s14_qp_21.json,7(b),inequalities,high,607,s,May/Jun,2014,2,non_calculator,1,"On the grid, label the region R containing the points which satisfy these three inequalities.
x \geqslant 1 \quad y \leqslant 12 - 2x \quad 4y + 3x \geqslant 36",1
0607_s14_qp_21.json,7(c)(i),inequalities,high,607,s,May/Jun,2014,2,non_calculator,1,Find the minimum value of x + y in the region R.,1
0607_s14_qp_21.json,7(c)(ii),inequalities,high,607,s,May/Jun,2014,2,non_calculator,1,Find the co-ordinates of the point corresponding to this minimum value.,1
0607_s14_qp_21.json,8(a),probability,high,607,s,May/Jun,2014,2,non_calculator,1,"A bag contains 10 discs, 7 are red and 3 are green.
A disc is picked at random and not replaced.
A second disc is then picked at random.
Complete the tree diagram. One probability is shown on the diagram.",2
0607_s14_qp_21.json,8(b)(i),probability,high,607,s,May/Jun,2014,2,non_calculator,1,"Find the probability that both discs are red,",2
0607_s14_qp_21.json,8(b)(ii),probability,high,607,s,May/Jun,2014,2,non_calculator,1,Find the probability that at least one disc is red.,3
0607_s14_qp_21.json,9(a),statistics,high,607,s,May/Jun,2014,2,non_calculator,1,"In one month there were 120 new cars sold in a town.
The table shows how many cars of each colour were sold.
(Colour: Red, Blue, White, Green, Silver, Black, Yellow)
(Number: 17, 20, 24, x, 28, 17, x)
Find the value of x.",1
0607_s14_qp_21.json,9(b),statistics,high,607,s,May/Jun,2014,2,non_calculator,1,"Find the relative frequency of white cars, giving your answer as a fraction in its lowest terms.",2
0607_s14_qp_21.json,10,solving quadratic equations,high,607,s,May/Jun,2014,2,non_calculator,1,"Solve the equation.
\frac{(4x + 3)}{7} = \frac{7}{(4x + 3)}",3
0607_s14_qp_22.json,1(a),vectors,high,607,s,May/Jun,2014,2,non_calculator,2,"B is the point (1, 2) and BC = (4, -3). Plot the point C on the grid.",1
0607_s14_qp_22.json,1(b),vectors,high,607,s,May/Jun,2014,2,non_calculator,2,"p = (2, 3), q = (4, -1). Write 2p – q as a column vector.",2
0607_s14_qp_22.json,2(a),transformations,high,607,s,May/Jun,2014,2,non_calculator,2,Shade one small square so that this shape has exactly 1 line of symmetry.,1
0607_s14_qp_22.json,2(b),transformations,high,607,s,May/Jun,2014,2,non_calculator,2,Shade three small squares so that this shape has exactly 2 lines of symmetry.,2
0607_s14_qp_22.json,2(c),transformations,high,607,s,May/Jun,2014,2,non_calculator,2,Shade two small squares so that this shape has rotational symmetry of order 4.,2
0607_s14_qp_22.json,3,statistics,high,607,s,May/Jun,2014,2,non_calculator,2,"In a year group of a school, students study one subject from art, music or dance. The table shows the choices of the 180 students. Use the circle to draw a pie chart to show this information.",3
0607_s14_qp_22.json,4(a),topics in arithmetic,high,607,s,May/Jun,2014,2,non_calculator,2,"Write each set of numbers in order starting with the smallest: 1/3, 0.3, \u221a0.3, 0.29, 33%",2
0607_s14_qp_22.json,4(b),exponents and surds,high,607,s,May/Jun,2014,2,non_calculator,2,"Write each set of numbers in order starting with the smallest: 2\u221a5, \u221a5 / 2, (\u221a5)^3, 5 / \u221a5",2
0607_s14_qp_22.json,5(a),expanding and factorising,high,607,s,May/Jun,2014,2,non_calculator,2,Expand the brackets and simplify: 2x^2(3x + 5xy),2
0607_s14_qp_22.json,5(b),expanding and factorising,high,607,s,May/Jun,2014,2,non_calculator,2,Expand the brackets and simplify: (2a \u2013 3b)(a \u2013 2b),3
0607_s14_qp_22.json,6(a)(i),exponents and surds,high,607,s,May/Jun,2014,2,non_calculator,2,"a = 3^4 \u00d7 5^2, b = 2^2 \u00d7 3^3 \u00d7 5^2, c = 3^2 \u00d7 5^3 \u00d7 7. Find \u221aa",1
0607_s14_qp_22.json,6(a)(ii),exponents and surds,high,607,s,May/Jun,2014,2,non_calculator,2,"a = 3^4 \u00d7 5^2, b = 2^2 \u00d7 3^3 \u00d7 5^2, c = 3^2 \u00d7 5^3 \u00d7 7. Find b / a",1
0607_s14_qp_22.json,6(b)(i),topics in arithmetic,high,607,s,May/Jun,2014,2,non_calculator,2,"Leaving your answer as the product of prime factors, find the highest common factor (HCF) of a, b and c",1
0607_s14_qp_22.json,6(b)(ii),topics in arithmetic,high,607,s,May/Jun,2014,2,non_calculator,2,"Leaving your answer as the product of prime factors, find the lowest common multiple (LCM) of a, b and c",2
0607_s14_qp_22.json,7(a),probability,high,607,s,May/Jun,2014,2,non_calculator,2,Complete the table below to show the relative frequencies of their results. Write your answers as decimals.,2
0607_s14_qp_22.json,7(b),probability,high,607,s,May/Jun,2014,2,non_calculator,2,Give a reason why Demi's result gives the best estimate of the probability of throwing a six with the biased die.,1
0607_s14_qp_22.json,7(c),probability,high,607,s,May/Jun,2014,2,non_calculator,2,Estimate the number of times that Demi could expect to get a six if he throws the die 1600 times.,1
0607_s14_qp_22.json,8(a),variation and proportion,high,607,s,May/Jun,2014,2,non_calculator,2,"y is proportional to the square root of x. When x = 16, y = 10. Find an equation connecting x and y.",2
0607_s14_qp_22.json,8(b),variation and proportion,high,607,s,May/Jun,2014,2,non_calculator,2,Find the value of x when y = 1.,2
0607_s14_qp_22.json,9(a),topics in arithmetic,high,607,s,May/Jun,2014,2,non_calculator,2,"Work out the following, giving your answers in standard form: (4.6 \u00d7 10^{-5}) + (3 \u00d7 10^{-6})",2
0607_s14_qp_22.json,9(b),topics in arithmetic,high,607,s,May/Jun,2014,2,non_calculator,2,"Work out the following, giving your answers in standard form: (4.6 \u00d7 10^{-5}) \u00d7 (3 \u00d7 10^{-6})",2
0607_s14_qp_22.json,10,expanding and factorising,medium,607,s,May/Jun,2014,2,non_calculator,2,Write 3 / (x + 2) - 5 / (2x + 3) as a single fraction in its simplest form.,3
0607_s14_qp_23.json,1,topics in arithmetic,high,607,s,May/Jun,2014,2,non_calculator,3,The price of a book was $7.00. It is reduced by 20%. Find the new price of the book.,2
0607_s14_qp_23.json,2(a),topics in arithmetic,high,607,s,May/Jun,2014,2,non_calculator,3,Write 0.0063 in standard form.,1
0607_s14_qp_23.json,2(b),topics in arithmetic,high,607,s,May/Jun,2014,2,non_calculator,3,5.7 \times 10^9 + 2.4 \times 10^8 = k \times 10^9. Find the value of k.,2
0607_s14_qp_23.json,3(a),sequences,high,607,s,May/Jun,2014,2,non_calculator,3,"Find the next term in the sequence: 3, 5, 8, 12, 17, ...",1
0607_s14_qp_23.json,3(b),sequences,high,607,s,May/Jun,2014,2,non_calculator,3,"Find the next term in the sequence: 100, 91, 80, 67, 52, ...",1
0607_s14_qp_23.json,3(c),sequences,high,607,s,May/Jun,2014,2,non_calculator,3,"Find the next term in the sequence: 4, 12, 36, 108, 324, ...",1
0607_s14_qp_23.json,4(a),expanding and factorising,high,607,s,May/Jun,2014,2,non_calculator,3,"A small square of side 2y is inside a larger square of side 6x. Find an expression for the shaded area, A, in terms of x and y.",2
0607_s14_qp_23.json,4(b),solving linear equations,high,607,s,May/Jun,2014,2,non_calculator,3,Rearrange your answer to part (a) to write x in terms of y and A.,3
0607_s14_qp_23.json,5(a),exponents and surds,high,607,s,May/Jun,2014,2,non_calculator,3,Find 125^0.,1
0607_s14_qp_23.json,5(b),exponents and surds,high,607,s,May/Jun,2014,2,non_calculator,3,Simplify \sqrt[3]{27y^{27}}.,2
0607_s14_qp_23.json,6(a),circle theorems,high,607,s,May/Jun,2014,2,non_calculator,3,"A, B, C and D lie on the circumference of a circle. Angle ABC = 98° and angle ACB = 50°. Find the value of x and the value of y.",2
0607_s14_qp_23.json,6(b),circle theorems,high,607,s,May/Jun,2014,2,non_calculator,3,"P, Q, R and S lie on the circumference of a circle, centre O. TP is a tangent to the circle at P and PR is a diameter. Find the value of v and the value of w.",2
0607_s14_qp_23.json,7,variation and proportion,high,607,s,May/Jun,2014,2,non_calculator,3,"y varies directly as the square of x. When x = 8, y = 40. Find y when x = 12.",3
0607_s14_qp_23.json,8(a),exponents and surds,high,607,s,May/Jun,2014,2,non_calculator,3,Simplify (3\sqrt{2} - 2)(2\sqrt{2} + 1).,3
0607_s14_qp_23.json,8(b),exponents and surds,high,607,s,May/Jun,2014,2,non_calculator,3,Rationalise the denominator of \frac{10}{\sqrt{5}}.,2
0607_s14_qp_23.json,9(a),transformations,high,607,s,May/Jun,2014,2,non_calculator,3,"The diagram shows the graph of y = f(x). On the same diagram, sketch the graph of y = 2f(x).",1
0607_s14_qp_23.json,9(b),transformations,high,607,s,May/Jun,2014,2,non_calculator,3,"The diagram shows the graph of y = f(x). On the same diagram, sketch the graph of y = f(x + 1).",1
0607_s14_qp_23.json,10,trigonometry,high,607,s,May/Jun,2014,2,non_calculator,3,Find the exact value of \cos x for the given right-angled triangle with hypotenuse 3 and opposite side 1.,3
0607_s14_qp_23.json,11(a),sets and Venn diagrams,high,607,s,May/Jun,2014,2,non_calculator,3,"The Venn diagram shows the sets P, Q and R. Complete the statement using set notation: P ........ R = {a, b, c, d, e}",1
0607_s14_qp_23.json,11(b),sets and Venn diagrams,high,607,s,May/Jun,2014,2,non_calculator,3,"The Venn diagram shows the sets P, Q and R. Complete the statement using set notation: Q ........ R = \emptyset",1
0607_s14_qp_23.json,11(c),sets and Venn diagrams,high,607,s,May/Jun,2014,2,non_calculator,3,"The Venn diagram shows the sets P, Q and R. Complete the statement using set notation: e ........ R",1
0607_s14_qp_23.json,11(d),sets and Venn diagrams,high,607,s,May/Jun,2014,2,non_calculator,3,"The Venn diagram shows the sets P, Q and R. Complete the statement using set notation: P ........ Q = P",1
0607_s14_qp_23.json,12(a),functions,high,607,s,May/Jun,2014,2,non_calculator,3,"f(x) = x + 3 and g(x) = \frac{12}{x}, x \neq 0. Find g(f(1)).",2
0607_s14_qp_23.json,12(b),functions,high,607,s,May/Jun,2014,2,non_calculator,3,"f(x) = x + 3 and g(x) = \frac{12}{x}, x \neq 0. Find g^{-1}(x).",1
0607_s14_qp_41.json,1(a),transformations,high,607,s,May/Jun,2014,4,calculator,1,"Find the co-ordinates of the image of the point (4, 1) under the transformation P.",1
0607_s14_qp_41.json,1(b),transformations,high,607,s,May/Jun,2014,4,calculator,1,"Find the co-ordinates of the image of the point (4, 1) under the transformation Q.",1
0607_s14_qp_41.json,1(c),transformations,high,607,s,May/Jun,2014,4,calculator,1,"Find the co-ordinates of the image of the point (x, y) under the transformation P followed by the transformation Q.",2
0607_s14_qp_41.json,1(d),transformations,high,607,s,May/Jun,2014,4,calculator,1,Describe fully the single transformation equivalent to P followed by Q.,2
0607_s14_qp_41.json,2(a),vectors,high,607,s,May/Jun,2014,4,calculator,1,Write AB as a column vector.,1
0607_s14_qp_41.json,2(b),straight lines,high,607,s,May/Jun,2014,4,calculator,1,Find the gradient of the line AB.,1
0607_s14_qp_41.json,2(c),straight lines,high,607,s,May/Jun,2014,4,calculator,1,Find the equation of the line AB. Give your answer in the form y = mx + c.,2
0607_s14_qp_41.json,2(d),straight lines,high,607,s,May/Jun,2014,4,calculator,1,C is the midpoint of AM. Find the co-ordinates of M.,2
0607_s14_qp_41.json,2(e),vectors,high,607,s,May/Jun,2014,4,calculator,1,The point N is such that ABNM is a parallelogram. Find the co-ordinates of N.,2
0607_s14_qp_41.json,2(f),Pythagoras,high,607,s,May/Jun,2014,4,calculator,1,Find the length BM.,1
0607_s14_qp_41.json,3(a),similarity,high,607,s,May/Jun,2014,4,calculator,1,Complete the statement. Triangle DEC is similar to triangle...,1
0607_s14_qp_41.json,3(b),similarity,high,607,s,May/Jun,2014,4,calculator,1,Calculate the length AC.,3
0607_s14_qp_41.json,3(c),similarity,high,607,s,May/Jun,2014,4,calculator,1,The area of triangle ABC is 7 cm^2. Calculate the area of triangle CDE.,2
0607_s14_qp_41.json,4(a)(i),angles,high,607,s,May/Jun,2014,4,calculator,1,"Find the bearing of D from A,",1
0607_s14_qp_41.json,4(a)(ii),angles,high,607,s,May/Jun,2014,4,calculator,1,Find the bearing of A from D.,1
0607_s14_qp_41.json,4(b),trigonometry,high,607,s,May/Jun,2014,4,calculator,1,Calculate angle ABC.,2
0607_s14_qp_41.json,4(c),trigonometry,high,607,s,May/Jun,2014,4,calculator,1,Calculate CD.,3
0607_s14_qp_41.json,4(d),trigonometry,high,607,s,May/Jun,2014,4,calculator,1,Angle ACD is obtuse. Find the bearing of D from C.,4
0607_s14_qp_41.json,5(a),logarithms,high,607,s,May/Jun,2014,4,calculator,1,Solve the equation. 3log2 - 2log3 + logx = 3log4,3
0607_s14_qp_41.json,5(b),simultaneous equations,high,607,s,May/Jun,2014,4,calculator,1,"Solve the simultaneous equations. 5x - 4y = 1, 4x - 5y = 8",4
0607_s14_qp_41.json,6(a),functions,high,607,s,May/Jun,2014,4,calculator,1,"On the diagram, sketch the graph of y = f(x), where f(x) = |4x^2 - 9| between x = -2 and x = 2.",2
0607_s14_qp_41.json,6(b),functions,high,607,s,May/Jun,2014,4,calculator,1,Write down the x co-ordinates where the curve meets the x-axis.,1
0607_s14_qp_41.json,6(c),functions,high,607,s,May/Jun,2014,4,calculator,1,The line y = 3x - 2 intersects the curve y = |4x^2 - 9| twice. Find the y co-ordinates of the points of intersection.,2
0607_s14_qp_41.json,6(d)(i),functions,high,607,s,May/Jun,2014,4,calculator,1,Find the value of k when the line y = k meets the curve y = |4x^2 - 9| three times.,1
0607_s14_qp_41.json,6(d)(ii),functions,high,607,s,May/Jun,2014,4,calculator,1,Find the range of values of k when the line y = k meets the curve y = |4x^2 - 9| four times.,2
0607_s14_qp_41.json,7(a),statistics,high,607,s,May/Jun,2014,4,calculator,1,Write down the mode.,1
0607_s14_qp_41.json,7(b),statistics,high,607,s,May/Jun,2014,4,calculator,1,Work out the range.,1
0607_s14_qp_41.json,7(c),statistics,high,607,s,May/Jun,2014,4,calculator,1,Find the median.,1
0607_s14_qp_41.json,7(d),statistics,high,607,s,May/Jun,2014,4,calculator,1,Find the interquartile range.,2
0607_s14_qp_41.json,7(e),statistics,high,607,s,May/Jun,2014,4,calculator,1,Calculate an estimate of the mean.,2
0607_s14_qp_41.json,7(f),probability,high,607,s,May/Jun,2014,4,calculator,1,Two members are chosen at random. Find the probability that they both have at least seven books on loan.,2
0607_s14_qp_41.json,8(a),sets and Venn diagrams,high,607,s,May/Jun,2014,4,calculator,1,List the elements of set A.,1
0607_s14_qp_41.json,8(b),sets and Venn diagrams,high,607,s,May/Jun,2014,4,calculator,1,Write all the elements of U in the correct parts of the Venn diagram above.,3
0607_s14_qp_41.json,8(c),sets and Venn diagrams,high,607,s,May/Jun,2014,4,calculator,1,List the elements of (A union C)'.,1
0607_s14_qp_41.json,8(d),sets and Venn diagrams,high,607,s,May/Jun,2014,4,calculator,1,Find n((A union C) intersect B').,1
0607_s14_qp_41.json,9(a)(i),sequences,high,607,s,May/Jun,2014,4,calculator,1,"Find the next term and the nth term in the sequence: 1, 8, 27, 64, 125, ...",2
0607_s14_qp_41.json,9(a)(ii),sequences,high,607,s,May/Jun,2014,4,calculator,1,"Find the next term and the nth term in the sequence: 4, 10, 18, 28, 40, ...",3
0607_s14_qp_41.json,9(b),sequences,high,607,s,May/Jun,2014,4,calculator,1,"Use your results to part (a), to find the next term and the nth term in the following sequence: 6, 19, 46, 93, 166, ...",3
0607_s14_qp_41.json,10(a),topics in arithmetic,high,607,s,May/Jun,2014,4,calculator,1,Find how much Paulo paid for the car.,3
0607_s14_qp_41.json,10(b),topics in arithmetic,high,607,s,May/Jun,2014,4,calculator,1,The value of the car reduces by 15% every year from 2012. Find the year in which the value of the car will first be below 25% of the price Paulo paid in 2010.,3
0607_s14_qp_41.json,11(a)(i),mensuration,high,607,s,May/Jun,2014,4,calculator,1,The top of each of the 16 pieces of cake has the same area. Find the area of one of the pieces in square centimetres.,2
0607_s14_qp_41.json,11(a)(ii),mensuration,high,607,s,May/Jun,2014,4,calculator,1,Write your answer to part (a)(i) in square metres.,1
0607_s14_qp_41.json,11(a)(iii),mensuration,high,607,s,May/Jun,2014,4,calculator,1,Show that the radius of the inner circle is 7.5 cm.,2
0607_s14_qp_41.json,11(b)(i),mensuration,high,607,s,May/Jun,2014,4,calculator,1,Calculate the perimeter of the top of this piece of cake.,3
0607_s14_qp_41.json,11(b)(ii),mensuration,high,607,s,May/Jun,2014,4,calculator,1,The depth of the cake is 8 cm. Calculate the total surface area of this piece of cake.,3
0607_s14_qp_41.json,12(a),variation and proportion,high,607,s,May/Jun,2014,4,calculator,1,Find and simplify an expression for y in terms of x.,2
0607_s14_qp_41.json,12(b)(i),solving quadratic equations,high,607,s,May/Jun,2014,4,calculator,1,"Write down a quadratic equation, in terms of x, and show that it simplifies to 4x^2 - 90x + 225 = 0.",2
0607_s14_qp_41.json,12(b)(ii),solving quadratic equations,high,607,s,May/Jun,2014,4,calculator,1,Solve the equation 4x^2 - 90x + 225 = 0. Give your answers correct to 3 significant figures.,3
0607_s14_qp_41.json,12(b)(iii),solving quadratic equations,high,607,s,May/Jun,2014,4,calculator,1,"Write down the width of the rectangle, giving a reason for your choice of values of x.",1
0607_s14_qp_41.json,12(b)(iv),mensuration,high,607,s,May/Jun,2014,4,calculator,1,Calculate the total area of the flower beds.,2
0607_s14_qp_41.json,13(a)(i),statistics,high,607,s,May/Jun,2014,4,calculator,1,Complete the scatter diagram. The first four points have been plotted for you.,3
0607_s14_qp_41.json,13(a)(ii),statistics,high,607,s,May/Jun,2014,4,calculator,1,Describe the type of correlation shown by the scatter diagram.,1
0607_s14_qp_41.json,13(b)(i),statistics,high,607,s,May/Jun,2014,4,calculator,1,"Find the mean temperature,",1
0607_s14_qp_41.json,13(b)(ii),statistics,high,607,s,May/Jun,2014,4,calculator,1,Find the mean time.,1
0607_s14_qp_41.json,13(c)(i),straight lines,high,607,s,May/Jun,2014,4,calculator,1,Find the equation of the regression line in the form y = mx + c.,2
0607_s14_qp_41.json,13(c)(ii),statistics,high,607,s,May/Jun,2014,4,calculator,1,The value for m represents a connection between time and temperature. Describe this connection.,1
0607_s14_qp_41.json,13(c)(iii),statistics,high,607,s,May/Jun,2014,4,calculator,1,Use your answer to part (c)(i) to estimate the time taken for a pellet to dissolve when the temperature is 25°C.,1
0607_s14_qp_41.json,14(a)(i),functions,high,607,s,May/Jun,2014,4,calculator,1,"On the diagram, sketch the graph of y = f(x), where f(x) = x^2 / (x^2 - 2x - 3) between x = -5 and x = 5.",4
0607_s14_qp_41.json,14(a)(ii),functions,high,607,s,May/Jun,2014,4,calculator,1,Write down the equations of the three asymptotes of the graph.,3
0607_s14_qp_41.json,14(a)(iii),functions,high,607,s,May/Jun,2014,4,calculator,1,Write down the co-ordinates of the local maximum point of the graph.,1
0607_s14_qp_41.json,14(a)(iv),functions,high,607,s,May/Jun,2014,4,calculator,1,Write down the co-ordinates of the local minimum point of the graph.,2
0607_s14_qp_41.json,14(b),inequalities,high,607,s,May/Jun,2014,4,calculator,1,Solve the inequality x^2 / (x^2 - 2x - 3) > 3.,3
0607_s14_qp_42.json,1(a),topics in arithmetic,high,607,s,May/Jun,2014,4,calculator,2,Write 8.5 million in standard form.,1
0607_s14_qp_42.json,1(b),topics in arithmetic,high,607,s,May/Jun,2014,4,calculator,2,Calculate the population on 1st January 2010. Give your answer correct to 2 significant figures.,2
0607_s14_qp_42.json,1(c),topics in arithmetic,high,607,s,May/Jun,2014,4,calculator,2,Calculate the population on 1st January 1980. Give your answer correct to 3 significant figures.,3
0607_s14_qp_42.json,1(d),topics in arithmetic,high,607,s,May/Jun,2014,4,calculator,2,Calculate the percentage reduction in the population from 1st January 1980 to 1st January 2010.,3
0607_s14_qp_42.json,1(e),topics in arithmetic,high,607,s,May/Jun,2014,4,calculator,2,"If the population of starlings continues to reduce at the same rate, find the year in which the population will first be below 3 500 000.",3
0607_s14_qp_42.json,2(a),functions,high,607,s,May/Jun,2014,4,calculator,2,"On the diagram, sketch the graph of y = f(x).",3
0607_s14_qp_42.json,2(b),functions,high,607,s,May/Jun,2014,4,calculator,2,Find the co-ordinates of the local maximum and the local minimum points.,3
0607_s14_qp_42.json,2(c),functions,high,607,s,May/Jun,2014,4,calculator,2,"On the same diagram, sketch the graph of y = g(x) where g(x) = | x + 2 | for –15 ≤ x ≤ 15.",1
0607_s14_qp_42.json,2(d),functions,high,607,s,May/Jun,2014,4,calculator,2,Solve f(x) = g(x).,2
0607_s14_qp_42.json,3(a),transformations,high,607,s,May/Jun,2014,4,calculator,2,Translate triangle A by the vector ⎙⎘⎗-4 2⎖⎕⎔.,2
0607_s14_qp_42.json,3(b),transformations,high,607,s,May/Jun,2014,4,calculator,2,"Describe fully the single transformation that is equivalent to a translation by the vector ⎙⎘⎗-4 2⎖⎕⎔ followed by a rotation of 90 clockwise about (–2, 6).",5
0607_s14_qp_42.json,4(a),mensuration,high,607,s,May/Jun,2014,4,calculator,2,Find the total volume of the plumb bob.,4
0607_s14_qp_42.json,4(b),mensuration,high,607,s,May/Jun,2014,4,calculator,2,Each cubic centimetre of brass weighs 8.4 grams. Calculate the total mass of the plumb bob.,1
0607_s14_qp_42.json,4(c),similarity,high,607,s,May/Jun,2014,4,calculator,2,A mathematically similar plumb bob is also made of brass. Its mass is twice the mass of the plumb bob shown in the diagram opposite. Calculate the total height of the larger plumb bob.,3
0607_s14_qp_42.json,5(a),statistics,high,607,s,May/Jun,2014,4,calculator,2,Complete the scatter diagram. The first 10 points have been plotted for you.,2
0607_s14_qp_42.json,5(b),statistics,high,607,s,May/Jun,2014,4,calculator,2,What type of correlation is shown by the scatter diagram?,1
0607_s14_qp_42.json,5(c)(i),statistics,high,607,s,May/Jun,2014,4,calculator,2,Calculate the mean of the mathematics marks.,1
0607_s14_qp_42.json,5(c)(ii),statistics,high,607,s,May/Jun,2014,4,calculator,2,Calculate the mean of the physics marks.,1
0607_s14_qp_42.json,5(d),statistics,high,607,s,May/Jun,2014,4,calculator,2,Find the equation of the regression line for the physics marks (y) and the mathematics marks (x). Write your answer in the form y = mx + c.,2
0607_s14_qp_42.json,5(e),statistics,high,607,s,May/Jun,2014,4,calculator,2,Find the value of y when x = 26.,1
0607_s14_qp_42.json,5(f),statistics,high,607,s,May/Jun,2014,4,calculator,2,Draw accurately the line of regression on the scatter diagram.,2
0607_s14_qp_42.json,5(g),statistics,high,607,s,May/Jun,2014,4,calculator,2,It was later decided that the physics test was too difficult. The physics teacher added 12 marks to each of the physics marks. Write down the equation of the regression line for the new physics marks (y) in terms of the mathematics marks (x).,1
0607_s14_qp_42.json,6(a),straight lines,high,607,s,May/Jun,2014,4,calculator,2,Find the gradient of the line L.,1
0607_s14_qp_42.json,6(b),straight lines,high,607,s,May/Jun,2014,4,calculator,2,Find the co-ordinates of the point where the line L crosses the y-axis.,1
0607_s14_qp_42.json,6(c),straight lines,high,607,s,May/Jun,2014,4,calculator,2,"Find the equation of the line, perpendicular to L, which passes through the point (2, 3). Give your answer in the form y = mx + c.",3
0607_s14_qp_42.json,7(a),sets and Venn diagrams,high,607,s,May/Jun,2014,4,calculator,2,Complete the Venn diagram.,2
0607_s14_qp_42.json,7(b),sets and Venn diagrams,high,607,s,May/Jun,2014,4,calculator,2,Use set notation to show the number of students who study neither biology nor chemistry.,1
0607_s14_qp_42.json,7(c),probability,high,607,s,May/Jun,2014,4,calculator,2,One of the 40 students is chosen at random. What is the probability that this student studies both biology and chemistry?,1
0607_s14_qp_42.json,7(d),probability,high,607,s,May/Jun,2014,4,calculator,2,Two of the 40 students are chosen at random. Find the probability that both students study biology but not chemistry.,3
0607_s14_qp_42.json,7(e),probability,high,607,s,May/Jun,2014,4,calculator,2,Two of the students who study biology are chosen at random. Find the probability that both students also study chemistry.,3
0607_s14_qp_42.json,8(a),functions,high,607,s,May/Jun,2014,4,calculator,2,"On the diagram, sketch the graph of y = f(x) for x between –4 and 7.",3
0607_s14_qp_42.json,8(b),functions,high,607,s,May/Jun,2014,4,calculator,2,Write down the equations of the three asymptotes of the graph of y = f(x).,3
0607_s14_qp_42.json,8(c),functions,high,607,s,May/Jun,2014,4,calculator,2,Find the range of values of x for which f(x) < 4.,3
0607_s14_qp_42.json,8(d),functions,high,607,s,May/Jun,2014,4,calculator,2,The graph of y = g(x) is the graph of y = f(x) translated by the vector ⎙⎘⎗1 0⎖⎕⎔. Find g(x).,2
0607_s14_qp_42.json,9(a)(i),statistics,high,607,s,May/Jun,2014,4,calculator,2,"When x is the number of children in a family, find the mode,",1
0607_s14_qp_42.json,9(a)(ii),statistics,high,607,s,May/Jun,2014,4,calculator,2,"When x is the number of children in a family, find the range,",1
0607_s14_qp_42.json,9(a)(iii),statistics,high,607,s,May/Jun,2014,4,calculator,2,"When x is the number of children in a family, find the median,",1
0607_s14_qp_42.json,9(a)(iv),statistics,high,607,s,May/Jun,2014,4,calculator,2,"When x is the number of children in a family, find the mean,",2
0607_s14_qp_42.json,9(a)(v),statistics,high,607,s,May/Jun,2014,4,calculator,2,"When x is the number of children in a family, find the upper quartile.",1
0607_s14_qp_42.json,9(b)(i),statistics,high,607,s,May/Jun,2014,4,calculator,2,"When x is the distance, to the nearest kilometre, that the children travel to school, explain why the range of the distances may not be the same as your answer to part (a)(ii),",1
0607_s14_qp_42.json,9(b)(ii),statistics,high,607,s,May/Jun,2014,4,calculator,2,"When x is the distance, to the nearest kilometre, that the children travel to school, write down the modal interval.",1
0607_s14_qp_42.json,10(a),simultaneous equations,high,607,s,May/Jun,2014,4,calculator,2,Use this information to write down two equations in b and c.,2
0607_s14_qp_42.json,10(b),solving quadratic equations,high,607,s,May/Jun,2014,4,calculator,2,Use these equations to show that y = x^2 + 4x – 3.,3
0607_s14_qp_42.json,10(c)(i),solving quadratic equations,high,607,s,May/Jun,2014,4,calculator,2,Solve the equation x^2 + 4x – 3 = 0. Give your answers correct to 2 decimal places.,2
0607_s14_qp_42.json,10(c)(ii),solving quadratic equations,high,607,s,May/Jun,2014,4,calculator,2,Write down the equation of the line of symmetry of the graph of y = x^2 + 4x – 3.,1
0607_s14_qp_42.json,10(c)(iii),solving quadratic equations,high,607,s,May/Jun,2014,4,calculator,2,Find the minimum value of y.,1
0607_s14_qp_42.json,11(a)(i),circle theorems,high,607,s,May/Jun,2014,4,calculator,2,"Find angle DBC,",2
0607_s14_qp_42.json,11(a)(ii),circle theorems,high,607,s,May/Jun,2014,4,calculator,2,"Find angle ECB,",2
0607_s14_qp_42.json,11(a)(iii),circle theorems,high,607,s,May/Jun,2014,4,calculator,2,Find angle DOE.,1
0607_s14_qp_42.json,11(b)(i),trigonometry,high,607,s,May/Jun,2014,4,calculator,2,Calculate PR.,2
0607_s14_qp_42.json,11(b)(ii),trigonometry,high,607,s,May/Jun,2014,4,calculator,2,Find angle RPS.,1
0607_s14_qp_42.json,11(b)(iii),trigonometry,high,607,s,May/Jun,2014,4,calculator,2,Calculate the perimeter of the shaded region.,4
0607_s14_qp_42.json,12(a),trigonometry,high,607,s,May/Jun,2014,4,calculator,2,Calculate the length AD.,3
0607_s14_qp_42.json,12(b),trigonometry,high,607,s,May/Jun,2014,4,calculator,2,Calculate angle DBC.,3
0607_s14_qp_42.json,12(c),trigonometry,high,607,s,May/Jun,2014,4,calculator,2,Calculate the total area of the quadrilateral ABCD.,4
0607_s14_qp_42.json,13(a),solving linear equations,high,607,s,May/Jun,2014,4,calculator,2,"Write down an expression, in terms of x, for the time in hours of the cycle journey.",1
0607_s14_qp_42.json,13(b)(i),solving linear equations,high,607,s,May/Jun,2014,4,calculator,2,Write down an equation in x and show that it simplifies to 17x – 12 = 396.,3
0607_s14_qp_42.json,13(b)(ii),solving linear equations,high,607,s,May/Jun,2014,4,calculator,2,Solve the equation to find the time taken for the car journey.,2
0607_s14_qp_42.json,13(c),topics in arithmetic,high,607,s,May/Jun,2014,4,calculator,2,"Find the average speed, in kilometres per hour, for the whole journey.",2
0607_s14_qp_43.json,1(a),topics in arithmetic,high,607,s,May/Jun,2014,4,calculator,3,"Calculate the value of the house, in 10 years time, on January 1st 2024. Give your answer correct to the nearest hundred dollars.",3
0607_s14_qp_43.json,1(b),topics in arithmetic,high,607,s,May/Jun,2014,4,calculator,3,"Calculate the whole number of years, from January 1st 2014, it takes for the value of the house to exceed one million dollars.",3
0607_s14_qp_43.json,1(c),topics in arithmetic,high,607,s,May/Jun,2014,4,calculator,3,Calculate the percentage change in the value of the house when it increases from $230 000 to $1 000 000.,3
0607_s14_qp_43.json,2(a)(i),topics in arithmetic,high,607,s,May/Jun,2014,4,calculator,3,At what time does the family arrive at the mountain resort?,3
0607_s14_qp_43.json,2(a)(ii),topics in arithmetic,high,607,s,May/Jun,2014,4,calculator,3,Calculate the average speed of the journey.,2
0607_s14_qp_43.json,2(a)(iii),topics in arithmetic,high,607,s,May/Jun,2014,4,calculator,3,The car uses fuel at an average rate of 9.5 litres per 100 kilometres. The cost of fuel is €1.60 per litre. Calculate the cost of the fuel used during the journey.,2
0607_s14_qp_43.json,2(b),topics in arithmetic,high,607,s,May/Jun,2014,4,calculator,3,The family consists of 2 adults and 3 children. They take a cable car ride and buy lunch. The tickets for the cable car cost €8.80 for each adult and €5.50 for each child. The cost of lunch for each person is €6.25. Calculate the total cost of the cable car tickets and the lunches for the family.,2
0607_s14_qp_43.json,2(c),topics in arithmetic,high,607,s,May/Jun,2014,4,calculator,3,"The family also spends another €24.23 in total during the day. When the family returns home, the car uses the same amount of fuel. Calculate the average cost per person of the whole day trip.",2
0607_s14_qp_43.json,3(a),inequalities,high,607,s,May/Jun,2014,4,calculator,3,Write down the inequality shown by the number line.,2
0607_s14_qp_43.json,3(b),inequalities,high,607,s,May/Jun,2014,4,calculator,3,The diagram shows the graph of y = f(x). Solve the inequality f(x) > 0.,3
0607_s14_qp_43.json,3(c),solving quadratic equations,high,607,s,May/Jun,2014,4,calculator,3,Solve the equation x^2 + 4x + 2 = 0. Give your answers correct to 2 decimal places.,3
0607_s14_qp_43.json,4(a)(i),vectors,high,607,s,May/Jun,2014,4,calculator,3,"Find, in terms of p and q, BD,",1
0607_s14_qp_43.json,4(a)(ii),vectors,high,607,s,May/Jun,2014,4,calculator,3,"Find, in terms of p and q, AE.",1
0607_s14_qp_43.json,4(b)(i),vectors,high,607,s,May/Jun,2014,4,calculator,3,Find the co-ordinates of E.,2
0607_s14_qp_43.json,4(b)(ii),straight lines,high,607,s,May/Jun,2014,4,calculator,3,"Find the equation of the straight line which passes through A and E. Give your answer in the form ax + by = d where a, b and d are integers.",4
0607_s14_qp_43.json,5(a),statistics,high,607,s,May/Jun,2014,4,calculator,3,Find the median and the quartiles of the geography test marks.,3
0607_s14_qp_43.json,5(b),statistics,high,607,s,May/Jun,2014,4,calculator,3,Find the mean mark for each subject.,2
0607_s14_qp_43.json,5(c),statistics,high,607,s,May/Jun,2014,4,calculator,3,"Find the equation of the linear regression line, giving s in terms of g.",2
0607_s14_qp_43.json,5(d)(i),statistics,high,607,s,May/Jun,2014,4,calculator,3,Use the equation in part (c) to predict the science mark when the geography mark is 54.,1
0607_s14_qp_43.json,5(d)(ii),statistics,high,607,s,May/Jun,2014,4,calculator,3,Explain briefly why the answer to part (d)(i) may not be reliable.,1
0607_s14_qp_43.json,6(a),functions,high,607,s,May/Jun,2014,4,calculator,3,"On the diagram, sketch the graph of y = f(x).",2
0607_s14_qp_43.json,6(b),functions,high,607,s,May/Jun,2014,4,calculator,3,Find the zeros of f(x).,2
0607_s14_qp_43.json,6(c),functions,high,607,s,May/Jun,2014,4,calculator,3,Find the co-ordinates of the local maximum point.,1
0607_s14_qp_43.json,6(d),functions,high,607,s,May/Jun,2014,4,calculator,3,Find the range of f(x).,2
0607_s14_qp_43.json,6(e),functions,high,607,s,May/Jun,2014,4,calculator,3,"The equation f(x) = k, where k is an integer, has one solution. Write down a possible value of k.",1
0607_s14_qp_43.json,7(a),angles,high,607,s,May/Jun,2014,4,calculator,3,Five angles of an octagon are each 129°. The other three angles are equal. Calculate one of these three angles.,3
0607_s14_qp_43.json,7(b),circle theorems,high,607,s,May/Jun,2014,4,calculator,3,"A, B and C lie on a circle, centre O. The obtuse angle AOB = (6x + 2)° and angle ACB = (2x + 19)°. Find the value of x.",3
0607_s14_qp_43.json,7(c),similarity,high,607,s,May/Jun,2014,4,calculator,3,"AB and CD are parallel. AX = 6 cm, BX = 5 cm and CX = 3 cm. The area of triangle CXD = 5.1 cm^2. Calculate the area of triangle AXB.",3
0607_s14_qp_43.json,8(a)(i),mensuration,high,607,s,May/Jun,2014,4,calculator,3,"Calculate the volume of the prism,",3
0607_s14_qp_43.json,8(a)(ii),mensuration,high,607,s,May/Jun,2014,4,calculator,3,Calculate the total surface area of the prism.,5
0607_s14_qp_43.json,8(b),mensuration,high,607,s,May/Jun,2014,4,calculator,3,The piece of cake has a mass of 160 g. It is cut from a circular cake. Calculate the mass of the circular cake. Give your answer in kilograms.,2
0607_s14_qp_43.json,9(a),functions,high,607,s,May/Jun,2014,4,calculator,3,Use graphical methods to solve these equations. Use –2 <= x <= 4 in each part and sketch your graphs. x^3 = 3 - x,3
0607_s14_qp_43.json,9(b),functions,high,607,s,May/Jun,2014,4,calculator,3,Use graphical methods to solve these equations. Use –2 <= x <= 4 in each part and sketch your graphs. x^2 - 2x - 3 = log(x + 2),4
0607_s14_qp_43.json,10(a),trigonometry,high,607,s,May/Jun,2014,4,calculator,3,Calculate angle BCV. Show that it rounds to 63.06° correct to 4 significant figures.,3
0607_s14_qp_43.json,10(b),trigonometry,high,607,s,May/Jun,2014,4,calculator,3,Calculate the distance LV.,3
0607_s14_qp_43.json,10(c)(i),trigonometry,high,607,s,May/Jun,2014,4,calculator,3,Calculate the shortest distance from V to BC.,2
0607_s14_qp_43.json,10(c)(ii),trigonometry,high,607,s,May/Jun,2014,4,calculator,3,Calculate the area of triangle BCV.,2
0607_s14_qp_43.json,10(d)(i),angles,high,607,s,May/Jun,2014,4,calculator,3,"The bearing of B from C is 084°. Find the bearing of V from C,",1
0607_s14_qp_43.json,10(d)(ii),angles,high,607,s,May/Jun,2014,4,calculator,3,The bearing of B from C is 084°. Find the bearing of C from V.,1
0607_s14_qp_43.json,11(a),expanding and factorising,high,607,s,May/Jun,2014,4,calculator,3,Write as a single fraction. 1/(2x - 1) + 3/(x - 2),3
0607_s14_qp_43.json,11(b),expanding and factorising,high,607,s,May/Jun,2014,4,calculator,3,"Simplify fully, giving your answer as a single fraction. (x^3 - x)/(x^3 + 2x^2 - 3x)",5
0607_s14_qp_43.json,12(a),statistics,high,607,s,May/Jun,2014,4,calculator,3,Calculate an estimate of the mean reaction time.,2
0607_s14_qp_43.json,12(b),statistics,high,607,s,May/Jun,2014,4,calculator,3,"On the grid, draw a histogram to show the information in the table.",3
0607_s14_qp_43.json,13(a)(i),probability,high,607,s,May/Jun,2014,4,calculator,3,"X is rolled. Write down the probability that the number on the top face is odd,",1
0607_s14_qp_43.json,13(a)(ii),probability,high,607,s,May/Jun,2014,4,calculator,3,X is rolled. Write down the probability that the number on the top face is not 1.,1
0607_s14_qp_43.json,13(b)(i),probability,high,607,s,May/Jun,2014,4,calculator,3,"The two dice are rolled and the numbers on the top faces are noted. Find the probability that both numbers are 1,",2
0607_s14_qp_43.json,13(b)(ii),probability,high,607,s,May/Jun,2014,4,calculator,3,"The two dice are rolled and the numbers on the top faces are noted. Find the probability that at least one of the numbers is 1,",3
0607_s14_qp_43.json,13(b)(iii),probability,high,607,s,May/Jun,2014,4,calculator,3,The two dice are rolled and the numbers on the top faces are noted. Find the probability that the product of the two numbers is even.,2
0607_s14_qp_43.json,14(a),trigonometry,high,607,s,May/Jun,2014,4,calculator,3,Calculate the angle between the planes ABTU and ABCD.,2
0607_s14_qp_43.json,14(b),trigonometry,high,607,s,May/Jun,2014,4,calculator,3,Calculate AT.,3
0607_s14_qp_43.json,14(c),trigonometry,high,607,s,May/Jun,2014,4,calculator,3,Calculate the angle of elevation of T from A.,2
0607_s15_qp_21.json,1(a),topics in arithmetic,high,607,s,May/Jun,2015,2,non_calculator,1,Write 4725.6 correct to two significant figures.,1
0607_s15_qp_21.json,1(b),topics in arithmetic,high,607,s,May/Jun,2015,2,non_calculator,1,Write 0.01026 correct to three decimal places.,1
0607_s15_qp_21.json,2(a),expanding and factorising,high,607,s,May/Jun,2015,2,non_calculator,1,Expand and simplify. -3x(2 - x) - (3x^2 - 7),2
0607_s15_qp_21.json,2(b),expanding and factorising,high,607,s,May/Jun,2015,2,non_calculator,1,Expand and simplify. (5x - 3y)(2y - 5x),3
0607_s15_qp_21.json,3,exponents and surds,high,607,s,May/Jun,2015,2,non_calculator,1,Find the exact value of 27^(-1/3).,2
0607_s15_qp_21.json,4,exponents and surds,high,607,s,May/Jun,2015,2,non_calculator,1,Simplify (16x^8y^2)^(1/2).,2
0607_s15_qp_21.json,5(a),exponents and surds,high,607,s,May/Jun,2015,2,non_calculator,1,Simplify. \sqrt{27} + \sqrt{147},2
0607_s15_qp_21.json,5(b),exponents and surds,high,607,s,May/Jun,2015,2,non_calculator,1,Rationalise the denominator. \frac{3 - \sqrt{5}}{3 + \sqrt{5}},3
0607_s15_qp_21.json,6,logarithms,high,607,s,May/Jun,2015,2,non_calculator,1,Solve. \log x + \log 5 - \log 25 = \log 10,3
0607_s15_qp_21.json,7,topics in arithmetic,high,607,s,May/Jun,2015,2,non_calculator,1,There are 400 students at a school. 2/5 of the students are boys. 70% of the girls can swim. The ratio of boys that cannot swim to girls that cannot swim is 2 : 3. Complete the table.,4
0607_s15_qp_21.json,8(a),angles,high,607,s,May/Jun,2015,2,non_calculator,1,Write down the value of x.,1
0607_s15_qp_21.json,8(b),angles,high,607,s,May/Jun,2015,2,non_calculator,1,Find the value of y.,2
0607_s15_qp_21.json,9(a),functions,high,607,s,May/Jun,2015,2,non_calculator,1,f(x) = \frac{1}{3x - 2}. Find f(4).,1
0607_s15_qp_21.json,9(b),functions,high,607,s,May/Jun,2015,2,non_calculator,1,f(x) = \frac{1}{3x - 2}. Solve f(x) = \frac{1}{4}.,2
0607_s15_qp_21.json,9(c),functions,high,607,s,May/Jun,2015,2,non_calculator,1,f(x) = \frac{1}{3x - 2}. Find f^{-1}(x).,3
0607_s15_qp_21.json,10(a),vectors,high,607,s,May/Jun,2015,2,non_calculator,1,"ABCD is a trapezium. AB = 2DC, DM = 2MC and AN = 3NB. \vec{AB} = \mathbf{p} and \vec{AD} = \mathbf{q}. Write \vec{MC} in terms of \mathbf{p}.",2
0607_s15_qp_21.json,10(b),vectors,high,607,s,May/Jun,2015,2,non_calculator,1,"ABCD is a trapezium. AB = 2DC, DM = 2MC and AN = 3NB. \vec{AB} = \mathbf{p} and \vec{AD} = \mathbf{q}. Find \vec{MN} in terms of \mathbf{p} and \mathbf{q}.",2
0607_s15_qp_21.json,11,straight lines,high,607,s,May/Jun,2015,2,non_calculator,1,"The point A has co-ordinates (2, 8) and the point B has co-ordinates (6, 6). Find the equation of the perpendicular bisector of the line AB.",4
0607_s15_qp_22.json,1(a),topics in arithmetic,high,607,s,May/Jun,2015,2,non_calculator,2,Work out (0.3)^2.,1
0607_s15_qp_22.json,1(b),solving linear equations,high,607,s,May/Jun,2015,2,non_calculator,2,Find n when 5/6 = n/24.,1
0607_s15_qp_22.json,2(a)(i),exponents and surds,high,607,s,May/Jun,2015,2,non_calculator,2,Find the value of 25^0,1
0607_s15_qp_22.json,2(a)(ii),exponents and surds,high,607,s,May/Jun,2015,2,non_calculator,2,Find the value of 100^(3/2),1
0607_s15_qp_22.json,2(b),exponents and surds,high,607,s,May/Jun,2015,2,non_calculator,2,Write as a single power of 5: (5^12) / (5^3 * 5^2),1
0607_s15_qp_22.json,3,vectors,high,607,s,May/Jun,2015,2,non_calculator,2,"Find the magnitude of the vector (-6, 4). Write your answer in surd form as simply as possible.",3
0607_s15_qp_22.json,4(a),statistics,high,607,s,May/Jun,2015,2,non_calculator,2,Complete the table below to show the relative frequencies of their results. Write your answers as decimals.,2
0607_s15_qp_22.json,4(b),statistics,high,607,s,May/Jun,2015,2,non_calculator,2,Whose result gives the best estimate of the probability of throwing a six with the biased die? Give a reason for your answer.,1
0607_s15_qp_22.json,4(c),probability,high,607,s,May/Jun,2015,2,non_calculator,2,The probability of throwing a six with a different biased die is 0.41. Find the expected number of sixes when this die is thrown 600 times.,1
0607_s15_qp_22.json,5(a),straight lines,high,607,s,May/Jun,2015,2,non_calculator,2,"A is the point (2, 8) and B is the point (6, 0). Find the co-ordinates of the midpoint of AB.",1
0607_s15_qp_22.json,5(b),straight lines,high,607,s,May/Jun,2015,2,non_calculator,2,Find the gradient of AB.,2
0607_s15_qp_22.json,6,exponents and surds,high,607,s,May/Jun,2015,2,non_calculator,2,Simplify (5 + sqrt(3))^2.,2
0607_s15_qp_22.json,7,inequalities,high,607,s,May/Jun,2015,2,non_calculator,2,Solve. 2x + 3 <= 4(x - 2),3
0607_s15_qp_22.json,8,mensuration,high,607,s,May/Jun,2015,2,non_calculator,2,The diagram shows a shape made from a cylinder and a cone. The cylinder and cone have a common radius of 6 m. The height of the cylinder is 10 m and the height of the cone is 3 m. Calculate the total volume of the shape. Leave your answer as a multiple of pi.,3
0607_s15_qp_22.json,9,simultaneous equations,high,607,s,May/Jun,2015,2,non_calculator,2,"Solve these simultaneous equations. 5x + 2y = 11, 4x - 3y = 18",4
0607_s15_qp_22.json,10(a),logarithms,high,607,s,May/Jun,2015,2,non_calculator,2,Solve the following equations. log x + log 3 = log 12,1
0607_s15_qp_22.json,10(b),logarithms,high,607,s,May/Jun,2015,2,non_calculator,2,log x = 3,1
0607_s15_qp_22.json,10(c),logarithms,high,607,s,May/Jun,2015,2,non_calculator,2,2 log x - log 5 = log 20,3
0607_s15_qp_22.json,11(a),circle theorems,high,607,s,May/Jun,2015,2,non_calculator,2,"A, B, C and D are points on the circle, centre O. PQ is a tangent to the circle at the point C. Angle PCD = 55° and angle ADO = 40°. Find angle COD,",2
0607_s15_qp_22.json,11(b),circle theorems,high,607,s,May/Jun,2015,2,non_calculator,2,"angle DAC,",1
0607_s15_qp_22.json,11(c),circle theorems,high,607,s,May/Jun,2015,2,non_calculator,2,angle ABC.,1
0607_s15_qp_22.json,12,functions,high,607,s,May/Jun,2015,2,non_calculator,2,These are sketches of the graphs of six functions. In the table below are four functions. Write the correct letter in the table to match each function with its graph.,4
0607_s15_qp_23.json,1(a),topics in arithmetic,high,607,s,May/Jun,2015,2,non_calculator,3,Round these numbers to 3 significant figures. 0.00060483,1
0607_s15_qp_23.json,1(b),topics in arithmetic,high,607,s,May/Jun,2015,2,non_calculator,3,Round these numbers to 3 significant figures. 6998800,1
0607_s15_qp_23.json,2,topics in arithmetic,high,607,s,May/Jun,2015,2,non_calculator,3,"By rounding each number to 1 significant figure, estimate the value of (0.583 * 311.6) / (1.82 + 10.43). Show your working.",2
0607_s15_qp_23.json,3(a)(i),topics in arithmetic,high,607,s,May/Jun,2015,2,non_calculator,3,"a = 2^3 * 3 * 5^2, b = 2^2 * 3^2 * 7^6. Find, giving each answer as the product of prime factors, the highest common factor (HCF) of a and b,",1
0607_s15_qp_23.json,3(a)(ii),exponents and surds,high,607,s,May/Jun,2015,2,non_calculator,3,"a = 2^3 * 3 * 5^2, b = 2^2 * 3^2 * 7^6. Find, giving each answer as the product of prime factors, \u221ab.",1
0607_s15_qp_23.json,3(b),topics in arithmetic,high,607,s,May/Jun,2015,2,non_calculator,3,ap is a cube number. Find the smallest integer value of p.,1
0607_s15_qp_23.json,4(a),mensuration,high,607,s,May/Jun,2015,2,non_calculator,3,"The diagram shows a rectangle, two semicircles and two right-angled triangles. Find the total area of the shape. Give your answer in the form a + b\u03c0.",3
0607_s15_qp_23.json,4(b),transformations,medium,607,s,May/Jun,2015,2,non_calculator,3,Describe fully the symmetry of the shape.,2
0607_s15_qp_23.json,5,inequalities,high,607,s,May/Jun,2015,2,non_calculator,3,Solve. 5(x + 2) < 2(4x - 7),3
0607_s15_qp_23.json,6(a),statistics,high,607,s,May/Jun,2015,2,non_calculator,3,Fran\u00e7ois and George each ask a sample of students at their college how they travel to college. Explain why George's results will give the better estimates of the probabilities of the different types of travel.,1
0607_s15_qp_23.json,6(b)(i),probability,high,607,s,May/Jun,2015,2,non_calculator,3,A student is selected at random. Use George's results to estimate the probability that the student cycles to college.,1
0607_s15_qp_23.json,6(b)(ii),probability,high,607,s,May/Jun,2015,2,non_calculator,3,There are 3000 students at the college. Use George's results to estimate the number of students who cycle to college.,1
0607_s15_qp_23.json,7(a),simultaneous equations,high,607,s,May/Jun,2015,2,non_calculator,3,"The diagram shows the lines x = -2, y = (1/2)x + 1 and 3x + 4y = 20. Use simultaneous equations to find the co-ordinates of the point A.",3
0607_s15_qp_23.json,7(b)(i),inequalities,high,607,s,May/Jun,2015,2,non_calculator,3,"P is a point in the region such that x < -2, y > (1/2)x + 1 and 3x + 4y < 20. On the diagram, mark and label a possible position of P.",1
0607_s15_qp_23.json,7(b)(ii),inequalities,high,607,s,May/Jun,2015,2,non_calculator,3,"Q is a point in the region such that x > -2, y = (1/2)x + 1 and 3x + 4y < 20. On the diagram, mark and label a possible position of Q.",1
0607_s15_qp_23.json,8(a),circle theorems,high,607,s,May/Jun,2015,2,non_calculator,3,"In the diagram, A, B, C, D and E are points on the circle. AD is a diameter and angle CAD = 35\u00b0. Find angle ACD,",1
0607_s15_qp_23.json,8(b),circle theorems,high,607,s,May/Jun,2015,2,non_calculator,3,"In the diagram, A, B, C, D and E are points on the circle. AD is a diameter and angle CAD = 35\u00b0. Find angle CBD,",1
0607_s15_qp_23.json,8(c),circle theorems,high,607,s,May/Jun,2015,2,non_calculator,3,"In the diagram, A, B, C, D and E are points on the circle. AD is a diameter and angle CAD = 35\u00b0. Find angle AEC.",2
0607_s15_qp_23.json,9,sets and Venn diagrams,high,607,s,May/Jun,2015,2,non_calculator,3,"The sets P, Q and R are subsets of the universal set U. P \u2229 R \u2260 \u2205, Q is a subset of R, Q \u2229 P = \u2205. Complete the Venn diagram to show the sets P, Q, and R.",3
0607_s15_qp_23.json,10(a),expanding and factorising,high,607,s,May/Jun,2015,2,non_calculator,3,Factorise x^2 - 3x - 10.,2
0607_s15_qp_23.json,10(b),solving linear equations,high,607,s,May/Jun,2015,2,non_calculator,3,Make x the subject of y = \u221b(x) / a.,2
0607_s15_qp_23.json,11(a),logarithms,high,607,s,May/Jun,2015,2,non_calculator,3,Find log_5 (1/25).,1
0607_s15_qp_23.json,11(b)(i),logarithms,high,607,s,May/Jun,2015,2,non_calculator,3,"Find x when log x - log 2 = log 6,",1
0607_s15_qp_23.json,11(b)(ii),logarithms,high,607,s,May/Jun,2015,2,non_calculator,3,Find x when log_x 4 = 1/2.,1
0607_s15_qp_23.json,12,functions,high,607,s,May/Jun,2015,2,non_calculator,3,"The diagram shows a sketch of the graph of y = ax^2 + bx + c. The graph goes through the points (-3, 0), (0, -12) and (2, 0). Find the values a, b and c.",3
0607_s15_qp_41.json,1(a),statistics,high,607,s,May/Jun,2015,4,calculator,1,Write down the mode.,1
0607_s15_qp_41.json,1(b),statistics,high,607,s,May/Jun,2015,4,calculator,1,Write down the range.,1
0607_s15_qp_41.json,1(c),statistics,high,607,s,May/Jun,2015,4,calculator,1,Find the median.,1
0607_s15_qp_41.json,1(d),statistics,high,607,s,May/Jun,2015,4,calculator,1,Find the interquartile range.,2
0607_s15_qp_41.json,1(e),statistics,high,607,s,May/Jun,2015,4,calculator,1,Calculate the mean.,1
0607_s15_qp_41.json,2,simultaneous equations,high,607,s,May/Jun,2015,4,calculator,1,"Solve the simultaneous equations. You must show all your working. 5x – 2y = 11.5, 4x + 3y = 0",4
0607_s15_qp_41.json,3(a),topics in arithmetic,high,607,s,May/Jun,2015,4,calculator,1,Change 72 km/h into m/s.,1
0607_s15_qp_41.json,3(b),topics in arithmetic,high,607,s,May/Jun,2015,4,calculator,1,Find the time it will take for the car to pass completely through the tunnel. Give your answer in seconds.,2
0607_s15_qp_41.json,4(a),transformations,high,607,s,May/Jun,2015,4,calculator,1,Describe fully the single transformation that maps triangle A onto triangle B.,2
0607_s15_qp_41.json,4(b),transformations,high,607,s,May/Jun,2015,4,calculator,1,"Rotate triangle B through 90° clockwise, centre (–1, 6). Draw this triangle and label it C.",3
0607_s15_qp_41.json,4(c),transformations,high,607,s,May/Jun,2015,4,calculator,1,Describe fully the single transformation that maps triangle C onto triangle A.,2
0607_s15_qp_41.json,5(a)(i),variation and proportion,high,607,s,May/Jun,2015,4,calculator,1,Find the value of y when x = 25.,2
0607_s15_qp_41.json,5(a)(ii),variation and proportion,high,607,s,May/Jun,2015,4,calculator,1,Find the value of x when y = 25.,2
0607_s15_qp_41.json,5(a)(iii),variation and proportion,high,607,s,May/Jun,2015,4,calculator,1,Find x in terms of y.,2
0607_s15_qp_41.json,5(b),functions,high,607,s,May/Jun,2015,4,calculator,1,Find the equation of this quadratic curve.,3
0607_s15_qp_41.json,6(a),sets and Venn diagrams,high,607,s,May/Jun,2015,4,calculator,1,List the elements of sets A and B.,2
0607_s15_qp_41.json,6(b),sets and Venn diagrams,high,607,s,May/Jun,2015,4,calculator,1,Write all the elements of U in the correct regions of the Venn diagram above.,3
0607_s15_qp_41.json,6(c)(i),sets and Venn diagrams,high,607,s,May/Jun,2015,4,calculator,1,List the elements of A ∩ B,1
0607_s15_qp_41.json,6(c)(ii),sets and Venn diagrams,high,607,s,May/Jun,2015,4,calculator,1,List the elements of A' ∩ C,1
0607_s15_qp_41.json,6(c)(iii),sets and Venn diagrams,high,607,s,May/Jun,2015,4,calculator,1,List the elements of B ∪ C',1
0607_s15_qp_41.json,6(d)(i),sets and Venn diagrams,high,607,s,May/Jun,2015,4,calculator,1,Find n(A ∪ B ∪ C)',1
0607_s15_qp_41.json,6(d)(ii),sets and Venn diagrams,high,607,s,May/Jun,2015,4,calculator,1,Find n(A ∩ B ∩ C)',1
0607_s15_qp_41.json,7(a),mensuration,high,607,s,May/Jun,2015,4,calculator,1,Show that the maximum number of balls in a box is 20.,1
0607_s15_qp_41.json,7(b),mensuration,high,607,s,May/Jun,2015,4,calculator,1,Calculate the volume of one ball.,2
0607_s15_qp_41.json,7(c),mensuration,high,607,s,May/Jun,2015,4,calculator,1,Calculate the total volume of 20 balls.,1
0607_s15_qp_41.json,7(d),topics in arithmetic,high,607,s,May/Jun,2015,4,calculator,1,Write your answer to part (c) in standard form.,1
0607_s15_qp_41.json,7(e),mensuration,high,607,s,May/Jun,2015,4,calculator,1,Calculate the percentage of the volume of the box that the 20 balls fill.,2
0607_s15_qp_41.json,8(a)(i),circle theorems,high,607,s,May/Jun,2015,4,calculator,1,Find the size of angle ABP,1
0607_s15_qp_41.json,8(a)(ii),circle theorems,high,607,s,May/Jun,2015,4,calculator,1,Find the size of angle OBA,1
0607_s15_qp_41.json,8(a)(iii),circle theorems,high,607,s,May/Jun,2015,4,calculator,1,Find the size of angle ACB,1
0607_s15_qp_41.json,8(b),circle theorems,high,607,s,May/Jun,2015,4,calculator,1,Write down the mathematical name of quadrilateral AOBP.,1
0607_s15_qp_41.json,8(c)(i),similarity,high,607,s,May/Jun,2015,4,calculator,1,Complete the statement: Triangle OBP is congruent to triangle,1
0607_s15_qp_41.json,8(c)(ii),similarity,high,607,s,May/Jun,2015,4,calculator,1,"Complete the statement: Triangle OBP is similar, but not congruent to, triangle",1
0607_s15_qp_41.json,9(a)(i),statistics,high,607,s,May/Jun,2015,4,calculator,1,Complete the scatter diagram. The first four points have been plotted for you.,2
0607_s15_qp_41.json,9(a)(ii),statistics,high,607,s,May/Jun,2015,4,calculator,1,What type of correlation is shown by the scatter diagram?,1
0607_s15_qp_41.json,9(b)(i),statistics,high,607,s,May/Jun,2015,4,calculator,1,Find the mean family size,1
0607_s15_qp_41.json,9(b)(ii),statistics,high,607,s,May/Jun,2015,4,calculator,1,Find the mean amount spent in one week,1
0607_s15_qp_41.json,9(c)(i),straight lines,high,607,s,May/Jun,2015,4,calculator,1,Find the equation of the regression line in the form y = mx + c.,2
0607_s15_qp_41.json,9(c)(ii),straight lines,high,607,s,May/Jun,2015,4,calculator,1,Use your answer to part (c)(i) to estimate the amount spent in one week by a family of 4.,1
0607_s15_qp_41.json,10(a),trigonometry,high,607,s,May/Jun,2015,4,calculator,1,Find AC.,2
0607_s15_qp_41.json,10(b),trigonometry,high,607,s,May/Jun,2015,4,calculator,1,Calculate angle CAD.,3
0607_s15_qp_41.json,10(c),trigonometry,high,607,s,May/Jun,2015,4,calculator,1,Calculate the area of the quadrilateral ABCD.,4
0607_s15_qp_41.json,11(a)(i),topics in arithmetic,high,607,s,May/Jun,2015,4,calculator,1,Find the total amount that Paula has in Bank A at the end of 3 years.,2
0607_s15_qp_41.json,11(a)(ii),logarithms,medium,607,s,May/Jun,2015,4,calculator,1,After how many complete years is the total amount that Paula has in Bank A greater than $4000?,3
0607_s15_qp_41.json,11(b)(i),topics in arithmetic,high,607,s,May/Jun,2015,4,calculator,1,Find the total amount that Paula has in Bank B at the end of 3 years.,1
0607_s15_qp_41.json,11(b)(ii),logarithms,medium,607,s,May/Jun,2015,4,calculator,1,After how many complete years is the total amount that Paula has in Bank B greater than $4000?,1
0607_s15_qp_41.json,11(c),logarithms,medium,607,s,May/Jun,2015,4,calculator,1,After how many complete years will the total amount that Paula has in Bank A be greater than the total amount that Paula has in Bank B?,3
0607_s15_qp_41.json,12(a),probability,high,607,s,May/Jun,2015,4,calculator,1,Complete the tree diagram.,2
0607_s15_qp_41.json,12(b)(i),probability,high,607,s,May/Jun,2015,4,calculator,1,Find the probability that the two balls chosen are both blue,2
0607_s15_qp_41.json,12(b)(ii),probability,high,607,s,May/Jun,2015,4,calculator,1,Find the probability that the two balls chosen are one red and one blue,3
0607_s15_qp_41.json,12(c),probability,high,607,s,May/Jun,2015,4,calculator,1,"Find the probability that, after Marco chooses the two balls, there are exactly 6 blue balls in Bag 1.",3
0607_s15_qp_41.json,13(a),solving quadratic equations,high,607,s,May/Jun,2015,4,calculator,1,"Write down a quadratic equation, in terms of x, and show that it simplifies to 7x^2 - 24x - 16 = 0.",3
0607_s15_qp_41.json,13(b),expanding and factorising,high,607,s,May/Jun,2015,4,calculator,1,Factorise 7x^2 - 24x - 16.,2
0607_s15_qp_41.json,13(c),mensuration,high,607,s,May/Jun,2015,4,calculator,1,Show that the area of the triangle is 84 cm^2.,2
0607_s15_qp_41.json,13(d),solving linear equations,high,607,s,May/Jun,2015,4,calculator,1,The area of this rectangle is equal to the area of the triangle. Find the value of y.,4
0607_s15_qp_41.json,14(a),expanding and factorising,high,607,s,May/Jun,2015,4,calculator,1,"Write down an expression, in terms of p and q, for the area for flowers.",1
0607_s15_qp_41.json,14(b),solving linear equations,high,607,s,May/Jun,2015,4,calculator,1,Show that x = (3/4)p.,2
0607_s15_qp_41.json,14(c),expanding and factorising,high,607,s,May/Jun,2015,4,calculator,1,"Find an expression, in terms of p and q, for the area for grass. Give your answer in its simplest form.",2
0607_s15_qp_41.json,14(d),variation and proportion,high,607,s,May/Jun,2015,4,calculator,1,Find the ratio area for vegetables : area for grass .,2
0607_s15_qp_41.json,15(a)(i),functions,high,607,s,May/Jun,2015,4,calculator,1,Find the equations of the three asymptotes.,3
0607_s15_qp_41.json,15(a)(ii),functions,high,607,s,May/Jun,2015,4,calculator,1,Find the co-ordinates of the local maximum point.,2
0607_s15_qp_41.json,15(a)(iii),functions,high,607,s,May/Jun,2015,4,calculator,1,Find the co-ordinates of the local minimum point.,2
0607_s15_qp_41.json,15(b)(i),functions,high,607,s,May/Jun,2015,4,calculator,1,"Find the values of k, when f(x) = k has no solutions",2
0607_s15_qp_41.json,15(b)(ii),functions,high,607,s,May/Jun,2015,4,calculator,1,"Find the values of k, when f(x) = k has one solution",1
0607_s15_qp_41.json,15(c),inequalities,high,607,s,May/Jun,2015,4,calculator,1,Solve the inequality f(x) > 0.,3
0607_s15_qp_42.json,1(a)(i),topics in arithmetic,high,607,s,May/Jun,2015,4,calculator,2,"Calculate the exact value of the painting in 1990,",3
0607_s15_qp_42.json,1(a)(ii),topics in arithmetic,high,607,s,May/Jun,2015,4,calculator,2,Calculate the exact value of the painting in 2010.,3
0607_s15_qp_42.json,1(b),topics in arithmetic,high,607,s,May/Jun,2015,4,calculator,2,The value of the painting continues to increase by 90% every five years. In which year’s valuation will the value of the painting first be over $10 million?,2
0607_s15_qp_42.json,2(a),transformations,high,607,s,May/Jun,2015,4,calculator,2,Describe fully the single transformation that maps triangle A onto triangle B.,3
0607_s15_qp_42.json,2(b),transformations,high,607,s,May/Jun,2015,4,calculator,2,Complete the statement. Triangle A can be mapped onto triangle C by a translation with vector followed by a reflection in the line ............................................... .,2
0607_s15_qp_42.json,2(c),transformations,high,607,s,May/Jun,2015,4,calculator,2,Stretch triangle A with the x-axis invariant and stretch factor 2.,2
0607_s15_qp_42.json,3(a),topics in arithmetic,high,607,s,May/Jun,2015,4,calculator,2,Find the average speed for the whole journey.,3
0607_s15_qp_42.json,3(b),topics in arithmetic,high,607,s,May/Jun,2015,4,calculator,2,He travels partly on autoroutes and partly on other roads. He travels for 520 km on autoroutes at an average speed of 105 km/h. Find the average speed for the part of the journey on other roads.,3
0607_s15_qp_42.json,3(c),topics in arithmetic,high,607,s,May/Jun,2015,4,calculator,2,"For every 100 km travelled on autoroutes, Jean-Paul’s car uses 6 litres of fuel. For every 100 km travelled on other roads, it uses 8 litres of fuel. Fuel costs 1.63 euros per litre. The total autoroute toll charges are 15.20 euros. Find the total cost of the journey.",4
0607_s15_qp_42.json,4(a),functions,high,607,s,May/Jun,2015,4,calculator,2,"On the diagram, sketch the graph of y = f(x) for -2 ≤ x ≤ 4.",2
0607_s15_qp_42.json,4(b),functions,high,607,s,May/Jun,2015,4,calculator,2,Find the co-ordinates of the local maximum point and the local minimum point.,2
0607_s15_qp_42.json,4(c),functions,high,607,s,May/Jun,2015,4,calculator,2,Find the range of values of k for which the equation f(x) = k has 3 different solutions.,2
0607_s15_qp_42.json,4(d),functions,high,607,s,May/Jun,2015,4,calculator,2,Describe fully the symmetry of the graph of y = f(x).,3
0607_s15_qp_42.json,4(e),functions,high,607,s,May/Jun,2015,4,calculator,2,"The graph of y = g(x) is the translation of the graph of y = f(x) with vector (0, -2). Write down and simplify g(x).",1
0607_s15_qp_42.json,5(a),statistics,high,607,s,May/Jun,2015,4,calculator,2,Complete the scatter diagram. The first five points have been plotted for you.,2
0607_s15_qp_42.json,5(b),statistics,high,607,s,May/Jun,2015,4,calculator,2,What type of correlation is shown by the scatter diagram?,1
0607_s15_qp_42.json,5(c)(i),statistics,high,607,s,May/Jun,2015,4,calculator,2,"Find the mean number of goals scored,",1
0607_s15_qp_42.json,5(c)(ii),statistics,high,607,s,May/Jun,2015,4,calculator,2,Find the mean average attendance.,1
0607_s15_qp_42.json,5(d),statistics,high,607,s,May/Jun,2015,4,calculator,2,Find the equation of the line of regression in the form y = mx + c.,2
0607_s15_qp_42.json,5(e),statistics,high,607,s,May/Jun,2015,4,calculator,2,Use your answer to part (d) to estimate the average attendance for a team that scored 80 goals in a season.,1
0607_s15_qp_42.json,6(a),trigonometry,high,607,s,May/Jun,2015,4,calculator,2,Calculate AD.,2
0607_s15_qp_42.json,6(b),trigonometry,high,607,s,May/Jun,2015,4,calculator,2,Show that angle ADB = 73.74 correct to 2 decimal places.,3
0607_s15_qp_42.json,6(c),mensuration,high,607,s,May/Jun,2015,4,calculator,2,AB is an arc of a circle centre D. Find the area of the fence panel.,3
0607_s15_qp_42.json,6(d),mensuration,high,607,s,May/Jun,2015,4,calculator,2,"Stefan’s fence has 8 panels, each identical to ABCDE. He wishes to paint both sides of all the panels. Each litre of paint covers an area of 6 square metres. Calculate the number of litres Stefan needs to paint both sides of the whole fence.",3
0607_s15_qp_42.json,7(a),inequalities,high,607,s,May/Jun,2015,4,calculator,2,"On the grid, show clearly the region defined by these inequalities: x ≥ -1, y ≥ 2, y ≥ 2x - 3, 3x + 5y ≤ 30.",7
0607_s15_qp_42.json,7(b)(i),inequalities,high,607,s,May/Jun,2015,4,calculator,2,"Use your diagram to estimate the greatest value of y in the region,",1
0607_s15_qp_42.json,7(b)(ii),inequalities,high,607,s,May/Jun,2015,4,calculator,2,Use your diagram to estimate the greatest value of x + y in the region.,1
0607_s15_qp_42.json,8(a)(i),statistics,high,607,s,May/Jun,2015,4,calculator,2,"Give an example of discrete data,",1
0607_s15_qp_42.json,8(a)(ii),statistics,high,607,s,May/Jun,2015,4,calculator,2,Give an example of continuous data.,1
0607_s15_qp_42.json,8(b)(i),statistics,high,607,s,May/Jun,2015,4,calculator,2,Write down the modal interval.,1
0607_s15_qp_42.json,8(b)(ii),statistics,high,607,s,May/Jun,2015,4,calculator,2,Write down the interval that contains the median.,1
0607_s15_qp_42.json,8(b)(iii),statistics,high,607,s,May/Jun,2015,4,calculator,2,Calculate an estimate of the mean.,2
0607_s15_qp_42.json,8(b)(iv),statistics,high,607,s,May/Jun,2015,4,calculator,2,Explain why the answer to part (b)(iii) is an estimate and not an exact answer.,1
0607_s15_qp_42.json,9(a),probability,high,607,s,May/Jun,2015,4,calculator,2,Complete the tree diagram.,3
0607_s15_qp_42.json,9(b)(i),probability,high,607,s,May/Jun,2015,4,calculator,2,"If the second wristband is yellow, Gitte puts it back in the bag. If it is blue or pink she puts it on her other wrist. After choosing the second wristband, find the probability that she is wearing no wristbands,",2
0607_s15_qp_42.json,9(b)(ii),probability,high,607,s,May/Jun,2015,4,calculator,2,"If the second wristband is yellow, Gitte puts it back in the bag. If it is blue or pink she puts it on her other wrist. After choosing the second wristband, find the probability that she is wearing a matching pair of wristbands,",3
0607_s15_qp_42.json,9(b)(iii),probability,high,607,s,May/Jun,2015,4,calculator,2,"If the second wristband is yellow, Gitte puts it back in the bag. If it is blue or pink she puts it on her other wrist. After choosing the second wristband, find the probability that she is wearing only one wristband.",3
0607_s15_qp_42.json,10(a),trigonometry,high,607,s,May/Jun,2015,4,calculator,2,"On the diagram, sketch the graph of y = f(x) for values of x between -90 and 360.",3
0607_s15_qp_42.json,10(b),trigonometry,high,607,s,May/Jun,2015,4,calculator,2,Solve the equation f(x) = 5 for values of x between -90 and 360.,2
0607_s15_qp_42.json,10(c),trigonometry,high,607,s,May/Jun,2015,4,calculator,2,Write down the equations of the two asymptotes to this graph for values of x between -90 and 360.,2
0607_s15_qp_42.json,10(d),trigonometry,high,607,s,May/Jun,2015,4,calculator,2,"On the diagram below, sketch the graph of y = |2 tan(x + 30)| for values of x between -90 and 360.",2
0607_s15_qp_42.json,11(a)(i),trigonometry,high,607,s,May/Jun,2015,4,calculator,2,"Calculate the obtuse angle ABC,",4
0607_s15_qp_42.json,11(a)(ii),trigonometry,high,607,s,May/Jun,2015,4,calculator,2,Calculate angle CAD.,4
0607_s15_qp_42.json,11(b),trigonometry,high,607,s,May/Jun,2015,4,calculator,2,Waqar walks along the path AC. Calculate his shortest distance from B.,2
0607_s15_qp_42.json,12(a),functions,high,607,s,May/Jun,2015,4,calculator,2,Find f(g(1)).,2
0607_s15_qp_42.json,12(b)(i),functions,high,607,s,May/Jun,2015,4,calculator,2,Find and simplify these expressions: g(f(x)),2
0607_s15_qp_42.json,12(b)(ii),functions,high,607,s,May/Jun,2015,4,calculator,2,Find and simplify these expressions: fⁱ(x),2
0607_s15_qp_42.json,12(c)(i),functions,high,607,s,May/Jun,2015,4,calculator,2,Simplify: f(x) / h(x),3
0607_s15_qp_42.json,12(c)(ii),functions,high,607,s,May/Jun,2015,4,calculator,2,Simplify: g(x) - 1/f(x),3
0607_s15_qp_42.json,13(a),similarity,high,607,s,May/Jun,2015,4,calculator,2,Explain why triangles AFB and DFE are similar.,2
0607_s15_qp_42.json,13(b)(i),similarity,high,607,s,May/Jun,2015,4,calculator,2,"BC = 10 cm, FD = 4 cm and EC = 8 cm. Calculate the length of AB.",3
0607_s15_qp_42.json,13(b)(ii),similarity,high,607,s,May/Jun,2015,4,calculator,2,"BC = 10 cm, FD = 4 cm and EC = 8 cm. Find the value of Area of DFE / Area of AFB.",1
0607_s15_qp_42.json,13(b)(iii),similarity,high,607,s,May/Jun,2015,4,calculator,2,"BC = 10 cm, FD = 4 cm and EC = 8 cm. Find the value of Area of DFE / Area of ABCD.",2
0607_s15_qp_43.json,1(a),topics in arithmetic,high,607,s,May/Jun,2015,4,calculator,3,Find the length of time for the flight. Give your answer in hours and minutes.,3
0607_s15_qp_43.json,1(b),topics in arithmetic,high,607,s,May/Jun,2015,4,calculator,3,The journey back from Paris to Santiago took 14 hours 30 minutes. The plane left Paris at 23 20. The local time in Santiago is 6 hours behind the local time in Paris. Find the local time this plane arrived in Santiago.,2
0607_s15_qp_43.json,1(c),topics in arithmetic,high,607,s,May/Jun,2015,4,calculator,3,Find the overall average speed for the total journey from Santiago to Paris and back to Santiago.,3
0607_s15_qp_43.json,2(a)(i),transformations,high,607,s,May/Jun,2015,4,calculator,3,Rotate triangle A through 90° anticlockwise about the origin. Label the image C.,2
0607_s15_qp_43.json,2(a)(ii),transformations,high,607,s,May/Jun,2015,4,calculator,3,Reflect triangle C in the x-axis. Label the image D.,2
0607_s15_qp_43.json,2(a)(iii),transformations,high,607,s,May/Jun,2015,4,calculator,3,Describe fully the single transformation that is equivalent to a rotation through 90° anticlockwise about the origin followed by a reflection in the x-axis.,2
0607_s15_qp_43.json,2(b),transformations,high,607,s,May/Jun,2015,4,calculator,3,Describe fully the single transformation that maps triangle A onto triangle B.,3
0607_s15_qp_43.json,3(a)(i),topics in arithmetic,high,607,s,May/Jun,2015,4,calculator,3,The internet shop charges her 7% of the selling price. Find the amount that Sinitta receives from the shop for a necklace.,2
0607_s15_qp_43.json,3(a)(ii),topics in arithmetic,high,607,s,May/Jun,2015,4,calculator,3,The shop increases the charge to 12% of the selling price of $80. Calculate the percentage reduction in Sinitta's profit.,4
0607_s15_qp_43.json,3(b)(i),topics in arithmetic,high,607,s,May/Jun,2015,4,calculator,3,Find the cost of each 100g of silver before the increase.,2
0607_s15_qp_43.json,3(b)(ii),topics in arithmetic,high,607,s,May/Jun,2015,4,calculator,3,Find the increase in the cost of the silver in a ring.,2
0607_s15_qp_43.json,4(a),straight lines,high,607,s,May/Jun,2015,4,calculator,3,S is the point such that RS = QP. Find the co-ordinates of S.,2
0607_s15_qp_43.json,4(b),Pythagoras,high,607,s,May/Jun,2015,4,calculator,3,Calculate QP.,2
0607_s15_qp_43.json,4(c),straight lines,high,607,s,May/Jun,2015,4,calculator,3,Find the equation of the line PQ.,2
0607_s15_qp_43.json,4(d),straight lines,high,607,s,May/Jun,2015,4,calculator,3,"Write down the co-ordinates of N, the midpoint of PQ.",1
0607_s15_qp_43.json,4(e),straight lines,high,607,s,May/Jun,2015,4,calculator,3,Find the equation of the perpendicular bisector of PQ.,3
0607_s15_qp_43.json,4(f),straight lines,high,607,s,May/Jun,2015,4,calculator,3,A and B are points on the perpendicular bisector of PQ such that AN \neq BN. What is the mathematical name given to the quadrilateral PAQB?,1
0607_s15_qp_43.json,5(a),mensuration,high,607,s,May/Jun,2015,4,calculator,3,Show that the volume of the box is 1200x - 140x^2 + 4x^3.,3
0607_s15_qp_43.json,5(b),functions,high,607,s,May/Jun,2015,4,calculator,3,"On the diagram, sketch the graph of y = 1200x - 140x^2 + 4x^3 for 0 \le x \le 25.",2
0607_s15_qp_43.json,5(c),solving quadratic equations,high,607,s,May/Jun,2015,4,calculator,3,Solve the equation 1200x - 140x^2 + 4x^3 = 2000.,3
0607_s15_qp_43.json,5(d),solving quadratic equations,high,607,s,May/Jun,2015,4,calculator,3,Which solution to part (c) is not a possible value of x when the volume of the box is 2000 cm^3? Give a reason for your answer.,1
0607_s15_qp_43.json,5(e),functions,high,607,s,May/Jun,2015,4,calculator,3,What is the maximum volume of the box? For this volume what is the length of the box?,2
0607_s15_qp_43.json,6(a)(i),sequences,high,607,s,May/Jun,2015,4,calculator,3,"Find an expression for the nth term of this sequence: 2, 6, 10, 14, ...",2
0607_s15_qp_43.json,6(a)(ii),sequences,high,607,s,May/Jun,2015,4,calculator,3,"Use your answer to part (a)(i) to find an expression for u, the nth term of this sequence: 2 \times 10^2, 6 \times 10^3, 10 \times 10^4, 14 \times 10^5, ...",1
0607_s15_qp_43.json,6(b)(i),sequences,high,607,s,May/Jun,2015,4,calculator,3,"Write down the first 4 terms in this sequence, giving your answers in standard form.",2
0607_s15_qp_43.json,6(b)(ii),sequences,high,607,s,May/Jun,2015,4,calculator,3,"Using your answer to part (a)(ii), find and simplify an expression for u / t.",3
0607_s15_qp_43.json,7(a),trigonometry,high,607,s,May/Jun,2015,4,calculator,3,Calculate the length of AB.,2
0607_s15_qp_43.json,7(b),trigonometry,high,607,s,May/Jun,2015,4,calculator,3,Calculate the bearing of D from A.,4
0607_s15_qp_43.json,7(c),trigonometry,high,607,s,May/Jun,2015,4,calculator,3,Calculate the area of the field ABCD.,3
0607_s15_qp_43.json,8(a),statistics,high,607,s,May/Jun,2015,4,calculator,3,Calculate an estimate of the mean value of t.,2
0607_s15_qp_43.json,8(b),statistics,high,607,s,May/Jun,2015,4,calculator,3,Draw a cumulative frequency curve for the length of life of the light bulbs.,5
0607_s15_qp_43.json,8(c)(i),statistics,high,607,s,May/Jun,2015,4,calculator,3,"Use your graph to estimate the number of light bulbs that lasted longer than 8500 hours,",2
0607_s15_qp_43.json,8(c)(ii),statistics,high,607,s,May/Jun,2015,4,calculator,3,Use your graph to estimate the interquartile range.,2
0607_s15_qp_43.json,9(a)(i),similarity,high,607,s,May/Jun,2015,4,calculator,3,Show that EC = 120 cm.,2
0607_s15_qp_43.json,9(a)(ii),similarity,high,607,s,May/Jun,2015,4,calculator,3,Find ED.,2
0607_s15_qp_43.json,9(a)(iii),similarity,high,607,s,May/Jun,2015,4,calculator,3,Find DB.,2
0607_s15_qp_43.json,9(b)(i),mensuration,high,607,s,May/Jun,2015,4,calculator,3,"Using answers from part (a), calculate the volume of the waste paper bin,",3
0607_s15_qp_43.json,9(b)(ii),mensuration,high,607,s,May/Jun,2015,4,calculator,3,"Using answers from part (a), calculate the area of metal needed to make the bin.",4
0607_s15_qp_43.json,10(a),probability,high,607,s,May/Jun,2015,4,calculator,3,Complete the tree diagram to show the probability of all the possible outcomes for the two balls.,2
0607_s15_qp_43.json,10(b)(i),probability,high,607,s,May/Jun,2015,4,calculator,3,"Calculate the probability that Tricia's two balls are both white,",2
0607_s15_qp_43.json,10(b)(ii),probability,high,607,s,May/Jun,2015,4,calculator,3,"Calculate the probability that Tricia's two balls are one white and one red,",3
0607_s15_qp_43.json,10(b)(iii),probability,high,607,s,May/Jun,2015,4,calculator,3,Calculate the probability that Tricia's two balls are of different colours.,3
0607_s15_qp_43.json,11(a),functions,high,607,s,May/Jun,2015,4,calculator,3,"On the diagram, sketch the graph of y = f(x) for values of x between x = -6 and x = 4.",3
0607_s15_qp_43.json,11(b),functions,high,607,s,May/Jun,2015,4,calculator,3,Write down the equations of the asymptotes of the graph of y = f(x).,2
0607_s15_qp_43.json,11(c),functions,high,607,s,May/Jun,2015,4,calculator,3,Find the range of values for y when x \ge 0.,2
0607_s15_qp_43.json,11(d),functions,high,607,s,May/Jun,2015,4,calculator,3,"On this diagram, sketch the graph of y = |(1 - 2x) / (x + 3)|.",2
0607_s15_qp_43.json,11(e),solving linear equations,high,607,s,May/Jun,2015,4,calculator,3,Solve |(1 - 2x) / (x + 3)| = 6.,2
0607_s15_qp_43.json,12(a)(i),functions,high,607,s,May/Jun,2015,4,calculator,3,"Find g(3),",1
0607_s15_qp_43.json,12(a)(ii),functions,high,607,s,May/Jun,2015,4,calculator,3,Find f(g(3)).,1
0607_s15_qp_43.json,12(b)(i),functions,high,607,s,May/Jun,2015,4,calculator,3,"Find and simplify expressions for g(f(x)),",2
0607_s15_qp_43.json,12(b)(ii),functions,high,607,s,May/Jun,2015,4,calculator,3,"Find and simplify expressions for g^{-1}(x),",2
0607_s15_qp_43.json,12(b)(iii),functions,high,607,s,May/Jun,2015,4,calculator,3,Find and simplify expressions for 2 / f(x) - 3 / g(x).,3
0607_s16_qp_21.json,1(a),topics in arithmetic,high,607,s,May/Jun,2016,2,non_calculator,1,Work out 8 / 0.04,1
0607_s16_qp_21.json,1(b),topics in arithmetic,high,607,s,May/Jun,2016,2,non_calculator,1,Work out 4/5 - 1/4,2
0607_s16_qp_21.json,2(a),transformations,high,607,s,May/Jun,2016,2,non_calculator,1,Shade two more squares so that this shape has exactly one line of symmetry.,1
0607_s16_qp_21.json,2(b),transformations,high,607,s,May/Jun,2016,2,non_calculator,1,Shade two more triangles so that this shape has rotational symmetry of order 3.,1
0607_s16_qp_21.json,3,topics in arithmetic,high,607,s,May/Jun,2016,2,non_calculator,1,"By rounding each number to 1 significant figure, estimate the value of this calculation. Show all your working. (11.37 * 289) / (52.3 + 99.6)",2
0607_s16_qp_21.json,4(a),exponents and surds,high,607,s,May/Jun,2016,2,non_calculator,1,"Given a = 2^5 * 3^2 * 7^3 and b = 2^3 * 3^4 * 5, leaving your answer as the product of prime factors, find b^2,",1
0607_s16_qp_21.json,4(b),topics in arithmetic,high,607,s,May/Jun,2016,2,non_calculator,1,"Given a = 2^5 * 3^2 * 7^3 and b = 2^3 * 3^4 * 5, leaving your answer as the product of prime factors, find the highest common factor (HCF) of a and b,",1
0607_s16_qp_21.json,4(c),topics in arithmetic,high,607,s,May/Jun,2016,2,non_calculator,1,"Given a = 2^5 * 3^2 * 7^3 and b = 2^3 * 3^4 * 5, leaving your answer as the product of prime factors, find the lowest common multiple (LCM) of a and b.",2
0607_s16_qp_21.json,5(a),statistics,high,607,s,May/Jun,2016,2,non_calculator,1,"Luis has a large jar containing red (26), yellow (72), green (64) and blue (38) beads. Complete the table to show the relative frequencies.",2
0607_s16_qp_21.json,5(b)(i),statistics,high,607,s,May/Jun,2016,2,non_calculator,1,There are 5000 beads in the jar altogether. Estimate the number of green beads in the jar.,1
0607_s16_qp_21.json,5(b)(ii),statistics,high,607,s,May/Jun,2016,2,non_calculator,1,Explain why this is a good estimate.,1
0607_s16_qp_21.json,6,solving linear equations,high,607,s,May/Jun,2016,2,non_calculator,1,Solve. x/2 - (x + 1)/3 = 2,3
0607_s16_qp_21.json,7(a),sets and Venn diagrams,high,607,s,May/Jun,2016,2,non_calculator,1,"U = {Integers from 1 to 18}, F = {Factors of 12}, M = {Multiples of 3}, E = {Even numbers}. Complete the Venn diagram by putting the numbers 2, 3, 4, 8, 12, 15 and 18 in the correct subsets.",2
0607_s16_qp_21.json,7(b)(i),sets and Venn diagrams,high,607,s,May/Jun,2016,2,non_calculator,1,List the members of (E union F union M)',1
0607_s16_qp_21.json,7(b)(ii),sets and Venn diagrams,high,607,s,May/Jun,2016,2,non_calculator,1,List the members of E intersect M' intersect F',1
0607_s16_qp_21.json,8,inequalities,high,607,s,May/Jun,2016,2,non_calculator,1,Solve. 2x + 3 > 2(3x - 1),3
0607_s16_qp_21.json,9(a),circle theorems,high,607,s,May/Jun,2016,2,non_calculator,1,"A, B, C and D are points on the circle centre O. Angle BOD = 130°. Find angle DCB.",1
0607_s16_qp_21.json,9(b),circle theorems,high,607,s,May/Jun,2016,2,non_calculator,1,"A, B, C and D are points on the circle centre O. Angle BOD = 130°. Find angle BAD.",1
0607_s16_qp_21.json,10(a),expanding and factorising,high,607,s,May/Jun,2016,2,non_calculator,1,Factorise completely. 12x^2 - 27xy,2
0607_s16_qp_21.json,10(b),expanding and factorising,high,607,s,May/Jun,2016,2,non_calculator,1,Factorise completely. 4a^2 + 8ab - ac - 2bc,2
0607_s16_qp_21.json,11,exponents and surds,high,607,s,May/Jun,2016,2,non_calculator,1,Rationalise the denominator. 1 / sqrt(7),1
0607_s16_qp_21.json,12,vectors,high,607,s,May/Jun,2016,2,non_calculator,1,"Write the vectors p, q and r in terms of a and b.",3
0607_s16_qp_21.json,13,functions,high,607,s,May/Jun,2016,2,non_calculator,1,The graph of y = a sin(x + b)° is shown in the diagram. Find the value of a and the value of b.,2
0607_s16_qp_21.json,14,functions,high,607,s,May/Jun,2016,2,non_calculator,1,"The diagram shows a sketch of the graph of y = ax^2 + bx. O is the point (0, 0), P is the point (4, 0) and Q is the point (8, 96). Find the value of a and the value of b.",3
0607_s16_qp_22.json,1,topics in arithmetic,high,607,s,May/Jun,2016,2,non_calculator,2,Work out 1 1/2 + 3 1/3.,2
0607_s16_qp_22.json,2,topics in arithmetic,high,607,s,May/Jun,2016,2,non_calculator,2,Increase 1 h 30 min by 10%.,2
0607_s16_qp_22.json,3,angles,high,607,s,May/Jun,2016,2,non_calculator,2,"In the diagram, DC is parallel to AB and AC = AB. Work out angle ACB.",2
0607_s16_qp_22.json,4,solving linear equations,high,607,s,May/Jun,2016,2,non_calculator,2,Rearrange the formula t = 1/p^2 to write p in terms of t.,2
0607_s16_qp_22.json,5(a),probability,high,607,s,May/Jun,2016,2,non_calculator,2,"A biased die, that has six faces, is numbered 1 to 6. The table shows the results when the die is rolled 60 times. (Table: Number 1, 2, 3, 4, 5, 6; Frequency 3, 12, 8, 16, 7, 14). Jose rolls the die. Find the probability that the number shown is even.",1
0607_s16_qp_22.json,5(b),probability,high,607,s,May/Jun,2016,2,non_calculator,2,Jose rolls the die 1200 times. Find the expected number of times that the number shown on the die is even.,1
0607_s16_qp_22.json,6,simultaneous equations,high,607,s,May/Jun,2016,2,non_calculator,2,"Solve the simultaneous equations. 3x - 2y = 7, 5x + 2y = 1",2
0607_s16_qp_22.json,7,exponents and surds,high,607,s,May/Jun,2016,2,non_calculator,2,Work out (8 x 10^7) / (5 x 10^-12). Give your answer in standard form.,2
0607_s16_qp_22.json,8,inequalities,high,607,s,May/Jun,2016,2,non_calculator,2,Solve the inequality. 9 - x > 6x + 2,2
0607_s16_qp_22.json,9(a),exponents and surds,high,607,s,May/Jun,2016,2,non_calculator,2,x^3 / x^p = x^5. Find the value of p.,1
0607_s16_qp_22.json,9(b)(i),exponents and surds,high,607,s,May/Jun,2016,2,non_calculator,2,Work out (sqrt(2))^6,1
0607_s16_qp_22.json,9(b)(ii),exponents and surds,high,607,s,May/Jun,2016,2,non_calculator,2,Work out 8^(-1/3),2
0607_s16_qp_22.json,10,straight lines,high,607,s,May/Jun,2016,2,non_calculator,2,The line 2x + 3y = 36 intersects the x-axis at P and the y-axis at Q. M is the midpoint of PQ. Find the column vector OM where O is the origin.,4
0607_s16_qp_22.json,11,expanding and factorising,high,607,s,May/Jun,2016,2,non_calculator,2,Factorise completely. 2p - q + 2xp - xq,2
0607_s16_qp_22.json,12,exponents and surds,high,607,s,May/Jun,2016,2,non_calculator,2,Rationalise the denominator. 5 / (sqrt(2) + 1),2
0607_s16_qp_22.json,13,mensuration,high,607,s,May/Jun,2016,2,non_calculator,2,The area of a semicircle is 32pi cm^2. Work out the perimeter of the semicircle. Give your answer in terms of pi.,3
0607_s16_qp_22.json,14,statistics,high,607,s,May/Jun,2016,2,non_calculator,2,Complete the frequency table using the information in the histogram.,2
0607_s16_qp_22.json,15,variation and proportion,high,607,s,May/Jun,2016,2,non_calculator,2,"y is inversely proportional to the square root of x. When x = 4, y = 3. Find y in terms of x.",2
0607_s16_qp_22.json,16,logarithms,high,607,s,May/Jun,2016,2,non_calculator,2,log y = 2 log 3 + 3 log 2 - log 6. Find the value of y.,3
0607_s16_qp_22.json,17,transformations,high,607,s,May/Jun,2016,2,non_calculator,2,Describe fully the single transformation that maps the graph of y = cos x onto the graph of y = 3 cos x.,2
0607_s16_qp_23.json,1,topics in arithmetic,high,607,s,May/Jun,2016,2,non_calculator,3,"Alex drives 40 km to work at a speed of 50 km/h.
He leaves home at 0745.
Find the time he arrives at work.",3
0607_s16_qp_23.json,2,variation and proportion,high,607,s,May/Jun,2016,2,non_calculator,3,"Alexis and Bertrand share a sum of money in the ratio 3 : 5.
Alexis receives $36.
Work out how much Bertrand receives.",2
0607_s16_qp_23.json,3,statistics,high,607,s,May/Jun,2016,2,non_calculator,3,"11 16 8 9 14 6 20 16 12 10
Find the median of these ten numbers.",2
0607_s16_qp_23.json,4(a),angles,high,607,s,May/Jun,2016,2,non_calculator,3,"A regular polygon has 12 sides.
Work out the sum of the interior angles of the polygon.",2
0607_s16_qp_23.json,4(b),angles,high,607,s,May/Jun,2016,2,non_calculator,3,"The interior angle of a regular polygon is 165°.
Find the number of sides of this polygon.",2
0607_s16_qp_23.json,5,solving linear equations,high,607,s,May/Jun,2016,2,non_calculator,3,"The total cost of 2 kg of apples and 1.5 kg of pears is $9.70.
Apples cost $2.60 per kilogram.
Find the cost of 1 kg of pears.",3
0607_s16_qp_23.json,6(a),sequences,high,607,s,May/Jun,2016,2,non_calculator,3,"Find the next term in each of these sequences.
81, 77, 72, 66, 59, ...............",1
0607_s16_qp_23.json,6(b),sequences,high,607,s,May/Jun,2016,2,non_calculator,3,"Find the next term in each of these sequences.
3, –6, 12, –24, 48, ...............",1
0607_s16_qp_23.json,6(c),sequences,high,607,s,May/Jun,2016,2,non_calculator,3,"Find the next term in each of these sequences.
16, 8, 4, 2, 1, ...............",1
0607_s16_qp_23.json,7(a),topics in arithmetic,high,607,s,May/Jun,2016,2,non_calculator,3,"Work out, giving your answer in standard form.
(7.5 * 10^-4) + (4 * 10^-6)",2
0607_s16_qp_23.json,7(b),topics in arithmetic,high,607,s,May/Jun,2016,2,non_calculator,3,"Work out, giving your answer in standard form.
(7.5 * 10^-4) * (4 * 10^-6)",2
0607_s16_qp_23.json,8,expanding and factorising,high,607,s,May/Jun,2016,2,non_calculator,3,"Expand the brackets.
x^2(x^3 - 7)",2
0607_s16_qp_23.json,9,topics in arithmetic,high,607,s,May/Jun,2016,2,non_calculator,3,"Write this list of numbers in order starting with the smallest.
2/3, 65%, sqrt(0.7), 0.069, 0.6^2",2
0607_s16_qp_23.json,10,expanding and factorising,high,607,s,May/Jun,2016,2,non_calculator,3,"Expand the brackets and simplify.
2(3x - 4) - 3(2x - 3)",2
0607_s16_qp_23.json,11(a),exponents and surds,high,607,s,May/Jun,2016,2,non_calculator,3,"Simplify.
sqrt(3)(4*sqrt(12) - 7*sqrt(3))",2
0607_s16_qp_23.json,11(b),exponents and surds,high,607,s,May/Jun,2016,2,non_calculator,3,"Rationalise the denominator.
7 / (3 - sqrt(2))",2
0607_s16_qp_23.json,12,simultaneous equations,high,607,s,May/Jun,2016,2,non_calculator,3,"Solve the simultaneous equations.
You must show all your working.
3x + 2y = -5
2x - 5y = 3",4
0607_s16_qp_23.json,13(a),functions,high,607,s,May/Jun,2016,2,non_calculator,3,"Sketch the graph of y = x^3 + 2.
Give the co-ordinates of the point where the graph crosses the y-axis.",2
0607_s16_qp_23.json,13(b),functions,high,607,s,May/Jun,2016,2,non_calculator,3,"Sketch the graph of y = 2 cos x for -180° <= x <= 180°.
Give the co-ordinates of the point where the graph crosses the y-axis.",3
0607_s16_qp_41.json,1(a)(i),topics in arithmetic,high,607,s,May/Jun,2016,4,calculator,1,Calculate the value of the car when it was new.,3
0607_s16_qp_41.json,1(a)(ii),topics in arithmetic,high,607,s,May/Jun,2016,4,calculator,1,After the first year the car reduces in value by 11% each year for the next 3 years. Calculate the value of the car after these 3 years.,3
0607_s16_qp_41.json,1(b),topics in arithmetic,high,607,s,May/Jun,2016,4,calculator,1,Boris buys a car for $23000. The value of this car reduces by 8% each year. Find the number of complete years it takes for the value of the car to fall below $11 500.,3
0607_s16_qp_41.json,2(a),variation and proportion,high,607,s,May/Jun,2016,4,calculator,1,"Find a formula for f, in terms of L, writing any constants correct to 3 significant figures.",3
0607_s16_qp_41.json,2(b),variation and proportion,high,607,s,May/Jun,2016,4,calculator,1,Chat Radio broadcasts with a wavelength of 2.8m. Find the frequency of Chat Radio.,1
0607_s16_qp_41.json,2(c),variation and proportion,high,607,s,May/Jun,2016,4,calculator,1,Allsports Radio broadcasts with a frequency of 0.35. Find the wavelength of Allsports Radio.,2
0607_s16_qp_41.json,3(a)(i),transformations,high,607,s,May/Jun,2016,4,calculator,1,Draw the image of quadrilateral A after it has been reflected in the y-axis and then rotated through 90° anti-clockwise about the origin.,3
0607_s16_qp_41.json,3(a)(ii),transformations,high,607,s,May/Jun,2016,4,calculator,1,Describe fully the single transformation equivalent to reflection in the y-axis followed by rotation 90° anti-clockwise about the origin.,2
0607_s16_qp_41.json,3(b)(i),transformations,high,607,s,May/Jun,2016,4,calculator,1,"Draw the image of quadrilateral A after a stretch, factor 3 with the y-axis invariant. Label the image B.",2
0607_s16_qp_41.json,3(b)(ii),transformations,high,607,s,May/Jun,2016,4,calculator,1,Describe fully the single transformation that maps the quadrilateral B back onto quadrilateral A.,2
0607_s16_qp_41.json,4(a),mensuration,high,607,s,May/Jun,2016,4,calculator,1,Calculate the volume of the trophy.,4
0607_s16_qp_41.json,4(b)(i),similarity,high,607,s,May/Jun,2016,4,calculator,1,Calculate the total height of each model trophy.,1
0607_s16_qp_41.json,4(b)(ii),similarity,high,607,s,May/Jun,2016,4,calculator,1,"Calculate the mass, in grams, of each model trophy.",3
0607_s16_qp_41.json,5(a),statistics,high,607,s,May/Jun,2016,4,calculator,1,Complete the scatter diagram. The first six points have been plotted for you.,2
0607_s16_qp_41.json,5(b),statistics,high,607,s,May/Jun,2016,4,calculator,1,What type of correlation is shown by the scatter diagram?,1
0607_s16_qp_41.json,5(c)(i),statistics,high,607,s,May/Jun,2016,4,calculator,1,Calculate the mean time.,1
0607_s16_qp_41.json,5(c)(ii),statistics,high,607,s,May/Jun,2016,4,calculator,1,Calculate the mean number of objects.,1
0607_s16_qp_41.json,5(d)(i),statistics,high,607,s,May/Jun,2016,4,calculator,1,Find the equation of the regression line. Give your answer in the form n = mt + c.,2
0607_s16_qp_41.json,5(d)(ii),statistics,high,607,s,May/Jun,2016,4,calculator,1,Errol looks at the tray for 85 seconds. Use your equation to estimate the number of objects he remembers.,1
0607_s16_qp_41.json,6(a),sequences,high,607,s,May/Jun,2016,4,calculator,1,"These are the first four terms of a sequence. 5, 8, 11, 14. Write down an expression in terms of n for the nth term, s_n, of the sequence.",2
0607_s16_qp_41.json,6(b),sequences,high,607,s,May/Jun,2016,4,calculator,1,"The nth term, t_n, of another sequence is 2n^2 + n - 6. Write down the first four terms of this sequence.",2
0607_s16_qp_41.json,6(c),expanding and factorising,high,607,s,May/Jun,2016,4,calculator,1,"The nth term of a third sequence, u_n, is given by u_n = t_n / (n + 2). Find an expression for u_n, in terms of n, giving your answer in its simplest form.",3
0607_s16_qp_41.json,6(d),sequences,high,607,s,May/Jun,2016,4,calculator,1,The nth term of a fourth sequence is given by s_n + u_n. Is 501 a term of this fourth sequence? Give your reasons.,2
0607_s16_qp_41.json,7(a),trigonometry,high,607,s,May/Jun,2016,4,calculator,1,Calculate AD.,3
0607_s16_qp_41.json,7(b),trigonometry,high,607,s,May/Jun,2016,4,calculator,1,"Calculate AC and show that it rounds to 12.1 m, correct to 3 significant figures.",3
0607_s16_qp_41.json,7(c),trigonometry,high,607,s,May/Jun,2016,4,calculator,1,Calculate the bearing of A from D.,3
0607_s16_qp_41.json,8(a)(i),functions,high,607,s,May/Jun,2016,4,calculator,1,"On the diagram, sketch the graph of y = f(x) for values of x between -3 and 3.",2
0607_s16_qp_41.json,8(a)(ii),solving quadratic equations,high,607,s,May/Jun,2016,4,calculator,1,Solve f(x) = 0.,2
0607_s16_qp_41.json,8(a)(iii),functions,high,607,s,May/Jun,2016,4,calculator,1,Write down the equation of the asymptote to the graph of y = f(x).,1
0607_s16_qp_41.json,8(b)(i),functions,high,607,s,May/Jun,2016,4,calculator,1,"On this diagram, sketch the graph of y = 2log(1 + x) for values of x between -3 and 3.",2
0607_s16_qp_41.json,8(b)(ii),functions,high,607,s,May/Jun,2016,4,calculator,1,Describe a similarity between the graphs in part (a)(i) and part (b)(i).,1
0607_s16_qp_41.json,8(b)(iii),functions,high,607,s,May/Jun,2016,4,calculator,1,Explain the differences between the graphs in part (a)(i) and part (b)(i).,2
0607_s16_qp_41.json,9(a),topics in arithmetic,high,607,s,May/Jun,2016,4,calculator,1,The distance from Perth to Edinburgh is 65 km. The train travels at an average speed of 48.75 km/h for this part of the journey. Find the time taken to travel from Perth to Edinburgh. Give your answer in hours and minutes.,3
0607_s16_qp_41.json,9(b),topics in arithmetic,high,607,s,May/Jun,2016,4,calculator,1,The average speed for the whole journey from Perth to London is 119.5 km/h. The distance from Edinburgh to London is 632 km. Find the average speed for the journey from Edinburgh to London.,5
0607_s16_qp_41.json,9(c),topics in arithmetic,high,607,s,May/Jun,2016,4,calculator,1,"During the journey, the train travels through a tunnel of length 800 m. The train travels through this tunnel at 120 km/h. The train is 130 m long. Calculate the time taken for the train to pass completely through the tunnel. Give your answer in seconds.",3
0607_s16_qp_41.json,10(a),straight lines,high,607,s,May/Jun,2016,4,calculator,1,Calculate AB.,3
0607_s16_qp_41.json,10(b),straight lines,high,607,s,May/Jun,2016,4,calculator,1,"The point P has co-ordinates (x, y) and PA = PB. Show that 2x + y = 5.",5
0607_s16_qp_41.json,10(c),simultaneous equations,high,607,s,May/Jun,2016,4,calculator,1,"If P is also on the line y = x, find the co-ordinates of P.",2
0607_s16_qp_41.json,11(a),trigonometry,high,607,s,May/Jun,2016,4,calculator,1,Use the cosine rule to show that 7x^2 - 4x - 80 = 0.,4
0607_s16_qp_41.json,11(b)(i),solving quadratic equations,high,607,s,May/Jun,2016,4,calculator,1,Solve the equation 7x^2 - 4x - 80 = 0. Show all your working.,3
0607_s16_qp_41.json,11(b)(ii),trigonometry,high,607,s,May/Jun,2016,4,calculator,1,Find the length of AB and the length of BC.,2
0607_s16_qp_41.json,11(c),trigonometry,high,607,s,May/Jun,2016,4,calculator,1,Find the area of triangle ABC.,2
0607_s16_qp_41.json,12(a),statistics,high,607,s,May/Jun,2016,4,calculator,1,Calculate an estimate of the mean mass.,2
0607_s16_qp_41.json,12(b),statistics,high,607,s,May/Jun,2016,4,calculator,1,"On the grid, complete the cumulative frequency curve for the information in the table.",5
0607_s16_qp_41.json,12(c)(i),statistics,high,607,s,May/Jun,2016,4,calculator,1,"Use your graph to find the median mass,",1
0607_s16_qp_41.json,12(c)(ii),statistics,high,607,s,May/Jun,2016,4,calculator,1,Use your graph to find the interquartile range.,2
0607_s16_qp_41.json,12(d)(i),probability,high,607,s,May/Jun,2016,4,calculator,1,An egg is chosen at random from the 200 eggs. Estimate the probability that the egg is Small.,1
0607_s16_qp_41.json,12(d)(ii),probability,high,607,s,May/Jun,2016,4,calculator,1,Two eggs are chosen from the 200 eggs. Find the probability that both are Very Large.,2
0607_s16_qp_41.json,13(a)(i),functions,high,607,s,May/Jun,2016,4,calculator,1,Solve 1 / f(x) = 2.,2
0607_s16_qp_41.json,13(a)(ii),functions,high,607,s,May/Jun,2016,4,calculator,1,Find and simplify f(f(x)).,2
0607_s16_qp_41.json,13(a)(iii),functions,high,607,s,May/Jun,2016,4,calculator,1,Find f^-1(x).,2
0607_s16_qp_41.json,13(b),functions,high,607,s,May/Jun,2016,4,calculator,1,g(x) is a function with an inverse function g^-1(x). Write down the value of g(g^-1(3)).,1
0607_s16_qp_42.json,1(a),transformations,high,607,s,May/Jun,2016,4,calculator,2,Translate shape T by the vector (3 4),2
0607_s16_qp_42.json,1(b),transformations,high,607,s,May/Jun,2016,4,calculator,2,Reflect shape T in the line y = –x.,2
0607_s16_qp_42.json,1(c),transformations,high,607,s,May/Jun,2016,4,calculator,2,"Rotate shape T by 90° anticlockwise about (–2, 1).",3
0607_s16_qp_42.json,1(d)(i),transformations,high,607,s,May/Jun,2016,4,calculator,2,"Describe fully the single transformation that maps shape T onto shape U,",3
0607_s16_qp_42.json,1(d)(ii),transformations,high,607,s,May/Jun,2016,4,calculator,2,Describe fully the single transformation that maps shape T onto shape V.,3
0607_s16_qp_42.json,2(a),topics in arithmetic,high,607,s,May/Jun,2016,4,calculator,2,Show that Nikhil receives $350 and that Padma receives $280.,2
0607_s16_qp_42.json,2(b)(i),topics in arithmetic,high,607,s,May/Jun,2016,4,calculator,2,"In a sale, prices are reduced by 18%. Padma buys a jacket for $98.40 in this sale. Calculate the original price of the jacket.",3
0607_s16_qp_42.json,2(b)(ii),topics in arithmetic,high,607,s,May/Jun,2016,4,calculator,2,Padma decides that she does not like the jacket and sells it for $30. Calculate the percentage loss made by Padma.,3
0607_s16_qp_42.json,2(b)(iii),topics in arithmetic,high,607,s,May/Jun,2016,4,calculator,2,Calculate how much of the $280 Padma now has.,1
0607_s16_qp_42.json,2(b)(iv),topics in arithmetic,high,607,s,May/Jun,2016,4,calculator,2,Padma invests $150 at a rate of 2% per year compound interest. Calculate the total value of this investment after 10 years. Give your answer correct to the nearest dollar.,4
0607_s16_qp_42.json,2(c),topics in arithmetic,high,607,s,May/Jun,2016,4,calculator,2,"On January 1st 2016, Nikhil invested all of his $350 at a rate of 0.15% per month compound interest. Find in which month and in which year Nikhil's investment will first have a total value of at least $500.",5
0607_s16_qp_42.json,3(a)(i),statistics,high,607,s,May/Jun,2016,4,calculator,2,Find the median.,1
0607_s16_qp_42.json,3(a)(ii),statistics,high,607,s,May/Jun,2016,4,calculator,2,Find the inter-quartile range.,2
0607_s16_qp_42.json,3(a)(iii),statistics,high,607,s,May/Jun,2016,4,calculator,2,Find the number of cars with an average speed of more than 70 km/h.,2
0607_s16_qp_42.json,3(b),topics in arithmetic,high,607,s,May/Jun,2016,4,calculator,2,A bus completes a journey in 2h 24 min at an average speed of 50 km/h. A car completes the same journey in 1h 45 min. Calculate the average speed of the car.,3
0607_s16_qp_42.json,4(a),solving linear equations,high,607,s,May/Jun,2016,4,calculator,2,The cost of a drink of water is w cents. The cost of a drink of juice is (w + 30) cents. The total cost of 6 drinks of water and 5 drinks of juice is $4.14. Find the value of w.,3
0607_s16_qp_42.json,4(b),solving quadratic equations,high,607,s,May/Jun,2016,4,calculator,2,The total area of the square and the rectangle is 10 cm^2. Find the perimeter of the square. Give your answer correct to 2 decimal places.,5
0607_s16_qp_42.json,5(a),similarity,high,607,s,May/Jun,2016,4,calculator,2,Show that triangles ADX and BCX are similar. Give a reason for each statement that you make.,2
0607_s16_qp_42.json,5(b),similarity,high,607,s,May/Jun,2016,4,calculator,2,"AX = 5 cm, DX = 2 cm and CX = 3 cm. Calculate BX.",2
0607_s16_qp_42.json,5(c),trigonometry,high,607,s,May/Jun,2016,4,calculator,2,AD = 4.61 cm. Calculate angle AXD.,3
0607_s16_qp_42.json,6(a),functions,high,607,s,May/Jun,2016,4,calculator,2,"On the diagram, sketch the graph of y = f(x) for 0 <= x <= 20.",2
0607_s16_qp_42.json,6(b),functions,high,607,s,May/Jun,2016,4,calculator,2,"One solution of the equation f(x) = 0, for 0 <= x <= 20 is x = 0. Find the other two solutions.",2
0607_s16_qp_42.json,6(c),functions,high,607,s,May/Jun,2016,4,calculator,2,Find the co-ordinates of the local maximum point.,2
0607_s16_qp_42.json,6(d),functions,high,607,s,May/Jun,2016,4,calculator,2,"There is a local minimum point at (0, 0). Find the co-ordinates of the other local minimum point when 0 <= x <= 20.",2
0607_s16_qp_42.json,6(e),functions,high,607,s,May/Jun,2016,4,calculator,2,Write down the range of f(x).,1
0607_s16_qp_42.json,6(f),functions,high,607,s,May/Jun,2016,4,calculator,2,"By sketching another graph on the diagram, solve this equation: sin(x^2) = (x^2 / 20) - 1",2
0607_s16_qp_42.json,7(a)(i),mensuration,high,607,s,May/Jun,2016,4,calculator,2,Calculate the volume of the solid.,3
0607_s16_qp_42.json,7(a)(ii),mensuration,high,607,s,May/Jun,2016,4,calculator,2,One cubic centimetre of the plastic has a mass of 0.95 g. Calculate the mass of the solid. Give your answer in kilograms.,2
0607_s16_qp_42.json,7(a)(iii),mensuration,high,607,s,May/Jun,2016,4,calculator,2,Find the number of these solids that can be made from 1 tonne of plastic.,2
0607_s16_qp_42.json,7(a)(iv),mensuration,high,607,s,May/Jun,2016,4,calculator,2,Calculate the total surface area of the solid.,4
0607_s16_qp_42.json,7(b),mensuration,high,607,s,May/Jun,2016,4,calculator,2,A solid cone has radius r cm and height 3r cm. The total surface area of the cone is 377 cm^2. Find the value of r.,5
0607_s16_qp_42.json,8(a),functions,high,607,s,May/Jun,2016,4,calculator,2,"The equations of the asymptotes to the graph are x = a, x = b, x = c and y = d. Find the values of a, b, c and d.",4
0607_s16_qp_42.json,8(b),functions,high,607,s,May/Jun,2016,4,calculator,2,"f(x) = k has only one solution, where k is an integer and k != 0. Find the value of k.",1
0607_s16_qp_42.json,8(c),functions,high,607,s,May/Jun,2016,4,calculator,2,Find the integer value of x such that f(x) < 0.,1
0607_s16_qp_42.json,8(d),functions,high,607,s,May/Jun,2016,4,calculator,2,"On the diagram, sketch a possible graph of y = g(x) so that f(x) = g(x) has 5 solutions.",2
0607_s16_qp_42.json,9(a),sets and Venn diagrams,high,607,s,May/Jun,2016,4,calculator,2,Find n(P intersect G).,1
0607_s16_qp_42.json,9(b),probability,high,607,s,May/Jun,2016,4,calculator,2,A student is chosen at random from the music group. Find the probability that this student plays the piano but does not play the guitar.,1
0607_s16_qp_42.json,9(c),probability,high,607,s,May/Jun,2016,4,calculator,2,Two students who play the guitar are chosen at random. Find the probability that they both also play the piano.,3
0607_s16_qp_42.json,9(d),sets and Venn diagrams,high,607,s,May/Jun,2016,4,calculator,2,"On the Venn diagram, shade the region P union G'.",1
0607_s16_qp_42.json,10(a),functions,high,607,s,May/Jun,2016,4,calculator,2,Find h(f(7)).,2
0607_s16_qp_42.json,10(b),functions,high,607,s,May/Jun,2016,4,calculator,2,Find h^(-1)(x).,2
0607_s16_qp_42.json,10(c),functions,high,607,s,May/Jun,2016,4,calculator,2,Find g(h(x)) in its simplest factorised form.,3
0607_s16_qp_42.json,10(d),functions,high,607,s,May/Jun,2016,4,calculator,2,Simplify f(x) / g(x).,4
0607_s16_qp_42.json,11(a),trigonometry,high,607,s,May/Jun,2016,4,calculator,2,Calculate AB.,2
0607_s16_qp_42.json,11(b),trigonometry,high,607,s,May/Jun,2016,4,calculator,2,Calculate angle DBC.,5
0607_s16_qp_42.json,11(c),trigonometry,high,607,s,May/Jun,2016,4,calculator,2,Calculate the area of triangle ABC.,2
0607_s16_qp_42.json,12(a),sequences,high,607,s,May/Jun,2016,4,calculator,2,"Find the n-th term of the sequence: 1, 8, 27, 64, 125, ...",1
0607_s16_qp_42.json,12(b)(i),sequences,high,607,s,May/Jun,2016,4,calculator,2,"Find the next term in the sequence: 2, 12, 36, 80, 150, 252, ...",2
0607_s16_qp_42.json,12(b)(ii),sequences,high,607,s,May/Jun,2016,4,calculator,2,"Find the n-th term of the sequence: 2, 12, 36, 80, 150, 252, ...",2
0607_s16_qp_43.json,1(a)(i),topics in arithmetic,high,607,s,May/Jun,2016,4,calculator,3,"Write the number 13205.17268 correct to 1 decimal place,",1
0607_s16_qp_43.json,1(a)(ii),topics in arithmetic,high,607,s,May/Jun,2016,4,calculator,3,"Write the number 13205.17268 correct to 3 significant figures,",1
0607_s16_qp_43.json,1(a)(iii),topics in arithmetic,high,607,s,May/Jun,2016,4,calculator,3,"Write the number 13205.17268 correct to the nearest 10,",1
0607_s16_qp_43.json,1(a)(iv),topics in arithmetic,high,607,s,May/Jun,2016,4,calculator,3,Write the number 13205.17268 correct to the nearest 0.001.,1
0607_s16_qp_43.json,1(b),topics in arithmetic,high,607,s,May/Jun,2016,4,calculator,3,Write the number 120 correct to the nearest 10.,1
0607_s16_qp_43.json,2(a),expanding and factorising,high,607,s,May/Jun,2016,4,calculator,3,Factorise. 3x^2 - 10x - 8,2
0607_s16_qp_43.json,2(b),inequalities,high,607,s,May/Jun,2016,4,calculator,3,Solve the inequality. 3x^2 - 10x - 8 < 0,2
0607_s16_qp_43.json,2(c),trigonometry,high,607,s,May/Jun,2016,4,calculator,3,Solve the equation. 3 sin^2 x - 10 sin x - 8 = 0 for 0° < x < 360°,3
0607_s16_qp_43.json,3(a),variation and proportion,high,607,s,May/Jun,2016,4,calculator,3,y is directly proportional to (x + 1)^3. y = 32 when x = 3. Find the value of y when x = 4.,3
0607_s16_qp_43.json,3(b),variation and proportion,high,607,s,May/Jun,2016,4,calculator,3,Find the value of x when y = 13.5.,2
0607_s16_qp_43.json,3(c),variation and proportion,high,607,s,May/Jun,2016,4,calculator,3,Find x in terms of y.,3
0607_s16_qp_43.json,4(a)(i),mensuration,high,607,s,May/Jun,2016,4,calculator,3,"A circle of radius r cm is inside a square, so that the circle touches the sides of the square. Find an expression for the area of the shaded region in terms of pi and r.",2
0607_s16_qp_43.json,4(a)(ii),mensuration,high,607,s,May/Jun,2016,4,calculator,3,Calculate the area of the shaded region when r = 6.,1
0607_s16_qp_43.json,4(b),mensuration,high,607,s,May/Jun,2016,4,calculator,3,Find an expression for the perimeter of the shaded region in terms of pi and r.,3
0607_s16_qp_43.json,5(a),trigonometry,high,607,s,May/Jun,2016,4,calculator,3,The area of triangle ABC is 34.1 cm^2. AB = 12.4 cm and angle ABC = 30°. Show that BC = 11 cm.,1
0607_s16_qp_43.json,5(b),trigonometry,high,607,s,May/Jun,2016,4,calculator,3,Find AC.,3
0607_s16_qp_43.json,5(c),trigonometry,high,607,s,May/Jun,2016,4,calculator,3,Find angle CAB.,3
0607_s16_qp_43.json,5(d),trigonometry,high,607,s,May/Jun,2016,4,calculator,3,Find the length of the perpendicular line from A to the line BC.,2
0607_s16_qp_43.json,6(a),statistics,high,607,s,May/Jun,2016,4,calculator,3,The heights of 400 students are given in the table. Calculate an estimate of the mean height of a student.,2
0607_s16_qp_43.json,6(b)(i),statistics,high,607,s,May/Jun,2016,4,calculator,3,Complete the frequency density column in this table.,2
0607_s16_qp_43.json,6(b)(ii),statistics,high,607,s,May/Jun,2016,4,calculator,3,"On the grid below, draw an accurate histogram to show this information. Complete the scale on the frequency density axis.",4
0607_s16_qp_43.json,7(a),topics in arithmetic,high,607,s,May/Jun,2016,4,calculator,3,Sasha bought a house on 1st January 2013. By 1st January 2014 the value of the house had increased by 10%. By 1st January 2015 the value of the house had increased by a further 5% of its value on 1st January 2014. The value of the house on 1st January 2015 was $103950. Find how much Sasha paid for the house in 2013.,4
0607_s16_qp_43.json,7(b),topics in arithmetic,high,607,s,May/Jun,2016,4,calculator,3,"By 1st January each year, from 2015, the value of the house increases by 5% of its value on 1st January the previous year. The value of the house on 1st January 2015 was $103 950. Find the year in which the value of the house will first be greater than $200 000.",3
0607_s16_qp_43.json,8(a),vectors,high,607,s,May/Jun,2016,4,calculator,3,"ABC is a triangle. AX = 2/3 AC and AD = 1/2 AB. AX = 6p and DX = q. Find an expression, in terms of p and q, for AD,",2
0607_s16_qp_43.json,8(b),vectors,high,607,s,May/Jun,2016,4,calculator,3,"Find an expression, in terms of p and q, for DC,",2
0607_s16_qp_43.json,8(c),vectors,high,607,s,May/Jun,2016,4,calculator,3,"Find an expression, in terms of p and q, for CB.",3
0607_s16_qp_43.json,9(a),transformations,high,607,s,May/Jun,2016,4,calculator,3,"The transformation AB means transformation B followed by transformation A. The transformation P is a rotation through 90° clockwise about the origin. The transformation Q is a rotation through 180° about the origin. The transformation R is a rotation through 270° clockwise about the origin. The transformation S is a reflection in the y-axis. The transformation T is a reflection in the x-axis. Write down the letter of the single transformation, P, Q, R, S or T, that is equivalent to each of the transformations QR, PQR, ST, SQ, PTP and TPP.",6
0607_s16_qp_43.json,9(b)(i),transformations,high,607,s,May/Jun,2016,4,calculator,3,Draw the image of triangle A after a reflection in the line y = x. Label this image B.,2
0607_s16_qp_43.json,9(b)(ii),transformations,high,607,s,May/Jun,2016,4,calculator,3,Draw the image of triangle B after a reflection in the x-axis. Label this image C.,1
0607_s16_qp_43.json,9(b)(iii),transformations,high,607,s,May/Jun,2016,4,calculator,3,Describe fully the single transformation that maps triangle C onto triangle A.,3
0607_s16_qp_43.json,10(a)(i),statistics,high,607,s,May/Jun,2016,4,calculator,3,A company is testing a new drug. Ten patients were examined and given a score before and after taking the drug. A decrease in score represents an improvement. Complete the scatter diagram. The first four points have been plotted for you.,3
0607_s16_qp_43.json,10(a)(ii),statistics,high,607,s,May/Jun,2016,4,calculator,3,What type of correlation is shown by the scatter diagram?,1
0607_s16_qp_43.json,10(b)(i),statistics,high,607,s,May/Jun,2016,4,calculator,3,"Find the mean score before taking the drug,",1
0607_s16_qp_43.json,10(b)(ii),statistics,high,607,s,May/Jun,2016,4,calculator,3,Find the mean score after taking the drug.,1
0607_s16_qp_43.json,10(c)(i),straight lines,high,607,s,May/Jun,2016,4,calculator,3,Find the equation of the regression line for y in terms of x.,2
0607_s16_qp_43.json,10(c)(ii),straight lines,high,607,s,May/Jun,2016,4,calculator,3,Estimate the score after taking the drug when the score before taking the drug was 30.,1
0607_s16_qp_43.json,10(c)(iii),statistics,high,607,s,May/Jun,2016,4,calculator,3,A patient has a score before taking the drug of 80. Explain why using the line of regression is unlikely to be reliable in predicting the score of the patient after taking the drug.,1
0607_s16_qp_43.json,11(a),functions,high,607,s,May/Jun,2016,4,calculator,3,"f(x) = 3 + 1 / (x^2 - 4x + 3). On the diagram, sketch the graph of y = f(x) between x = -1 and x = 5.",4
0607_s16_qp_43.json,11(b),functions,high,607,s,May/Jun,2016,4,calculator,3,Write down the equations of the three asymptotes.,3
0607_s16_qp_43.json,11(c),functions,high,607,s,May/Jun,2016,4,calculator,3,Write down the co-ordinates of the local maximum point.,1
0607_s16_qp_43.json,11(d),functions,high,607,s,May/Jun,2016,4,calculator,3,The line y = x intersects the curve y = 3 + 1 / (x^2 - 4x + 3) three times. Find the values of the x co-ordinates of these three points of intersection.,3
0607_s16_qp_43.json,12(a),circle theorems,high,607,s,May/Jun,2016,4,calculator,3,"A, B, C and D lie on a circle. ADE and BCE are straight lines that intersect at E. BD = DE, angle BAD = 4x, angle BCD = 6x and angle BDC = 3x. Find x,",2
0607_s16_qp_43.json,12(b),circle theorems,high,607,s,May/Jun,2016,4,calculator,3,"Find angle CBD,",2
0607_s16_qp_43.json,12(c),circle theorems,high,607,s,May/Jun,2016,4,calculator,3,Find angle CDE.,3
0607_s16_qp_43.json,13(a)(i),mensuration,high,607,s,May/Jun,2016,4,calculator,3,"Diagram 1 is a sector of a circle, radius 3 cm and sector angle 60°. Diagram 2 has a right-angled triangle, with an angle of 60°, drawn on a radius of this sector. Diagram 3 has a sector of a circle, with a sector angle 60°, drawn on the hypotenuse of the right-angled triangle. Calculate the area of Diagram 1,",2
0607_s16_qp_43.json,13(a)(ii),mensuration,high,607,s,May/Jun,2016,4,calculator,3,"Calculate the area of Diagram 2,",3
0607_s16_qp_43.json,13(a)(iii),mensuration,high,607,s,May/Jun,2016,4,calculator,3,Calculate the area of Diagram 3.,3
0607_s16_qp_43.json,13(b),sequences,high,607,s,May/Jun,2016,4,calculator,3,"Diagram 1, Diagram 2 and Diagram 3 are the first three diagrams in a pattern. There are 6 diagrams in the pattern. Diagram 4 has a right-angled triangle added to Diagram 3 in the same way as Diagram 2. Diagram 5 has a sector added to Diagram 4 in the same way as Diagram 3. Diagram 6 has a right-angled triangle added to Diagram 5 in the same way as Diagram 2. Find the area of Diagram 6.",4
0607_s16_qp_43.json,14(a)(i),probability,high,607,s,May/Jun,2016,4,calculator,3,"In this question, give all your answers as single fractions in terms of x and y. A bag contains x red balls and y blue balls. Rosario chooses a ball at random from the bag, notes its colour and replaces it in the bag. He then chooses a ball from the bag a second time, notes its colour and replaces it in the bag. Find the probability, in terms of x and y, that the two balls chosen are both red,",2
0607_s16_qp_43.json,14(a)(ii),probability,high,607,s,May/Jun,2016,4,calculator,3,"Find the probability, in terms of x and y, that the two balls chosen are one red and one blue.",3
0607_s16_qp_43.json,14(b)(i),probability,high,607,s,May/Jun,2016,4,calculator,3,"Magda chooses a ball at random from the bag and does not replace it. She then chooses a ball from the bag a second time. Find the probability, in terms of x and y, that the two balls chosen are both red,",3
0607_s16_qp_43.json,14(b)(ii),probability,high,607,s,May/Jun,2016,4,calculator,3,"Find the probability, in terms of x and y, that the two balls chosen are one red and one blue.",3
0607_s17_qp_21.json,1,topics in arithmetic,high,607,s,May/Jun,2017,2,non_calculator,1,Work out. (0.6)^2,1
0607_s17_qp_21.json,2(a),topics in arithmetic,high,607,s,May/Jun,2017,2,non_calculator,1,Write the fraction 16/60 in its lowest terms.,1
0607_s17_qp_21.json,2(b),topics in arithmetic,high,607,s,May/Jun,2017,2,non_calculator,1,Work out. 4/11 + 5/11,1
0607_s17_qp_21.json,3,expanding and factorising,high,607,s,May/Jun,2017,2,non_calculator,1,Expand. x(x^3 - 4x),2
0607_s17_qp_21.json,4,mensuration,high,607,s,May/Jun,2017,2,non_calculator,1,Change 430 cm^2 into m^2.,1
0607_s17_qp_21.json,5,exponents and surds,high,607,s,May/Jun,2017,2,non_calculator,1,Write down the value of 16^0.,1
0607_s17_qp_21.json,6,topics in arithmetic,high,607,s,May/Jun,2017,2,non_calculator,1,Find the lowest common multiple (LCM) of 20 and 24.,2
0607_s17_qp_21.json,7,functions,high,607,s,May/Jun,2017,2,non_calculator,1,"f(x) = x^3 - 2
Find the value of x when f(x) = 25.",2
0607_s17_qp_21.json,8,angles,high,607,s,May/Jun,2017,2,non_calculator,1,Find the value of x.,3
0607_s17_qp_21.json,9,simultaneous equations,high,607,s,May/Jun,2017,2,non_calculator,1,"Solve the simultaneous equations.
4x + 3y = 0
2x - y = 5",3
0607_s17_qp_21.json,10,vectors,high,607,s,May/Jun,2017,2,non_calculator,1,"p = (6 \ 3)
Find |p|, giving your answer in the form 3\sqrt{a}.",2
0607_s17_qp_21.json,11,straight lines,high,607,s,May/Jun,2017,2,non_calculator,1,"A is the point (3, 11) and B is the point (7, 3).
Find the equation of the line AB, giving your answer in the form y = mx + c.",3
0607_s17_qp_21.json,12,solving quadratic equations,high,607,s,May/Jun,2017,2,non_calculator,1,"Solve.
2x^2 - 5x - 7 = 0",3
0607_s17_qp_21.json,13,exponents and surds,high,607,s,May/Jun,2017,2,non_calculator,1,"By rationalising the denominator, simplify
12 / (\sqrt{6} - 2)",3
0607_s17_qp_21.json,14,probability,high,607,s,May/Jun,2017,2,non_calculator,1,"A bag has 3 blue balls and 7 green balls only.
One ball is chosen at random and not replaced.
A second ball is then chosen at random.
Find the probability that both balls chosen are the same colour.
Give your answer in its simplest form.",4
0607_s17_qp_21.json,15,expanding and factorising,high,607,s,May/Jun,2017,2,non_calculator,1,"Expand the brackets and simplify.
(4x - 3y)(2x - 5y)",3
0607_s17_qp_21.json,16,logarithms,high,607,s,May/Jun,2017,2,non_calculator,1,"Simplify.
2 log 3 - 3 log 2 + 2 log(2/3)",3
0607_s17_qp_21.json,17,trigonometry,high,607,s,May/Jun,2017,2,non_calculator,1,"Write the list of numbers in order, starting with the smallest.
sin 60°, cos 60°, tan 60°, \sqrt{2}",2
0607_s17_qp_22.json,1(a),topics in arithmetic,high,607,s,May/Jun,2017,2,non_calculator,2,Write 5.30987 correct to 3 decimal places.,1
0607_s17_qp_22.json,1(b),topics in arithmetic,high,607,s,May/Jun,2017,2,non_calculator,2,Write 0.0036489 correct to 3 significant figures.,1
0607_s17_qp_22.json,2(a),statistics,high,607,s,May/Jun,2017,2,non_calculator,2,Construct an ordered stem and leaf diagram to show these scores and complete the key.,3
0607_s17_qp_22.json,2(b),statistics,high,607,s,May/Jun,2017,2,non_calculator,2,Find the median score.,1
0607_s17_qp_22.json,3,expanding and factorising,high,607,s,May/Jun,2017,2,non_calculator,2,Factorise completely. 6x^2 - 2x,2
0607_s17_qp_22.json,4,transformations,high,607,s,May/Jun,2017,2,non_calculator,2,Complete this statement for the parallelogram shown. This shape has ................. lines of symmetry and rotational symmetry of order ................. .,2
0607_s17_qp_22.json,5,expanding and factorising,high,607,s,May/Jun,2017,2,non_calculator,2,Simplify 4(2x - 1) - 3(x - 2).,2
0607_s17_qp_22.json,6,mensuration,high,607,s,May/Jun,2017,2,non_calculator,2,"AD is an arc of a circle, centre C, and BCD is a straight line. BC = 9 cm, CD = 6 cm and angle ACD = 90°. Find the total area of the shape ABCD. Give your answer in terms of ́̀͡΄̡̢̳̲̠̫̬̭̮̯̰̱̺̻̼̑̄̒̅̿̽̾͏͙͚͛ͣͤͥͦͧͨͩͪͫͬͭͮͯ͜͟͢͝͞͠ͰͱͲͳʹ͵Ͷͷ͸͹ͺͻͼͽ;Ϳ΀΁΂΃΅ΆΈΉΊ΋Ό΍ΎΏΐΑΒΓΔΕΖΗΘΙΚΛΜΝΞΟΠΡ΢ΣΤΥΦΧΨΩΪΫάέήίΰαβγδεζηθικλμνξοπρςστυφχψωϊϋόύώϏϐϑϒϓϔϕϖϗϘϙϚϛϜϝϞϟϠϡϢϣϤϥϦϧϨϩϪϫϬϭϮϯϰϱϲϳϴϵ϶ϷϸϹϺϻϼϽϾϿЀЁЂЃЄЅІЇЈЉЊЋЌЍЎЏАБВГДЕЖЗИЙКЛМНОПРСТУФХЦЧШЩЪЫЬЭЮЯабвгдежзийклмнопрстуфхцчшщъыьэюяѐёђѓєѕіїјљњћќѝўџѠѡѢѣѤѥѦѧѨѩѪѫѬѭѮѯѰѱѲѳѴѵѶѷѸѹѺѻѼѽѾѿҀҁ҂҃҄҅҆҇҈҉ҊҋҌҍҎҏҐґҒғҔҕҖҗҘҙҚқҜҝҞҟҠҡҢңҤҥҦҧҨҩҪҫҬҭҮүҰұҲҳҴҵҶҷҸҹҺһҼҽҾҿӀӁӂӃӄӅӆӇӈӉӊӋӌӍӎӏӐӑӒӓӔӕӖӗӘәӚӛӜӝӞӟӠӡӢӣӤӥӦӧӨөӪӫӬӭӮӯӰӱӲӳӴӵӶӷӸӹӺӻӼӽӾӿԀԁԂԃԄԅԆԇԈԉԊԋԌԍԎԏԐԑԒԓԔԕԖԗԘԙԚԛԜԝԞԟԠԡԢԣԤԥԦԧԨԩԪԫԬԭԮԯ԰ԱԲԳԴԵԶԷԸԹԺԻԼԽԾԿՀՁՂՃՄՅՆՇՈՉՊՋՌՍՎՏՐՑՒՓՔՕՖ՗՘ՙ՚՛՜՝՞՟ՠաբգդեզէըթժիլխծկհձղճմյնշոչպջռսվտրցւփքօֆևֈ։֊֋֌֍֎֏֐ְֱֲֳִֵֶַָֹֺֻּֽ֑֖֛֢֣֤֥֦֧֪֚֭֮֒֓֔֕֗֘֙֜֝֞֟֠֡֨֩֫֬֯־ֿ׀ׁׂ׃ׅׄ׆ׇ׈׉׊׋׌׍׎׏אבגדהוזחטיךכלםמןנסעףפץצקרשת׫׬׭׮ׯװױײ׳״׵׶׷׸׹׺׻׼׽׾׿ π.",3
0607_s17_qp_22.json,7(a),inequalities,high,607,s,May/Jun,2017,2,non_calculator,2,Solve the inequality 3x + 2 ≥ 5x - 6.,2
0607_s17_qp_22.json,7(b),inequalities,high,607,s,May/Jun,2017,2,non_calculator,2,Show your solution to part (a) on this number line.,1
0607_s17_qp_22.json,8(a),similarity,high,607,s,May/Jun,2017,2,non_calculator,2,Complete the following statement. Triangle ACB is similar to triangle ................................... .,1
0607_s17_qp_22.json,8(b),similarity,high,607,s,May/Jun,2017,2,non_calculator,2,BC = 6 cm and CD = 4 cm. Calculate the length AC.,2
0607_s17_qp_22.json,9(a),sets and Venn diagrams,high,607,s,May/Jun,2017,2,non_calculator,2,"In each diagram, shade the region indicated. (A ∩ B') and ((A ∪ C) ∩ B')",2
0607_s17_qp_22.json,9(b),sets and Venn diagrams,high,607,s,May/Jun,2017,2,non_calculator,2,Use set notation to describe the shaded region.,1
0607_s17_qp_22.json,10,expanding and factorising,high,607,s,May/Jun,2017,2,non_calculator,2,Expand the brackets and simplify. (2x - 3y)(3x - 4y),3
0607_s17_qp_22.json,11,functions,high,607,s,May/Jun,2017,2,non_calculator,2,Sketch the graph of y = |x + 2|.,3
0607_s17_qp_22.json,12(a),angles,high,607,s,May/Jun,2017,2,non_calculator,2,"Find angle CBD,",1
0607_s17_qp_22.json,12(b),angles,high,607,s,May/Jun,2017,2,non_calculator,2,Find angle CDE.,1
0607_s17_qp_22.json,13,exponents and surds,high,607,s,May/Jun,2017,2,non_calculator,2,"p = 5 + 2√3, q = 5 - 2√3. Find p^2 - q^2, writing your answer in its simplest form.",3
0607_s17_qp_22.json,14,logarithms,high,607,s,May/Jun,2017,2,non_calculator,2,Find the value of x when 5 log 2 - log 8 = log x.,2
0607_s17_qp_22.json,15,solving quadratic equations,high,607,s,May/Jun,2017,2,non_calculator,2,"The equation of this curve is y = ax^2 + bx + c. Find the values of a, b and c.",3
0607_s17_qp_23.json,1,topics in arithmetic,high,607,s,May/Jun,2017,2,non_calculator,3,Work out \sqrt{2\frac{1}{4}}.,2
0607_s17_qp_23.json,2,topics in arithmetic,high,607,s,May/Jun,2017,2,non_calculator,3,Change \frac{7}{25} to a percentage.,1
0607_s17_qp_23.json,3,solving linear equations,high,607,s,May/Jun,2017,2,non_calculator,3,"|x| = 5
Write down the two possible values of x.",1
0607_s17_qp_23.json,4(a),sequences,high,607,s,May/Jun,2017,2,non_calculator,3,"These are the first four terms of a sequence.
15  11  7  3
Find the next term,",1
0607_s17_qp_23.json,4(b),sequences,high,607,s,May/Jun,2017,2,non_calculator,3,"These are the first four terms of a sequence.
15  11  7  3
Find the nth term.",2
0607_s17_qp_23.json,5,expanding and factorising,high,607,s,May/Jun,2017,2,non_calculator,3,"Expand.
x^3(x^2 + 3)",2
0607_s17_qp_23.json,6,topics in arithmetic,high,607,s,May/Jun,2017,2,non_calculator,3,"Work out \frac{4 \times 10^7}{8 \times 10^{22}}.
Give your answer in standard form.",2
0607_s17_qp_23.json,7,solving linear equations,high,607,s,May/Jun,2017,2,non_calculator,3,"v = u + at
Rearrange the formula to write t in terms of a, u and v.",2
0607_s17_qp_23.json,8(a),exponents and surds,high,607,s,May/Jun,2017,2,non_calculator,3,"Simplify.
8y^8 \div 2y^2",2
0607_s17_qp_23.json,8(b),exponents and surds,high,607,s,May/Jun,2017,2,non_calculator,3,"Simplify.
(2w^2)^5",2
0607_s17_qp_23.json,9,circle theorems,high,607,s,May/Jun,2017,2,non_calculator,3,"A, B, C, D and E lie on the circle.
Angle BCE = 75°.
Find the value of p and the value of q.",2
0607_s17_qp_23.json,10,simultaneous equations,high,607,s,May/Jun,2017,2,non_calculator,3,"y = x + 1 and y = 2 - x
Find the value of x.",2
0607_s17_qp_23.json,11,functions,high,607,s,May/Jun,2017,2,non_calculator,3,"Each diagram shows the graph of y = f(x).
On each diagram, sketch the function indicated.
(y = f(x) - 2 and y = -f(x))",2
0607_s17_qp_23.json,12,exponents and surds,high,607,s,May/Jun,2017,2,non_calculator,3,Find the value of 16^{\frac{3}{4}}.,1
0607_s17_qp_23.json,13(a),exponents and surds,high,607,s,May/Jun,2017,2,non_calculator,3,"Simplify.
(4 - \sqrt{3})(4 + \sqrt{3})",2
0607_s17_qp_23.json,13(b),exponents and surds,high,607,s,May/Jun,2017,2,non_calculator,3,"Rationalise the denominator.
\frac{5}{\sqrt{7}}",1
0607_s17_qp_23.json,14(a),expanding and factorising,high,607,s,May/Jun,2017,2,non_calculator,3,"Factorise.
p^2 - p - 30",2
0607_s17_qp_23.json,14(b),expanding and factorising,high,607,s,May/Jun,2017,2,non_calculator,3,"Factorise.
x(u - v) - y(v - u)",2
0607_s17_qp_23.json,15,variation and proportion,high,607,s,May/Jun,2017,2,non_calculator,3,"y \propto \frac{1}{x^3}
When x = 2, y = 2.
Find y when x = 10.",3
0607_s17_qp_23.json,16,functions,high,607,s,May/Jun,2017,2,non_calculator,3,"f(x) = 6cos(6x)
Find the amplitude and the period of f(x).",2
0607_s17_qp_23.json,17,trigonometry,high,607,s,May/Jun,2017,2,non_calculator,3,Find AB.,3
0607_s17_qp_23.json,18,logarithms,high,607,s,May/Jun,2017,2,non_calculator,3,"f(x) = 10^x
Find f^{-1}(x).",1
0607_s17_qp_41.json,1(a)(i),sequences,high,607,s,May/Jun,2017,4,calculator,1,"Find the next term and the nth term in each of the following sequences: 4, 8, 12, 16, 20, ...",2
0607_s17_qp_41.json,1(a)(ii),sequences,high,607,s,May/Jun,2017,4,calculator,1,"Find the next term and the nth term in each of the following sequences: -1, -3, -5, -7, -9, ...",3
0607_s17_qp_41.json,1(a)(iii),sequences,high,607,s,May/Jun,2017,4,calculator,1,"Find the next term and the nth term in each of the following sequences: 3, 12, 27, 48, 75, ...",3
0607_s17_qp_41.json,1(a)(iv),sequences,high,607,s,May/Jun,2017,4,calculator,1,"Find the next term and the nth term in each of the following sequences: 1, 8, 27, 64, 125, ...",2
0607_s17_qp_41.json,1(b),sequences,high,607,s,May/Jun,2017,4,calculator,1,"Use your answers to part (a), to find the next term and the nth term in the following sequence: 7, 25, 61, 121, 211, ...",3
0607_s17_qp_41.json,2(a),statistics,high,607,s,May/Jun,2017,4,calculator,1,Calculate an estimate of the mean height of the plants.,2
0607_s17_qp_41.json,2(b)(i),statistics,high,607,s,May/Jun,2017,4,calculator,1,Complete the cumulative frequency table for the plants.,1
0607_s17_qp_41.json,2(b)(ii),statistics,high,607,s,May/Jun,2017,4,calculator,1,"On the grid below, draw the cumulative frequency curve.",3
0607_s17_qp_41.json,2(c)(i),statistics,high,607,s,May/Jun,2017,4,calculator,1,"Use your graph in part (b)(ii) to find estimates for the median height,",1
0607_s17_qp_41.json,2(c)(ii),statistics,high,607,s,May/Jun,2017,4,calculator,1,"Use your graph in part (b)(ii) to find estimates for the interquartile range,",2
0607_s17_qp_41.json,2(c)(iii),statistics,high,607,s,May/Jun,2017,4,calculator,1,Use your graph in part (b)(ii) to find estimates for the range of heights of plants that are between the 45th and the 55th percentile.,3
0607_s17_qp_41.json,3(a),trigonometry,high,607,s,May/Jun,2017,4,calculator,1,Find AC.,3
0607_s17_qp_41.json,3(b),trigonometry,high,607,s,May/Jun,2017,4,calculator,1,Find BC.,3
0607_s17_qp_41.json,3(c),trigonometry,high,607,s,May/Jun,2017,4,calculator,1,Find CD.,3
0607_s17_qp_41.json,3(d),mensuration,high,607,s,May/Jun,2017,4,calculator,1,Find the area of triangle ACD.,2
0607_s17_qp_41.json,4(a),transformations,high,607,s,May/Jun,2017,4,calculator,1,"Translate triangle A with vector (0, -4). Label the image B.",2
0607_s17_qp_41.json,4(b),transformations,high,607,s,May/Jun,2017,4,calculator,1,"Rotate triangle A through 90° anticlockwise about (0, 0). Label the image C.",2
0607_s17_qp_41.json,4(c),transformations,high,607,s,May/Jun,2017,4,calculator,1,Describe fully the single transformation that maps triangle C onto triangle A.,2
0607_s17_qp_41.json,4(d),transformations,high,607,s,May/Jun,2017,4,calculator,1,Reflect triangle A in the line y = -x. Label the image D.,3
0607_s17_qp_41.json,4(e),transformations,high,607,s,May/Jun,2017,4,calculator,1,Describe fully the single transformation that maps triangle C onto triangle D.,2
0607_s17_qp_41.json,5(a),circle theorems,high,607,s,May/Jun,2017,4,calculator,1,Complete the statement. Angle OAP = 90° because ...,1
0607_s17_qp_41.json,5(b)(i),circle theorems,high,607,s,May/Jun,2017,4,calculator,1,"Find the value of angle AOB,",2
0607_s17_qp_41.json,5(b)(ii),circle theorems,high,607,s,May/Jun,2017,4,calculator,1,"Find the value of angle OAB,",2
0607_s17_qp_41.json,5(b)(iii),circle theorems,high,607,s,May/Jun,2017,4,calculator,1,"Find the value of angle ACB,",2
0607_s17_qp_41.json,5(b)(iv),circle theorems,high,607,s,May/Jun,2017,4,calculator,1,Find the value of angle ADB.,2
0607_s17_qp_41.json,5(c),circle theorems,high,607,s,May/Jun,2017,4,calculator,1,OB bisects angle ABC. Find angle OAC.,3
0607_s17_qp_41.json,6(a),variation and proportion,high,607,s,May/Jun,2017,4,calculator,1,Find the value of y when x = 4.,3
0607_s17_qp_41.json,6(b),variation and proportion,high,607,s,May/Jun,2017,4,calculator,1,Find the value of x when y = 512.,2
0607_s17_qp_41.json,6(c),variation and proportion,high,607,s,May/Jun,2017,4,calculator,1,Find x in terms of y.,3
0607_s17_qp_41.json,7(a),functions,high,607,s,May/Jun,2017,4,calculator,1,"On the diagram, sketch the graph of y = f(x), for values of x between -4 and 4.",4
0607_s17_qp_41.json,7(b),functions,high,607,s,May/Jun,2017,4,calculator,1,Solve f(x) = 7.,2
0607_s17_qp_41.json,7(c),functions,high,607,s,May/Jun,2017,4,calculator,1,The equation |9 - x^2| = k has two solutions. Find the range of values of k.,2
0607_s17_qp_41.json,8(a),sets and Venn diagrams,high,607,s,May/Jun,2017,4,calculator,1,Complete the Venn diagram.,3
0607_s17_qp_41.json,8(b)(i),sets and Venn diagrams,high,607,s,May/Jun,2017,4,calculator,1,"Find n(M ∩ (E' ∩ T')),",1
0607_s17_qp_41.json,8(b)(ii),sets and Venn diagrams,high,607,s,May/Jun,2017,4,calculator,1,Find n(M ∩ T').,1
0607_s17_qp_41.json,8(c),probability,high,607,s,May/Jun,2017,4,calculator,1,One of these students is chosen at random. Find the probability that this student studies English and mathematics but not technology.,2
0607_s17_qp_41.json,8(d),probability,high,607,s,May/Jun,2017,4,calculator,1,Two of the 56 students are chosen at random. Find the probability that they both study technology.,2
0607_s17_qp_41.json,8(e),probability,high,607,s,May/Jun,2017,4,calculator,1,A student who studies mathematics is chosen at random. Find the probability that this student also studies technology but not English.,2
0607_s17_qp_41.json,8(f),probability,high,607,s,May/Jun,2017,4,calculator,1,Two students who study English are chosen at random. Find the probability that they both study mathematics but not technology.,3
0607_s17_qp_41.json,9(a),trigonometry,high,607,s,May/Jun,2017,4,calculator,1,Use the cosine rule to find angle ABC.,3
0607_s17_qp_41.json,9(b),trigonometry,high,607,s,May/Jun,2017,4,calculator,1,Use the sine rule to find angle BAC.,3
0607_s17_qp_41.json,10(a),functions,high,607,s,May/Jun,2017,4,calculator,1,"On the diagram, sketch the graph of y = f(x).",3
0607_s17_qp_41.json,10(b),functions,high,607,s,May/Jun,2017,4,calculator,1,"On the same diagram, sketch the graph of y = g(x).",2
0607_s17_qp_41.json,10(c),functions,high,607,s,May/Jun,2017,4,calculator,1,Solve the equation: 2 sin x + cos x = 2 - log x,3
0607_s17_qp_41.json,11(a)(i),topics in arithmetic,high,607,s,May/Jun,2017,4,calculator,1,Write down the distance from Agrigento to Messina.,1
0607_s17_qp_41.json,11(a)(ii),topics in arithmetic,high,607,s,May/Jun,2017,4,calculator,1,Find the time taken for Vito to drive from Agrigento to Messina.,2
0607_s17_qp_41.json,11(b),topics in arithmetic,high,607,s,May/Jun,2017,4,calculator,1,"On another day, Vito drives from Agrigento to Trapani. He arrives at Trapani at 1042. At what time did he leave Agrigento?",3
0607_s17_qp_41.json,11(c),topics in arithmetic,high,607,s,May/Jun,2017,4,calculator,1,One day Vito drives from Catania to Palermo. Vito's car uses fuel at the rate of 12.5 km/litre. The cost of fuel is 1.432 euros per litre. Find the cost of this journey.,3
0607_s17_qp_41.json,11(d)(i),solving quadratic equations,high,607,s,May/Jun,2017,4,calculator,1,The time for Vito to drive from Catania to Trapani is 1.5 hours longer than the time for Vito to drive from Palermo to Trapani. Show that x^2 - 75x + 1400 = 0.,5
0607_s17_qp_41.json,11(d)(ii),solving quadratic equations,high,607,s,May/Jun,2017,4,calculator,1,Find the two possible average speeds that Vito drives from Catania to Trapani.,3
0607_s17_qp_42.json,1(a),topics in arithmetic,high,607,s,May/Jun,2017,4,calculator,2,"In 2016, Carla’s salary was $23 970 per year.
From her salary she pays tax at a rate of 20%.
She is paid monthly in equal amounts.
Calculate the amount Carla receives each month after tax has been paid.",3
0607_s17_qp_42.json,1(b)(i),topics in arithmetic,high,607,s,May/Jun,2017,4,calculator,2,"Carla’s salary of $23 970 was 2% more than her salary in 2015.
Calculate her yearly salary in 2015.",3
0607_s17_qp_42.json,1(b)(ii),sequences,high,607,s,May/Jun,2017,4,calculator,2,"From 2016, Carla’s employer agrees to pay her an increase of 3% each year.
Calculate the year in which her salary is first greater than $30 000.",3
0607_s17_qp_42.json,2(a)(i),transformations,high,607,s,May/Jun,2017,4,calculator,2,"Reflection in the line y = x maps triangle A onto triangle B.
Describe fully the single transformation that maps triangle B onto triangle A.",1
0607_s17_qp_42.json,2(a)(ii),transformations,high,607,s,May/Jun,2017,4,calculator,2,"Enlargement, with centre (2, 1) and scale factor 4, maps triangle C onto triangle D.
Describe fully the single transformation that maps triangle D onto triangle C.",2
0607_s17_qp_42.json,2(a)(iii),transformations,high,607,s,May/Jun,2017,4,calculator,2,"Translation by the vector \begin{pmatrix} -3 \\ 5 \end{pmatrix} maps triangle E onto triangle F.
Describe fully the single transformation that maps triangle F onto triangle E.",2
0607_s17_qp_42.json,2(b)(i),transformations,high,607,s,May/Jun,2017,4,calculator,2,"Rotate triangle P through 90° anticlockwise about (0, 0).
Label the image Q.",2
0607_s17_qp_42.json,2(b)(ii),transformations,high,607,s,May/Jun,2017,4,calculator,2,"Stretch triangle P with stretch factor 2 and the y-axis invariant.
Label the image R.",2
0607_s17_qp_42.json,3(a),statistics,high,607,s,May/Jun,2017,4,calculator,2,"Two judges each give a mark out of ten for each dancer in a competition.
Their marks for ten dancers are shown in the table.

Mark from judge A (x): 4.0, 4.6, 5.2, 6.2, 8.8, 6.8, 7.0, 7.4, 8.0, 8.6
Mark from judge B (y): 3.8, 4.0, 4.4, 5.0, 7.6, 5.2, 5.6, 6.8, 6.6, 7.0

Complete the scatter diagram.
The first four points have been plotted for you.",3
0607_s17_qp_42.json,3(b),statistics,high,607,s,May/Jun,2017,4,calculator,2,What type of correlation is shown on your scatter diagram?,1
0607_s17_qp_42.json,3(c)(i),statistics,high,607,s,May/Jun,2017,4,calculator,2,"Find the equation of the regression line, in the form y = mx + c.",2
0607_s17_qp_42.json,3(c)(ii),statistics,high,607,s,May/Jun,2017,4,calculator,2,"Judge A gives another dancer a mark of 6.4 .
Use your equation to estimate the mark judge B gives this dancer.",1
0607_s17_qp_42.json,4(a)(i),vectors,high,607,s,May/Jun,2017,4,calculator,2,"p = \begin{pmatrix} -3 \\ 2 \end{pmatrix} and q = \begin{pmatrix} 4 \\ 3 \end{pmatrix}

Find the column vector \frac{1}{2}p.",1
0607_s17_qp_42.json,4(a)(ii),vectors,high,607,s,May/Jun,2017,4,calculator,2,Find the column vector q - 2p.,2
0607_s17_qp_42.json,4(a)(iii),vectors,high,607,s,May/Jun,2017,4,calculator,2,"Find |p|, leaving your answer in surd form.",2
0607_s17_qp_42.json,4(b),vectors,high,607,s,May/Jun,2017,4,calculator,2,"\vec{AB} = p + q
Mark and label point B on the grid.",2
0607_s17_qp_42.json,5(a),topics in arithmetic,high,607,s,May/Jun,2017,4,calculator,2,"Nitini flies from New Delhi to Singapore for a holiday.
Nitini changes 119 050 Indian rupees (INR) to Singapore dollars (SGD).
The exchange rate is 1 SGD = 47.62 INR.
Find how many Singapore dollars he receives.",2
0607_s17_qp_42.json,5(b)(i),topics in arithmetic,high,607,s,May/Jun,2017,4,calculator,2,"The flight from New Delhi to Singapore takes 5 hours and 45 minutes.
The distance of the flight is 4150 km.
The time in New Delhi when the flight leaves is 21 55.
The time in Singapore is 2\frac{1}{2} hours ahead of the time in New Delhi.
Find the time in Singapore when the flight arrives.",2
0607_s17_qp_42.json,5(b)(ii),variation and proportion,high,607,s,May/Jun,2017,4,calculator,2,Find the average speed of the aircraft.,3
0607_s17_qp_42.json,5(b)(iii),variation and proportion,high,607,s,May/Jun,2017,4,calculator,2,"On the return flight the average speed is 750 km/h.
Find the time of this flight in hours and minutes.",3
0607_s17_qp_42.json,6(a)(i),variation and proportion,high,607,s,May/Jun,2017,4,calculator,2,"x is proportional to v.
Write down an expression for x in terms of v and a constant c.",1
0607_s17_qp_42.json,6(a)(ii),variation and proportion,high,607,s,May/Jun,2017,4,calculator,2,"y is proportional to v^2.
Write down an expression for y in terms of v and a constant k.",1
0607_s17_qp_42.json,6(a)(iii),variation and proportion,high,607,s,May/Jun,2017,4,calculator,2,"d = x + y
Write down an expression for d in terms of v, c and k.",1
0607_s17_qp_42.json,6(b)(i),variation and proportion,high,607,s,May/Jun,2017,4,calculator,2,"The table shows two values of v and the corresponding values of d.
v = 12, d = 750
v = 20, d = 2050
Using your answer to part (a)(iii), show that 125 = 2c + 24k.",1
0607_s17_qp_42.json,6(b)(ii),variation and proportion,high,607,s,May/Jun,2017,4,calculator,2,Write down a second equation connecting c and k.,1
0607_s17_qp_42.json,6(c),simultaneous equations,high,607,s,May/Jun,2017,4,calculator,2,Solve the simultaneous equations in part (b) to find the value of c and the value of k.,3
0607_s17_qp_42.json,6(d),variation and proportion,high,607,s,May/Jun,2017,4,calculator,2,Find the value of d when v = 40.,2
0607_s17_qp_42.json,7(a),trigonometry,high,607,s,May/Jun,2017,4,calculator,2,"A ship sails 65 km on a bearing of 310° from A to B.
It then changes course and sails 40 km on a bearing of 250° from B to C.
The ship then returns to A.
On the diagram, sketch the path of the ship from A.
On your diagram show the bearings and distances.",3
0607_s17_qp_42.json,7(b),trigonometry,high,607,s,May/Jun,2017,4,calculator,2,Find angle ABC.,1
0607_s17_qp_42.json,7(c),trigonometry,high,607,s,May/Jun,2017,4,calculator,2,"Calculate AC and show that it rounds to 91.8 km, correct to the nearest tenth of a kilometre.",3
0607_s17_qp_42.json,7(d),trigonometry,high,607,s,May/Jun,2017,4,calculator,2,Find the bearing of C from A.,4
0607_s17_qp_42.json,8(a),functions,high,607,s,May/Jun,2017,4,calculator,2,"f(x) = 3^{\sin x}
Sketch the graph of y = f(x) for -400° \le x \le 600°.",3
0607_s17_qp_42.json,8(b),functions,high,607,s,May/Jun,2017,4,calculator,2,Find the x co-ordinates of the local maximum points of f(x) for -400° \le x \le 600°.,3
0607_s17_qp_42.json,8(c),functions,high,607,s,May/Jun,2017,4,calculator,2,"The point (30, \sqrt{3}) is on the graph.
The point (a, \sqrt{3}) is also on the graph where 600° < a < 900°.
Find the two possible values of a.",2
0607_s17_qp_42.json,8(d),inequalities,high,607,s,May/Jun,2017,4,calculator,2,"g(x) = 3 - \frac{x}{100}
Solve the inequality g(x) > f(x).",3
0607_s17_qp_42.json,9(a)(i),trigonometry,high,607,s,May/Jun,2017,4,calculator,2,"In the diagram AC = x cm, AB = (x + 2) cm and angle A = 60°.
Find an expression, in terms of x, for the area of triangle ABC.
Give your answer in surd form.",2
0607_s17_qp_42.json,9(a)(ii),solving quadratic equations,high,607,s,May/Jun,2017,4,calculator,2,"The area of triangle ABC = 18\sqrt{3} cm^2.
Show that x^2 + 2x – 72 = 0.",2
0607_s17_qp_42.json,9(b)(i),solving quadratic equations,high,607,s,May/Jun,2017,4,calculator,2,Solve the equation x^2 + 2x – 72 = 0.,2
0607_s17_qp_42.json,9(b)(ii),trigonometry,high,607,s,May/Jun,2017,4,calculator,2,Find the shortest distance between the line AB and the point C.,2
0607_s17_qp_42.json,10(a)(i),straight lines,high,607,s,May/Jun,2017,4,calculator,2,"A is the point (2, 2), B is the point (11, 4) and C is the point (14, 8).
Find the equation, in the form y = mx + c, of the line AC.",3
0607_s17_qp_42.json,10(a)(ii),straight lines,high,607,s,May/Jun,2017,4,calculator,2,"Find the equation, in the form y = mx + c, of the line through B that is perpendicular to AC.",3
0607_s17_qp_42.json,10(b),straight lines,high,607,s,May/Jun,2017,4,calculator,2,"Show that the point (10, 6) is on both the lines you found in part (a).",2
0607_s17_qp_42.json,10(c),straight lines,high,607,s,May/Jun,2017,4,calculator,2,"AC is the perpendicular bisector of BD.
Find the co-ordinates of D.",1
0607_s17_qp_42.json,10(d),mensuration,high,607,s,May/Jun,2017,4,calculator,2,Find the exact area of the quadrilateral ABCD.,4
0607_s17_qp_42.json,11(a),statistics,high,607,s,May/Jun,2017,4,calculator,2,"A farmer sorts the grapefruit he grows into sizes, according to their diameter.
The diameters, d cm, of 170 grapefruit are shown in the table.
Small (9 < d \le 10, frequency 10)
Medium (10 < d \le 12, frequency 50)
Large (12 < d \le 14, frequency 65)
Very Large (14 < d \le 17, frequency 45)

Calculate an estimate of the mean diameter of the grapefruit.",2
0607_s17_qp_42.json,11(b),statistics,high,607,s,May/Jun,2017,4,calculator,2,"On the grid, draw a histogram to represent this information.
Complete the scale on the frequency density axis.",4
0607_s17_qp_42.json,11(c)(i),probability,high,607,s,May/Jun,2017,4,calculator,2,"Two of the 170 grapefruit are chosen at random.
Calculate the probability that they are both Very Large.",2
0607_s17_qp_42.json,11(c)(ii),probability,high,607,s,May/Jun,2017,4,calculator,2,Calculate the probability that one is Small and the other is Medium.,3
0607_s17_qp_42.json,12(a),functions,high,607,s,May/Jun,2017,4,calculator,2,"f(x) = 4x + 2, g(x) = 5 − 2x, h(x) = x^2 − 3
Find g(−3).",1
0607_s17_qp_42.json,12(b),functions,high,607,s,May/Jun,2017,4,calculator,2,Find f(h(2)).,2
0607_s17_qp_42.json,12(c),functions,high,607,s,May/Jun,2017,4,calculator,2,Find x when f(x) = −10.,2
0607_s17_qp_42.json,12(d),functions,high,607,s,May/Jun,2017,4,calculator,2,Write down the range of h(x).,1
0607_s17_qp_42.json,12(e),functions,high,607,s,May/Jun,2017,4,calculator,2,Find f^{-1}(x).,2
0607_s17_qp_42.json,12(f),transformations,high,607,s,May/Jun,2017,4,calculator,2,"k(x) = 10 − 4x
Describe fully the single transformation that maps the graph of y = g(x) onto the graph of y = k(x).",3
0607_s17_qp_42.json,12(g),transformations,high,607,s,May/Jun,2017,4,calculator,2,"The graph of y = h(x) is translated by the vector \begin{pmatrix} 2 \\ 0 \end{pmatrix}.
Find the equation of the graph of the image.
Write your answer in the form y = ax^2 + bx + c.",3
0607_s17_qp_43.json,1(a),transformations,high,607,s,May/Jun,2017,4,calculator,3,Translate triangle T by the vector \begin{pmatrix} -2 \\ 7 \end{pmatrix}.,2
0607_s17_qp_43.json,1(b)(i),transformations,high,607,s,May/Jun,2017,4,calculator,3,Reflect triangle T in the x-axis. Label the image P.,1
0607_s17_qp_43.json,1(b)(ii),transformations,high,607,s,May/Jun,2017,4,calculator,3,Reflect triangle T in the line x = -1. Label the image Q.,1
0607_s17_qp_43.json,1(b)(iii),transformations,high,607,s,May/Jun,2017,4,calculator,3,Describe fully the single transformation that maps triangle P onto triangle Q.,3
0607_s17_qp_43.json,1(c),transformations,high,607,s,May/Jun,2017,4,calculator,3,Describe fully the single transformation that maps triangle T onto triangle U.,3
0607_s17_qp_43.json,2(a)(i),angles,high,607,s,May/Jun,2017,4,calculator,3,"In the diagram, ABC is a triangle and AB is parallel to DE. Angle BCA = 68° and DE = DC. Find angle BAC.",2
0607_s17_qp_43.json,2(a)(ii),angles,high,607,s,May/Jun,2017,4,calculator,3,"scalene   equilateral   isosceles   right-angled
Choose one word from the list to complete the statement.
Triangle ABC is ...................................................",1
0607_s17_qp_43.json,2(b),angles,high,607,s,May/Jun,2017,4,calculator,3,Calculate the interior angle of a regular 20 sided polygon.,3
0607_s17_qp_43.json,2(c)(i),similarity,high,607,s,May/Jun,2017,4,calculator,3,"In the diagram, angle A = angle P and angle B = angle Q. Explain why angle C = angle R.",1
0607_s17_qp_43.json,2(c)(ii)(a),similarity,high,607,s,May/Jun,2017,4,calculator,3,"AB = 8 cm, AC = 5 cm, BC = 9 cm and PR = 3 cm. Complete the statement. Triangle ABC is .................................................... to triangle PQR",1
0607_s17_qp_43.json,2(c)(ii)(b),similarity,high,607,s,May/Jun,2017,4,calculator,3,Calculate QR.,2
0607_s17_qp_43.json,3(a)(i),statistics,high,607,s,May/Jun,2017,4,calculator,3,"12 students take part in a quiz. The table shows the number of correct answers given by each student.
Student: A, B, C, D, E, F, G, H, I, J, K, L
Number of correct answers: 7, 6, 9, 5, 6, 4, 7, 8, 4, 10, 9, 3
Find the median,",1
0607_s17_qp_43.json,3(a)(ii),statistics,high,607,s,May/Jun,2017,4,calculator,3,"Find the lower quartile,",1
0607_s17_qp_43.json,3(a)(iii),statistics,high,607,s,May/Jun,2017,4,calculator,3,Find the number of students with a smaller number of correct answers than the lower quartile.,1
0607_s17_qp_43.json,3(b)(i),statistics,high,607,s,May/Jun,2017,4,calculator,3,"The table shows the average monthly temperature and the average monthly rainfall in Maseru, Lesotho. What type of correlation is there between the monthly temperature and the monthly rainfall?",1
0607_s17_qp_43.json,3(b)(ii),statistics,high,607,s,May/Jun,2017,4,calculator,3,Find the range of these temperatures.,1
0607_s17_qp_43.json,3(b)(iii),statistics,high,607,s,May/Jun,2017,4,calculator,3,Find the mean of these temperatures.,1
0607_s17_qp_43.json,3(b)(iv),straight lines,high,607,s,May/Jun,2017,4,calculator,3,"Find the equation of the line of regression, giving r in terms of t.",2
0607_s17_qp_43.json,3(b)(v),straight lines,high,607,s,May/Jun,2017,4,calculator,3,"On the diagram, sketch the graph of the regression line for 8 \leqslant t \leqslant 21.",2
0607_s17_qp_43.json,4(a)(i),topics in arithmetic,high,607,s,May/Jun,2017,4,calculator,3,"Marie has $260.50 and Luk has $208.40. Find, in its simplest form, the ratio Marie’s money : Luk’s money.",2
0607_s17_qp_43.json,4(a)(ii),topics in arithmetic,high,607,s,May/Jun,2017,4,calculator,3,Marie spends 16% of her money to buy a new coat. Calculate the cost of the coat.,2
0607_s17_qp_43.json,4(a)(iii),topics in arithmetic,high,607,s,May/Jun,2017,4,calculator,3,"In a sale, the prices of all books are reduced by 10%. Luk buys a book for $11.25. Calculate the original price of the book.",3
0607_s17_qp_43.json,4(a)(iv),topics in arithmetic,high,607,s,May/Jun,2017,4,calculator,3,Marie invests $200 at a rate of 2% per year simple interest. Calculate the total value of this investment at the end of 25 years.,3
0607_s17_qp_43.json,4(a)(v),topics in arithmetic,high,607,s,May/Jun,2017,4,calculator,3,Luk invests $190 at a rate of 2% per year compound interest. Calculate the value of this investment at the end of 25 years.,3
0607_s17_qp_43.json,4(b),logarithms,high,607,s,May/Jun,2017,4,calculator,3,Fredrik invests $120 at a rate of 5.7% per year compound interest. Calculate the number of complete years it will take until the value of this investment is first greater than $300.,3
0607_s17_qp_43.json,5(a),mensuration,high,607,s,May/Jun,2017,4,calculator,3,The diagram shows a solid sphere of radius 4 cm inside a hollow cone of radius 8 cm and height 16 cm. The sphere touches the interior of the cone. Calculate the volume of the cone that is not occupied by the sphere.,3
0607_s17_qp_43.json,5(b),mensuration,high,607,s,May/Jun,2017,4,calculator,3,Calculate the curved surface area of the cone.,3
0607_s17_qp_43.json,5(c),mensuration,high,607,s,May/Jun,2017,4,calculator,3,"The centre, O, of the sphere is directly above the vertex, V, of the cone. Calculate the length OV.",4
0607_s17_qp_43.json,6(a),functions,high,607,s,May/Jun,2017,4,calculator,3,"f(x) = x - 5 \log x. On the diagram, sketch the graph of y = f(x) for 0 < x \leqslant 10.",2
0607_s17_qp_43.json,6(b),functions,high,607,s,May/Jun,2017,4,calculator,3,Find the co-ordinates of the local minimum point.,2
0607_s17_qp_43.json,6(c),functions,high,607,s,May/Jun,2017,4,calculator,3,Find the range of f(x) for the domain 1 \leqslant x \leqslant 5.,2
0607_s17_qp_43.json,6(d),functions,high,607,s,May/Jun,2017,4,calculator,3,Solve the equation f(x) = 2.,2
0607_s17_qp_43.json,6(e),inequalities,high,607,s,May/Jun,2017,4,calculator,3,Solve the inequality f(x) < 2.,1
0607_s17_qp_43.json,6(f)(i),functions,high,607,s,May/Jun,2017,4,calculator,3,"Find f(0.001), f(0.00001) and f(0.0000001).",1
0607_s17_qp_43.json,6(f)(ii),functions,high,607,s,May/Jun,2017,4,calculator,3,Complete the statement. The y-axis is ........................................................................ to the graph of y = f(x).,1
0607_s17_qp_43.json,7(a),trigonometry,high,607,s,May/Jun,2017,4,calculator,3,Calculate AB.,3
0607_s17_qp_43.json,7(b),trigonometry,high,607,s,May/Jun,2017,4,calculator,3,Calculate angle BCD.,3
0607_s17_qp_43.json,8(a),functions,high,607,s,May/Jun,2017,4,calculator,3,"f(x) = x^2 + 1, g(x) = 3 + 2x, h(x) = \frac{1}{x+1}, x \neq -1. Find f(-3).",1
0607_s17_qp_43.json,8(b),functions,high,607,s,May/Jun,2017,4,calculator,3,Find the value of g(h(1)).,2
0607_s17_qp_43.json,8(c),expanding and factorising,high,607,s,May/Jun,2017,4,calculator,3,Simplify f(g(x)) + f(x).,3
0607_s17_qp_43.json,8(d),functions,high,607,s,May/Jun,2017,4,calculator,3,Find h^{-1}(x).,3
0607_s17_qp_43.json,8(e)(i),solving linear equations,high,607,s,May/Jun,2017,4,calculator,3,Solve g(x) = 1.,2
0607_s17_qp_43.json,8(e)(ii),functions,high,607,s,May/Jun,2017,4,calculator,3,Solve g^{-1}(x) = 1.,1
0607_s17_qp_43.json,9(a),sets and Venn diagrams,high,607,s,May/Jun,2017,4,calculator,3,"In a survey, 40 students are asked if they like football, F, and if they like baseball, B. 22 like football, 19 like baseball and 6 do not like either football or baseball. Complete the Venn diagram to show this information.",2
0607_s17_qp_43.json,9(b)(i),sets and Venn diagrams,high,607,s,May/Jun,2017,4,calculator,3,"How many of these students like both football and baseball,",1
0607_s17_qp_43.json,9(b)(ii),sets and Venn diagrams,high,607,s,May/Jun,2017,4,calculator,3,either like football or do not like baseball?,1
0607_s17_qp_43.json,9(c),sets and Venn diagrams,high,607,s,May/Jun,2017,4,calculator,3,Find n(F \cap B').,1
0607_s17_qp_43.json,9(d),probability,high,607,s,May/Jun,2017,4,calculator,3,Two of these students are chosen at random. Find the probability that they both like football.,2
0607_s17_qp_43.json,9(e)(i),probability,high,607,s,May/Jun,2017,4,calculator,3,One of the 19 students who like baseball is chosen at random. Find the probability that this student also likes football.,1
0607_s17_qp_43.json,9(e)(ii),probability,high,607,s,May/Jun,2017,4,calculator,3,Two of the 19 students who like baseball are chosen at random. Find the probability that one likes football and one does not like football.,3
0607_s17_qp_43.json,9(f),probability,high,607,s,May/Jun,2017,4,calculator,3,Another n students take part in the survey. They all like both baseball and football. A student is then chosen at random from the (40 + n) students. The probability that a student likes both football and baseball is \frac{5}{16}. Find the value of n.,3
0607_s17_qp_43.json,9(g),sets and Venn diagrams,high,607,s,May/Jun,2017,4,calculator,3,"On the Venn diagram, shade the region F' \cup B'.",1
0607_s17_qp_43.json,10(a)(i),statistics,high,607,s,May/Jun,2017,4,calculator,3,"The time, t hours, taken by each of 200 cars to complete a journey of 200 km is recorded. The results are shown in the table (2.5 < t \leqslant 3: frequency 60; 3 < t \leqslant 3.25: frequency 100; 3.25 < t \leqslant 3.75: frequency 40). Calculate an estimate of the mean.",2
0607_s17_qp_43.json,10(a)(ii),statistics,high,607,s,May/Jun,2017,4,calculator,3,"On the grid, draw the histogram to show the information in the table.",3
0607_s17_qp_43.json,10(b)(i),solving quadratic equations,high,607,s,May/Jun,2017,4,calculator,3,One car completes the 200 km journey at an average speed of x km/h. Another car completes the 200 km journey at an average speed of (x + 10) km/h. The difference between the times taken by the two cars is 20 minutes. Show that x^2 + 10x - 6000 = 0.,4
0607_s17_qp_43.json,10(b)(ii),solving quadratic equations,high,607,s,May/Jun,2017,4,calculator,3,Find the time taken for the slower journey. Give your answer in hours and minutes correct to the nearest minute.,4
0607_s17_qp_43.json,11(a)(i),vectors,high,607,s,May/Jun,2017,4,calculator,3,"In the diagram, \vec{OA} = \mathbf{a} and \vec{OB} = \mathbf{b}. M is the midpoint of AB and N is the midpoint of AM. Find each of these vectors in terms of \mathbf{a} and \mathbf{b}. Give each vector in its simplest form. \vec{AB}",1
0607_s17_qp_43.json,11(a)(ii),vectors,high,607,s,May/Jun,2017,4,calculator,3,\vec{AN},1
0607_s17_qp_43.json,11(a)(iii),vectors,high,607,s,May/Jun,2017,4,calculator,3,\vec{ON},2
0607_s17_qp_43.json,11(b),vectors,high,607,s,May/Jun,2017,4,calculator,3,"O is the point (0, 0). \vec{OA} = \begin{pmatrix} 8 \\ 0 \end{pmatrix} and \vec{OB} = \begin{pmatrix} 2 \\ 6 \end{pmatrix}. Find the co-ordinates of N.",3
0607_s18_qp_21.json,1(a),topics in arithmetic,high,607,s,May/Jun,2018,2,non_calculator,1,Work out 5 - 7 x 2 + 8.,1
0607_s18_qp_21.json,1(b),topics in arithmetic,high,607,s,May/Jun,2018,2,non_calculator,1,Find \u22ef(0.001).,1
0607_s18_qp_21.json,2(a),angles,high,607,s,May/Jun,2018,2,non_calculator,1,"Find, by measuring, the size of this reflex angle.",1
0607_s18_qp_21.json,2(b),angles,high,607,s,May/Jun,2018,2,non_calculator,1,Work out the value of x.,1
0607_s18_qp_21.json,2(c),angles,high,607,s,May/Jun,2018,2,non_calculator,1,Find the size of one exterior angle of a regular 18-sided polygon.,2
0607_s18_qp_21.json,3,simultaneous equations,high,607,s,May/Jun,2018,2,non_calculator,1,Solve these simultaneous equations.\nx - 3y = 7\nx - 2y = 5,2
0607_s18_qp_21.json,4(a),topics in arithmetic,high,607,s,May/Jun,2018,2,non_calculator,1,Write 0.68 as a fraction in its lowest terms.,1
0607_s18_qp_21.json,4(b),topics in arithmetic,high,607,s,May/Jun,2018,2,non_calculator,1,Work out 3/7 \u00f7 8/9.,2
0607_s18_qp_21.json,5,sequences,high,607,s,May/Jun,2018,2,non_calculator,1,"These are the first five terms of a sequence.\n1, 0, 1, 4, 9\nFind the nth term of this sequence.",2
0607_s18_qp_21.json,6(a),expanding and factorising,high,607,s,May/Jun,2018,2,non_calculator,1,Expand and simplify.\n(2p - 7q)(p + q),2
0607_s18_qp_21.json,6(b),expanding and factorising,high,607,s,May/Jun,2018,2,non_calculator,1,Factorise.\n2 - t - 2a + at,2
0607_s18_qp_21.json,7,circle theorems,high,607,s,May/Jun,2018,2,non_calculator,1,O is the centre of the circle.\nFind the value of x and the value of y.,2
0607_s18_qp_21.json,8,variation and proportion,high,607,s,May/Jun,2018,2,non_calculator,1,"y varies inversely as x^2.\nWhen x = 3, y = 4.\nFind y in terms of x.",2
0607_s18_qp_21.json,9(a),exponents and surds,high,607,s,May/Jun,2018,2,non_calculator,1,Find the value of 27^(2/3).,1
0607_s18_qp_21.json,9(b),exponents and surds,high,607,s,May/Jun,2018,2,non_calculator,1,Simplify 18h^(18) \u00f7 3h^3.,2
0607_s18_qp_21.json,10,solving linear equations,high,607,s,May/Jun,2018,2,non_calculator,1,"v^2 = u^2 - 2as\nFind s in terms of a, u and v.",2
0607_s18_qp_21.json,11,sets and Venn diagrams,high,607,s,May/Jun,2018,2,non_calculator,1,"In each Venn diagram, shade the region indicated.",2
0607_s18_qp_21.json,12(a),exponents and surds,high,607,s,May/Jun,2018,2,non_calculator,1,Simplify fully.\n\u22ef700,1
0607_s18_qp_21.json,12(b),exponents and surds,high,607,s,May/Jun,2018,2,non_calculator,1,Rationalise the denominator.\n1 / (7 - \u22ef2),2
0607_s18_qp_21.json,13,expanding and factorising,high,607,s,May/Jun,2018,2,non_calculator,1,Simplify fully.\n(3t - t^2) / (9 - t^2),3
0607_s18_qp_21.json,14(a),logarithms,high,607,s,May/Jun,2018,2,non_calculator,1,Write down the value of log_3 9.,1
0607_s18_qp_21.json,14(b),logarithms,high,607,s,May/Jun,2018,2,non_calculator,1,2 log 2 + log 11 = log x.\nFind the value of x.,2
0607_s18_qp_21.json,15,mensuration,high,607,s,May/Jun,2018,2,non_calculator,1,The length of the arc AB = (4\u03c0)/3 cm.\nThe area of the sector OAB is k\u03c0 cm^2.\nFind the value of k.,3
0607_s18_qp_22.json,1,mensuration,high,607,s,May/Jun,2018,2,non_calculator,2,A quadrilateral has exactly one pair of parallel sides. Write down the mathematical name for this quadrilateral.,1
0607_s18_qp_22.json,2,angles,high,607,s,May/Jun,2018,2,non_calculator,2,AB is a straight line. Find the value of x.,1
0607_s18_qp_22.json,3,probability,high,607,s,May/Jun,2018,2,non_calculator,2,"A bag contains 2 blue balls, 3 red balls and 5 green balls only. One ball is chosen at random. Find the probability that this ball is red.",1
0607_s18_qp_22.json,4,topics in arithmetic,high,607,s,May/Jun,2018,2,non_calculator,2,Write down a prime number between 60 and 70.,1
0607_s18_qp_22.json,5,solving linear equations,high,607,s,May/Jun,2018,2,non_calculator,2,Solve. 7x + 9 = 5x + 17,2
0607_s18_qp_22.json,6,topics in arithmetic,high,607,s,May/Jun,2018,2,non_calculator,2,Write 36 as a product of prime factors.,2
0607_s18_qp_22.json,7,inequalities,high,607,s,May/Jun,2018,2,non_calculator,2,Solve. 3x + 7 < 1,2
0607_s18_qp_22.json,8,straight lines,high,607,s,May/Jun,2018,2,non_calculator,2,"Point A has co-ordinates (2, 12). Point B has co-ordinates (4, 2). Find the co-ordinates of the midpoint of AB.",2
0607_s18_qp_22.json,9,topics in arithmetic,high,607,s,May/Jun,2018,2,non_calculator,2,Work out 4 2/5 - 1 2/3,3
0607_s18_qp_22.json,10,statistics,high,607,s,May/Jun,2018,2,non_calculator,2,Use the cumulative frequency curve to estimate the inter-quartile range.,2
0607_s18_qp_22.json,11(a),sequences,high,607,s,May/Jun,2018,2,non_calculator,2,"Here are the first four terms of a sequence: 13, 9, 5, 1. Write down the next term.",1
0607_s18_qp_22.json,11(b),sequences,high,607,s,May/Jun,2018,2,non_calculator,2,"Here are the first four terms of a sequence: 13, 9, 5, 1. Find an expression, in terms of n, for the nth term.",2
0607_s18_qp_22.json,12,exponents and surds,high,607,s,May/Jun,2018,2,non_calculator,2,Simplify. sqrt(75) - sqrt(12) + sqrt(27),2
0607_s18_qp_22.json,13,sets and Venn diagrams,high,607,s,May/Jun,2018,2,non_calculator,2,Shade the given sets in each of these diagrams (A' intersect B and (A' union B')').,2
0607_s18_qp_22.json,14,straight lines,high,607,s,May/Jun,2018,2,non_calculator,2,"Point A has co-ordinates (2, 3). Point B has co-ordinates (4, 11). Find the equation of the line AB. Give your answer in the form y = mx + c.",3
0607_s18_qp_22.json,15,expanding and factorising,high,607,s,May/Jun,2018,2,non_calculator,2,Expand the brackets and simplify. (3x - 5y)(5x - 3y),3
0607_s18_qp_22.json,16,probability,high,607,s,May/Jun,2018,2,non_calculator,2,A factory makes soft centre chocolates and hard centre chocolates only. The probability that a chocolate chosen at random has a hard centre is 0.6. Three chocolates are chosen at random. Find the probability they are all soft centre chocolates.,3
0607_s18_qp_22.json,17,expanding and factorising,high,607,s,May/Jun,2018,2,non_calculator,2,Factorise. 4x^2 - 4xy - 3y^2,3
0607_s18_qp_22.json,18,expanding and factorising,high,607,s,May/Jun,2018,2,non_calculator,2,Write as a single fraction in its simplest form. (n + 1)/(n - 1) - (n - 1)/(n + 1),4
0607_s18_qp_23.json,1(a),straight lines,high,607,s,May/Jun,2018,2,non_calculator,3,Write down the equation of line L.,1
0607_s18_qp_23.json,1(b),straight lines,high,607,s,May/Jun,2018,2,non_calculator,3,Write down the co-ordinates of the point of intersection of line L and line M.,1
0607_s18_qp_23.json,1(c),straight lines,high,607,s,May/Jun,2018,2,non_calculator,3,Find the gradient of line M.,2
0607_s18_qp_23.json,2,topics in arithmetic,high,607,s,May/Jun,2018,2,non_calculator,3,Find the highest common factor (HCF) of 96 and 60.,1
0607_s18_qp_23.json,3,expanding and factorising,high,607,s,May/Jun,2018,2,non_calculator,3,Expand and simplify 5(2x + 3y) - 3(4y - 2x).,2
0607_s18_qp_23.json,4,exponents and surds,high,607,s,May/Jun,2018,2,non_calculator,3,Write down the value of 17^0.,1
0607_s18_qp_23.json,5,solving linear equations,high,607,s,May/Jun,2018,2,non_calculator,3,v = \frac{uf}{u-f}. Find v when u = 30 and f = 10.,2
0607_s18_qp_23.json,6(a),topics in arithmetic,high,607,s,May/Jun,2018,2,non_calculator,3,"Find a fraction, n, that satisfies this inequality: \frac{5}{7} < n < \frac{6}{7}",1
0607_s18_qp_23.json,6(b),topics in arithmetic,high,607,s,May/Jun,2018,2,non_calculator,3,"Write down an irrational number, m, that satisfies this inequality: 4 < m < 7",1
0607_s18_qp_23.json,7(a),vectors,high,607,s,May/Jun,2018,2,non_calculator,3,"Q is the point (3, 7) and \vec{PQ} = \begin{pmatrix} -6 \\ 3 \end{pmatrix}. Find the co-ordinates of P.",2
0607_s18_qp_23.json,7(b),vectors,high,607,s,May/Jun,2018,2,non_calculator,3,Find |\vec{PQ}|. Give your answer in its simplest surd form.,3
0607_s18_qp_23.json,8,topics in arithmetic,high,607,s,May/Jun,2018,2,non_calculator,3,Work out (5.6 \times 10^{-7}) - (7.8 \times 10^{-8}). Give your answer in standard form.,2
0607_s18_qp_23.json,9,variation and proportion,high,607,s,May/Jun,2018,2,non_calculator,3,Kim has a piece of rope 18 metres long. He cuts the rope into two pieces. The lengths of the pieces are in the ratio 1:5. Calculate the length of each piece.,2
0607_s18_qp_23.json,10,inequalities,high,607,s,May/Jun,2018,2,non_calculator,3,Solve 3 - x \ge 2x + 15.,2
0607_s18_qp_23.json,11(a),probability,high,607,s,May/Jun,2018,2,non_calculator,3,Find the relative frequency of getting a 2 with Jamil’s die.,1
0607_s18_qp_23.json,11(b),probability,high,607,s,May/Jun,2018,2,non_calculator,3,Explain why your answer to part (a) is a good estimate of the probability of getting a 2.,1
0607_s18_qp_23.json,11(c),probability,high,607,s,May/Jun,2018,2,non_calculator,3,Estimate the number of times Jamil will get a 2 if he rolls the die 1400 times.,1
0607_s18_qp_23.json,12(a),functions,high,607,s,May/Jun,2018,2,non_calculator,3,"On the grid, sketch the graph of y = \sin x^{\circ} for 0 \le x \le 360.",2
0607_s18_qp_23.json,12(b),functions,high,607,s,May/Jun,2018,2,non_calculator,3,"The point (a, 0.5) is on the graph of y = \sin x^{\circ}. Find the two possible values of a.",2
0607_s18_qp_23.json,13(a),statistics,high,607,s,May/Jun,2018,2,non_calculator,3,Complete the histogram.,2
0607_s18_qp_23.json,13(b),statistics,high,607,s,May/Jun,2018,2,non_calculator,3,Find the value of p.,1
0607_s18_qp_23.json,14,solving linear equations,high,607,s,May/Jun,2018,2,non_calculator,3,Rearrange this formula to make x the subject: y = \frac{ax}{bx + c},3
0607_s18_qp_23.json,15(a),logarithms,high,607,s,May/Jun,2018,2,non_calculator,3,Solve 3 \log 2 - 2 \log 5 = \log x.,3
0607_s18_qp_23.json,15(b),logarithms,high,607,s,May/Jun,2018,2,non_calculator,3,Solve \log_y 4 = \frac{1}{3}.,1
0607_s18_qp_41.json,1(a)(i),transformations,high,607,s,May/Jun,2018,4,calculator,1,"Describe fully the single transformation that maps triangle T onto triangle A,",2
0607_s18_qp_41.json,1(a)(ii),transformations,high,607,s,May/Jun,2018,4,calculator,1,Describe fully the single transformation that maps triangle T onto triangle B.,2
0607_s18_qp_41.json,1(b),transformations,high,607,s,May/Jun,2018,4,calculator,1,"Enlarge triangle T with centre (5, 0) and scale factor 2.",2
0607_s18_qp_41.json,1(c),transformations,high,607,s,May/Jun,2018,4,calculator,1,Stretch triangle T with the y-axis invariant and factor 2.,2
0607_s18_qp_41.json,2(a),topics in arithmetic,high,607,s,May/Jun,2018,4,calculator,1,Show that Eli receives $3200.,2
0607_s18_qp_41.json,2(b),topics in arithmetic,high,607,s,May/Jun,2018,4,calculator,1,Conrad buys a toy for $65. He sells it for $55. Calculate the percentage loss.,3
0607_s18_qp_41.json,2(c),topics in arithmetic,high,607,s,May/Jun,2018,4,calculator,1,Delia invests $2500 at a rate of 2.5% per year simple interest. Calculate the interest Delia has at the end of 8 years.,2
0607_s18_qp_41.json,2(d),topics in arithmetic,high,607,s,May/Jun,2018,4,calculator,1,Eli invests $2400 at a rate of 2.4% per year compound interest. Calculate the interest Eli has at the end of 8 years.,3
0607_s18_qp_41.json,2(e),topics in arithmetic,high,607,s,May/Jun,2018,4,calculator,1,Conrad buys a coat in a sale. The sale price is $79.80 after a reduction of 5%. Calculate the original price of the coat.,3
0607_s18_qp_41.json,3(a),straight lines,high,607,s,May/Jun,2018,4,calculator,1,"Show that the point (3, -1) lies on the line y = 2x - 7.",1
0607_s18_qp_41.json,3(b)(i),straight lines,high,607,s,May/Jun,2018,4,calculator,1,"Find the co-ordinates of the points where the line y = 8x + 4 crosses the x-axis,",1
0607_s18_qp_41.json,3(b)(ii),straight lines,high,607,s,May/Jun,2018,4,calculator,1,Find the co-ordinates of the points where the line y = 8x + 4 crosses the y-axis.,1
0607_s18_qp_41.json,3(c),straight lines,high,607,s,May/Jun,2018,4,calculator,1,"Find the equation of the straight line that passes through the points (1, 2) and (4, 11). Give your answer in the form y = mx + c.",3
0607_s18_qp_41.json,4(a)(i),statistics,high,607,s,May/Jun,2018,4,calculator,1,"Construct an ordered stem and leaf diagram to show this information, including the key.",3
0607_s18_qp_41.json,4(a)(ii),statistics,high,607,s,May/Jun,2018,4,calculator,1,Find the median and the lower quartile.,2
0607_s18_qp_41.json,4(a)(iii),statistics,high,607,s,May/Jun,2018,4,calculator,1,Find the angle on a pie chart that represents the number of days the temperature was less than 20&deg;C.,2
0607_s18_qp_41.json,4(b)(i),statistics,high,607,s,May/Jun,2018,4,calculator,1,"Find the median,",1
0607_s18_qp_41.json,4(b)(ii),statistics,high,607,s,May/Jun,2018,4,calculator,1,"Find the inter-quartile range,",2
0607_s18_qp_41.json,4(b)(iii),statistics,high,607,s,May/Jun,2018,4,calculator,1,Find the number of students who estimated more than 3.5 litres.,2
0607_s18_qp_41.json,4(c)(i),statistics,high,607,s,May/Jun,2018,4,calculator,1,Calculate an estimate of the mean.,2
0607_s18_qp_41.json,4(c)(ii),statistics,high,607,s,May/Jun,2018,4,calculator,1,Complete the histogram to show the information in the table.,4
0607_s18_qp_41.json,5(a)(i),functions,high,607,s,May/Jun,2018,4,calculator,1,"On the diagram, sketch the graph of y = f(x) for 0 ≤ x ≤ 540.",2
0607_s18_qp_41.json,5(a)(ii),functions,high,607,s,May/Jun,2018,4,calculator,1,Write down the range of f(x) for 0 ≤ x ≤ 540.,1
0607_s18_qp_41.json,5(b)(i),functions,high,607,s,May/Jun,2018,4,calculator,1,"On the same diagram, sketch the graph of y = g(x) for values of x between 0 and 540.",2
0607_s18_qp_41.json,5(b)(ii),functions,high,607,s,May/Jun,2018,4,calculator,1,Give a reason why there are no values of g(x) for 180 ≤ x ≤ 360.,1
0607_s18_qp_41.json,5(b)(iii),functions,high,607,s,May/Jun,2018,4,calculator,1,Write down the co-ordinates of the minimum points on the graph of y = g(x).,2
0607_s18_qp_41.json,5(b)(iv),functions,high,607,s,May/Jun,2018,4,calculator,1,Write down the equations of the four asymptotes to the graph of y = g(x).,2
0607_s18_qp_41.json,5(c)(i),functions,high,607,s,May/Jun,2018,4,calculator,1,f(k) = g(k) and 0 ≤ k ≤ 90. Find the value of k.,1
0607_s18_qp_41.json,5(c)(ii),inequalities,high,607,s,May/Jun,2018,4,calculator,1,Solve the inequality f(x) > g(x) for values of x between 0 and 540.,2
0607_s18_qp_41.json,5(c)(iii),functions,high,607,s,May/Jun,2018,4,calculator,1,j is an integer. The equation f(x) = j has no solutions. The equation g(x) = j has no solutions. Write down a possible value of j.,1
0607_s18_qp_41.json,6(a)(i)(a),mensuration,high,607,s,May/Jun,2018,4,calculator,1,"Show that the radius of this cylinder is 1.910 cm, correct to 3 decimal places.",2
0607_s18_qp_41.json,6(a)(i)(b),mensuration,high,607,s,May/Jun,2018,4,calculator,1,Calculate the volume of this cylinder.,2
0607_s18_qp_41.json,6(a)(ii),mensuration,high,607,s,May/Jun,2018,4,calculator,1,The rectangle can also be made into a hollow cylinder with height 12 cm. Calculate the difference between the volumes of this cylinder and the cylinder in part (i). Give your answer correct to the nearest 10 cm3.,4
0607_s18_qp_41.json,6(b),similarity,high,607,s,May/Jun,2018,4,calculator,1,A model of a car is mathematically similar to the actual car. The volume of the model is 75 cubic centimetres and the volume of the actual car is 4.8 cubic metres. The scale is model : actual = 1 : n. Find the value of n.,4
0607_s18_qp_41.json,7(a),probability,high,607,s,May/Jun,2018,4,calculator,1,"each coin has a value of less than 10 cents,",2
0607_s18_qp_41.json,7(b),probability,high,607,s,May/Jun,2018,4,calculator,1,"the total value of the two coins is 11 cents,",3
0607_s18_qp_41.json,7(c),probability,high,607,s,May/Jun,2018,4,calculator,1,the total value of the two coins is more than 2 cents.,2
0607_s18_qp_41.json,8(a),topics in arithmetic,high,607,s,May/Jun,2018,4,calculator,1,Calculate the value of the car 2 years ago.,2
0607_s18_qp_41.json,8(b),topics in arithmetic,high,607,s,May/Jun,2018,4,calculator,1,Calculate the number of complete years it will take for the value to decrease from $12960 to less than $6480.,3
0607_s18_qp_41.json,9(a),trigonometry,high,607,s,May/Jun,2018,4,calculator,1,"the length of the perpendicular line from E to AB,",2
0607_s18_qp_41.json,9(b),trigonometry,high,607,s,May/Jun,2018,4,calculator,1,"the length BD,",2
0607_s18_qp_41.json,9(c),trigonometry,high,607,s,May/Jun,2018,4,calculator,1,"the length CD,",4
0607_s18_qp_41.json,9(d),mensuration,high,607,s,May/Jun,2018,4,calculator,1,the area of the quadrilateral ACDE.,3
0607_s18_qp_41.json,10(a),topics in arithmetic,high,607,s,May/Jun,2018,4,calculator,1,Sam walks for 30 minutes at 4 km/h and then runs 5 km in 25 minutes. Calculate his average speed. Give your answer in km/h.,3
0607_s18_qp_41.json,10(b)(i),topics in arithmetic,high,607,s,May/Jun,2018,4,calculator,1,"Tami walks for 10 minutes at x km/h and then runs y kilometres in z minutes. Find her average speed in terms of x, y and z. Give your answer in km/h, in its simplest form.",3
0607_s18_qp_41.json,10(b)(ii),solving linear equations,high,607,s,May/Jun,2018,4,calculator,1,"When Tami walks for 10 minutes at 3 km/h and then runs for 20 minutes, her average speed is 11 km/h. Find the distance Tami runs.",2
0607_s18_qp_41.json,10(c)(i),topics in arithmetic,high,607,s,May/Jun,2018,4,calculator,1,Show that his average speed is ((5t + 35) / (t + 5)) km/h.,3
0607_s18_qp_41.json,10(c)(ii),solving linear equations,high,607,s,May/Jun,2018,4,calculator,1,"When the average speed is 5 1/2 km/h, find the value of t.",2
0607_s18_qp_41.json,11(a),functions,high,607,s,May/Jun,2018,4,calculator,1,Find the value of g(3).,1
0607_s18_qp_41.json,11(b),functions,high,607,s,May/Jun,2018,4,calculator,1,"Find the range of f(x) for the domain {-1, 0, 1, 2}.",2
0607_s18_qp_41.json,11(c),functions,high,607,s,May/Jun,2018,4,calculator,1,Find x when g(x) = 12.,2
0607_s18_qp_41.json,11(d),functions,high,607,s,May/Jun,2018,4,calculator,1,The graph of y = g(x) is translated by the vector (2 / 3) onto the graph of h(x). Find h(x). Give your answer in its simplest form.,3
0607_s18_qp_41.json,11(e),functions,high,607,s,May/Jun,2018,4,calculator,1,Find fⁱ(x).,2
0607_s18_qp_41.json,11(f),trigonometry,high,607,s,May/Jun,2018,4,calculator,1,tan(g(x)) = 1 and 0&deg; ≤ x ≤ 180&deg;. Find the two values of x.,3
0607_s18_qp_42.json,1(a),topics in arithmetic,high,607,s,May/Jun,2018,4,calculator,2,Work out (\sqrt[3]{402}) / (3.15^2).,1
0607_s18_qp_42.json,1(b)(i),topics in arithmetic,high,607,s,May/Jun,2018,4,calculator,2,Write 130.47 correct to one decimal place.,1
0607_s18_qp_42.json,1(b)(ii),topics in arithmetic,high,607,s,May/Jun,2018,4,calculator,2,Write 130.47 correct to one significant figure.,1
0607_s18_qp_42.json,1(c),topics in arithmetic,high,607,s,May/Jun,2018,4,calculator,2,Work out 23% of $76.80.,2
0607_s18_qp_42.json,1(d),topics in arithmetic,high,607,s,May/Jun,2018,4,calculator,2,$4200 is shared in the ratio 3 : 4 : 6 : 8. Find the difference between the largest share and the smallest share.,3
0607_s18_qp_42.json,1(e),exponents and surds,high,607,s,May/Jun,2018,4,calculator,2,Write down an irrational number less than 10.,1
0607_s18_qp_42.json,1(f),topics in arithmetic,high,607,s,May/Jun,2018,4,calculator,2,Work out 7.31 \times 10^{-2} + 1.56 \times 10^{-1}. Give your answer in standard form.,2
0607_s18_qp_42.json,2(a),functions,high,607,s,May/Jun,2018,4,calculator,2,"On the diagram, sketch the graph of y = f(x), for values of x between -5 and 5, where f(x) = 1 - x / (x^2 - 9).",3
0607_s18_qp_42.json,2(b),functions,high,607,s,May/Jun,2018,4,calculator,2,Write down the equations of the three asymptotes.,3
0607_s18_qp_42.json,2(c),functions,high,607,s,May/Jun,2018,4,calculator,2,The line y = x intersects the curve y = 1 - x / (x^2 - 9) three times. Find the values of the x co-ordinates of the points of intersection.,3
0607_s18_qp_42.json,3(a)(i),variation and proportion,high,607,s,May/Jun,2018,4,calculator,2,y varies directly as the square root of x. y = 32 when x = 16. Find y in terms of x.,2
0607_s18_qp_42.json,3(a)(ii),variation and proportion,high,607,s,May/Jun,2018,4,calculator,2,Find the value of y when x = 4.,1
0607_s18_qp_42.json,3(a)(iii),variation and proportion,high,607,s,May/Jun,2018,4,calculator,2,Find x in terms of y.,2
0607_s18_qp_42.json,3(b),variation and proportion,high,607,s,May/Jun,2018,4,calculator,2,p varies inversely as q + 2. p = 3 when q = 2. Find the value of p when q = 4.,3
0607_s18_qp_42.json,4(a)(i),statistics,high,607,s,May/Jun,2018,4,calculator,2,"The mass, x grams, of each of 100 oranges is found. The results are shown in the table (0 < x \le 100 frequency 4; 100 < x \le 140 frequency 14; 140 < x \le 180 frequency 22; 180 < x \le 250 frequency 35; 250 < x \le 300 frequency 25). Calculate an estimate of the mean mass of the oranges.",2
0607_s18_qp_42.json,4(a)(ii),probability,high,607,s,May/Jun,2018,4,calculator,2,Two of these oranges are chosen at random. Calculate the probability that they both have a mass of 140g or less.,2
0607_s18_qp_42.json,4(a)(iii),probability,high,607,s,May/Jun,2018,4,calculator,2,"The oranges with a mass of 140g or less are removed. From the remaining oranges, two are chosen at random. Calculate the probability that one orange has a mass of 250g or less and the other has a mass of more than 250g.",3
0607_s18_qp_42.json,4(b)(i),statistics,high,607,s,May/Jun,2018,4,calculator,2,Complete the frequency density column in this table.,2
0607_s18_qp_42.json,4(b)(ii),statistics,high,607,s,May/Jun,2018,4,calculator,2,"On the grid, draw a histogram to show this information.",4
0607_s18_qp_42.json,5(a),Pythagoras,high,607,s,May/Jun,2018,4,calculator,2,"In the diagram, ABCD is a rectangle. Find PS.",2
0607_s18_qp_42.json,5(b),angles,high,607,s,May/Jun,2018,4,calculator,2,Find angle BRS.,2
0607_s18_qp_42.json,5(c),mensuration,high,607,s,May/Jun,2018,4,calculator,2,Find the perimeter of PQRS.,3
0607_s18_qp_42.json,5(d),mensuration,high,607,s,May/Jun,2018,4,calculator,2,Find the shaded area.,3
0607_s18_qp_42.json,5(e),similarity,high,607,s,May/Jun,2018,4,calculator,2,Explain why triangle ASP is similar to triangle BSR.,2
0607_s18_qp_42.json,6(a),transformations,high,607,s,May/Jun,2018,4,calculator,2,Translate triangle A with vector \begin{pmatrix} -7 \\ -3 \end{pmatrix}. Label the image B.,2
0607_s18_qp_42.json,6(b),transformations,high,607,s,May/Jun,2018,4,calculator,2,"Rotate triangle A through 90\u00b0 anti-clockwise about (-1, 2). Label the image C.",2
0607_s18_qp_42.json,6(c),transformations,high,607,s,May/Jun,2018,4,calculator,2,Describe fully the single transformation that maps triangle C onto triangle B.,3
0607_s18_qp_42.json,6(d),transformations,high,607,s,May/Jun,2018,4,calculator,2,"Enlarge triangle A scale factor -2 with centre (3, 1). Label the image D.",2
0607_s18_qp_42.json,6(e),transformations,high,607,s,May/Jun,2018,4,calculator,2,Describe fully the single transformation that maps triangle D onto triangle A.,2
0607_s18_qp_42.json,7(a),sequences,high,607,s,May/Jun,2018,4,calculator,2,"In this question, all lengths are measured in millimetres. Find the height of a stack of 8 of these cups.",2
0607_s18_qp_42.json,7(b),sequences,high,607,s,May/Jun,2018,4,calculator,2,Find the number of these cups in a stack that has a total height of 105mm.,2
0607_s18_qp_42.json,7(c),similarity,high,607,s,May/Jun,2018,4,calculator,2,"A similar cup, B, has base diameter 42mm. Find the height of this cup.",2
0607_s18_qp_42.json,7(d)(i),mensuration,high,607,s,May/Jun,2018,4,calculator,2,"The formula for the volume of a similar cup is V = \frac{\pi h (3r^2 + 3ar + a^2)}{3}. For cup A, show that a = 8mm.",2
0607_s18_qp_42.json,7(d)(ii),mensuration,high,607,s,May/Jun,2018,4,calculator,2,Find the volume of cup A.,2
0607_s18_qp_42.json,7(d)(iii),mensuration,high,607,s,May/Jun,2018,4,calculator,2,Find the volume of cup B.,3
0607_s18_qp_42.json,7(d)(iv),solving linear equations,high,607,s,May/Jun,2018,4,calculator,2,Rearrange V = \frac{\pi h (3r^2 + 3ar + a^2)}{3} to make h the subject.,2
0607_s18_qp_42.json,8(a),circle theorems,high,607,s,May/Jun,2018,4,calculator,2,"A, B, C and D lie on a circle, centre O. DEF is a tangent to the circle at D. AOCF and BCE are straight lines. Complete the statement. Angle ODE = 90\u00b0 because...",1
0607_s18_qp_42.json,8(b)(i),circle theorems,high,607,s,May/Jun,2018,4,calculator,2,Find the value of angle AOD.,2
0607_s18_qp_42.json,8(b)(ii),circle theorems,high,607,s,May/Jun,2018,4,calculator,2,Find the value of angle ODC.,2
0607_s18_qp_42.json,8(b)(iii),circle theorems,high,607,s,May/Jun,2018,4,calculator,2,Find the value of angle ABC.,1
0607_s18_qp_42.json,8(b)(iv),circle theorems,high,607,s,May/Jun,2018,4,calculator,2,Find the value of angle CFD.,1
0607_s18_qp_42.json,8(b)(v),circle theorems,high,607,s,May/Jun,2018,4,calculator,2,Find the value of angle CAB.,1
0607_s18_qp_42.json,9(a),trigonometry,high,607,s,May/Jun,2018,4,calculator,2,"Show that angle BAC = 47.0\u00b0, correct to 1 decimal place.",3
0607_s18_qp_42.json,9(b),trigonometry,high,607,s,May/Jun,2018,4,calculator,2,Use the sine rule to find angle ABC.,3
0607_s18_qp_42.json,9(c),trigonometry,high,607,s,May/Jun,2018,4,calculator,2,Find the area of triangle ABC.,2
0607_s18_qp_42.json,9(d),trigonometry,high,607,s,May/Jun,2018,4,calculator,2,Find the length of the perpendicular from B to AC.,2
0607_s18_qp_42.json,10(a)(i),statistics,high,607,s,May/Jun,2018,4,calculator,2,Complete the scatter diagram.,3
0607_s18_qp_42.json,10(a)(ii),statistics,high,607,s,May/Jun,2018,4,calculator,2,What type of correlation is shown by the scatter diagram?,1
0607_s18_qp_42.json,10(b)(i),statistics,high,607,s,May/Jun,2018,4,calculator,2,Find the mean amount of fertiliser.,1
0607_s18_qp_42.json,10(b)(ii),statistics,high,607,s,May/Jun,2018,4,calculator,2,Find the mean height.,1
0607_s18_qp_42.json,10(c)(i),straight lines,high,607,s,May/Jun,2018,4,calculator,2,Find the equation of the regression line in the form y = mx + c.,2
0607_s18_qp_42.json,10(c)(ii),straight lines,high,607,s,May/Jun,2018,4,calculator,2,Use your answer to part (c)(i) to estimate the height of a seedling when the amount of fertiliser is 20ml.,1
0607_s18_qp_42.json,10(c)(iii),straight lines,high,607,s,May/Jun,2018,4,calculator,2,"Write down the units of m in the equation of the regression line, y = mx + c.",1
0607_s18_qp_42.json,11(a)(i),functions,high,607,s,May/Jun,2018,4,calculator,2,"f(x) = 2x - 7, g(x) = \sqrt{x}, h(x) = 1/x, x \neq 0. Find f(3).",1
0607_s18_qp_42.json,11(a)(ii),functions,high,607,s,May/Jun,2018,4,calculator,2,Solve f(x) = 1.,2
0607_s18_qp_42.json,11(b),functions,high,607,s,May/Jun,2018,4,calculator,2,Find f^{-1}(x).,2
0607_s18_qp_42.json,11(c)(i),functions,high,607,s,May/Jun,2018,4,calculator,2,Find f(g(x)) in terms of x.,1
0607_s18_qp_42.json,11(c)(ii),functions,high,607,s,May/Jun,2018,4,calculator,2,Solve f(g(x)) = 5.,3
0607_s18_qp_42.json,11(d)(i),functions,high,607,s,May/Jun,2018,4,calculator,2,Find h(g(f(x))) in terms of x.,2
0607_s18_qp_42.json,11(d)(ii),inequalities,high,607,s,May/Jun,2018,4,calculator,2,Find an inequality in terms of x for which h(g(f(x))) exists.,2
0607_s18_qp_43.json,1(a),statistics,high,607,s,May/Jun,2018,4,calculator,3,Write down the range of the numbers of eggs.,1
0607_s18_qp_43.json,1(b),statistics,high,607,s,May/Jun,2018,4,calculator,3,Find the inter-quartile range.,2
0607_s18_qp_43.json,1(c),statistics,high,607,s,May/Jun,2018,4,calculator,3,Write down the mode.,1
0607_s18_qp_43.json,1(d),statistics,high,607,s,May/Jun,2018,4,calculator,3,Find the median.,1
0607_s18_qp_43.json,1(e),statistics,high,607,s,May/Jun,2018,4,calculator,3,Find the mean.,2
0607_s18_qp_43.json,1(f),statistics,high,607,s,May/Jun,2018,4,calculator,3,Explain why the mode is not the best measure of average to represent these results.,1
0607_s18_qp_43.json,2(a),topics in arithmetic,high,607,s,May/Jun,2018,4,calculator,3,Flavia sells some of them to Ari. She makes a profit of 35% on each cat. Calculate the price Ari pays for each cat.,2
0607_s18_qp_43.json,2(b),topics in arithmetic,high,607,s,May/Jun,2018,4,calculator,3,Ari sells each cat for $43. Calculate Ari's percentage profit.,3
0607_s18_qp_43.json,2(c),topics in arithmetic,high,607,s,May/Jun,2018,4,calculator,3,Jean buys 92 of Flavia's cats. This is 15% more than the number Ari bought. Calculate the number of cats that Ari bought.,3
0607_s18_qp_43.json,2(d),topics in arithmetic,high,607,s,May/Jun,2018,4,calculator,3,Jean bought the cats for $32 each. He sells some of the cats for $45 each. For the rest of the cats he reduces the price by 5% each day. Find the number of reductions he has made when the price first falls below $32.,3
0607_s18_qp_43.json,3(a),transformations,high,607,s,May/Jun,2018,4,calculator,3,"Draw the image of triangle A after a translation by the vector (3, -7).",2
0607_s18_qp_43.json,3(b),transformations,high,607,s,May/Jun,2018,4,calculator,3,"Draw the image of triangle B after a stretch, factor 3 and the x-axis invariant.",2
0607_s18_qp_43.json,3(c),transformations,high,607,s,May/Jun,2018,4,calculator,3,Describe fully the single transformation that maps triangle A onto triangle B.,3
0607_s18_qp_43.json,4(a),statistics,high,607,s,May/Jun,2018,4,calculator,3,Complete the scatter diagram. The first four points have been plotted for you.,3
0607_s18_qp_43.json,4(b)(i),statistics,high,607,s,May/Jun,2018,4,calculator,3,What type of correlation is shown in your scatter diagram?,1
0607_s18_qp_43.json,4(b)(ii),statistics,high,607,s,May/Jun,2018,4,calculator,3,Which region fits this model of correlation least well?,1
0607_s18_qp_43.json,4(c)(i),statistics,high,607,s,May/Jun,2018,4,calculator,3,Calculate the equation of the regression line in the form p = md + c.,2
0607_s18_qp_43.json,4(c)(ii),statistics,high,607,s,May/Jun,2018,4,calculator,3,Use this equation to estimate the population density of a region 2.4 km from the city centre.,1
0607_s18_qp_43.json,4(c)(iii),statistics,high,607,s,May/Jun,2018,4,calculator,3,Why would it not be sensible to use this equation to estimate the population density of a region 6.3 km from the city centre?,1
0607_s18_qp_43.json,5(a),functions,high,607,s,May/Jun,2018,4,calculator,3,"On the diagram, sketch the graph of y = f(x) for values of x between -6 and 6.",3
0607_s18_qp_43.json,5(b),functions,high,607,s,May/Jun,2018,4,calculator,3,Find the co-ordinates of the local maximum.,2
0607_s18_qp_43.json,5(c),functions,high,607,s,May/Jun,2018,4,calculator,3,Find the equations of the three asymptotes to the graph of y = f(x).,3
0607_s18_qp_43.json,5(d),functions,high,607,s,May/Jun,2018,4,calculator,3,The equation f(x) = k has no solutions. Find the range of values of k.,2
0607_s18_qp_43.json,5(e)(i),functions,high,607,s,May/Jun,2018,4,calculator,3,Solve f(x) = g(x).,2
0607_s18_qp_43.json,5(e)(ii),inequalities,high,607,s,May/Jun,2018,4,calculator,3,Solve the inequality f(x) > g(x).,2
0607_s18_qp_43.json,6(a),vectors,high,607,s,May/Jun,2018,4,calculator,3,Find AB as a column vector with the components in kilometres.,4
0607_s18_qp_43.json,6(b),vectors,high,607,s,May/Jun,2018,4,calculator,3,Find AC as a column vector with the components in kilometres.,5
0607_s18_qp_43.json,6(c)(i),vectors,high,607,s,May/Jun,2018,4,calculator,3,"The ship sails directly back from C to A. Using your answer to part (b), calculate the distance the ship sails from C to A.",2
0607_s18_qp_43.json,6(c)(ii),vectors,high,607,s,May/Jun,2018,4,calculator,3,"The ship sails directly back from C to A. Using your answer to part (b), calculate the bearing of A from C.",3
0607_s18_qp_43.json,7(a),mensuration,high,607,s,May/Jun,2018,4,calculator,3,Calculate the volume of the prism.,3
0607_s18_qp_43.json,7(b),mensuration,high,607,s,May/Jun,2018,4,calculator,3,Calculate the total surface area of the prism.,5
0607_s18_qp_43.json,7(c),similarity,high,607,s,May/Jun,2018,4,calculator,3,ABCDEF is made of metal and has a mass of 2170 kg. It is melted down and made into prisms similar to ABCDEF. Each of these prisms has a mass of 2.17 kg. Calculate the total surface area of each of these smaller prisms.,3
0607_s18_qp_43.json,8(a),probability,high,607,s,May/Jun,2018,4,calculator,3,Complete the tree diagram to show the probabilities of passing (P) and failing (F) each part.,3
0607_s18_qp_43.json,8(b),probability,high,607,s,May/Jun,2018,4,calculator,3,To pass the whole examination Rashid has to pass all three tests. Calculate the probability that he passes the whole examination.,2
0607_s18_qp_43.json,8(c),probability,high,607,s,May/Jun,2018,4,calculator,3,"If Rashid only fails one test, he can take that test again. Calculate the probability that Rashid needs to take one test again.",4
0607_s18_qp_43.json,9(a),sequences,high,607,s,May/Jun,2018,4,calculator,3,Complete the table for the sequence of patterns above.,3
0607_s18_qp_43.json,9(b)(i),sequences,high,607,s,May/Jun,2018,4,calculator,3,Find the number of each colour of tiles in Pattern 15.,2
0607_s18_qp_43.json,9(b)(ii),sequences,high,607,s,May/Jun,2018,4,calculator,3,Find the number of each colour of tiles in Pattern 20.,2
0607_s18_qp_43.json,9(c),sequences,high,607,s,May/Jun,2018,4,calculator,3,"Find an expression, in terms of n, for the total number of tiles in Pattern n.",2
0607_s18_qp_43.json,10(a),solving linear equations,high,607,s,May/Jun,2018,4,calculator,3,"Write down an expression, in terms of x, for the time, in hours, the journey takes.",1
0607_s18_qp_43.json,10(b)(i),solving quadratic equations,high,607,s,May/Jun,2018,4,calculator,3,"She returns from Rome to Geneva along the same route at an average speed of (x + 5) km/h. The journey takes 1/2 hour less than the journey from Geneva to Rome. Write down an equation, in terms of x, and show that it simplifies to x^2 + 5x - 9300 = 0.",3
0607_s18_qp_43.json,10(b)(ii),solving quadratic equations,high,607,s,May/Jun,2018,4,calculator,3,Solve this equation. Give your answers correct to 1 decimal place.,3
0607_s18_qp_43.json,10(b)(iii),solving linear equations,high,607,s,May/Jun,2018,4,calculator,3,Find the time taken for the journey from Rome to Geneva in hours and minutes.,2
0607_s18_qp_43.json,11(a)(i),similarity,high,607,s,May/Jun,2018,4,calculator,3,Explain why triangle ADX is similar to triangle CBX.,2
0607_s18_qp_43.json,11(a)(ii),similarity,high,607,s,May/Jun,2018,4,calculator,3,Use part (a)(i) to show that XA * XB = XC * XD,1
0607_s18_qp_43.json,11(b),similarity,high,607,s,May/Jun,2018,4,calculator,3,"XB = 6 cm, DC = 5 cm and XD = 7 cm. Calculate the length AB.",2
0607_s18_qp_43.json,11(c)(i),similarity,high,607,s,May/Jun,2018,4,calculator,3,Find the value of the fraction: Area of triangle ADX / Area of triangle CBX,1
0607_s18_qp_43.json,11(c)(ii),similarity,high,607,s,May/Jun,2018,4,calculator,3,Find the value of the fraction: Area of triangle AYB / Area of triangle CYD,1
0607_s18_qp_43.json,12(a),functions,high,607,s,May/Jun,2018,4,calculator,3,Find h(-2).,1
0607_s18_qp_43.json,12(b),functions,high,607,s,May/Jun,2018,4,calculator,3,Find g^(-1)(x).,2
0607_s18_qp_43.json,12(c),functions,high,607,s,May/Jun,2018,4,calculator,3,Find g(f(3)).,2
0607_s18_qp_43.json,12(d),functions,high,607,s,May/Jun,2018,4,calculator,3,Find and simplify g(g(x)).,2
0607_s18_qp_43.json,12(e),functions,high,607,s,May/Jun,2018,4,calculator,3,Find h^(-1)(7).,2
0607_s18_qp_43.json,12(f),functions,high,607,s,May/Jun,2018,4,calculator,3,Write as a single fraction in its simplest form: (1 / f(x)) + (1 / g(x)),3
0607_s19_qp_21.json,1(a),topics in arithmetic,high,607,s,May/Jun,2019,2,non_calculator,1,Work out (0.3)^2,1
0607_s19_qp_21.json,1(b),topics in arithmetic,high,607,s,May/Jun,2019,2,non_calculator,1,Work out 4/9 - 1/6,2
0607_s19_qp_21.json,2,topics in arithmetic,high,607,s,May/Jun,2019,2,non_calculator,1,Divide 360 in the ratio 7 : 2.,2
0607_s19_qp_21.json,3,angles,high,607,s,May/Jun,2019,2,non_calculator,1,ABC is a triangle. FED and BCD are straight lines. Work out angle EDC.,2
0607_s19_qp_21.json,4,expanding and factorising,high,607,s,May/Jun,2019,2,non_calculator,1,Expand and simplify. 4(3x + y) - 3(x - 2y),2
0607_s19_qp_21.json,5(a),topics in arithmetic,high,607,s,May/Jun,2019,2,non_calculator,1,Sacha drove 425 km from home at an average speed of 100 km/h. Calculate the time for the journey giving your answer in hours and minutes.,2
0607_s19_qp_21.json,5(b),topics in arithmetic,high,607,s,May/Jun,2019,2,non_calculator,1,The return journey took 3 hours and 55 minutes. She started at 21 56. At what time did she arrive home?,2
0607_s19_qp_21.json,6(a),inequalities,high,607,s,May/Jun,2019,2,non_calculator,1,Write down the integer solutions to this inequality. -2 <= 2x < 8,2
0607_s19_qp_21.json,6(b),inequalities,high,607,s,May/Jun,2019,2,non_calculator,1,Solve 2 + 2x > 5x + 14.,2
0607_s19_qp_21.json,7,topics in arithmetic,high,607,s,May/Jun,2019,2,non_calculator,1,Work out (5.2 x 10^18) - (2.4 x 10^17). Give your answer in standard form.,2
0607_s19_qp_21.json,8(a),variation and proportion,high,607,s,May/Jun,2019,2,non_calculator,1,"A map is drawn to a scale of 1 cm to 5 km. On the map, the distance between two towns is 4.8 cm. Find the actual distance between the towns.",1
0607_s19_qp_21.json,8(b),variation and proportion,high,607,s,May/Jun,2019,2,non_calculator,1,An island has an area of 75 km^2. Find the area of the island on the map.,2
0607_s19_qp_21.json,9,expanding and factorising,high,607,s,May/Jun,2019,2,non_calculator,1,Factorise completely. 2x^2 - 18,2
0607_s19_qp_21.json,10(a),sets and Venn diagrams,high,607,s,May/Jun,2019,2,non_calculator,1,"U = {integers from 1 to 12} A = {1, 2, 4, 5, 12} B = {2, 3, 4, 6, 10} C = {1, 2, 8, 9, 10} Complete the Venn Diagram.",2
0607_s19_qp_21.json,10(b),sets and Venn diagrams,high,607,s,May/Jun,2019,2,non_calculator,1,Find n(A intersect (B union C)').,1
0607_s19_qp_21.json,11(a),straight lines,high,607,s,May/Jun,2019,2,non_calculator,1,"The point A has co-ordinates (3, 8). The point B has co-ordinates (7, 0). Find the co-ordinates of the midpoint of AB.",1
0607_s19_qp_21.json,11(b),straight lines,high,607,s,May/Jun,2019,2,non_calculator,1,Find the equation of the perpendicular bisector of AB. Write your answer in the form y = mx + c.,3
0607_s19_qp_21.json,12,mensuration,high,607,s,May/Jun,2019,2,non_calculator,1,The sector and the circle have the same area. The angle of the sector is 60 degrees. The radius of the sector is 12 cm and the radius of the circle is r cm. Work out the value of r. Give your answer as a surd in its simplest form.,3
0607_s19_qp_21.json,13,solving linear equations,high,607,s,May/Jun,2019,2,non_calculator,1,Rearrange this formula to make b the subject. A = ((a + b) / 2) * h,3
0607_s19_qp_21.json,14(a),logarithms,high,607,s,May/Jun,2019,2,non_calculator,1,Find the value of log_25 5.,1
0607_s19_qp_21.json,14(b),logarithms,high,607,s,May/Jun,2019,2,non_calculator,1,Simplify log 63 - 2 log 3.,2
0607_s19_qp_22.json,1,solving linear equations,high,607,s,May/Jun,2019,2,non_calculator,2,Find the value of x and the value of y.,2
0607_s19_qp_22.json,2,angles,high,607,s,May/Jun,2019,2,non_calculator,2,A regular polygon has 40 sides. Find the size of one exterior angle.,2
0607_s19_qp_22.json,3,vectors,high,607,s,May/Jun,2019,2,non_calculator,2,"A is the point (1, 5) and B is the point (6, 2). Find the column vector AB.",2
0607_s19_qp_22.json,4(a),topics in arithmetic,high,607,s,May/Jun,2019,2,non_calculator,2,t = 3p^2. Find the value of t when p = 4.,1
0607_s19_qp_22.json,4(b),solving linear equations,high,607,s,May/Jun,2019,2,non_calculator,2,Re-arrange the formula to write p in terms of t.,2
0607_s19_qp_22.json,5(a),statistics,high,607,s,May/Jun,2019,2,non_calculator,2,The cumulative frequency curve shows some information about the heights of 800 plants. Find the median.,1
0607_s19_qp_22.json,5(b),statistics,high,607,s,May/Jun,2019,2,non_calculator,2,The cumulative frequency curve shows some information about the heights of 800 plants. Find the upper quartile.,1
0607_s19_qp_22.json,6,topics in arithmetic,high,607,s,May/Jun,2019,2,non_calculator,2,Work out 4/5 ÷ 1 1/2.,2
0607_s19_qp_22.json,7,topics in arithmetic,high,607,s,May/Jun,2019,2,non_calculator,2,"A car travels 85 km in 50 minutes. Find the average speed of the car, giving your answer in km/h.",2
0607_s19_qp_22.json,8,simultaneous equations,high,607,s,May/Jun,2019,2,non_calculator,2,"Solve the simultaneous equations.
a + b = 16
2a - b = 17",2
0607_s19_qp_22.json,9,straight lines,high,607,s,May/Jun,2019,2,non_calculator,2,"Find the equation of the line parallel to the line y = 3 - x that passes through the point (0, 7).",2
0607_s19_qp_22.json,10,exponents and surds,high,607,s,May/Jun,2019,2,non_calculator,2,Work out the value of (1/27)^(-1/3).,1
0607_s19_qp_22.json,11,sets and Venn diagrams,high,607,s,May/Jun,2019,2,non_calculator,2,"Complete the Venn diagram given n(U) = 25, n(P) = 10, n(Q) = 17, n(P ∪ Q)' = 5.",2
0607_s19_qp_22.json,12,expanding and factorising,high,607,s,May/Jun,2019,2,non_calculator,2,Factorise completely. ab - a - b + 1,2
0607_s19_qp_22.json,13,topics in arithmetic,high,607,s,May/Jun,2019,2,non_calculator,2,"Work out 1.1 × 10^30 + 1.1 × 10^29, giving your answer in standard form.",2
0607_s19_qp_22.json,14,expanding and factorising,high,607,s,May/Jun,2019,2,non_calculator,2,Find the highest common factor (HCF) of 8p^4q^8 and 4p^3q^10.,2
0607_s19_qp_22.json,15,circle theorems,high,607,s,May/Jun,2019,2,non_calculator,2,The diagram shows a cyclic quadrilateral. Find the value of a and the value of b.,2
0607_s19_qp_22.json,16,exponents and surds,high,607,s,May/Jun,2019,2,non_calculator,2,Rationalise the denominator: 1 / (√5 - 1),2
0607_s19_qp_22.json,17,variation and proportion,high,607,s,May/Jun,2019,2,non_calculator,2,"y is inversely proportional to √(x + 4). When x = 5, y = 12. Find y in terms of x.",2
0607_s19_qp_22.json,18,expanding and factorising,high,607,s,May/Jun,2019,2,non_calculator,2,Simplify. (y^2 - 9) / (xy + 3x),3
0607_s19_qp_22.json,19(a),logarithms,high,607,s,May/Jun,2019,2,non_calculator,2,2 log x = 3 log 4. Find the value of x.,2
0607_s19_qp_22.json,19(b),logarithms,high,607,s,May/Jun,2019,2,non_calculator,2,"log x + log u - log v = log p. Find p in terms of x, u and v.",1
0607_s19_qp_23.json,1,exponents and surds,high,607,s,May/Jun,2019,2,non_calculator,3,Work out. (-2)^3,1
0607_s19_qp_23.json,2,functions,high,607,s,May/Jun,2019,2,non_calculator,3,f(x) = 1 - 3x. Find the value of f(-1).,1
0607_s19_qp_23.json,3,solving linear equations,medium,607,s,May/Jun,2019,2,non_calculator,3,Find the value of x.,2
0607_s19_qp_23.json,4,expanding and factorising,high,607,s,May/Jun,2019,2,non_calculator,3,Expand the brackets and simplify. 2(3x - 1) + 3(1 - 2x),2
0607_s19_qp_23.json,5,angles,medium,607,s,May/Jun,2019,2,non_calculator,3,"A quadrilateral has two pairs of parallel sides, all sides the same length, and no right angles. Write down the mathematical name of this quadrilateral.",1
0607_s19_qp_23.json,6,statistics,high,607,s,May/Jun,2019,2,non_calculator,3,"Find the median of these eleven numbers: 16, 10, 11, 15, 10, 12, 14, 13, 17, 10, 15.",1
0607_s19_qp_23.json,7,topics in arithmetic,high,607,s,May/Jun,2019,2,non_calculator,3,Work out. 5(2/5) x 1(2/3),3
0607_s19_qp_23.json,8(a),topics in arithmetic,high,607,s,May/Jun,2019,2,non_calculator,3,Work out the following. Give each answer in standard form. (1 x 10^1) + (2 x 10^-2),2
0607_s19_qp_23.json,8(b),topics in arithmetic,high,607,s,May/Jun,2019,2,non_calculator,3,Work out the following. Give each answer in standard form. (1 x 10^1) / (2 x 10^-2),2
0607_s19_qp_23.json,9,probability,high,607,s,May/Jun,2019,2,non_calculator,3,"A bag contains 2 blue balls, 3 red balls and 5 green balls only. John takes a ball out of the bag at random. He records the colour and puts the ball back in the bag. Flavia takes a ball out of the bag at random and records the colour. Find the probability that both balls are red.",2
0607_s19_qp_23.json,10(a),vectors,high,607,s,May/Jun,2019,2,non_calculator,3,"a = (6, 8)^T, b = (2, -8)^T. Find a - 3b.",2
0607_s19_qp_23.json,10(b),vectors,high,607,s,May/Jun,2019,2,non_calculator,3,"a = (6, 8)^T, b = (2, -8)^T. Work out |a|.",2
0607_s19_qp_23.json,11(a),topics in arithmetic,high,607,s,May/Jun,2019,2,non_calculator,3,"A travel agent has the following exchange rates: £1 = $1.25, £1 = €1.20. Change £200 into dollars ($).",1
0607_s19_qp_23.json,11(b),topics in arithmetic,high,607,s,May/Jun,2019,2,non_calculator,3,"A travel agent has the following exchange rates: £1 = $1.25, £1 = €1.20. Change $100 into euros (€).",2
0607_s19_qp_23.json,12,straight lines,high,607,s,May/Jun,2019,2,non_calculator,3,"The point A has co-ordinates (1, 3) and the point B has co-ordinates (4, 1). B is the midpoint of the line AC. Find the co-ordinates of the point C.",2
0607_s19_qp_23.json,13,solving linear equations,high,607,s,May/Jun,2019,2,non_calculator,3,Make a the subject of s = ut + (1/2)at^2.,3
0607_s19_qp_23.json,14,expanding and factorising,high,607,s,May/Jun,2019,2,non_calculator,3,Factorise completely. 6ac - 9bc - 8ad + 12bd,2
0607_s19_qp_23.json,15,topics in arithmetic,high,607,s,May/Jun,2019,2,non_calculator,3,Erica walks 13km in 2 hours. She then runs at a speed of 12km/h for 45 minutes. Find her average speed in km/h for the whole journey.,3
0607_s19_qp_23.json,16,circle theorems,high,607,s,May/Jun,2019,2,non_calculator,3,"The diagram shows a circle, centre O. AOB is a straight line. BCD is a tangent to the circle at C. Find y in terms of x.",3
0607_s19_qp_23.json,17,statistics,high,607,s,May/Jun,2019,2,non_calculator,3,"The table shows the heights, x cm, of some students at a school. (150 < x <= 160: frequency 8; 160 < x <= 165: frequency 20; 165 < x <= 170: frequency 24). On the grid below, draw a histogram to show this information.",3
0607_s19_qp_41.json,1(a),topics in arithmetic,high,607,s,May/Jun,2019,4,calculator,1,Calculate the sale price of a television originally costing $630.,2
0607_s19_qp_41.json,1(b),topics in arithmetic,high,607,s,May/Jun,2019,4,calculator,1,The price of a fridge in the sale is $952. Calculate the original price.,3
0607_s19_qp_41.json,1(c),topics in arithmetic,high,607,s,May/Jun,2019,4,calculator,1,After one week the shop reduces the price of the television in part (a) by a further 5% each week until it is sold. Calculate the number of weeks from the start of the sale until the television reaches half the original price.,4
0607_s19_qp_41.json,2(a),transformations,high,607,s,May/Jun,2019,4,calculator,1,Describe fully the single transformation that maps triangle A onto triangle B.,2
0607_s19_qp_41.json,2(b),transformations,high,607,s,May/Jun,2019,4,calculator,1,Translate triangle A by the vector \begin{pmatrix} 6 \\ -3 \end{pmatrix}.,2
0607_s19_qp_41.json,2(c)(i),trigonometry,high,607,s,May/Jun,2019,4,calculator,1,Use trigonometry to calculate the angle of rotation.,3
0607_s19_qp_41.json,2(c)(ii),similarity,high,607,s,May/Jun,2019,4,calculator,1,The scale factor of the enlargement is \sqrt{a} where a is an integer. Find the value of a.,3
0607_s19_qp_41.json,3(a),topics in arithmetic,high,607,s,May/Jun,2019,4,calculator,1,"24 = 2^3 \times 3^1. By listing all the factors of 24, show that the method works for 24.",3
0607_s19_qp_41.json,3(b),topics in arithmetic,high,607,s,May/Jun,2019,4,calculator,1,Use the method to find how many factors 360 has.,4
0607_s19_qp_41.json,4(a),statistics,high,607,s,May/Jun,2019,4,calculator,1,Calculate an estimate of the mean height.,2
0607_s19_qp_41.json,4(b),statistics,high,607,s,May/Jun,2019,4,calculator,1,Draw a cumulative frequency curve for this information.,5
0607_s19_qp_41.json,4(c)(i),statistics,high,607,s,May/Jun,2019,4,calculator,1,"Use your cumulative frequency curve to estimate the median height,",1
0607_s19_qp_41.json,4(c)(ii),statistics,high,607,s,May/Jun,2019,4,calculator,1,"Use your cumulative frequency curve to estimate the interquartile range,",2
0607_s19_qp_41.json,4(c)(iii),statistics,high,607,s,May/Jun,2019,4,calculator,1,Use your cumulative frequency curve to estimate the number of plants with a height of more than 37 cm.,2
0607_s19_qp_41.json,4(d)(i),statistics,high,607,s,May/Jun,2019,4,calculator,1,Complete this table of frequency densities for the 120 plants.,2
0607_s19_qp_41.json,4(d)(ii),statistics,high,607,s,May/Jun,2019,4,calculator,1,Draw a histogram to show this information.,3
0607_s19_qp_41.json,5(a),statistics,high,607,s,May/Jun,2019,4,calculator,1,Jian draws a pie chart to show these results. Calculate the sector angle for Drama.,2
0607_s19_qp_41.json,5(b),probability,high,607,s,May/Jun,2019,4,calculator,1,Jian chooses one of the 60 people at random. Write down the probability that the person says Factual.,1
0607_s19_qp_41.json,5(c)(i),probability,high,607,s,May/Jun,2019,4,calculator,1,Jian chooses two of the 60 people at random. Find the probability that one of them says Drama and the other says Game Show.,3
0607_s19_qp_41.json,5(c)(ii),probability,high,607,s,May/Jun,2019,4,calculator,1,Jian chooses two of the 60 people at random. Find the probability that at least one person says Sport.,3
0607_s19_qp_41.json,6(a)(i),variation and proportion,high,607,s,May/Jun,2019,4,calculator,1,"y is inversely proportional to \sqrt{x}. When x = 9, y = 6. Find an equation connecting x and y.",2
0607_s19_qp_41.json,6(a)(ii),variation and proportion,high,607,s,May/Jun,2019,4,calculator,1,Calculate y when x = 30.,1
0607_s19_qp_41.json,6(a)(iii),variation and proportion,high,607,s,May/Jun,2019,4,calculator,1,Calculate x when y = 15.,2
0607_s19_qp_41.json,6(b),variation and proportion,high,607,s,May/Jun,2019,4,calculator,1,"For the three variables x, y and z, z is also proportional to (y + 5). When x = 9, z = 33. Find an equation connecting x and z.",2
0607_s19_qp_41.json,7(a),vectors,high,607,s,May/Jun,2019,4,calculator,1,"On the grid below, draw and label the following three vectors: 2b, 2a + b, a - 2b.",3
0607_s19_qp_41.json,7(b),vectors,high,607,s,May/Jun,2019,4,calculator,1,"Vectors p, q, and r are drawn on this grid. Write each of the vectors in terms of a and/or b.",3
0607_s19_qp_41.json,8(a),trigonometry,high,607,s,May/Jun,2019,4,calculator,1,"ABCD is a quadrilateral. Show that BD = 9.22 cm, correct to 3 significant figures.",3
0607_s19_qp_41.json,8(b),trigonometry,high,607,s,May/Jun,2019,4,calculator,1,Calculate angle ABD.,3
0607_s19_qp_41.json,8(c),trigonometry,high,607,s,May/Jun,2019,4,calculator,1,Calculate the total area of the quadrilateral ABCD.,3
0607_s19_qp_41.json,8(d),trigonometry,high,607,s,May/Jun,2019,4,calculator,1,Calculate the length of the diagonal AC.,3
0607_s19_qp_41.json,9(a),expanding and factorising,high,607,s,May/Jun,2019,4,calculator,1,Show that 4x^2 + 85x - 654 = 0.,3
0607_s19_qp_41.json,9(b),solving quadratic equations,high,607,s,May/Jun,2019,4,calculator,1,Solve the equation 4x^2 + 85x - 654 = 0. You must show all your working.,3
0607_s19_qp_41.json,9(c),solving quadratic equations,high,607,s,May/Jun,2019,4,calculator,1,Find the dimensions of the picture frame.,2
0607_s19_qp_41.json,10(a)(i),functions,high,607,s,May/Jun,2019,4,calculator,1,f(x) = 5 - 2x and g(x) = 3x + 2. Find f(-3).,1
0607_s19_qp_41.json,10(a)(ii),functions,high,607,s,May/Jun,2019,4,calculator,1,Find f(g(4)).,2
0607_s19_qp_41.json,10(a)(iii),solving linear equations,high,607,s,May/Jun,2019,4,calculator,1,Solve \frac{f(x)}{g(x)} = 2.,3
0607_s19_qp_41.json,10(a)(iv),functions,high,607,s,May/Jun,2019,4,calculator,1,Find f^{-1}(x).,2
0607_s19_qp_41.json,10(a)(v),functions,high,607,s,May/Jun,2019,4,calculator,1,Find and simplify g(f(x)).,2
0607_s19_qp_41.json,10(a)(vi),expanding and factorising,high,607,s,May/Jun,2019,4,calculator,1,Write as a single fraction in its simplest form: \frac{3}{f(x)} + \frac{2}{g(x)}.,3
0607_s19_qp_41.json,10(b),functions,high,607,s,May/Jun,2019,4,calculator,1,"The function h(x) has an inverse function j(x). Write down, in its simplest form, j(h(x)).",1
0607_s19_qp_41.json,11(a),functions,high,607,s,May/Jun,2019,4,calculator,1,"f(x) = \frac{(x + 2)}{(x - 1)(x - 4)}. On the diagram, sketch the graph of y = f(x) for values of x between -2 and 7.",3
0607_s19_qp_41.json,11(b),functions,high,607,s,May/Jun,2019,4,calculator,1,Write down the co-ordinates of the local maximum.,2
0607_s19_qp_41.json,11(c),functions,high,607,s,May/Jun,2019,4,calculator,1,Write down the equation of each of the three asymptotes.,3
0607_s19_qp_41.json,11(d)(i),functions,high,607,s,May/Jun,2019,4,calculator,1,g(x) = x - 5. Solve the equation f(x) = g(x).,3
0607_s19_qp_41.json,11(d)(ii),inequalities,high,607,s,May/Jun,2019,4,calculator,1,Solve the inequality f(x) > g(x).,3
0607_s19_qp_41.json,12(a),sequences,high,607,s,May/Jun,2019,4,calculator,1,Complete the table for Pattern 5 and Pattern 6.,5
0607_s19_qp_41.json,12(b),sequences,high,607,s,May/Jun,2019,4,calculator,1,The n^{th} term of the sequence for the total number of hexagons is 3n^2 + pn + q. Find the value of p and the value of q.,2
0607_s19_qp_42.json,1(a),topics in arithmetic,high,607,s,May/Jun,2019,4,calculator,2,Show that Louis receives $22.,1
0607_s19_qp_42.json,1(b),topics in arithmetic,high,607,s,May/Jun,2019,4,calculator,2,Louis and Maria each spend $6 from their share of the $50. Find the new ratio Louis’ money : Maria’s money.,2
0607_s19_qp_42.json,1(c),topics in arithmetic,high,607,s,May/Jun,2019,4,calculator,2,Louis spends 17/32 of his remaining money to buy a bus ticket. Calculate the cost of the bus ticket.,1
0607_s19_qp_42.json,1(d)(i),topics in arithmetic,high,607,s,May/Jun,2019,4,calculator,2,The first book Maria buys has an original price of $6. Calculate how much Maria pays for this book.,2
0607_s19_qp_42.json,1(d)(ii),topics in arithmetic,high,607,s,May/Jun,2019,4,calculator,2,Maria pays $3.69 for her second book. Calculate the original price of this book.,3
0607_s19_qp_42.json,2(a),functions,high,607,s,May/Jun,2019,4,calculator,2,"On the diagram, sketch the graph of y = log((x + 1) / x) for 0 < x <= 5.",2
0607_s19_qp_42.json,2(b),functions,high,607,s,May/Jun,2019,4,calculator,2,Write down the equations of the asymptotes to the graph of y = log((x + 1) / x).,2
0607_s19_qp_42.json,2(c),logarithms,high,607,s,May/Jun,2019,4,calculator,2,Solve the equation log((x + 1) / x) = 0.5.,1
0607_s19_qp_42.json,2(d),functions,high,607,s,May/Jun,2019,4,calculator,2,"On the same diagram, sketch the graph of y = x / 2 for 0 < x <= 5.",1
0607_s19_qp_42.json,2(e),functions,high,607,s,May/Jun,2019,4,calculator,2,Solve the equation log((x + 1) / x) = x / 2.,1
0607_s19_qp_42.json,2(f),inequalities,high,607,s,May/Jun,2019,4,calculator,2,"On your diagram, shade the region where y <= 0.5, y >= x / 2 and y >= log((x + 1) / x).",1
0607_s19_qp_42.json,3(a),probability,high,607,s,May/Jun,2019,4,calculator,2,Complete the tree diagram.,3
0607_s19_qp_42.json,3(b)(i),probability,high,607,s,May/Jun,2019,4,calculator,2,"Find the probability that, on any day, Jono is late.",3
0607_s19_qp_42.json,3(b)(ii),probability,high,607,s,May/Jun,2019,4,calculator,2,Jono attends school on 200 days. Find the expected number of days that Jono is late.,1
0607_s19_qp_42.json,4(a),mensuration,high,607,s,May/Jun,2019,4,calculator,2,The length of the cylinder is l cm. Find the value of l.,3
0607_s19_qp_42.json,4(b),mensuration,high,607,s,May/Jun,2019,4,calculator,2,The solid is made of steel. 1 cm^3 of steel has a mass of 7.8 g. Calculate the mass of the solid. Give your answer in kilograms.,2
0607_s19_qp_42.json,4(c),mensuration,high,607,s,May/Jun,2019,4,calculator,2,The solid is melted down and made into 20 cubes each of side length 2.8 cm. Calculate the volume of steel not used for the cubes as a percentage of the 144pi cm^3.,3
0607_s19_qp_42.json,4(d),similarity,high,607,s,May/Jun,2019,4,calculator,2,A solid that is mathematically similar to the original solid has a volume of 18pi cm^3. Find the radius of the new cylinder.,3
0607_s19_qp_42.json,5(a),topics in arithmetic,high,607,s,May/Jun,2019,4,calculator,2,Karl invests $200 at a rate of 1.5% per year simple interest. Calculate the value of Karl’s investment at the end of 8 years.,3
0607_s19_qp_42.json,5(b),topics in arithmetic,high,607,s,May/Jun,2019,4,calculator,2,Lena invests $200 at a rate of 1.4% per year compound interest. Calculate the value of Lena’s investment at the end of 8 years.,3
0607_s19_qp_42.json,5(c),topics in arithmetic,high,607,s,May/Jun,2019,4,calculator,2,The rates of interest remain the same as in part (a) and part (b). Find how many more complete years it will take for the value of Lena’s investment to be greater than the value of Karl’s investment.,2
0607_s19_qp_42.json,6(a),transformations,high,607,s,May/Jun,2019,4,calculator,2,Reflect shape P in the y-axis.,1
0607_s19_qp_42.json,6(b),transformations,high,607,s,May/Jun,2019,4,calculator,2,Translate shape P by the vector (6 / -3).,2
0607_s19_qp_42.json,6(c),transformations,high,607,s,May/Jun,2019,4,calculator,2,Describe fully the single transformation that maps shape P onto shape Q.,3
0607_s19_qp_42.json,6(d),transformations,high,607,s,May/Jun,2019,4,calculator,2,Stretch shape P with stretch factor 2 and the x-axis invariant.,2
0607_s19_qp_42.json,7(a),functions,high,607,s,May/Jun,2019,4,calculator,2,Find the height of the stone after 1 second.,1
0607_s19_qp_42.json,7(b)(i),functions,high,607,s,May/Jun,2019,4,calculator,2,"On the diagram, sketch the graph of h = 20t - 4.9t^2 for 0 <= t <= 4.5.",2
0607_s19_qp_42.json,7(b)(ii),functions,high,607,s,May/Jun,2019,4,calculator,2,Complete the statement. The maximum height reached by the stone is ... m when t = ... s.,2
0607_s19_qp_42.json,7(b)(iii),solving quadratic equations,high,607,s,May/Jun,2019,4,calculator,2,Find the length of time the stone is in the air before it hits the ground.,1
0607_s19_qp_42.json,7(b)(iv),solving quadratic equations,high,607,s,May/Jun,2019,4,calculator,2,Find the length of time the stone is more than 18 m above ground level.,3
0607_s19_qp_42.json,8(a),sequences,high,607,s,May/Jun,2019,4,calculator,2,"Find the nth term of the sequence: 7, 14, 21, 28, ...",1
0607_s19_qp_42.json,8(b),sequences,high,607,s,May/Jun,2019,4,calculator,2,"Find the nth term of the sequence: 10, 7, 4, 1, ...",2
0607_s19_qp_42.json,8(c),sequences,high,607,s,May/Jun,2019,4,calculator,2,"Find the nth term of the sequence: 8, 16, 32, 64, ...",2
0607_s19_qp_42.json,8(d),sequences,high,607,s,May/Jun,2019,4,calculator,2,"Find the nth term of the sequence: 2, 6, 12, 20, ...",2
0607_s19_qp_42.json,9(a),statistics,high,607,s,May/Jun,2019,4,calculator,2,Write down the time interval that contains the median.,1
0607_s19_qp_42.json,9(b),statistics,high,607,s,May/Jun,2019,4,calculator,2,Calculate an estimate of the mean.,2
0607_s19_qp_42.json,9(c),statistics,high,607,s,May/Jun,2019,4,calculator,2,Complete the histogram to show the information in the table.,4
0607_s19_qp_42.json,9(d)(i),statistics,high,607,s,May/Jun,2019,4,calculator,2,One of the 240 students is chosen at random. Find the probability that this student took more than 55 minutes to complete the run.,1
0607_s19_qp_42.json,9(d)(ii),probability,high,607,s,May/Jun,2019,4,calculator,2,Two students are chosen at random from the 240 students. Calculate the probability that they both took more than 50 minutes.,2
0607_s19_qp_42.json,9(d)(iii),probability,high,607,s,May/Jun,2019,4,calculator,2,Two students are chosen at random from the 240 students. Complete the statement. The probability that they both had times in the interval ... < t <= ... is 161/1912.,2
0607_s19_qp_42.json,10(a),simultaneous equations,high,607,s,May/Jun,2019,4,calculator,2,Amy buys 3 pencils and 1 ruler and pays 67 cents. Ben buys 2 pencils and 3 rulers and pays 96 cents. Find the cost of 1 pencil and the cost of 1 ruler. You must show all your working.,5
0607_s19_qp_42.json,10(b)(i),expanding and factorising,high,607,s,May/Jun,2019,4,calculator,2,The area of the triangle is the same as the area of the rectangle. Show that 3x^2 - 10x - 48 = 0.,4
0607_s19_qp_42.json,10(b)(ii),expanding and factorising,high,607,s,May/Jun,2019,4,calculator,2,Factorise 3x^2 - 10x - 48.,2
0607_s19_qp_42.json,10(b)(iii),solving quadratic equations,high,607,s,May/Jun,2019,4,calculator,2,Find the area of the triangle.,2
0607_s19_qp_42.json,11(a),trigonometry,high,607,s,May/Jun,2019,4,calculator,2,Calculate DC.,3
0607_s19_qp_42.json,11(b),trigonometry,high,607,s,May/Jun,2019,4,calculator,2,Calculate AB.,3
0607_s19_qp_42.json,11(c),mensuration,high,607,s,May/Jun,2019,4,calculator,2,Calculate the total area of the fields.,3
0607_s19_qp_42.json,11(d),trigonometry,high,607,s,May/Jun,2019,4,calculator,2,Calculate the bearing of A from B.,4
0607_s19_qp_42.json,12(a),functions,high,607,s,May/Jun,2019,4,calculator,2,Find g(3).,1
0607_s19_qp_42.json,12(b),functions,high,607,s,May/Jun,2019,4,calculator,2,Find f(h(2)).,2
0607_s19_qp_42.json,12(c),functions,high,607,s,May/Jun,2019,4,calculator,2,Find g(f(x)) in the form ax^2 + bx + c.,3
0607_s19_qp_42.json,12(d),functions,high,607,s,May/Jun,2019,4,calculator,2,"For some functions, p^-1(x) = p(x). Write down which two functions, f(x), g(x), h(x) or j(x), have this property.",2
0607_s19_qp_42.json,12(e),functions,high,607,s,May/Jun,2019,4,calculator,2,Write h(x) - 1/f(x) as a single fraction in its simplest form.,3
0607_s19_qp_42.json,12(f)(i),logarithms,high,607,s,May/Jun,2019,4,calculator,2,Find j(243).,1
0607_s19_qp_42.json,12(f)(ii),logarithms,high,607,s,May/Jun,2019,4,calculator,2,Find x when j(x) = 1.5.,1
0607_s19_qp_42.json,12(f)(iii),logarithms,high,607,s,May/Jun,2019,4,calculator,2,Find j^-1(x).,2
0607_s19_qp_43.json,1(a),mensuration,high,607,s,May/Jun,2019,4,calculator,3,The diagram shows a cuboid. The volume of this cuboid is 52.5 cm^3. Find the value of h.,2
0607_s19_qp_43.json,1(b),mensuration,high,607,s,May/Jun,2019,4,calculator,3,The diagram shows a pyramid. The area of the base is 500 m^2. The height of the pyramid is 27 m. Find the volume of this pyramid.,2
0607_s19_qp_43.json,2(a)(i),statistics,high,607,s,May/Jun,2019,4,calculator,3,Find the mean physics mark.,1
0607_s19_qp_43.json,2(a)(ii),statistics,high,607,s,May/Jun,2019,4,calculator,3,Find the mean chemistry mark.,1
0607_s19_qp_43.json,2(b),statistics,high,607,s,May/Jun,2019,4,calculator,3,Find the equation of the regression line for y in terms of x.,2
0607_s19_qp_43.json,2(c)(i),statistics,high,607,s,May/Jun,2019,4,calculator,3,"Use your regression line to estimate the chemistry mark when the physics mark is 60,",1
0607_s19_qp_43.json,2(c)(ii),statistics,high,607,s,May/Jun,2019,4,calculator,3,Use your regression line to estimate the chemistry mark when the physics mark is 5.,1
0607_s19_qp_43.json,2(d),statistics,high,607,s,May/Jun,2019,4,calculator,3,"Which physics mark, 60 or 5, is likely to give the most reliable chemistry mark? Give a reason for your answer.",1
0607_s19_qp_43.json,3(a)(i),probability,high,607,s,May/Jun,2019,4,calculator,3,"A student is chosen at random from the 120 students. Calculate the probability that the student chosen is a boy from Class 2,",1
0607_s19_qp_43.json,3(a)(ii),probability,high,607,s,May/Jun,2019,4,calculator,3,A student is chosen at random from the 120 students. Calculate the probability that the student chosen is not from Class 3.,1
0607_s19_qp_43.json,3(b),probability,high,607,s,May/Jun,2019,4,calculator,3,A boy is chosen at random. Calculate the probability that he is from Class 4.,2
0607_s19_qp_43.json,3(c),probability,high,607,s,May/Jun,2019,4,calculator,3,Three students from Class 1 are chosen at random. Calculate the probability 3 girls are chosen.,3
0607_s19_qp_43.json,4(a),functions,high,607,s,May/Jun,2019,4,calculator,3,"On the diagram, sketch the graph of y = f(x) where f(x) = 1 / cos x for values of x between -270 and 270.",3
0607_s19_qp_43.json,4(b),functions,high,607,s,May/Jun,2019,4,calculator,3,Write down the range of f(x).,2
0607_s19_qp_43.json,4(c)(i),functions,high,607,s,May/Jun,2019,4,calculator,3,"On the same diagram, sketch the graph of y = g(x) where g(x) = (720 + x) / (2x) for values of x between -270 and 270.",2
0607_s19_qp_43.json,4(c)(ii),functions,high,607,s,May/Jun,2019,4,calculator,3,Find the values of the x co-ordinates of the points of intersection of the two graphs.,3
0607_s19_qp_43.json,4(c)(iii),functions,high,607,s,May/Jun,2019,4,calculator,3,Find the equation of each asymptote of the graph of y = g(x).,2
0607_s19_qp_43.json,5(a),sets and Venn diagrams,high,607,s,May/Jun,2019,4,calculator,3,List the elements of set A.,1
0607_s19_qp_43.json,5(b),sets and Venn diagrams,high,607,s,May/Jun,2019,4,calculator,3,Write all the elements of U in the correct parts of the Venn diagram above.,3
0607_s19_qp_43.json,5(c),sets and Venn diagrams,high,607,s,May/Jun,2019,4,calculator,3,List the elements of (A ∪ B)'.,1
0607_s19_qp_43.json,5(d),sets and Venn diagrams,high,607,s,May/Jun,2019,4,calculator,3,Find n((B ∪ C)' ∩ A).,1
0607_s19_qp_43.json,6(a)(i),transformations,high,607,s,May/Jun,2019,4,calculator,3,"Find the co-ordinates of the image of the point (5, 1) under the transformation P.",1
0607_s19_qp_43.json,6(a)(ii),transformations,high,607,s,May/Jun,2019,4,calculator,3,"Find the co-ordinates of the image of the point (x, y) under the transformation P followed by the transformation Q.",2
0607_s19_qp_43.json,6(a)(iii),transformations,high,607,s,May/Jun,2019,4,calculator,3,Describe fully the single transformation equivalent to P followed by Q.,2
0607_s19_qp_43.json,6(b),transformations,high,607,s,May/Jun,2019,4,calculator,3,Describe fully the single transformation equivalent to R followed by S.,3
0607_s19_qp_43.json,6(c),transformations,high,607,s,May/Jun,2019,4,calculator,3,Describe fully the single transformation equivalent to the inverse of R.,2
0607_s19_qp_43.json,7(a)(i),topics in arithmetic,high,607,s,May/Jun,2019,4,calculator,3,Sergio invests $2000 at a rate of 3% per year compound interest. Find the value of his investment at the end of 5 years.,3
0607_s19_qp_43.json,7(a)(ii),topics in arithmetic,high,607,s,May/Jun,2019,4,calculator,3,Sergio invests $2000 at a rate of 3% per year compound interest. After how many complete years is the value of his investment greater than $4000?,3
0607_s19_qp_43.json,7(b),topics in arithmetic,high,607,s,May/Jun,2019,4,calculator,3,Anna invests $2000 at a rate of 0.24% per month compound interest. Find the value of her investment at the end of 5 years.,3
0607_s19_qp_43.json,7(c),topics in arithmetic,high,607,s,May/Jun,2019,4,calculator,3,Calculate the monthly compound interest rate that is equal to a compound interest rate of 3% per year.,3
0607_s19_qp_43.json,8(a),functions,high,607,s,May/Jun,2019,4,calculator,3,"On the diagram, sketch the graph of y = f(x), where f(x) = |x^2 - 4| for values of x between -3 and 3.",3
0607_s19_qp_43.json,8(b),functions,high,607,s,May/Jun,2019,4,calculator,3,Write down the equation of the line of symmetry of the graph.,1
0607_s19_qp_43.json,8(c),functions,high,607,s,May/Jun,2019,4,calculator,3,Write down the zeroes of f(x).,1
0607_s19_qp_43.json,8(d)(i),functions,high,607,s,May/Jun,2019,4,calculator,3,Find the value of k when y = k meets the curve y = |x^2 - 4| three times.,1
0607_s19_qp_43.json,8(d)(ii),functions,high,607,s,May/Jun,2019,4,calculator,3,Find the range of values of k when y = k meets the curve y = |x^2 - 4| four times.,2
0607_s19_qp_43.json,9(a)(i),solving linear equations,high,607,s,May/Jun,2019,4,calculator,3,Solve the following equation: 135 / x = 5,1
0607_s19_qp_43.json,9(a)(ii),solving linear equations,high,607,s,May/Jun,2019,4,calculator,3,Solve the following equation: 3x + 5 = 7x + 25,2
0607_s19_qp_43.json,9(a)(iii),solving quadratic equations,high,607,s,May/Jun,2019,4,calculator,3,Solve the following equation: 8x^2 = 11 - 2x,4
0607_s19_qp_43.json,9(b)(i),inequalities,high,607,s,May/Jun,2019,4,calculator,3,Solve the following inequality: 6 - 2x >= 10,2
0607_s19_qp_43.json,9(b)(ii),inequalities,high,607,s,May/Jun,2019,4,calculator,3,Solve the following inequality: 1 / (x - 2) > 3,3
0607_s19_qp_43.json,9(c),simultaneous equations,high,607,s,May/Jun,2019,4,calculator,3,"Solve the simultaneous equations. You must show all your working. 3x + 5y = -3, 5x - 2y = 26",4
0607_s19_qp_43.json,9(d),logarithms,high,607,s,May/Jun,2019,4,calculator,3,Solve the equation: log x + 4 log 2 = log 13,3
0607_s19_qp_43.json,10(a),vectors,high,607,s,May/Jun,2019,4,calculator,3,Write AB as a column vector.,1
0607_s19_qp_43.json,10(b),vectors,high,607,s,May/Jun,2019,4,calculator,3,Calculate the length of the line AB.,2
0607_s19_qp_43.json,10(c),vectors,high,607,s,May/Jun,2019,4,calculator,3,"The point C has co-ordinates (10, k). AB = BC and k >= 0. Show that k = 11.",3
0607_s19_qp_43.json,10(d),straight lines,high,607,s,May/Jun,2019,4,calculator,3,Find the equation of the line that is perpendicular to AC that passes through the midpoint of AC. Give your answer in the form y = mx + c.,4
0607_s19_qp_43.json,10(e),vectors,high,607,s,May/Jun,2019,4,calculator,3,"The points A, B, C and D form a rhombus. Find the co-ordinates of D.",3
0607_s19_qp_43.json,11(a),trigonometry,high,607,s,May/Jun,2019,4,calculator,3,"Show that FB = 4.781 m, correct to 3 decimal places.",2
0607_s19_qp_43.json,11(b),trigonometry,high,607,s,May/Jun,2019,4,calculator,3,Calculate angle FCB.,2
0607_s19_qp_43.json,11(c),trigonometry,high,607,s,May/Jun,2019,4,calculator,3,"Angle CDF = 18°. Show that CD = 8.514, correct to 3 decimal places.",3
0607_s19_qp_43.json,11(d),trigonometry,high,607,s,May/Jun,2019,4,calculator,3,Angle ABC = 78°. Find AD.,3
0607_s19_qp_43.json,11(e),trigonometry,high,607,s,May/Jun,2019,4,calculator,3,Find the area of triangle ABD.,2
0607_s19_qp_43.json,12(a)(i),variation and proportion,high,607,s,May/Jun,2019,4,calculator,3,y varies directly as the square root of (x + 1). y = 8 when x = 24. Find the value of y when x = 15.,3
0607_s19_qp_43.json,12(a)(ii),variation and proportion,high,607,s,May/Jun,2019,4,calculator,3,y varies directly as the square root of (x + 1). y = 8 when x = 24. Find the value of x when y = 16.,2
0607_s19_qp_43.json,12(b)(i),sequences,high,607,s,May/Jun,2019,4,calculator,3,"Find the next term in the sequence: 18, 13, 8, 3, -2, ...",1
0607_s19_qp_43.json,12(b)(ii),sequences,high,607,s,May/Jun,2019,4,calculator,3,"Find the next term in the sequence: 3, 6, 11, 18, 27, ...",1
0607_s19_qp_43.json,12(b)(iii),sequences,high,607,s,May/Jun,2019,4,calculator,3,"Find the next term in the sequence: -1000, 100, -10, 1, ...",1
0607_s19_qp_43.json,12(b)(iv),sequences,high,607,s,May/Jun,2019,4,calculator,3,"Find the next term in the sequence: 0, 0, 0, 6, 24, 60, ...",2
0607_s20_qp_21.json,1,mensuration,high,607,s,May/Jun,2020,2,non_calculator,1,A cuboid has a square base of side 10 cm and a volume of 1200 cm^3. Work out the height of the cuboid.,2
0607_s20_qp_21.json,2(a),vectors,high,607,s,May/Jun,2020,2,non_calculator,1,"p = \begin{pmatrix} 3 \\ -1 \end{pmatrix}, q = \begin{pmatrix} 1 \\ -2 \end{pmatrix}. Find p + q.",1
0607_s20_qp_21.json,2(b),vectors,high,607,s,May/Jun,2020,2,non_calculator,1,"A is the point (2, 7). The point A is translated to the point B by the vector p + q. Find the coordinates of B.",2
0607_s20_qp_21.json,3,topics in arithmetic,high,607,s,May/Jun,2020,2,non_calculator,1,Work out \frac{3}{4} \div 2\frac{1}{2}. Give your answer as a fraction in its lowest terms.,3
0607_s20_qp_21.json,4,topics in arithmetic,high,607,s,May/Jun,2020,2,non_calculator,1,A truck of length 10 m passes a gate of length 2 m. The speed of the truck is 8 m/s. Find the time the truck takes to completely pass the gate.,2
0607_s20_qp_21.json,5,mensuration,high,607,s,May/Jun,2020,2,non_calculator,1,Find the volume of a cone with radius 3 cm and perpendicular height 8 cm. Give your answer in terms of \pi.,2
0607_s20_qp_21.json,6,angles,high,607,s,May/Jun,2020,2,non_calculator,1,Work out the value of x.,3
0607_s20_qp_21.json,7(a),exponents and surds,high,607,s,May/Jun,2020,2,non_calculator,1,Simplify \frac{15w^{15}}{3w^3},2
0607_s20_qp_21.json,7(b),exponents and surds,high,607,s,May/Jun,2020,2,non_calculator,1,Simplify (125y^6)^{\frac{2}{3}},2
0607_s20_qp_21.json,8,solving linear equations,high,607,s,May/Jun,2020,2,non_calculator,1,"A = 2\pi rh + 3\pi r^2. Rearrange the formula to write h in terms of \pi, r and A.",2
0607_s20_qp_21.json,9,circle theorems,high,607,s,May/Jun,2020,2,non_calculator,1,"A, B and C are points on a circle. TA is a tangent to the circle at A. CA = CB and angle BAT = 70°. Work out the value of x.",2
0607_s20_qp_21.json,10,topics in arithmetic,high,607,s,May/Jun,2020,2,non_calculator,1,When Jack sells a computer for $264 he makes a profit of 20%. Work out the price Jack paid for the computer.,2
0607_s20_qp_21.json,11,variation and proportion,high,607,s,May/Jun,2020,2,non_calculator,1,"y is inversely proportional to \sqrt{x}. When x = 9, y = 2. Find y in terms of x.",2
0607_s20_qp_21.json,12,logarithms,high,607,s,May/Jun,2020,2,non_calculator,1,3\log y = 2\log x - \log w. Find y in terms of x and w.,3
0607_s20_qp_21.json,13,exponents and surds,high,607,s,May/Jun,2020,2,non_calculator,1,Rationalise the denominator. \frac{9}{\sqrt{7} - 2},2
0607_s20_qp_21.json,14,straight lines,high,607,s,May/Jun,2020,2,non_calculator,1,"In the diagram, the graph passes through the point (4, 2). Write down the equation of the graph.",2
0607_s20_qp_21.json,15,expanding and factorising,high,607,s,May/Jun,2020,2,non_calculator,1,Simplify \frac{3 - a}{3p - 6t - ap + 2at},3
0607_s20_qp_21.json,16,expanding and factorising,high,607,s,May/Jun,2020,2,non_calculator,1,Write as a single fraction in its simplest form. \frac{1}{x - 3} - \frac{2}{x},3
0607_s20_qp_22.json,1,topics in arithmetic,high,607,s,May/Jun,2020,2,non_calculator,2,From this list write down all the prime numbers. 31 37 39 49 51 53 77 87,2
0607_s20_qp_22.json,2,topics in arithmetic,high,607,s,May/Jun,2020,2,non_calculator,2,Work out 15% of 600.,2
0607_s20_qp_22.json,3(a),topics in arithmetic,high,607,s,May/Jun,2020,2,non_calculator,2,Work out. 0.06 x 0.12,1
0607_s20_qp_22.json,3(b),topics in arithmetic,high,607,s,May/Jun,2020,2,non_calculator,2,Work out. 0.2^3,1
0607_s20_qp_22.json,3(c),topics in arithmetic,high,607,s,May/Jun,2020,2,non_calculator,2,Work out. 0.4 / 0.08,1
0607_s20_qp_22.json,4,topics in arithmetic,high,607,s,May/Jun,2020,2,non_calculator,2,"A bag contains red balls, blue balls and green balls only. There are twice as many blue balls as green balls. There are twice as many red balls as blue balls. There are 16 blue balls in the bag. Find the total number of balls in the bag.",2
0607_s20_qp_22.json,5,solving linear equations,high,607,s,May/Jun,2020,2,non_calculator,2,Dippi buys 5 burgers and 4 bags of chips for a total cost of $8.10. Burgers cost $1.10 each. Find the cost of one bag of chips.,3
0607_s20_qp_22.json,6,angles,high,607,s,May/Jun,2020,2,non_calculator,2,AB is a straight line. Find the value of x.,2
0607_s20_qp_22.json,7(a),exponents and surds,high,607,s,May/Jun,2020,2,non_calculator,2,"Work out the following, giving each answer in standard form. (4.3 x 10^4) x (3 x 10^-4)",2
0607_s20_qp_22.json,7(b),exponents and surds,high,607,s,May/Jun,2020,2,non_calculator,2,"Work out the following, giving each answer in standard form. (6 x 10^-2) + (3 x 10^-3)",2
0607_s20_qp_22.json,8,simultaneous equations,high,607,s,May/Jun,2020,2,non_calculator,2,"Solve the simultaneous equations. 3x + 2y = -1, 7x - y = 26",3
0607_s20_qp_22.json,9,angles,high,607,s,May/Jun,2020,2,non_calculator,2,The interior angle of a regular polygon is 150°. Find the number of sides of this polygon.,3
0607_s20_qp_22.json,10,solving linear equations,high,607,s,May/Jun,2020,2,non_calculator,2,Rearrange the formula to make x the subject. y(x + 4) = 2,2
0607_s20_qp_22.json,11(a),statistics,high,607,s,May/Jun,2020,2,non_calculator,2,"The pie chart shows the favourite sports of all the students at a school. 180 students chose running as their favourite sport. Work out the total number of students at the school,",1
0607_s20_qp_22.json,11(b),statistics,high,607,s,May/Jun,2020,2,non_calculator,2,The pie chart shows the favourite sports of all the students at a school. 180 students chose running as their favourite sport. Work out the number of students that chose football as their favourite sport.,2
0607_s20_qp_22.json,12,expanding and factorising,high,607,s,May/Jun,2020,2,non_calculator,2,Factorise. 2x^2 - 3x - 5,2
0607_s20_qp_22.json,13,inequalities,high,607,s,May/Jun,2020,2,non_calculator,2,Solve. (x - 4)(x + 3) > 0,2
0607_s20_qp_22.json,14,straight lines,high,607,s,May/Jun,2020,2,non_calculator,2,"A is the point (1, 7) and B is the point (4, 13). Find the equation of the perpendicular bisector of AB in the form y = mx + c.",5
0607_s20_qp_22.json,15,trigonometry,high,607,s,May/Jun,2020,2,non_calculator,2,Find the value of x.,2
0607_s20_qp_23.json,1(a),topics in arithmetic,high,607,s,May/Jun,2020,2,non_calculator,3,Write 0.047996 correct to 4 decimal places.,1
0607_s20_qp_23.json,1(b),topics in arithmetic,high,607,s,May/Jun,2020,2,non_calculator,3,Write 60449 correct to 3 significant figures.,1
0607_s20_qp_23.json,2,topics in arithmetic,high,607,s,May/Jun,2020,2,non_calculator,3,Work out 4 1/4 - 1 5/6. Give your answer as a mixed number in its simplest form.,3
0607_s20_qp_23.json,3,exponents and surds,high,607,s,May/Jun,2020,2,non_calculator,3,Simplify. (a^2 * a^5) / a^3,2
0607_s20_qp_23.json,4(a),angles,high,607,s,May/Jun,2020,2,non_calculator,3,Write down the mathematical name of the quadrilateral that has rotational symmetry of order 2 but no lines of symmetry.,1
0607_s20_qp_23.json,4(b),angles,high,607,s,May/Jun,2020,2,non_calculator,3,Write down the mathematical name of the quadrilateral that has exactly one line of symmetry.,1
0607_s20_qp_23.json,5,inequalities,high,607,s,May/Jun,2020,2,non_calculator,3,Solve. 9 - 2x <= 5(x + 6),3
0607_s20_qp_23.json,6(a),probability,high,607,s,May/Jun,2020,2,non_calculator,3,Write down the relative frequency of the spinner landing on 2.,1
0607_s20_qp_23.json,6(b),probability,high,607,s,May/Jun,2020,2,non_calculator,3,Explain why it is reasonable to use your answer to part (a) as the probability of this spinner landing on 2.,1
0607_s20_qp_23.json,6(c),probability,high,607,s,May/Jun,2020,2,non_calculator,3,The spinner is spun 3000 times. Find the expected number of times that the spinner lands on 2.,2
0607_s20_qp_23.json,7,topics in arithmetic,high,607,s,May/Jun,2020,2,non_calculator,3,Divide 96 cm in the ratio 5 : 3.,2
0607_s20_qp_23.json,8,Pythagoras,high,607,s,May/Jun,2020,2,non_calculator,3,"A is the point (-2, 4) and B is the point (7, 1). Find the length of AB giving your answer in its simplest surd form.",4
0607_s20_qp_23.json,9(a),circle theorems,high,607,s,May/Jun,2020,2,non_calculator,3,"Find angle DCB, giving a reason for your answer.",2
0607_s20_qp_23.json,9(b),circle theorems,high,607,s,May/Jun,2020,2,non_calculator,3,Is PBQ a tangent to the circle? Give a reason for your answer.,1
0607_s20_qp_23.json,10,simultaneous equations,high,607,s,May/Jun,2020,2,non_calculator,3,"Solve the simultaneous equations. 2x + 3y = 5, y = 3x + 9",3
0607_s20_qp_23.json,11(a),trigonometry,high,607,s,May/Jun,2020,2,non_calculator,3,Use this information to find sin 110°.,1
0607_s20_qp_23.json,11(b),trigonometry,high,607,s,May/Jun,2020,2,non_calculator,3,Use this information to find tan 320°.,1
0607_s20_qp_23.json,12(a),expanding and factorising,high,607,s,May/Jun,2020,2,non_calculator,3,Factorise completely. 4x^2y - 6xy^2,2
0607_s20_qp_23.json,12(b),expanding and factorising,high,607,s,May/Jun,2020,2,non_calculator,3,Factorise completely. 9x^2 - 1,1
0607_s20_qp_23.json,13(a),logarithms,high,607,s,May/Jun,2020,2,non_calculator,3,Solve. log_x 9 = 2,1
0607_s20_qp_23.json,13(b),logarithms,high,607,s,May/Jun,2020,2,non_calculator,3,Solve. 2 log x - log 4 = log 9,2
0607_s20_qp_23.json,14,variation and proportion,high,607,s,May/Jun,2020,2,non_calculator,3,"y varies inversely as the square root of x. When x = 25, y = 6. Find y in terms of x.",2
0607_s20_qp_23.json,15(a),sets and Venn diagrams,high,607,s,May/Jun,2020,2,non_calculator,3,"On the Venn Diagram, shade the set A ∩ B ∩ C'.",1
0607_s20_qp_23.json,15(b),sets and Venn diagrams,high,607,s,May/Jun,2020,2,non_calculator,3,Use set notation to describe the shaded region.,1
0607_s20_qp_41.json,1(a)(i),transformations,high,607,s,May/Jun,2020,4,calculator,1,Reflect shape T in the y-axis.,1
0607_s20_qp_41.json,1(a)(ii),transformations,high,607,s,May/Jun,2020,4,calculator,1,Translate shape T by the vector \begin{pmatrix} -5 \\ 3 \end{pmatrix}.,2
0607_s20_qp_41.json,1(a)(iii),transformations,high,607,s,May/Jun,2020,4,calculator,1,"Enlarge shape T by scale factor 2, centre (2, 0).",2
0607_s20_qp_41.json,1(b)(i),transformations,high,607,s,May/Jun,2020,4,calculator,1,"Describe fully the single transformation that maps shape T onto shape P,",3
0607_s20_qp_41.json,1(b)(ii),transformations,high,607,s,May/Jun,2020,4,calculator,1,Describe fully the single transformation that maps shape T onto shape Q.,3
0607_s20_qp_41.json,2(a)(i),statistics,high,607,s,May/Jun,2020,4,calculator,1,"These are Tom’s ten homework marks. 8, 7, 10, 8, 9, 5, 8, 10, 6, 8. Find the range,",1
0607_s20_qp_41.json,2(a)(ii),statistics,high,607,s,May/Jun,2020,4,calculator,1,"These are Tom’s ten homework marks. 8, 7, 10, 8, 9, 5, 8, 10, 6, 8. Find the mean,",1
0607_s20_qp_41.json,2(a)(iii),statistics,high,607,s,May/Jun,2020,4,calculator,1,"These are Tom’s ten homework marks. 8, 7, 10, 8, 9, 5, 8, 10, 6, 8. Find the median,",1
0607_s20_qp_41.json,2(a)(iv),statistics,high,607,s,May/Jun,2020,4,calculator,1,"These are Tom’s ten homework marks. 8, 7, 10, 8, 9, 5, 8, 10, 6, 8. Find the upper quartile.",1
0607_s20_qp_41.json,2(b)(i),statistics,high,607,s,May/Jun,2020,4,calculator,1,"The mass, m kg, of each of 120 parcels is recorded. The cumulative frequency curve shows the results. Find the median.",1
0607_s20_qp_41.json,2(b)(ii),statistics,high,607,s,May/Jun,2020,4,calculator,1,"The mass, m kg, of each of 120 parcels is recorded. The cumulative frequency curve shows the results. Find the lower quartile.",1
0607_s20_qp_41.json,2(b)(iii),statistics,high,607,s,May/Jun,2020,4,calculator,1,"The mass, m kg, of each of 120 parcels is recorded. The cumulative frequency curve shows the results. Find the interquartile range.",1
0607_s20_qp_41.json,2(b)(iv),statistics,high,607,s,May/Jun,2020,4,calculator,1,"The mass, m kg, of each of 120 parcels is recorded. The cumulative frequency curve shows the results. Find the number of parcels with a mass of more than 3 kg.",2
0607_s20_qp_41.json,2(b)(v)(a),statistics,high,607,s,May/Jun,2020,4,calculator,1,Use the cumulative frequency curve to complete the frequency table.,3
0607_s20_qp_41.json,2(b)(v)(b),statistics,high,607,s,May/Jun,2020,4,calculator,1,Use the frequency table to calculate an estimate of the mean.,2
0607_s20_qp_41.json,3(a),straight lines,high,607,s,May/Jun,2020,4,calculator,1,"ABCD is a parallelogram. A is the point (3, 1), B is the point (10, 2) and D is the point (2, 3). Find the coordinates of C.",2
0607_s20_qp_41.json,3(b),Pythagoras,high,607,s,May/Jun,2020,4,calculator,1,"ABCD is a parallelogram. A is the point (3, 1), B is the point (10, 2) and D is the point (2, 3). Calculate the length of AB. Give your answer as a surd in its simplest form.",3
0607_s20_qp_41.json,3(c),straight lines,high,607,s,May/Jun,2020,4,calculator,1,"ABCD is a parallelogram. A is the point (3, 1), B is the point (10, 2) and D is the point (2, 3). The diagonals of the parallelogram meet at X. Find the coordinates of X.",2
0607_s20_qp_41.json,3(d),straight lines,high,607,s,May/Jun,2020,4,calculator,1,"ABCD is a parallelogram. A is the point (3, 1), B is the point (10, 2) and D is the point (2, 3). The straight line BA is extended to meet the y-axis at P and the x-axis at Q. Find the coordinates of P and the coordinates of Q.",5
0607_s20_qp_41.json,4(a),sequences,high,607,s,May/Jun,2020,4,calculator,1,"Find the nth term of each sequence. 16, 25, 36, 49, 64, ...",2
0607_s20_qp_41.json,4(b),sequences,high,607,s,May/Jun,2020,4,calculator,1,"Find the nth term of each sequence. 3, 10, 29, 66, 127, ...",2
0607_s20_qp_41.json,4(c),sequences,high,607,s,May/Jun,2020,4,calculator,1,"Find the nth term of each sequence. 64, 32, 16, 8, 4, ...",2
0607_s20_qp_41.json,5(a)(i),expanding and factorising,high,607,s,May/Jun,2020,4,calculator,1,Expand the brackets and simplify. 5(2 - p) - 3(3 + 2p),2
0607_s20_qp_41.json,5(a)(ii),expanding and factorising,high,607,s,May/Jun,2020,4,calculator,1,Expand the brackets and simplify. (7g - 2h)(3g + 11h),3
0607_s20_qp_41.json,5(b)(i),expanding and factorising,high,607,s,May/Jun,2020,4,calculator,1,Factorise completely. 2x^2y^3 - 4x^3y^2,2
0607_s20_qp_41.json,5(b)(ii),expanding and factorising,high,607,s,May/Jun,2020,4,calculator,1,Factorise completely. 49t^2 - 9u^2,2
0607_s20_qp_41.json,5(b)(iii),expanding and factorising,high,607,s,May/Jun,2020,4,calculator,1,Factorise completely. 6d^2 + d - 2,2
0607_s20_qp_41.json,6(a)(i),logarithms,high,607,s,May/Jun,2020,4,calculator,1,"On the diagram, sketch the graph of y = |\log x| for 0 < x \le 5.",2
0607_s20_qp_41.json,6(a)(ii)(a),logarithms,high,607,s,May/Jun,2020,4,calculator,1,Solve the equations. |\log x| = 0.2,2
0607_s20_qp_41.json,6(a)(ii)(b),logarithms,high,607,s,May/Jun,2020,4,calculator,1,Solve the equations. |\log x| = 1 - \frac{x}{4},4
0607_s20_qp_41.json,6(b)(i),logarithms,high,607,s,May/Jun,2020,4,calculator,1,"On the diagram, sketch the graph of y = |\log |x|| for values of x between -5 and 5.",2
0607_s20_qp_41.json,6(b)(ii),logarithms,high,607,s,May/Jun,2020,4,calculator,1,Solve the equation |\log |x|| = 0.2.,2
0607_s20_qp_41.json,6(c),logarithms,high,607,s,May/Jun,2020,4,calculator,1,Write down the range of values of x for which the graph of y = |\log |x|| is the same as the graph of y = \log |x|.,1
0607_s20_qp_41.json,7(a),topics in arithmetic,high,607,s,May/Jun,2020,4,calculator,1,Louis invests $500 at a rate of 2.5% per year simple interest. Calculate the total amount of interest at the end of 8 years.,2
0607_s20_qp_41.json,7(b),topics in arithmetic,high,607,s,May/Jun,2020,4,calculator,1,Martha invests $500 at a rate of 2.4% per year compound interest. Calculate the total amount of interest at the end of 8 years.,4
0607_s20_qp_41.json,7(c),logarithms,high,607,s,May/Jun,2020,4,calculator,1,Naomi invests an amount of money at a rate of 2.1% per year compound interest. Find the number of complete years it takes for the value of Naomi’s investment to double.,4
0607_s20_qp_41.json,7(d),logarithms,high,607,s,May/Jun,2020,4,calculator,1,Oscar invests an amount of money at a rate of r% per year compound interest. At the end of 31 years the value of Oscar’s investment is 2.5 times greater than the original amount of money. Find the value of r.,3
0607_s20_qp_41.json,8(a)(i),probability,high,607,s,May/Jun,2020,4,calculator,1,"When the weather is fine, the probability that Sara goes to the park is 0.9. When the weather is not fine, the probability that Sara goes to the park is 0.2. On any day, the probability that the weather is fine is 0.7. Complete the tree diagram.",3
0607_s20_qp_41.json,8(a)(ii),probability,high,607,s,May/Jun,2020,4,calculator,1,"When the weather is fine, the probability that Sara goes to the park is 0.9. When the weather is not fine, the probability that Sara goes to the park is 0.2. On any day, the probability that the weather is fine is 0.7. Find the probability that, on any day, Sara goes to the park.",3
0607_s20_qp_41.json,8(b)(i),sets and Venn diagrams,high,607,s,May/Jun,2020,4,calculator,1,30 students are asked if they like Mathematics (M) and if they like English (E). The Venn diagram shows the number of students in each subset. Find n(M \cup E)').,1
0607_s20_qp_41.json,8(b)(ii),probability,high,607,s,May/Jun,2020,4,calculator,1,30 students are asked if they like Mathematics (M) and if they like English (E). The Venn diagram shows the number of students in each subset. Two students are chosen at random. Find the probability that they both like Mathematics but not English.,3
0607_s20_qp_41.json,9(a),functions,high,607,s,May/Jun,2020,4,calculator,1,"f(x) = x^3 - 6x^2 + 8x for -0.5 \le x \le 4.5. On the diagram, sketch the graph of y = f(x).",2
0607_s20_qp_41.json,9(b),inequalities,high,607,s,May/Jun,2020,4,calculator,1,f(x) = x^3 - 6x^2 + 8x for -0.5 \le x \le 4.5. Solve the inequality f(x) < 0.,3
0607_s20_qp_41.json,9(c),functions,high,607,s,May/Jun,2020,4,calculator,1,f(x) = x^3 - 6x^2 + 8x for -0.5 \le x \le 4.5. Find the positive value of k when f(x) = k has two different solutions.,2
0607_s20_qp_41.json,10(a),functions,high,607,s,May/Jun,2020,4,calculator,1,"f(x) = 2x + 3, g(x) = 5^x. Find f(g(3)).",2
0607_s20_qp_41.json,10(b),functions,high,607,s,May/Jun,2020,4,calculator,1,"f(x) = 2x + 3, g(x) = 5^x. Find f^{-1}(x).",2
0607_s20_qp_41.json,10(c),exponents and surds,high,607,s,May/Jun,2020,4,calculator,1,"f(x) = 2x + 3, g(x) = 5^x. Find x when g(x) = \frac{1}{25\sqrt{5}}.",2
0607_s20_qp_41.json,10(d),functions,high,607,s,May/Jun,2020,4,calculator,1,"f(x) = 2x + 3, g(x) = 5^x. Find g^{-1}(x).",2
0607_s20_qp_41.json,11(a),trigonometry,high,607,s,May/Jun,2020,4,calculator,1,Calculate the shortest distance from B to AC.,7
0607_s20_qp_41.json,11(b)(i),mensuration,high,607,s,May/Jun,2020,4,calculator,1,"The diagram shows a pyramid on a rectangular base PQRS. The diagonals of the base meet at M and V is vertically above M. PQ = 8 cm, QR = 6 cm and VM = h cm. The volume of the pyramid is 112 cm^3. Show that h = 7.",2
0607_s20_qp_41.json,11(b)(ii),Pythagoras,high,607,s,May/Jun,2020,4,calculator,1,"The diagram shows a pyramid on a rectangular base PQRS. The diagonals of the base meet at M and V is vertically above M. PQ = 8 cm, QR = 6 cm and VM = h cm. The volume of the pyramid is 112 cm^3. Calculate the length of VR.",3
0607_s20_qp_41.json,11(b)(iii),trigonometry,high,607,s,May/Jun,2020,4,calculator,1,"The diagram shows a pyramid on a rectangular base PQRS. The diagonals of the base meet at M and V is vertically above M. PQ = 8 cm, QR = 6 cm and VM = h cm. The volume of the pyramid is 112 cm^3. K is the mid-point of PS and L is the mid-point of QR. Calculate angle KVL.",3
0607_s20_qp_42.json,1(a),statistics,high,607,s,May/Jun,2020,4,calculator,2,Write down the mode.,1
0607_s20_qp_42.json,1(b),statistics,high,607,s,May/Jun,2020,4,calculator,2,Work out the range.,1
0607_s20_qp_42.json,1(c),statistics,high,607,s,May/Jun,2020,4,calculator,2,Find the median.,1
0607_s20_qp_42.json,1(d),statistics,high,607,s,May/Jun,2020,4,calculator,2,Find the interquartile range.,2
0607_s20_qp_42.json,1(e),statistics,high,607,s,May/Jun,2020,4,calculator,2,Calculate the mean.,2
0607_s20_qp_42.json,1(f),probability,high,607,s,May/Jun,2020,4,calculator,2,Two of the students are chosen at random. Find the probability that the difference in their marks is 8.,3
0607_s20_qp_42.json,2(a)(i),transformations,high,607,s,May/Jun,2020,4,calculator,2,Describe fully the single transformation that maps triangle A onto triangle B.,2
0607_s20_qp_42.json,2(a)(ii),transformations,high,607,s,May/Jun,2020,4,calculator,2,Describe fully the single transformation that maps triangle A onto triangle C.,3
0607_s20_qp_42.json,2(b)(i),transformations,high,607,s,May/Jun,2020,4,calculator,2,"Find the image of the point (5, -2) under the transformation P.",1
0607_s20_qp_42.json,2(b)(ii),transformations,high,607,s,May/Jun,2020,4,calculator,2,"Find the image of the point (5, -2) under the transformation Q.",1
0607_s20_qp_42.json,2(b)(iii),transformations,high,607,s,May/Jun,2020,4,calculator,2,Describe fully the single transformation equivalent to P followed by Q.,2
0607_s20_qp_42.json,2(b)(iv),transformations,high,607,s,May/Jun,2020,4,calculator,2,Describe fully the single transformation equivalent to Q followed by P.,2
0607_s20_qp_42.json,3(a)(i),statistics,high,607,s,May/Jun,2020,4,calculator,2,Complete the scatter diagram. The first six points have been plotted for you.,2
0607_s20_qp_42.json,3(a)(ii),statistics,high,607,s,May/Jun,2020,4,calculator,2,What type of correlation is shown by the scatter diagram?,1
0607_s20_qp_42.json,3(b),statistics,high,607,s,May/Jun,2020,4,calculator,2,Find the mean amount of money spent on advertising.,1
0607_s20_qp_42.json,3(c)(i),statistics,high,607,s,May/Jun,2020,4,calculator,2,Find the equation of the regression line for y in terms of x.,2
0607_s20_qp_42.json,3(c)(ii),statistics,high,607,s,May/Jun,2020,4,calculator,2,Use your regression line to estimate the number of tickets sold when Petra spends $130 on advertising.,1
0607_s20_qp_42.json,3(c)(iii),statistics,high,607,s,May/Jun,2020,4,calculator,2,Explain why Petra should not rely on this regression line to estimate the number of tickets she will sell if she spends $500 on advertising.,1
0607_s20_qp_42.json,4(a)(i),mensuration,high,607,s,May/Jun,2020,4,calculator,2,Find the volume of the metal remaining after the cylinder has been removed.,3
0607_s20_qp_42.json,4(a)(ii),topics in arithmetic,high,607,s,May/Jun,2020,4,calculator,2,Write your answer to part (i) in standard form.,1
0607_s20_qp_42.json,4(b),mensuration,high,607,s,May/Jun,2020,4,calculator,2,Find the total surface area of the metal remaining after the cylinder has been removed.,4
0607_s20_qp_42.json,4(c)(i),mensuration,high,607,s,May/Jun,2020,4,calculator,2,Calculate the volume of one sphere.,1
0607_s20_qp_42.json,4(c)(ii),mensuration,high,607,s,May/Jun,2020,4,calculator,2,Calculate the radius of one sphere.,2
0607_s20_qp_42.json,5(a)(i),probability,high,607,s,May/Jun,2020,4,calculator,2,"Calculate the probability that the student chosen is a girl who prefers swimming,",1
0607_s20_qp_42.json,5(a)(ii),probability,high,607,s,May/Jun,2020,4,calculator,2,"Calculate the probability that the student chosen is a boy who does not prefer football,",1
0607_s20_qp_42.json,5(a)(iii),probability,high,607,s,May/Jun,2020,4,calculator,2,Calculate the probability that the student chosen is a student who prefers athletics.,1
0607_s20_qp_42.json,5(b),probability,high,607,s,May/Jun,2020,4,calculator,2,Two of the girls are chosen at random. Calculate the probability they both prefer tennis.,2
0607_s20_qp_42.json,5(c),probability,high,607,s,May/Jun,2020,4,calculator,2,Two of the students who prefer athletics are chosen at random. Calculate the probability that one is a boy and one is a girl.,3
0607_s20_qp_42.json,5(d),probability,high,607,s,May/Jun,2020,4,calculator,2,Three of the 50 students are chosen at random. Calculate the probability that one is a boy and two are girls and they all prefer swimming.,4
0607_s20_qp_42.json,6(a),topics in arithmetic,high,607,s,May/Jun,2020,4,calculator,2,Find how much Herman paid for the motorbike.,3
0607_s20_qp_42.json,6(b),topics in arithmetic,high,607,s,May/Jun,2020,4,calculator,2,"From 2016, the value of the motorbike reduced by 8% each year. Calculate the number of complete years it will take for the value of the motorbike to decrease from $7392 to $5000.",4
0607_s20_qp_42.json,7(a)(i),functions,high,607,s,May/Jun,2020,4,calculator,2,"On the diagram, sketch the graph of y = f(x) for values of x between -6 and 2.",2
0607_s20_qp_42.json,7(a)(ii),functions,high,607,s,May/Jun,2020,4,calculator,2,Write down the coordinates of the points where the graph crosses the axes.,2
0607_s20_qp_42.json,7(a)(iii),functions,high,607,s,May/Jun,2020,4,calculator,2,Write down the equations of the asymptotes of the graph.,2
0607_s20_qp_42.json,7(b),functions,high,607,s,May/Jun,2020,4,calculator,2,"On the diagram, sketch the graph of y = g(x) for -6 <= x <= -1.",2
0607_s20_qp_42.json,7(c),functions,high,607,s,May/Jun,2020,4,calculator,2,Solve the equation f(x) = g(x).,3
0607_s20_qp_42.json,7(d),inequalities,high,607,s,May/Jun,2020,4,calculator,2,Solve the inequality f(x) >= g(x).,2
0607_s20_qp_42.json,8(a)(i),angles,high,607,s,May/Jun,2020,4,calculator,2,"Find the bearing of D from A,",1
0607_s20_qp_42.json,8(a)(ii),angles,high,607,s,May/Jun,2020,4,calculator,2,Find the bearing of A from D.,1
0607_s20_qp_42.json,8(b),trigonometry,high,607,s,May/Jun,2020,4,calculator,2,Calculate angle ABC.,2
0607_s20_qp_42.json,8(c),trigonometry,high,607,s,May/Jun,2020,4,calculator,2,Calculate the area of quadrilateral ABCD.,3
0607_s20_qp_42.json,8(d),trigonometry,high,607,s,May/Jun,2020,4,calculator,2,Calculate CD.,3
0607_s20_qp_42.json,8(e),trigonometry,high,607,s,May/Jun,2020,4,calculator,2,Angle ACD is acute. Find the bearing of D from C.,4
0607_s20_qp_42.json,9(a)(i),functions,high,607,s,May/Jun,2020,4,calculator,2,Find f(2),1
0607_s20_qp_42.json,9(a)(ii),functions,high,607,s,May/Jun,2020,4,calculator,2,Find f(g(4)),2
0607_s20_qp_42.json,9(b),functions,high,607,s,May/Jun,2020,4,calculator,2,Find g(g(-1)),2
0607_s20_qp_42.json,9(c),functions,high,607,s,May/Jun,2020,4,calculator,2,Solve h(f(x)) = 9,3
0607_s20_qp_42.json,9(d),expanding and factorising,high,607,s,May/Jun,2020,4,calculator,2,"Find (f(x))^2 - 1 in terms of x. Give your answer in the form k(ax + b)(cx + d) where a, b, c, d and k are integers.",3
0607_s20_qp_42.json,10,trigonometry,high,607,s,May/Jun,2020,4,calculator,2,Find DC.,6
0607_s20_qp_42.json,11(a)(i),solving linear equations,high,607,s,May/Jun,2020,4,calculator,2,Solve the equations 5 + 2x = 1,2
0607_s20_qp_42.json,11(a)(ii),solving linear equations,high,607,s,May/Jun,2020,4,calculator,2,Solve the equations 6 - 10/x = 1,2
0607_s20_qp_42.json,11(a)(iii),solving linear equations,high,607,s,May/Jun,2020,4,calculator,2,Solve the equations 3(1 - 2x) = 2 - 4(x - 7),3
0607_s20_qp_42.json,11(b)(i),solving quadratic equations,high,607,s,May/Jun,2020,4,calculator,2,Solve 6x^2 = 7 - 3x. Give your answers correct to 3 decimal places. You must show all your working.,4
0607_s20_qp_42.json,11(b)(ii),solving quadratic equations,high,607,s,May/Jun,2020,4,calculator,2,Solve 6y^4 = 7 - 3y^2. Give your answers correct to 3 decimal places.,2
0607_s20_qp_42.json,11(c),logarithms,high,607,s,May/Jun,2020,4,calculator,2,Solve 2 log x + log 5 = 1,4
0607_s20_qp_43.json,1(a),sequences,high,607,s,May/Jun,2020,4,calculator,3,"For each sequence, write down the next two terms and find an expression for the nth term. 15, 11, 7, 3, -1, ...",3
0607_s20_qp_43.json,1(b),sequences,high,607,s,May/Jun,2020,4,calculator,3,"For each sequence, write down the next two terms and find an expression for the nth term. 1, 2, 4, 8, 16, ...",3
0607_s20_qp_43.json,1(c),sequences,high,607,s,May/Jun,2020,4,calculator,3,"For each sequence, write down the next two terms and find an expression for the nth term. 4, 10, 18, 28, 40, ...",3
0607_s20_qp_43.json,2(a),statistics,high,607,s,May/Jun,2020,4,calculator,3,Complete the scatter diagram to show these results. The first five points have been plotted for you.,2
0607_s20_qp_43.json,2(b),statistics,high,607,s,May/Jun,2020,4,calculator,3,What type of correlation is shown in your scatter diagram?,1
0607_s20_qp_43.json,2(c)(i),straight lines,high,607,s,May/Jun,2020,4,calculator,3,Calculate the equation of the regression line in the form y = mx + c.,2
0607_s20_qp_43.json,2(c)(ii),straight lines,high,607,s,May/Jun,2020,4,calculator,3,Use this equation to estimate a mark in the writing test for a student who scored 48 in the speaking test.,1
0607_s20_qp_43.json,3(a)(i),topics in arithmetic,high,607,s,May/Jun,2020,4,calculator,3,Riaz invests $5000 at a rate of 2.5% per year simple interest. Calculate the value of the investment at the end of 4 years.,3
0607_s20_qp_43.json,3(a)(ii),topics in arithmetic,high,607,s,May/Jun,2020,4,calculator,3,Calculate the number of complete years it will take for the value of the investment to be $6500.,2
0607_s20_qp_43.json,3(b)(i),topics in arithmetic,high,607,s,May/Jun,2020,4,calculator,3,Yasmin invests $5000 at a rate of 2% per year compound interest. Calculate the value of Yasmin's investment at the end of 4 years.,3
0607_s20_qp_43.json,3(b)(ii),topics in arithmetic,high,607,s,May/Jun,2020,4,calculator,3,Calculate the number of complete years it will take for the value of Yasmin's investment to first be worth more than $6500.,4
0607_s20_qp_43.json,4(a),functions,high,607,s,May/Jun,2020,4,calculator,3,"On the diagram, sketch the graph of y = f(x) for -3 <= x <= 5.",2
0607_s20_qp_43.json,4(b),functions,high,607,s,May/Jun,2020,4,calculator,3,Solve the equation f(x) = 10.,3
0607_s20_qp_43.json,4(c)(i),functions,high,607,s,May/Jun,2020,4,calculator,3,"Write down the coordinates of the local maximum,",2
0607_s20_qp_43.json,4(c)(ii),functions,high,607,s,May/Jun,2020,4,calculator,3,Write down the coordinates of the local minimum.,1
0607_s20_qp_43.json,4(d),functions,high,607,s,May/Jun,2020,4,calculator,3,f(x) = k has only 1 solution. Find the ranges of values of k.,2
0607_s20_qp_43.json,5(a)(i),transformations,high,607,s,May/Jun,2020,4,calculator,3,A reflection in the line y = 3 maps triangle A onto triangle B. Describe fully the single transformation that maps triangle B onto triangle A.,1
0607_s20_qp_43.json,5(a)(ii),transformations,high,607,s,May/Jun,2020,4,calculator,3,A translation using the vector (5 / -4) maps triangle C onto triangle D. Describe fully the single transformation that maps triangle D onto triangle C.,2
0607_s20_qp_43.json,5(a)(iii),transformations,high,607,s,May/Jun,2020,4,calculator,3,"An enlargement, centre (2, -1), scale factor 3, maps triangle G onto triangle H. Describe fully the single transformation that maps triangle H onto triangle G.",2
0607_s20_qp_43.json,5(b)(i),transformations,high,607,s,May/Jun,2020,4,calculator,3,"Rotate triangle A through 90° anticlockwise, centre (-1, 0). Label the image B.",2
0607_s20_qp_43.json,5(b)(ii),transformations,high,607,s,May/Jun,2020,4,calculator,3,"Enlarge triangle A with scale factor -1/2, centre (1, 3). Label the image C.",2
0607_s20_qp_43.json,5(b)(iii),transformations,high,607,s,May/Jun,2020,4,calculator,3,Describe fully the single transformation that maps triangle A onto triangle D.,3
0607_s20_qp_43.json,6(a)(i),statistics,high,607,s,May/Jun,2020,4,calculator,3,"Use the graph to estimate the median,",1
0607_s20_qp_43.json,6(a)(ii),statistics,high,607,s,May/Jun,2020,4,calculator,3,"Use the graph to estimate the interquartile range,",2
0607_s20_qp_43.json,6(a)(iii),statistics,high,607,s,May/Jun,2020,4,calculator,3,Use the graph to estimate the number of plants over 80 cm in height.,2
0607_s20_qp_43.json,6(b)(i),statistics,high,607,s,May/Jun,2020,4,calculator,3,"On the grid opposite, draw the cumulative frequency curve for the heights of the plants in location B.",3
0607_s20_qp_43.json,6(b)(ii),statistics,high,607,s,May/Jun,2020,4,calculator,3,Use the curves to estimate how many more plants had heights of over 70 cm in location A than in location B.,2
0607_s20_qp_43.json,6(b)(iii),statistics,high,607,s,May/Jun,2020,4,calculator,3,"The heights of the plants in location A are more consistent than the heights of the plants in location B. By comparing the shapes of the curves, explain how you know this is true.",1
0607_s20_qp_43.json,7(a),trigonometry,high,607,s,May/Jun,2020,4,calculator,3,"Show that AB = 8.66 cm, correct to 3 significant figures.",3
0607_s20_qp_43.json,7(b),mensuration,high,607,s,May/Jun,2020,4,calculator,3,Calculate the area of the base of the radio.,4
0607_s20_qp_43.json,7(c),mensuration,high,607,s,May/Jun,2020,4,calculator,3,The height of the radio is 12 cm. Calculate the volume of the radio.,1
0607_s20_qp_43.json,8(a)(i),statistics,high,607,s,May/Jun,2020,4,calculator,3,"Find the range,",1
0607_s20_qp_43.json,8(a)(ii),statistics,high,607,s,May/Jun,2020,4,calculator,3,"Find the median,",1
0607_s20_qp_43.json,8(a)(iii),statistics,high,607,s,May/Jun,2020,4,calculator,3,Find the mean.,2
0607_s20_qp_43.json,8(b)(i),probability,high,607,s,May/Jun,2020,4,calculator,3,"Two of the houses are selected at random. Find the probability that both had exactly one person living in them,",2
0607_s20_qp_43.json,8(b)(ii),probability,high,607,s,May/Jun,2020,4,calculator,3,"Two of the houses are selected at random. Find the probability that one had exactly 2 people living in it and the other had exactly 3 people living in it,",3
0607_s20_qp_43.json,8(b)(iii),probability,high,607,s,May/Jun,2020,4,calculator,3,Two of the houses are selected at random. Find the probability that at least one house had fewer than 5 people living in it.,2
0607_s20_qp_43.json,9(a),straight lines,high,607,s,May/Jun,2020,4,calculator,3,Write down the equation of BC.,1
0607_s20_qp_43.json,9(b),straight lines,high,607,s,May/Jun,2020,4,calculator,3,"Find the coordinates of the point M, the mid-point of AC.",1
0607_s20_qp_43.json,9(c),transformations,high,607,s,May/Jun,2020,4,calculator,3,The quadrilateral ABCD has rotational symmetry of order 2 about the point M. Find the coordinates of the point D.,2
0607_s20_qp_43.json,9(d),straight lines,high,607,s,May/Jun,2020,4,calculator,3,Find the equation of the perpendicular bisector of AC.,4
0607_s20_qp_43.json,10(a),expanding and factorising,high,607,s,May/Jun,2020,4,calculator,3,Show that 8x^2 + 18x - 5 = 0.,5
0607_s20_qp_43.json,10(b),solving quadratic equations,high,607,s,May/Jun,2020,4,calculator,3,Solve 8x^2 + 18x - 5 = 0. You must show all your working.,3
0607_s20_qp_43.json,10(c),mensuration,high,607,s,May/Jun,2020,4,calculator,3,Find the area of each of the triangles.,2
0607_s20_qp_43.json,11(a),trigonometry,high,607,s,May/Jun,2020,4,calculator,3,Calculate BC.,3
0607_s20_qp_43.json,11(b),trigonometry,high,607,s,May/Jun,2020,4,calculator,3,Use the sine rule to calculate angle ABC.,3
0607_s20_qp_43.json,11(c),trigonometry,high,607,s,May/Jun,2020,4,calculator,3,The bearing of C from A is 130°. Find the bearing of B from C.,2
0607_s20_qp_43.json,11(d),trigonometry,high,607,s,May/Jun,2020,4,calculator,3,A ship leaves B at 13 50 and sails in a straight line towards C. Its constant speed is 37 km/h. Find the time when it is at its closest point to A. Give your answer correct to the nearest minute.,5
0607_s20_qp_43.json,12(a),functions,high,607,s,May/Jun,2020,4,calculator,3,Find f(4).,1
0607_s20_qp_43.json,12(b),functions,high,607,s,May/Jun,2020,4,calculator,3,Solve f(x) - g(x) = 5.,2
0607_s20_qp_43.json,12(c),functions,high,607,s,May/Jun,2020,4,calculator,3,Find g^(-1)(x).,2
0607_s20_qp_43.json,12(d),functions,high,607,s,May/Jun,2020,4,calculator,3,Find and simplify f(g(x)).,2
0607_s20_qp_43.json,12(e),functions,high,607,s,May/Jun,2020,4,calculator,3,Simplify 2 / f(x) + 3 / g(x).,3
0607_s21_qp_21.json,1(a),topics in arithmetic,high,607,s,May/Jun,2021,2,non_calculator,1,Work out 3 - 0.018,1
0607_s21_qp_21.json,1(b),topics in arithmetic,high,607,s,May/Jun,2021,2,non_calculator,1,Work out 0.04^2,1
0607_s21_qp_21.json,1(c),topics in arithmetic,high,607,s,May/Jun,2021,2,non_calculator,1,Work out 0.08 / 0.2,1
0607_s21_qp_21.json,2(a),topics in arithmetic,high,607,s,May/Jun,2021,2,non_calculator,1,Write 5249.6 correct to two significant figures.,1
0607_s21_qp_21.json,2(b),topics in arithmetic,high,607,s,May/Jun,2021,2,non_calculator,1,Write 0.0030626 correct to three decimal places.,1
0607_s21_qp_21.json,3(a),topics in arithmetic,high,607,s,May/Jun,2021,2,non_calculator,1,"A car travels 300 metres in 20 seconds. Find the average speed of the car in metres per second,",1
0607_s21_qp_21.json,3(b),topics in arithmetic,high,607,s,May/Jun,2021,2,non_calculator,1,A car travels 300 metres in 20 seconds. Find the average speed of the car in kilometres per hour.,2
0607_s21_qp_21.json,4(a),solving linear equations,high,607,s,May/Jun,2021,2,non_calculator,1,Solve. 2 - 4(5 - 2x) = 0,2
0607_s21_qp_21.json,4(b),solving linear equations,high,607,s,May/Jun,2021,2,non_calculator,1,Solve. |2x - 5| = 9,2
0607_s21_qp_21.json,5(a),exponents and surds,high,607,s,May/Jun,2021,2,non_calculator,1,Find the value of 64^0,1
0607_s21_qp_21.json,5(b),exponents and surds,high,607,s,May/Jun,2021,2,non_calculator,1,Find the value of 64^(1/3),1
0607_s21_qp_21.json,6,angles,high,607,s,May/Jun,2021,2,non_calculator,1,A regular polygon has 30 sides. Find the size of one exterior angle.,2
0607_s21_qp_21.json,7(a),expanding and factorising,high,607,s,May/Jun,2021,2,non_calculator,1,Factorise. 12ax - 2by + 3ay - 8bx,2
0607_s21_qp_21.json,7(b),expanding and factorising,high,607,s,May/Jun,2021,2,non_calculator,1,Factorise. 5x^2 - 6x - 8,2
0607_s21_qp_21.json,8(a),vectors,high,607,s,May/Jun,2021,2,non_calculator,1,Work out vector calculation: (12 / -5) - 5(4 / -1),2
0607_s21_qp_21.json,8(b),vectors,high,607,s,May/Jun,2021,2,non_calculator,1,Work out the magnitude of the vector (3 / -4),2
0607_s21_qp_21.json,9,solving linear equations,high,607,s,May/Jun,2021,2,non_calculator,1,Rearrange this equation to make x the subject: a / (2x - 3) = b / (5x),3
0607_s21_qp_21.json,10(a),trigonometry,high,607,s,May/Jun,2021,2,non_calculator,1,Solve sin x = 1/2 for 0° <= x <= 90°,1
0607_s21_qp_21.json,10(b),trigonometry,high,607,s,May/Jun,2021,2,non_calculator,1,Solve sin x = -1/2 for 0° <= x <= 360°,2
0607_s21_qp_21.json,11,straight lines,high,607,s,May/Jun,2021,2,non_calculator,1,"The points A(2, 8) and B(6, -2) are shown on the diagram. Find the equation of the perpendicular bisector of the line AB. Give your answer in the form y = mx + c.",5
0607_s21_qp_21.json,12(a),probability,high,607,s,May/Jun,2021,2,non_calculator,1,"A bag contains 12 discs. 7 discs are red and 5 discs are green. A disc is picked at random and not replaced. A second disc is then picked at random. Find the probability that both discs are green,",2
0607_s21_qp_21.json,12(b),probability,high,607,s,May/Jun,2021,2,non_calculator,1,A bag contains 12 discs. 7 discs are red and 5 discs are green. A disc is picked at random and not replaced. A second disc is then picked at random. Find the probability that at least one disc is green.,3
0607_s21_qp_22.json,1,topics in arithmetic,high,607,s,May/Jun,2021,2,non_calculator,2,Work out \frac{3.6}{0.04}.,1
0607_s21_qp_22.json,2,statistics,high,607,s,May/Jun,2021,2,non_calculator,2,"These are the masses, in kilograms, of 16 newborn babies.
2.5  3.2  3.8  3.2  1.9  3.4  1.7  4.1
3.0  2.8  4.0  2.7  3.9  2.7  4.1  3.7
Complete the ordered stem-and-leaf diagram for the masses.",2
0607_s21_qp_22.json,3,topics in arithmetic,high,607,s,May/Jun,2021,2,non_calculator,2,Work out 2\frac{1}{2} \div 3\frac{1}{4}. Give your answer as a fraction in its simplest form.,3
0607_s21_qp_22.json,4,topics in arithmetic,medium,607,s,May/Jun,2021,2,non_calculator,2,"Insert two pairs of brackets to make this statement correct.
3 \times 7 - 3 + 4 \times 2 = 32",1
0607_s21_qp_22.json,5,angles,high,607,s,May/Jun,2021,2,non_calculator,2,"ABCD is a straight line and BE is parallel to CF.
Find angle ECF.",2
0607_s21_qp_22.json,6(a),expanding and factorising,high,607,s,May/Jun,2021,2,non_calculator,2,Factorise a^2 - b^2.,1
0607_s21_qp_22.json,6(b),expanding and factorising,high,607,s,May/Jun,2021,2,non_calculator,2,Work out 5.37^2 - 4.63^2.,2
0607_s21_qp_22.json,7,inequalities,high,607,s,May/Jun,2021,2,non_calculator,2,Solve 2x + 3 < 5x - 12.,2
0607_s21_qp_22.json,8,exponents and surds,high,607,s,May/Jun,2021,2,non_calculator,2,Expand and simplify (2\sqrt{3} - 5)(4 + \sqrt{3}).,2
0607_s21_qp_22.json,9,angles,high,607,s,May/Jun,2021,2,non_calculator,2,"The diagram shows part of polygon A and part of polygon B.
A is a regular polygon with n sides.
B is a regular hexagon.
Find the value of n.",3
0607_s21_qp_22.json,10(a),exponents and surds,high,607,s,May/Jun,2021,2,non_calculator,2,"c = 4 \times 10^7, d = 5.8 \times 10^6
Work out, giving your answers in standard form,
c^2",2
0607_s21_qp_22.json,10(b),exponents and surds,high,607,s,May/Jun,2021,2,non_calculator,2,"c = 4 \times 10^7, d = 5.8 \times 10^6
Work out, giving your answers in standard form,
c - d",2
0607_s21_qp_22.json,11,solving linear equations,high,607,s,May/Jun,2021,2,non_calculator,2,"y = \frac{2}{x + 3}
Rearrange the formula to make x the subject.",3
0607_s21_qp_22.json,12,mensuration,high,607,s,May/Jun,2021,2,non_calculator,2,"The area of this sector is 5\pi \text{ cm}^2.
Find the value of x.",3
0607_s21_qp_22.json,13,statistics,high,607,s,May/Jun,2021,2,non_calculator,2,"The heights, h \text{ cm}, of 100 plants are measured.
The table shows the results.
Height, h cm: Frequency
0 < h \le 40 : 15
40 < h \le 80 : 40
80 < h \le 120 : 45
Calculate an estimate for the mean height of the plants.",3
0607_s21_qp_22.json,14,variation and proportion,medium,607,s,May/Jun,2021,2,non_calculator,2,Find the value of k.,3
0607_s21_qp_22.json,15,inequalities,high,607,s,May/Jun,2021,2,non_calculator,2,"The diagram shows the line x + y = 8.
On the diagram, show clearly the region defined by these inequalities.
x + y \le 8, \quad x \ge 2, \quad y \le 3",2
0607_s21_qp_22.json,16,expanding and factorising,high,607,s,May/Jun,2021,2,non_calculator,2,Simplify \frac{x^2y - 3xy}{x^2 - 2x - 3}.,3
0607_s21_qp_23.json,1,topics in arithmetic,high,607,s,May/Jun,2021,2,non_calculator,3,Write 84% as a fraction in its lowest terms.,1
0607_s21_qp_23.json,2,topics in arithmetic,high,607,s,May/Jun,2021,2,non_calculator,3,Work out (1 - 0.8)^2.,1
0607_s21_qp_23.json,3,functions,high,607,s,May/Jun,2021,2,non_calculator,3,Find the value of x^2 - x when x = -3.,1
0607_s21_qp_23.json,4,mensuration,high,607,s,May/Jun,2021,2,non_calculator,3,A quadrilateral has all sides equal and exactly two lines of symmetry. Write down the mathematical name of this quadrilateral.,1
0607_s21_qp_23.json,5,angles,high,607,s,May/Jun,2021,2,non_calculator,3,Find the value of x.,1
0607_s21_qp_23.json,6,sets and Venn diagrams,high,607,s,May/Jun,2021,2,non_calculator,3,"On the Venn diagram, shade A U B.",1
0607_s21_qp_23.json,7,angles,high,607,s,May/Jun,2021,2,non_calculator,3,Find the size of one interior angle of a regular polygon with 20 sides.,3
0607_s21_qp_23.json,8,topics in arithmetic,high,607,s,May/Jun,2021,2,non_calculator,3,Find the value of |-4| + 4.,1
0607_s21_qp_23.json,9,topics in arithmetic,high,607,s,May/Jun,2021,2,non_calculator,3,A van has length 9m. It takes 1 second for the van to completely pass a gate of length 1m. Find the speed of the van. Give your answer in km/h.,2
0607_s21_qp_23.json,10,probability,high,607,s,May/Jun,2021,2,non_calculator,3,"The faces of a die are numbered 1, 1, 2, 3, 3 and 4. When it is rolled it is equally likely to show any face. The die is rolled twice. Find the probability that it shows an odd number both times.",2
0607_s21_qp_23.json,11(a),sequences,high,607,s,May/Jun,2021,2,non_calculator,3,Find the next term.,1
0607_s21_qp_23.json,11(b),sequences,high,607,s,May/Jun,2021,2,non_calculator,3,Find the nth term.,2
0607_s21_qp_23.json,12,expanding and factorising,high,607,s,May/Jun,2021,2,non_calculator,3,"Factorise.
1 + a - c - ac",2
0607_s21_qp_23.json,13(a),Pythagoras,high,607,s,May/Jun,2021,2,non_calculator,3,Find the length of PR.,2
0607_s21_qp_23.json,13(b),similarity,high,607,s,May/Jun,2021,2,non_calculator,3,The triangles are the cross-sections of mathematically similar prisms. The volume of the larger prism is 500 cm^3. Find the volume of the smaller prism.,2
0607_s21_qp_23.json,14,solving linear equations,high,607,s,May/Jun,2021,2,non_calculator,3,"A = P(1 + x)^3
Rearrange the formula to write x in terms of A and P.",3
0607_s21_qp_23.json,15,circle theorems,high,607,s,May/Jun,2021,2,non_calculator,3,"Points Q, R, S and T lie on the circle. AB is a tangent to the circle at T. Angle RTB = 70°. Find angle RQT.",2
0607_s21_qp_23.json,16,variation and proportion,high,607,s,May/Jun,2021,2,non_calculator,3,"p varies inversely as the square root of q. When q = 9, p = 12. Find p when q = 16.",3
0607_s21_qp_23.json,17,exponents and surds,high,607,s,May/Jun,2021,2,non_calculator,3,"Simplify by rationalising the denominator.
3 / (2\sqrt{2} - 1)",2
0607_s21_qp_23.json,18,functions,high,607,s,May/Jun,2021,2,non_calculator,3,"The diagram shows the graph of y = |ax + b|, where a > 0. Find the value of a and the value of b.",2
0607_s21_qp_23.json,19,expanding and factorising,high,607,s,May/Jun,2021,2,non_calculator,3,"Write as a single fraction in its simplest form.
(3 / (x - 2)) - 2",2
0607_s21_qp_23.json,20,logarithms,high,607,s,May/Jun,2021,2,non_calculator,3,"2 log p = 3 log x - log y
Find p in terms of x and y.",3
0607_s21_qp_41.json,1(a),statistics,high,607,s,May/Jun,2021,4,calculator,1,What type of correlation is shown by the data?,1
0607_s21_qp_41.json,1(b),statistics,high,607,s,May/Jun,2021,4,calculator,1,Find the mean of the 10 ticket prices.,1
0607_s21_qp_41.json,1(c)(i),statistics,high,607,s,May/Jun,2021,4,calculator,1,Find the equation of the regression line for y in terms of x.,2
0607_s21_qp_41.json,1(c)(ii),statistics,high,607,s,May/Jun,2021,4,calculator,1,The stadium decides to sell some tickets at a price of $45. Use your answer to part (i) to estimate the number of tickets it will sell at this price.,1
0607_s21_qp_41.json,2(a),transformations,high,607,s,May/Jun,2021,4,calculator,1,Translate triangle A with vector \begin{pmatrix} -3 \\ -5 \end{pmatrix}. Label the image B.,2
0607_s21_qp_41.json,2(b),transformations,high,607,s,May/Jun,2021,4,calculator,1,Describe fully the single transformation that maps triangle B onto triangle A.,2
0607_s21_qp_41.json,2(c),transformations,high,607,s,May/Jun,2021,4,calculator,1,"Rotate triangle A through 90\u00b0 clockwise about (0, 0). Label the image C.",2
0607_s21_qp_41.json,2(d),transformations,high,607,s,May/Jun,2021,4,calculator,1,Reflect triangle A in the line y = x. Label the image D.,2
0607_s21_qp_41.json,2(e),transformations,high,607,s,May/Jun,2021,4,calculator,1,Describe fully the single transformation that maps triangle C onto triangle D.,2
0607_s21_qp_41.json,3(a),sequences,high,607,s,May/Jun,2021,4,calculator,1,"Find the next term and the nth term in the sequence: 13, 18, 23, 28, 33, \u2026",3
0607_s21_qp_41.json,3(b),sequences,high,607,s,May/Jun,2021,4,calculator,1,"Find the next term and the nth term in the sequence: \u20139, \u20136, \u20131, 6, 15, \u2026",3
0607_s21_qp_41.json,3(c),sequences,high,607,s,May/Jun,2021,4,calculator,1,"Find the next term and the nth term in the sequence: 1089, 2178, 3267, 4356, 5445, \u2026",2
0607_s21_qp_41.json,3(d),sequences,high,607,s,May/Jun,2021,4,calculator,1,"Find the next term and the nth term in the sequence: 2, \u20134, 8, \u201316, 32, \u2026",3
0607_s21_qp_41.json,4(a),statistics,high,607,s,May/Jun,2021,4,calculator,1,Calculate an estimate of the mean mark.,2
0607_s21_qp_41.json,4(b),statistics,high,607,s,May/Jun,2021,4,calculator,1,Complete the cumulative frequency table.,1
0607_s21_qp_41.json,4(c),statistics,high,607,s,May/Jun,2021,4,calculator,1,"On the grid, draw a cumulative frequency curve.",3
0607_s21_qp_41.json,4(d)(i),statistics,high,607,s,May/Jun,2021,4,calculator,1,"Use your curve in part (c) to find an estimate for the median mark,",1
0607_s21_qp_41.json,4(d)(ii),statistics,high,607,s,May/Jun,2021,4,calculator,1,Use your curve in part (c) to find an estimate for the interquartile range.,2
0607_s21_qp_41.json,4(e),statistics,high,607,s,May/Jun,2021,4,calculator,1,35% of the students pass the test. Use your curve in part (c) to find an estimate of the minimum mark needed to pass.,2
0607_s21_qp_41.json,5(a)(i),functions,high,607,s,May/Jun,2021,4,calculator,1,"Find f(-2),",1
0607_s21_qp_41.json,5(a)(ii),functions,high,607,s,May/Jun,2021,4,calculator,1,Find h(g(-2)).,2
0607_s21_qp_41.json,5(b),functions,high,607,s,May/Jun,2021,4,calculator,1,Solve f(x) = 7.,2
0607_s21_qp_41.json,5(c),functions,high,607,s,May/Jun,2021,4,calculator,1,Find f(g(x)).,1
0607_s21_qp_41.json,5(d),functions,high,607,s,May/Jun,2021,4,calculator,1,Solve f(x) \u00d7 g(x) + 2h(x) = 0.,3
0607_s21_qp_41.json,5(e),functions,high,607,s,May/Jun,2021,4,calculator,1,Find g^{-1}(x).,2
0607_s21_qp_41.json,5(f)(i),functions,high,607,s,May/Jun,2021,4,calculator,1,"On the diagram, sketch the graph of y = h(x) for values of x between -3 and 3.",2
0607_s21_qp_41.json,5(f)(ii),functions,high,607,s,May/Jun,2021,4,calculator,1,Write down the equation of the line of symmetry of the graph of y = h(x).,1
0607_s21_qp_41.json,5(f)(iii),functions,high,607,s,May/Jun,2021,4,calculator,1,"On the diagram, sketch the graph of y = g(x) for values of x between -3 and 3.",1
0607_s21_qp_41.json,5(f)(iv),inequalities,high,607,s,May/Jun,2021,4,calculator,1,Solve g(x) > h(x).,2
0607_s21_qp_41.json,6(a)(i),topics in arithmetic,high,607,s,May/Jun,2021,4,calculator,1,Find the total amount Piero has in Bank A at the end of 4 years.,3
0607_s21_qp_41.json,6(a)(ii),topics in arithmetic,high,607,s,May/Jun,2021,4,calculator,1,Find the number of complete years it takes for the total amount that Piero has in Bank A to be greater than $10000.,3
0607_s21_qp_41.json,6(b)(i),topics in arithmetic,high,607,s,May/Jun,2021,4,calculator,1,Find the total amount Piero has in Bank B at the end of 4 years.,2
0607_s21_qp_41.json,6(b)(ii),topics in arithmetic,high,607,s,May/Jun,2021,4,calculator,1,Find the number of complete years it takes for the total amount that Piero has in Bank B to be greater than $10000.,4
0607_s21_qp_41.json,6(c),topics in arithmetic,high,607,s,May/Jun,2021,4,calculator,1,"By sketching suitable graphs, find the number of complete years it takes for the total amount that Piero has in Bank B to be greater than the total amount in Bank A.",4
0607_s21_qp_41.json,7(a),simultaneous equations,high,607,s,May/Jun,2021,4,calculator,1,"Solve the simultaneous equations. You must show all your working. 7x + 2y = 8, 2x - 3y = 13",4
0607_s21_qp_41.json,7(b)(i),solving linear equations,high,607,s,May/Jun,2021,4,calculator,1,Solve 3x - 4 = -19,2
0607_s21_qp_41.json,7(b)(ii),solving linear equations,high,607,s,May/Jun,2021,4,calculator,1,Solve 15 - 5x = 7 - 3x,2
0607_s21_qp_41.json,7(b)(iii),solving linear equations,high,607,s,May/Jun,2021,4,calculator,1,Solve \frac{28}{x + 1} = -4,2
0607_s21_qp_41.json,7(c),logarithms,high,607,s,May/Jun,2021,4,calculator,1,3\log p - \log q - \log 8 = 2\log x. Find x in terms of p and q.,3
0607_s21_qp_41.json,8(a),probability,high,607,s,May/Jun,2021,4,calculator,1,"Find the probability that spinner A stops on a number less than 4,",1
0607_s21_qp_41.json,8(b),probability,high,607,s,May/Jun,2021,4,calculator,1,"Find the probability that spinner B stops on 6,",1
0607_s21_qp_41.json,8(c),probability,high,607,s,May/Jun,2021,4,calculator,1,"Find the probability that spinner A and spinner B both stop on the same number,",2
0607_s21_qp_41.json,8(d),probability,high,607,s,May/Jun,2021,4,calculator,1,"Find the probability that one number is prime and one number is not prime,",3
0607_s21_qp_41.json,8(e),probability,high,607,s,May/Jun,2021,4,calculator,1,Find the probability that the sum of the numbers is a multiple of 3.,2
0607_s21_qp_41.json,9(a),mensuration,high,607,s,May/Jun,2021,4,calculator,1,Find the perimeter of the quadrilateral CDFE.,3
0607_s21_qp_41.json,9(b)(i),mensuration,high,607,s,May/Jun,2021,4,calculator,1,Find the area of the quadrilateral CDFE.,3
0607_s21_qp_41.json,9(b)(ii),similarity,high,607,s,May/Jun,2021,4,calculator,1,Quadrilateral Q is similar to quadrilateral CDFE. The area of quadrilateral Q is 158cm^2. Find the length of the shortest side of quadrilateral Q.,2
0607_s21_qp_41.json,9(c),trigonometry,high,607,s,May/Jun,2021,4,calculator,1,Calculate angle AFE.,2
0607_s21_qp_41.json,10(a)(i),circle theorems,high,607,s,May/Jun,2021,4,calculator,1,"Find the value of angle ABD,",1
0607_s21_qp_41.json,10(a)(ii),circle theorems,high,607,s,May/Jun,2021,4,calculator,1,"Find the value of angle ACB,",1
0607_s21_qp_41.json,10(a)(iii),circle theorems,high,607,s,May/Jun,2021,4,calculator,1,"Find the value of angle ADB,",1
0607_s21_qp_41.json,10(a)(iv),circle theorems,high,607,s,May/Jun,2021,4,calculator,1,"Find the value of angle BAD,",1
0607_s21_qp_41.json,10(a)(v),circle theorems,high,607,s,May/Jun,2021,4,calculator,1,Find the value of angle APB.,1
0607_s21_qp_41.json,10(b),circle theorems,high,607,s,May/Jun,2021,4,calculator,1,The radius of the circle is 11 cm. Find the area of triangle ABD.,5
0607_s21_qp_41.json,11(a),logarithms,high,607,s,May/Jun,2021,4,calculator,1,"Using a suitable sketch, solve 5^x = 10.",3
0607_s21_qp_41.json,11(b),solving quadratic equations,high,607,s,May/Jun,2021,4,calculator,1,Solve 6x - 1 = \frac{5 + x}{2x + 3}. You must show all your working.,5
0607_s21_qp_42.json,1(a),topics in arithmetic,high,607,s,May/Jun,2021,4,calculator,2,The total cost of making a chair is $250. Total cost = cost of materials + $26 for each hour worked. Ernst works for 6 1/2 hours to make a chair. Calculate the cost of the materials as a percentage of the total cost of $250.,3
0607_s21_qp_42.json,1(b),topics in arithmetic,high,607,s,May/Jun,2021,4,calculator,2,Ernst sells the chairs to a shop. The shop makes 24% profit when they sell a chair for $396.80. Calculate the amount the shop pays Ernst for a chair.,2
0607_s21_qp_42.json,1(c),topics in arithmetic,high,607,s,May/Jun,2021,4,calculator,2,"In a sale the shop reduces the price, $396.80, of each chair by 3% each day until it is sold. Find the number of days until the price first goes below $200.",4
0607_s21_qp_42.json,2(a)(i),transformations,high,607,s,May/Jun,2021,4,calculator,2,"Rotate triangle A 90° anticlockwise about (-1, 2).",2
0607_s21_qp_42.json,2(a)(ii),transformations,high,607,s,May/Jun,2021,4,calculator,2,Describe fully the single transformation that maps triangle A onto triangle B.,3
0607_s21_qp_42.json,2(b),transformations,high,607,s,May/Jun,2021,4,calculator,2,Describe fully the single transformation that is equivalent to reflection in x = 3 followed by reflection in x = 7.,2
0607_s21_qp_42.json,3(a),statistics,high,607,s,May/Jun,2021,4,calculator,2,Write down the modal group.,1
0607_s21_qp_42.json,3(b),statistics,high,607,s,May/Jun,2021,4,calculator,2,Write down the class which contains the lower quartile.,1
0607_s21_qp_42.json,3(c),statistics,high,607,s,May/Jun,2021,4,calculator,2,Maria says that the range of masses is 80kg. Explain why she is incorrect.,1
0607_s21_qp_42.json,3(d),statistics,high,607,s,May/Jun,2021,4,calculator,2,Draw an accurate pie chart to show this information.,4
0607_s21_qp_42.json,4(a),functions,high,607,s,May/Jun,2021,4,calculator,2,"On the diagram, sketch the graph of y = f(x) for -5 <= x <= 5.",2
0607_s21_qp_42.json,4(b),functions,high,607,s,May/Jun,2021,4,calculator,2,Solve the equation f(x) = 6.,2
0607_s21_qp_42.json,4(c),inequalities,high,607,s,May/Jun,2021,4,calculator,2,Solve f(x) > 6.,3
0607_s21_qp_42.json,4(d),functions,high,607,s,May/Jun,2021,4,calculator,2,Find the values of k for which f(x) = k has exactly two solutions.,2
0607_s21_qp_42.json,5(a),Pythagoras,high,607,s,May/Jun,2021,4,calculator,2,Show that PC = 22.36m correct to 2 decimal places.,2
0607_s21_qp_42.json,5(b),trigonometry,high,607,s,May/Jun,2021,4,calculator,2,Show that AB = 14.28m correct to 2 decimal places.,2
0607_s21_qp_42.json,5(c),trigonometry,high,607,s,May/Jun,2021,4,calculator,2,Calculate AP.,2
0607_s21_qp_42.json,5(d),trigonometry,high,607,s,May/Jun,2021,4,calculator,2,Angle ABC = 125°. Calculate AC.,3
0607_s21_qp_42.json,5(e),trigonometry,high,607,s,May/Jun,2021,4,calculator,2,Calculate angle APC.,3
0607_s21_qp_42.json,6(a)(i),statistics,high,607,s,May/Jun,2021,4,calculator,2,"Use the curve to estimate the median time for runner A,",1
0607_s21_qp_42.json,6(a)(ii),statistics,high,607,s,May/Jun,2021,4,calculator,2,"Use the curve to estimate the interquartile range for runner A,",2
0607_s21_qp_42.json,6(a)(iii),statistics,high,607,s,May/Jun,2021,4,calculator,2,Use the curve to estimate the 80th percentile for runner A.,2
0607_s21_qp_42.json,6(b)(i),statistics,high,607,s,May/Jun,2021,4,calculator,2,"In the same 160 races, runner B has a median time of 31.7 minutes and an interquartile range of 1 minute. One of the runners is to be selected for a team. Give one reason why it may be better to select runner B.",1
0607_s21_qp_42.json,6(b)(ii),statistics,high,607,s,May/Jun,2021,4,calculator,2,Give one reason why it may be better to select runner A.,1
0607_s21_qp_42.json,7(a),solving linear equations,high,607,s,May/Jun,2021,4,calculator,2,"Write down an expression for the time, in hours, it takes to drive the 200km.",1
0607_s21_qp_42.json,7(b),solving quadratic equations,high,607,s,May/Jun,2021,4,calculator,2,"For the remainder of the journey, Roisin is in heavy traffic and her average speed is 40km/h less than for the first 200km. The total time for the journey is 3 1/2 hours. Show that 7x^2 - 780x + 16000 = 0.",4
0607_s21_qp_42.json,7(c),solving quadratic equations,high,607,s,May/Jun,2021,4,calculator,2,Solve the equation 7x^2 - 780x + 16000 = 0 to find the time taken to travel the first 200km. Give your answer in hours and minutes correct to the nearest minute.,5
0607_s21_qp_42.json,8(a)(i),variation and proportion,high,607,s,May/Jun,2021,4,calculator,2,"y is inversely proportional to the square root of x. When x = 25, y = 0.05. Show that y = 1 / (4∑∑) [Note: actual formula is 1 / (4∑∑x)] Show that y = 1 / (4∑∑x).",2
0607_s21_qp_42.json,8(a)(ii),variation and proportion,high,607,s,May/Jun,2021,4,calculator,2,Find y when x = 9.,1
0607_s21_qp_42.json,8(a)(iii),variation and proportion,high,607,s,May/Jun,2021,4,calculator,2,Find x in terms of y.,2
0607_s21_qp_42.json,8(a)(iv),variation and proportion,high,607,s,May/Jun,2021,4,calculator,2,Find x when y = 1/2.,1
0607_s21_qp_42.json,8(b),variation and proportion,high,607,s,May/Jun,2021,4,calculator,2,"b is inversely proportional to a^3. When a = P, b = 24. Find b when a = 2P.",2
0607_s21_qp_42.json,9(a),mensuration,high,607,s,May/Jun,2021,4,calculator,2,Calculate the curved surface area of the cup.,3
0607_s21_qp_42.json,9(b)(i),similarity,high,607,s,May/Jun,2021,4,calculator,2,The cup is filled with water. A metal sphere of radius r cm is lowered into the cup. The top of the sphere is level with the surface of the water. Use similar triangles to show that r = 3.33 cm correct to 3 significant figures.,3
0607_s21_qp_42.json,9(b)(ii),mensuration,high,607,s,May/Jun,2021,4,calculator,2,Calculate the volume of the water in the cup.,3
0607_s21_qp_42.json,10(a),probability,high,607,s,May/Jun,2021,4,calculator,2,Complete the tree diagram to show the probabilities of the three methods of travel.,2
0607_s21_qp_42.json,10(b)(i),probability,high,607,s,May/Jun,2021,4,calculator,2,"Calculate the probability that, on any day, Hua walks to school,",3
0607_s21_qp_42.json,10(b)(ii),probability,high,607,s,May/Jun,2021,4,calculator,2,"Calculate the probability that, on any day, Hua does not cycle.",3
0607_s21_qp_42.json,10(c),probability,high,607,s,May/Jun,2021,4,calculator,2,Last week it rained every day of the 5 school days. Calculate the probability that Hua travelled by bus on exactly 4 of the 5 days.,3
0607_s21_qp_42.json,11(a),straight lines,high,607,s,May/Jun,2021,4,calculator,2,"A is the point (-2, 4) and B is the point (8, -1). P divides AB in the ratio 3 : 2. Show that the coordinates of P are (4, 1).",2
0607_s21_qp_42.json,11(b),straight lines,high,607,s,May/Jun,2021,4,calculator,2,The line L is perpendicular to AB and passes through P. Find the equation of line L.,4
0607_s21_qp_42.json,11(c),straight lines,high,607,s,May/Jun,2021,4,calculator,2,"The point C has coordinates (6, 5). Show that point C lies on line L.",1
0607_s21_qp_42.json,11(d)(i),Pythagoras,high,607,s,May/Jun,2021,4,calculator,2,Find the distance AB. Give your answer in surd form.,2
0607_s21_qp_42.json,11(d)(ii),straight lines,high,607,s,May/Jun,2021,4,calculator,2,Calculate the area of triangle ABC.,3
0607_s21_qp_42.json,12(a),functions,high,607,s,May/Jun,2021,4,calculator,2,Find f(4).,1
0607_s21_qp_42.json,12(b),functions,high,607,s,May/Jun,2021,4,calculator,2,Solve g(x) = 4.,3
0607_s21_qp_42.json,12(c),functions,high,607,s,May/Jun,2021,4,calculator,2,Find f^(-1)(x).,2
0607_s21_qp_42.json,12(d),functions,high,607,s,May/Jun,2021,4,calculator,2,Find g(f(x)). Write your answer as a single fraction in its simplest form.,2
0607_s21_qp_42.json,12(e),functions,high,607,s,May/Jun,2021,4,calculator,2,Find f(x) - g(x). Write your answer as a single fraction in its simplest form.,3
0607_s21_qp_42.json,13(a),functions,high,607,s,May/Jun,2021,4,calculator,2,"On the diagram, sketch the graph of y = f(x) for values of x between -5 and 5.",3
0607_s21_qp_42.json,13(b),functions,high,607,s,May/Jun,2021,4,calculator,2,Find the equations of the asymptotes parallel to the y-axis.,2
0607_s21_qp_42.json,13(c),solving quadratic equations,high,607,s,May/Jun,2021,4,calculator,2,Solve f(x) = 2x + 3.,3
0607_s21_qp_43.json,1(a),functions,high,607,s,May/Jun,2021,4,calculator,3,"On the diagram, sketch the graph of y = f(x) for values of x between -5 and 5.",2
0607_s21_qp_43.json,1(b),functions,high,607,s,May/Jun,2021,4,calculator,3,Find the zeros of f(x).,2
0607_s21_qp_43.json,1(c),functions,high,607,s,May/Jun,2021,4,calculator,3,Solve the equation f(x) = 2.,2
0607_s21_qp_43.json,1(d)(i),functions,high,607,s,May/Jun,2021,4,calculator,3,"On the same diagram, sketch the graph of y = g(x) for values of x between -5 and 5.",2
0607_s21_qp_43.json,1(d)(ii),transformations,high,607,s,May/Jun,2021,4,calculator,3,Describe fully the single transformation that maps the graph of y = f(x) onto the graph of y = g(x).,2
0607_s21_qp_43.json,2(a),topics in arithmetic,high,607,s,May/Jun,2021,4,calculator,3,Increase $55 by 250%.,2
0607_s21_qp_43.json,2(b)(i),topics in arithmetic,high,607,s,May/Jun,2021,4,calculator,3,Beatrice invests $500 at a rate of 1.5% per year simple interest. Find the amount Beatrice has at the end of 12 years.,3
0607_s21_qp_43.json,2(b)(ii),topics in arithmetic,high,607,s,May/Jun,2021,4,calculator,3,Dan invests $500 at a rate of 1.5% per year compound interest. Find the difference between Dan’s amount and Beatrice’s amount at the end of 12 years.,3
0607_s21_qp_43.json,2(c),topics in arithmetic,high,607,s,May/Jun,2021,4,calculator,3,Eva invests an amount of money at a rate of 2.1% per year compound interest. Find the number of complete years it takes for Eva’s investment to double in value.,4
0607_s21_qp_43.json,2(d),topics in arithmetic,high,607,s,May/Jun,2021,4,calculator,3,Each year the value of Fred’s car reduces by 15% of its value at the start of that year. The value of the car is now $5158.65. Find the value of Fred’s car 3 years ago.,3
0607_s21_qp_43.json,3(a),straight lines,high,607,s,May/Jun,2021,4,calculator,3,Find the equation of BC.,4
0607_s21_qp_43.json,3(b),straight lines,high,607,s,May/Jun,2021,4,calculator,3,"C is the point (p, 14). Find the value of p.",2
0607_s21_qp_43.json,3(c),straight lines,high,607,s,May/Jun,2021,4,calculator,3,Find the coordinates of point D.,2
0607_s21_qp_43.json,3(d),mensuration,high,607,s,May/Jun,2021,4,calculator,3,Find the area of rectangle ABCD.,4
0607_s21_qp_43.json,4(a),mensuration,high,607,s,May/Jun,2021,4,calculator,3,Calculate the total surface area of the solid.,5
0607_s21_qp_43.json,4(b)(i),mensuration,high,607,s,May/Jun,2021,4,calculator,3,Find the greatest number of spheres that can be made.,3
0607_s21_qp_43.json,4(b)(ii),mensuration,high,607,s,May/Jun,2021,4,calculator,3,Work out the percentage of the 2050pi/3 cm³ that remains after the spheres have been made.,3
0607_s21_qp_43.json,5(a),statistics,high,607,s,May/Jun,2021,4,calculator,3,Calculate an estimate of the mean height.,2
0607_s21_qp_43.json,5(b),statistics,high,607,s,May/Jun,2021,4,calculator,3,"A biased die in the shape of a cube is numbered 0, 1, 1, 2, 3 and 3. It is rolled 100 times. The table shows the results. The mean score is 2.13. Find the value of x and the value of y.",3
0607_s21_qp_43.json,6(a)(i),statistics,high,607,s,May/Jun,2021,4,calculator,3,Write down the type of correlation between the Physics and Chemistry marks.,1
0607_s21_qp_43.json,6(a)(ii),statistics,high,607,s,May/Jun,2021,4,calculator,3,"Find the equation of the line of regression, giving y in terms of x.",2
0607_s21_qp_43.json,6(a)(iii),statistics,high,607,s,May/Jun,2021,4,calculator,3,Student K scores 70 in the Physics test. Use your answer to part (a)(ii) to estimate this student’s mark in Chemistry.,1
0607_s21_qp_43.json,6(b)(i),statistics,high,607,s,May/Jun,2021,4,calculator,3,Find the range.,1
0607_s21_qp_43.json,6(b)(ii),statistics,high,607,s,May/Jun,2021,4,calculator,3,Find the median.,1
0607_s21_qp_43.json,6(b)(iii),statistics,high,607,s,May/Jun,2021,4,calculator,3,Find the lower quartile.,1
0607_s21_qp_43.json,7(a),angles,high,607,s,May/Jun,2021,4,calculator,3,"In triangle ABC, AC = BC, angle ABC = (x + 5)° and angle ACB = 8x°. Find the value of x.",3
0607_s21_qp_43.json,7(b),solving quadratic equations,high,607,s,May/Jun,2021,4,calculator,3,The diagram shows a rectangle with sides of length (p + 1) and (p - 2). The area of the rectangle is 90 cm². Find the value of p.,4
0607_s21_qp_43.json,7(c),Pythagoras,high,607,s,May/Jun,2021,4,calculator,3,The diagram shows a right-angled triangle. Find the value of y.,3
0607_s21_qp_43.json,7(d),Pythagoras,high,607,s,May/Jun,2021,4,calculator,3,"The diagram shows a right-angled triangle with sides of length (w + 1), (2w + 3) and sqrt(13). Work out the area of the triangle.",6
0607_s21_qp_43.json,8(a),trigonometry,high,607,s,May/Jun,2021,4,calculator,3,"Calculate angle BCA and show that it rounds to 59.57°, correct to 2 decimal places.",3
0607_s21_qp_43.json,8(b),trigonometry,high,607,s,May/Jun,2021,4,calculator,3,Find the area of quadrilateral ABCD.,3
0607_s21_qp_43.json,8(c),trigonometry,high,607,s,May/Jun,2021,4,calculator,3,Find the shortest distance from A to BC.,2
0607_s21_qp_43.json,8(d),trigonometry,high,607,s,May/Jun,2021,4,calculator,3,D is due north of B. Find the bearing of B from C.,6
0607_s21_qp_43.json,9(a),functions,high,607,s,May/Jun,2021,4,calculator,3,"On the diagram, sketch the graph of y = f(x) for 0 < x <= 2.5.",2
0607_s21_qp_43.json,9(b),functions,high,607,s,May/Jun,2021,4,calculator,3,Find the coordinates of the local minimum point.,2
0607_s21_qp_43.json,9(c)(i),functions,high,607,s,May/Jun,2021,4,calculator,3,Find x when f(x) = 3x.,3
0607_s21_qp_43.json,9(c)(ii),inequalities,high,607,s,May/Jun,2021,4,calculator,3,Solve f(x) >= 3x.,2
0607_s21_qp_43.json,10(a)(i),probability,high,607,s,May/Jun,2021,4,calculator,3,"Find the probability that, on any day, Kris is late for school.",3
0607_s21_qp_43.json,10(a)(ii),probability,high,607,s,May/Jun,2021,4,calculator,3,"Find the probability that, on any day, Kris is not late for school.",1
0607_s21_qp_43.json,10(a)(iii),probability,high,607,s,May/Jun,2021,4,calculator,3,"In one year, Kris attends school on 200 days. Find the number of days Kris is expected not to be late.",1
0607_s21_qp_43.json,10(b),probability,high,607,s,May/Jun,2021,4,calculator,3,Alex also goes to school by bus or by taxi. The probability that Alex goes by bus is 0.8. The probability that Alex goes by bus and is late is 0.12. Find the probability that Alex is late when he goes by bus.,2
0607_s21_qp_43.json,11(a)(i),functions,high,607,s,May/Jun,2021,4,calculator,3,Find f(2).,1
0607_s21_qp_43.json,11(a)(ii),functions,high,607,s,May/Jun,2021,4,calculator,3,Find f(g(3)).,2
0607_s21_qp_43.json,11(a)(iii),functions,high,607,s,May/Jun,2021,4,calculator,3,Find the value of h(g(3)) / g(h(3)).,3
0607_s21_qp_43.json,11(a)(iv),functions,high,607,s,May/Jun,2021,4,calculator,3,Find f^(-1)(x).,2
0607_s21_qp_43.json,11(a)(v),functions,high,607,s,May/Jun,2021,4,calculator,3,Find h^(-1)(x).,2
0607_s21_qp_43.json,11(b)(i),logarithms,high,607,s,May/Jun,2021,4,calculator,3,Find the value of log_3 81 - log_9 (1/3).,2
0607_s21_qp_43.json,11(b)(ii),logarithms,high,607,s,May/Jun,2021,4,calculator,3,log_b 25 = 2/3. Find the value of b.,2
0607_s22_qp_21.json,1,inequalities,high,607,s,May/Jun,2022,2,non_calculator,1,"On the number line, show the inequality -2 <= x < 3.",2
0607_s22_qp_21.json,2,topics in arithmetic,high,607,s,May/Jun,2022,2,non_calculator,1,Work out 4 * (6 / -2).,1
0607_s22_qp_21.json,3(a),topics in arithmetic,high,607,s,May/Jun,2022,2,non_calculator,1,"From the list of numbers: 21, 24, 25, 27, 29, 39, 48, write down the prime number.",1
0607_s22_qp_21.json,3(b),topics in arithmetic,high,607,s,May/Jun,2022,2,non_calculator,1,"From the list of numbers: 21, 24, 25, 27, 29, 39, 48, write down the cube number.",1
0607_s22_qp_21.json,4,expanding and factorising,high,607,s,May/Jun,2022,2,non_calculator,1,Factorise x^3 - 2x.,1
0607_s22_qp_21.json,5(a),topics in arithmetic,high,607,s,May/Jun,2022,2,non_calculator,1,Write 7.29784 correct to 3 significant figures.,1
0607_s22_qp_21.json,5(b),topics in arithmetic,high,607,s,May/Jun,2022,2,non_calculator,1,Write 0.00000306 in standard form.,1
0607_s22_qp_21.json,6(a),solving linear equations,high,607,s,May/Jun,2022,2,non_calculator,1,Solve 4x = 28.,1
0607_s22_qp_21.json,6(b),solving linear equations,high,607,s,May/Jun,2022,2,non_calculator,1,Solve 3(a - 6) = 24.,2
0607_s22_qp_21.json,7(a),probability,high,607,s,May/Jun,2022,2,non_calculator,1,"Karen has 3 blue hats, 5 red hats and 2 white hats. She also has 4 blue scarves, 3 red scarves and 1 white scarf. Karen takes a hat at random and replaces it. Find the probability that it is white.",1
0607_s22_qp_21.json,7(b),probability,high,607,s,May/Jun,2022,2,non_calculator,1,"Karen has 3 blue hats, 5 red hats and 2 white hats. She also has 4 blue scarves, 3 red scarves and 1 white scarf. Karen takes a hat and a scarf at random. Find the probability that both the hat and the scarf are blue.",2
0607_s22_qp_21.json,8,exponents and surds,high,607,s,May/Jun,2022,2,non_calculator,1,Find the value of 49^(-1/2).,1
0607_s22_qp_21.json,9,topics in arithmetic,high,607,s,May/Jun,2022,2,non_calculator,1,Write 90 as the product of its prime factors.,2
0607_s22_qp_21.json,10,vectors,high,607,s,May/Jun,2022,2,non_calculator,1,"Find the magnitude of the vector (2, 6). Give your answer in simplest surd form.",2
0607_s22_qp_21.json,11(a),sets and Venn diagrams,high,607,s,May/Jun,2022,2,non_calculator,1,Shade P U Q.,1
0607_s22_qp_21.json,11(b),sets and Venn diagrams,high,607,s,May/Jun,2022,2,non_calculator,1,Describe the shaded area using set notation.,1
0607_s22_qp_21.json,11(c),sets and Venn diagrams,high,607,s,May/Jun,2022,2,non_calculator,1,The Venn diagram shows the number of elements in each subset. Find n((B' n C) n A).,1
0607_s22_qp_21.json,12(a),circle theorems,high,607,s,May/Jun,2022,2,non_calculator,1,"A, B, C, and D are points on a circle. Angle DAC = 32°. BC = DC. Find angle BCD.",2
0607_s22_qp_21.json,12(b),circle theorems,high,607,s,May/Jun,2022,2,non_calculator,1,"A, B and C are points on the circle centre O. ECD is a tangent to the circle at C. Angle ACE = 42°. Find angle AOC.",2
0607_s22_qp_21.json,13(a),exponents and surds,high,607,s,May/Jun,2022,2,non_calculator,1,Simplify fully sqrt(75) - sqrt(48) + sqrt(12).,2
0607_s22_qp_21.json,13(b),exponents and surds,high,607,s,May/Jun,2022,2,non_calculator,1,"Rationalise the denominator, giving your answer in its simplest form: 1 / (sqrt(3) + 5).",2
0607_s22_qp_21.json,14,expanding and factorising,high,607,s,May/Jun,2022,2,non_calculator,1,x^2 - 14x + c = (x + d)^2. Find the value of c and the value of d.,3
0607_s22_qp_21.json,15(a),expanding and factorising,high,607,s,May/Jun,2022,2,non_calculator,1,Factorise fully 6x^2 - 7x - 3.,2
0607_s22_qp_21.json,15(b),inequalities,high,607,s,May/Jun,2022,2,non_calculator,1,Solve 6x^2 - 7x - 3 < 0.,3
0607_s22_qp_21.json,16,logarithms,high,607,s,May/Jun,2022,2,non_calculator,1,Solve 2 log 3 - log 2 = log p.,2
0607_s22_qp_22.json,1,topics in arithmetic,high,607,s,May/Jun,2022,2,non_calculator,2,Work out. (0.03)^2,1
0607_s22_qp_22.json,2(a),topics in arithmetic,high,607,s,May/Jun,2022,2,non_calculator,2,Write the fraction 15/40 in its lowest terms.,1
0607_s22_qp_22.json,2(b),topics in arithmetic,high,607,s,May/Jun,2022,2,non_calculator,2,Work out. 2/3 + 2/9,2
0607_s22_qp_22.json,3,solving linear equations,high,607,s,May/Jun,2022,2,non_calculator,2,Solve the equation. x - 11 = -4,1
0607_s22_qp_22.json,4,mensuration,high,607,s,May/Jun,2022,2,non_calculator,2,Change 600 cm^3 into m^3.,1
0607_s22_qp_22.json,5,exponents and surds,high,607,s,May/Jun,2022,2,non_calculator,2,Work out 64^(1/3).,1
0607_s22_qp_22.json,6,angles,high,607,s,May/Jun,2022,2,non_calculator,2,AB is parallel to CD. Find angle ACD.,1
0607_s22_qp_22.json,7,topics in arithmetic,high,607,s,May/Jun,2022,2,non_calculator,2,Kendra jogs 7 km in 45 minutes. She then runs at 12 km/h for 30 minutes. Find her average speed in km/h for the whole journey.,3
0607_s22_qp_22.json,8,statistics,high,607,s,May/Jun,2022,2,non_calculator,2,The mean of eight numbers is 25. When two extra numbers are included the mean of the ten numbers is 24. Find the mean of the two extra numbers.,2
0607_s22_qp_22.json,9,simultaneous equations,high,607,s,May/Jun,2022,2,non_calculator,2,"Solve the simultaneous equations. 5x + 2y = -12, 3x - y = -5",3
0607_s22_qp_22.json,10,straight lines,high,607,s,May/Jun,2022,2,non_calculator,2,"A is the point (-1, 13) and B is the point (3, 1). Find the equation of the line AB, giving your answer in the form y = mx + c.",3
0607_s22_qp_22.json,11,solving quadratic equations,high,607,s,May/Jun,2022,2,non_calculator,2,Solve. 6x^2 - 5x - 6 = 0,3
0607_s22_qp_22.json,12,trigonometry,high,607,s,May/Jun,2022,2,non_calculator,2,"The lengths of the sides of a triangle are 3 cm, 4 cm and 5 cm. Find the sine of the smallest angle.",1
0607_s22_qp_22.json,13(a),probability,high,607,s,May/Jun,2022,2,non_calculator,2,Complete the table of probabilities of John buying something at the shop.,2
0607_s22_qp_22.json,13(b),probability,high,607,s,May/Jun,2022,2,non_calculator,2,Find the probability that John buys a magazine but not a newspaper.,1
0607_s22_qp_22.json,14,functions,high,607,s,May/Jun,2022,2,non_calculator,2,f(x) = |2x + 3|. Find the values of x when f(x) = 15.,2
0607_s22_qp_22.json,15,probability,high,607,s,May/Jun,2022,2,non_calculator,2,"A bag has 5 black counters, 4 white counters and 1 red counter. One counter is chosen at random and is replaced. A second counter is then chosen at random. Find the probability that the two counters chosen are different colours.",4
0607_s22_qp_22.json,16,logarithms,high,607,s,May/Jun,2022,2,non_calculator,2,Solve. log x = 1 + log 9 - log 8 + 2 log(2/3),3
0607_s22_qp_22.json,17(a),exponents and surds,high,607,s,May/Jun,2022,2,non_calculator,2,Expand the brackets and simplify. (sqrt(a) + sqrt(b))(sqrt(a) - sqrt(b)),2
0607_s22_qp_22.json,17(b),exponents and surds,high,607,s,May/Jun,2022,2,non_calculator,2,Rationalise the denominator. 1 / (sqrt(7) + sqrt(6)),1
0607_s22_qp_22.json,17(c),exponents and surds,high,607,s,May/Jun,2022,2,non_calculator,2,Work out the value of 1/(sqrt(9) + sqrt(8)) + 1/(sqrt(8) + sqrt(7)) + 1/(sqrt(7) + sqrt(6)) + 1/(sqrt(6) + sqrt(5)) + 1/(sqrt(5) + sqrt(4)),2
0607_s22_qp_23.json,1(a),topics in arithmetic,high,607,s,May/Jun,2022,2,non_calculator,3,Work out 0.3 x 0.2,1
0607_s22_qp_23.json,1(b),topics in arithmetic,high,607,s,May/Jun,2022,2,non_calculator,3,Work out 12 / 0.4,1
0607_s22_qp_23.json,2(a),statistics,high,607,s,May/Jun,2022,2,non_calculator,3,"This is a list of 8 numbers: 11, 7, 8, 13, 7, 14, 15, 5. Find the median.",2
0607_s22_qp_23.json,2(b),statistics,high,607,s,May/Jun,2022,2,non_calculator,3,An extra number is added to the list. The mean of the nine numbers is 1 more than the mean of the eight numbers. Find the ninth number.,3
0607_s22_qp_23.json,3,inequalities,high,607,s,May/Jun,2022,2,non_calculator,3,Show this inequality on the number line: -3 < x <= 4,2
0607_s22_qp_23.json,4(a),topics in arithmetic,high,607,s,May/Jun,2022,2,non_calculator,3,Express 175 as the product of its prime factors.,2
0607_s22_qp_23.json,4(b),topics in arithmetic,high,607,s,May/Jun,2022,2,non_calculator,3,Kurt has two timers. One is set to ring every 175 minutes. The other is set to ring every 70 minutes. Both timers ring together at 0915. Find the time when the timers next ring together.,3
0607_s22_qp_23.json,5,expanding and factorising,high,607,s,May/Jun,2022,2,non_calculator,3,Expand 3(2x - 1),1
0607_s22_qp_23.json,6,angles,high,607,s,May/Jun,2022,2,non_calculator,3,Find the exterior angle of a regular polygon with 15 sides.,2
0607_s22_qp_23.json,7(a),probability,high,607,s,May/Jun,2022,2,non_calculator,3,"Eggs are graded into four sizes: extra large, large, medium and small. A farmer records the sizes of a sample of 100 eggs that she collects. The results are shown in the table. (Extra large: 28, Large: 36, Medium: 24, Small: 12). Find the relative frequency for large eggs.",1
0607_s22_qp_23.json,7(b),probability,high,607,s,May/Jun,2022,2,non_calculator,3,"In one month, the farmer collects 2500 eggs. Calculate an estimate for the number of these eggs that are small.",2
0607_s22_qp_23.json,8,expanding and factorising,high,607,s,May/Jun,2022,2,non_calculator,3,Factorise fully: 2cx^2 - 2dx - cx + d,2
0607_s22_qp_23.json,9(a),similarity,high,607,s,May/Jun,2022,2,non_calculator,3,ABCD is a parallelogram. EDA and EFB are straight lines. Show that triangles EDF and BCF are similar.,2
0607_s22_qp_23.json,9(b),similarity,high,607,s,May/Jun,2022,2,non_calculator,3,"BC = 4 cm, DE = 5 cm and FB = 3 cm. Find EF.",2
0607_s22_qp_23.json,10(a),straight lines,high,607,s,May/Jun,2022,2,non_calculator,3,"A is the point (-5, 7) and C is the point (1, -2). B is the mid-point of AC. Find the coordinates of B.",2
0607_s22_qp_23.json,10(b),straight lines,high,607,s,May/Jun,2022,2,non_calculator,3,The line CD is perpendicular to the line AC. Find the equation of line CD.,4
0607_s22_qp_23.json,11(a),variation and proportion,high,607,s,May/Jun,2022,2,non_calculator,3,"y is inversely proportional to (x + 2)^2. When x = 3, y = 2. Find y in terms of x.",2
0607_s22_qp_23.json,11(b),variation and proportion,high,607,s,May/Jun,2022,2,non_calculator,3,Find the positive value of x when y = 0.5.,2
0607_s22_qp_23.json,12,vectors,high,607,s,May/Jun,2022,2,non_calculator,3,"a = (-4, -10), b = (-4, 2). Find the magnitude of the vector a - b. Give your answer in its simplest surd form.",4
0607_s22_qp_41.json,1(a),transformations,high,607,s,May/Jun,2022,4,calculator,1,Translate triangle T by the vector \begin{pmatrix} -2 \\ 2 \end{pmatrix}.,2
0607_s22_qp_41.json,1(b),transformations,high,607,s,May/Jun,2022,4,calculator,1,Reflect triangle T in the line y = 0.5.,2
0607_s22_qp_41.json,1(c),transformations,high,607,s,May/Jun,2022,4,calculator,1,Describe fully the single transformation that maps triangle P onto triangle T.,3
0607_s22_qp_41.json,1(d),transformations,high,607,s,May/Jun,2022,4,calculator,1,"Enlarge triangle P with scale factor -2, centre (3, -1).",2
0607_s22_qp_41.json,2(a)(i),statistics,high,607,s,May/Jun,2022,4,calculator,1,Find an estimate for the median.,1
0607_s22_qp_41.json,2(a)(ii),statistics,high,607,s,May/Jun,2022,4,calculator,1,Estimate the number of students with a mark of more than 20.,2
0607_s22_qp_41.json,2(a)(iii),statistics,high,607,s,May/Jun,2022,4,calculator,1,70% of the students pass the test. Find the pass mark.,2
0607_s22_qp_41.json,2(b),statistics,high,607,s,May/Jun,2022,4,calculator,1,"The table shows the marks for 100 students in a geography test (Mark m: 10 < m <= 20, frequency 2; 20 < m <= 30, frequency 28; 30 < m <= 40, frequency 57; 40 < m <= 50, frequency 13). Calculate an estimate of the mean.",2
0607_s22_qp_41.json,2(c)(i),statistics,high,607,s,May/Jun,2022,4,calculator,1,Find the equation of the regression line for y in terms of x.,2
0607_s22_qp_41.json,2(c)(ii),statistics,high,607,s,May/Jun,2022,4,calculator,1,What type of correlation is seen in this data?,1
0607_s22_qp_41.json,2(c)(iii),statistics,high,607,s,May/Jun,2022,4,calculator,1,Use your answer to part (c)(i) to estimate the physics mark for a student with a mark of 30 in chemistry.,1
0607_s22_qp_41.json,3(a),functions,high,607,s,May/Jun,2022,4,calculator,1,"On the diagram, sketch the graph of y = f(x) for values of x between -3 and 1.",3
0607_s22_qp_41.json,3(b),functions,high,607,s,May/Jun,2022,4,calculator,1,Write down the equation of the asymptote of the graph.,1
0607_s22_qp_41.json,3(c),functions,high,607,s,May/Jun,2022,4,calculator,1,Find the coordinates of the local maximum.,1
0607_s22_qp_41.json,3(d),inequalities,high,607,s,May/Jun,2022,4,calculator,1,g(x) = x^3 - 5x for -3 <= x <= 1. Solve f(x) <= g(x).,4
0607_s22_qp_41.json,4(a),topics in arithmetic,high,607,s,May/Jun,2022,4,calculator,1,$216 is shared in the ratio 5 : 1. Work out the larger share.,2
0607_s22_qp_41.json,4(b),topics in arithmetic,high,607,s,May/Jun,2022,4,calculator,1,"Luis shares some money between Ali, Betty and Clare in the ratio 3 : 4 : 6. Ali receives $171. Find the total amount of money Luis shared.",2
0607_s22_qp_41.json,4(c),topics in arithmetic,high,607,s,May/Jun,2022,4,calculator,1,Farima invests $1400 in a savings account paying simple interest at a rate of 2.5% per year. Calculate the total amount in the account at the end of 3 years.,3
0607_s22_qp_41.json,4(d)(i),topics in arithmetic,high,607,s,May/Jun,2022,4,calculator,1,Emir invests $3000 at a rate of 2% per year compound interest. Calculate the value of Emir's investment at the end of 4 years.,2
0607_s22_qp_41.json,4(d)(ii),logarithms,high,607,s,May/Jun,2022,4,calculator,1,Find the number of complete years until Emir's investment is first worth more than $4000.,4
0607_s22_qp_41.json,5(a),sequences,high,607,s,May/Jun,2022,4,calculator,1,Complete the table for the pattern sequence.,6
0607_s22_qp_41.json,5(b),sequences,high,607,s,May/Jun,2022,4,calculator,1,Find and simplify an expression for the total number of tiles in Pattern n.,1
0607_s22_qp_41.json,5(c),sequences,high,607,s,May/Jun,2022,4,calculator,1,Pattern k has a total of 600 tiles. Find the number of grey tiles in Pattern k.,4
0607_s22_qp_41.json,5(d),probability,high,607,s,May/Jun,2022,4,calculator,1,The tiles in a pattern are put in a bag. The probability of taking a grey tile from the bag at random is 5/12. A tile is taken from the bag at random and replaced. This is repeated 3 times. Find the probability that all 3 tiles are white.,2
0607_s22_qp_41.json,5(e),probability,high,607,s,May/Jun,2022,4,calculator,1,All the grey tiles from Pattern 4 are put in a bag. Two tiles are taken from the bag at random without replacement. Find the probability that one tile came from a corner of the pattern and the other did not.,3
0607_s22_qp_41.json,6(a),circle theorems,high,607,s,May/Jun,2022,4,calculator,1,"The diagram shows a circle, centre O, with radius 5 cm. BA and BC are tangents to the circle at A and C. Angle ABC = 30°. Calculate the area of the shaded minor segment.",4
0607_s22_qp_41.json,6(b),mensuration,high,607,s,May/Jun,2022,4,calculator,1,"The circle, centre O, has radius 12 cm. Angle DOE = 40°. The minor sector DOE is removed. The major sector is formed into a cone by joining OD to OE. Calculate the height of the cone.",5
0607_s22_qp_41.json,7(a),mensuration,high,607,s,May/Jun,2022,4,calculator,1,"Abbi makes wooden boards in three sizes, small, medium and large. They are all cuboids. The medium board has height 2 cm, width 23 cm and length 50 cm. Calculate the volume of the medium board.",2
0607_s22_qp_41.json,7(b)(i),similarity,high,607,s,May/Jun,2022,4,calculator,1,The small board is mathematically similar to the large board. The small board has a volume of 287.5 cm^3 and a height of 1.15 cm. The large board has a volume of 18400 cm^3. Find the height of the large board.,3
0607_s22_qp_41.json,7(b)(ii),similarity,high,607,s,May/Jun,2022,4,calculator,1,Is the medium board mathematically similar to the large board? Explain how you decide.,3
0607_s22_qp_41.json,8(a),Pythagoras,high,607,s,May/Jun,2022,4,calculator,1,"A is the point (-11, 7) and B is the point (8, -13). Find the length of AB.",3
0607_s22_qp_41.json,8(b),straight lines,high,607,s,May/Jun,2022,4,calculator,1,"P is the point (2, -5) and Q is the point (6, 11). Line L is perpendicular to PQ and crosses PQ at point R. The ratio PR : RQ = 3 : 1. Find the equation of line L.",6
0607_s22_qp_41.json,9(a)(i),functions,high,607,s,May/Jun,2022,4,calculator,1,"f(x) = 2x + 3, g(x) = 2 - 4x, h(x) = 3^x. Find f(5).",1
0607_s22_qp_41.json,9(a)(ii),functions,high,607,s,May/Jun,2022,4,calculator,1,Find and simplify g(f(x)).,2
0607_s22_qp_41.json,9(a)(iii),functions,high,607,s,May/Jun,2022,4,calculator,1,Find g^(-1)(x).,2
0607_s22_qp_41.json,9(a)(iv),logarithms,high,607,s,May/Jun,2022,4,calculator,1,Solve h(x) = 48.,2
0607_s22_qp_41.json,9(b)(i),functions,high,607,s,May/Jun,2022,4,calculator,1,"The diagram shows a sketch of the graph of y = j(x). On the same diagram, sketch the graph of y = j(x + 2).",1
0607_s22_qp_41.json,9(b)(ii),functions,high,607,s,May/Jun,2022,4,calculator,1,The diagram shows the graphs of y = k(x) and y = m(x). Write k(x) in terms of m(x).,1
0607_s22_qp_41.json,10(a),expanding and factorising,high,607,s,May/Jun,2022,4,calculator,1,Simplify fully ((4x^2y)/3) / (x / (12y)).,2
0607_s22_qp_41.json,10(b),expanding and factorising,high,607,s,May/Jun,2022,4,calculator,1,Write as a single fraction in its simplest form: 1 / (x - 3) - (x - 3) / 2.,3
0607_s22_qp_41.json,10(c),sequences,high,607,s,May/Jun,2022,4,calculator,1,The n-th term of a sequence is an^2 + bn - 5. The second term of this sequence is -3 and the third term is 4. Find the value of a and the value of b. You must show all your working.,6
0607_s22_qp_41.json,11(a),mensuration,high,607,s,May/Jun,2022,4,calculator,1,The diagram shows the symmetrical cross-section of a ditch containing water. The angle between the base and each side of the ditch is 110°. The width of the base is 0.9 m and the depth of the water is 2.1 m. The ditch is 100 m long. Calculate the volume of water in the ditch.,4
0607_s22_qp_41.json,11(b),topics in arithmetic,high,607,s,May/Jun,2022,4,calculator,1,"On a different day, the ditch contains 300 m^3 of water. Water is pumped out of the ditch at a rate of 4.2 litres per second. Calculate the time taken to empty the ditch completely. Give your answer in hours and minutes, correct to the nearest minute.",4
0607_s22_qp_41.json,12(a),trigonometry,high,607,s,May/Jun,2022,4,calculator,1,Calculate the area of triangle BCD.,2
0607_s22_qp_41.json,12(b),trigonometry,high,607,s,May/Jun,2022,4,calculator,1,Calculate angle ADB.,6
0607_s22_qp_42.json,1(a),transformations,high,607,s,May/Jun,2022,4,calculator,2,Describe fully the single transformation that maps triangle A onto triangle B.,2
0607_s22_qp_42.json,1(b),transformations,high,607,s,May/Jun,2022,4,calculator,2,"Rotate triangle B through 90° clockwise with centre of rotation (1, 0). Draw this triangle and label it C.",2
0607_s22_qp_42.json,1(c),transformations,high,607,s,May/Jun,2022,4,calculator,2,Describe fully the single transformation that maps triangle C onto triangle A.,2
0607_s22_qp_42.json,2(a)(i),statistics,high,607,s,May/Jun,2022,4,calculator,2,Complete the scatter diagram. The first four points have been plotted for you.,2
0607_s22_qp_42.json,2(a)(ii),statistics,high,607,s,May/Jun,2022,4,calculator,2,Write down the type of correlation shown by the scatter diagram.,1
0607_s22_qp_42.json,2(b),statistics,high,607,s,May/Jun,2022,4,calculator,2,Find the mean mark.,1
0607_s22_qp_42.json,2(c)(i),straight lines,high,607,s,May/Jun,2022,4,calculator,2,Find the equation of the regression line for y in terms of x. Give your answer in the form y = mx + c.,2
0607_s22_qp_42.json,2(c)(ii),straight lines,high,607,s,May/Jun,2022,4,calculator,2,The value for m represents a connection between time and mark. Write down the units of m.,1
0607_s22_qp_42.json,2(d)(i),straight lines,high,607,s,May/Jun,2022,4,calculator,2,"Use your answer to part (c)(i) to estimate the mark scored for a student who revised for 10 hours,",1
0607_s22_qp_42.json,2(d)(ii),straight lines,high,607,s,May/Jun,2022,4,calculator,2,Use your answer to part (c)(i) to estimate the number of hours spent revising for a student to score a mark of 36.,1
0607_s22_qp_42.json,3(a),angles,high,607,s,May/Jun,2022,4,calculator,2,"Find, in terms of x, expressions for each of the following angles. Give each answer in its simplest form. angle BOA",1
0607_s22_qp_42.json,3(b),angles,high,607,s,May/Jun,2022,4,calculator,2,"Find, in terms of x, expressions for each of the following angles. Give each answer in its simplest form. angle QBO",3
0607_s22_qp_42.json,3(c),circle theorems,high,607,s,May/Jun,2022,4,calculator,2,"Find, in terms of x, expressions for each of the following angles. Give each answer in its simplest form. angle CDB",3
0607_s22_qp_42.json,4(a),functions,high,607,s,May/Jun,2022,4,calculator,2,"On the diagram, sketch the graph of y = f(x), where f(x) = 4 - |2x| for values of x between -4 and 4.",3
0607_s22_qp_42.json,4(b),functions,high,607,s,May/Jun,2022,4,calculator,2,Write down the x-coordinates of the points where the graph meets the x-axis.,1
0607_s22_qp_42.json,4(c),functions,high,607,s,May/Jun,2022,4,calculator,2,"On the diagram, sketch the graph of y = g(x), where g(x) = 0.25x^2 for values of x between -4 and 4.",2
0607_s22_qp_42.json,4(d),functions,high,607,s,May/Jun,2022,4,calculator,2,Write down the equation of the line of symmetry of the graph of y = g(x).,1
0607_s22_qp_42.json,4(e),functions,high,607,s,May/Jun,2022,4,calculator,2,Find the value of the x-coordinate of each point of intersection of the two graphs.,2
0607_s22_qp_42.json,4(f),inequalities,high,607,s,May/Jun,2022,4,calculator,2,On your diagram shade the region defined by f(x) >= g(x).,1
0607_s22_qp_42.json,5(a)(i),topics in arithmetic,high,607,s,May/Jun,2022,4,calculator,2,"Alenia, Bob and Cara share some money in the ratio 5 : 3 : 4. Alenia's share is $1240. Show that Bob's share is $744.",1
0607_s22_qp_42.json,5(a)(ii),topics in arithmetic,high,607,s,May/Jun,2022,4,calculator,2,Cara spends $x from her share. The ratio of Bob's money : Cara's money is now 4 : 3. Find the value of x.,3
0607_s22_qp_42.json,5(b)(i),topics in arithmetic,high,607,s,May/Jun,2022,4,calculator,2,A shop has a sale and all prices are reduced by 20%. Bob buys a coat. The original price of the coat was $92. Work out the sale price of the coat.,2
0607_s22_qp_42.json,5(b)(ii),topics in arithmetic,high,607,s,May/Jun,2022,4,calculator,2,Cara buys a jacket in the sale for $132. Work out the original price of the jacket.,2
0607_s22_qp_42.json,5(c)(i),topics in arithmetic,high,607,s,May/Jun,2022,4,calculator,2,On 1 January 2022 Alenia buys a scooter for $1240. On 1 January 2023 the value of the scooter is reduced by 18%. On 1 January 2024 the value of the scooter is reduced by 12% of its 1 January 2023 value. Calculate the value of the scooter on 1 January 2024.,3
0607_s22_qp_42.json,5(c)(ii),logarithms,medium,607,s,May/Jun,2022,4,calculator,2,"After 1 January 2024, the value of the scooter is reduced by 12% each year. Find the year in which the value of the scooter on 1 January will first be below $310.",4
0607_s22_qp_42.json,6(a),statistics,high,607,s,May/Jun,2022,4,calculator,2,"The lifetimes, x hours, of 80 electric light bulbs are shown in the table. Calculate an estimate of the mean lifetime.",2
0607_s22_qp_42.json,6(b),statistics,high,607,s,May/Jun,2022,4,calculator,2,Complete the cumulative frequency table.,1
0607_s22_qp_42.json,6(c),statistics,high,607,s,May/Jun,2022,4,calculator,2,"On the grid below, draw a cumulative frequency curve.",3
0607_s22_qp_42.json,6(d)(i),statistics,high,607,s,May/Jun,2022,4,calculator,2,"Use your graph in part (c) to find an estimate for the median lifetime,",1
0607_s22_qp_42.json,6(d)(ii),statistics,high,607,s,May/Jun,2022,4,calculator,2,Use your graph in part (c) to find an estimate for the interquartile range.,2
0607_s22_qp_42.json,6(e),statistics,high,607,s,May/Jun,2022,4,calculator,2,Find the percentage of bulbs that have a lifetime of more than 900 hours.,2
0607_s22_qp_42.json,7(a)(i),trigonometry,high,607,s,May/Jun,2022,4,calculator,2,"The diagram shows four points A, B, C and D. B is due north of C and C is due east of A. AC = 420m, AD = 750m, BC = 535m and angle CAD = 28°. Find the bearing of D from A,",1
0607_s22_qp_42.json,7(a)(ii),trigonometry,high,607,s,May/Jun,2022,4,calculator,2,Find the bearing of A from D.,1
0607_s22_qp_42.json,7(b),trigonometry,high,607,s,May/Jun,2022,4,calculator,2,Calculate AB.,2
0607_s22_qp_42.json,7(c),trigonometry,high,607,s,May/Jun,2022,4,calculator,2,Calculate CD.,3
0607_s22_qp_42.json,7(d),trigonometry,high,607,s,May/Jun,2022,4,calculator,2,Calculate the area of quadrilateral ABCD.,3
0607_s22_qp_42.json,7(e),trigonometry,high,607,s,May/Jun,2022,4,calculator,2,Angle ACD is obtuse. Find the bearing of D from C.,4
0607_s22_qp_42.json,8(a),sets and Venn diagrams,high,607,s,May/Jun,2022,4,calculator,2,"The Venn diagram shows the sets A, B and C. U = {integers from 10 to 20, including 10 and 20}, A = {prime numbers}, B = {multiples of 3}, C = {multiples of 4}. List the elements of set A.",1
0607_s22_qp_42.json,8(b),sets and Venn diagrams,high,607,s,May/Jun,2022,4,calculator,2,Write all the elements of U in the correct parts of the Venn diagram.,2
0607_s22_qp_42.json,8(c),sets and Venn diagrams,high,607,s,May/Jun,2022,4,calculator,2,List the elements of (A U B)'.,1
0607_s22_qp_42.json,8(d),sets and Venn diagrams,high,607,s,May/Jun,2022,4,calculator,2,Find n((A U B) \cap C').,1
0607_s22_qp_42.json,9(a),sequences,high,607,s,May/Jun,2022,4,calculator,2,"Find the next term and the nth term in each of the following sequences. 100, 91, 82, 73, 64, ...",3
0607_s22_qp_42.json,9(b),sequences,high,607,s,May/Jun,2022,4,calculator,2,"Find the next term and the nth term in each of the following sequences. 64, -32, 16, -8, 4, ...",3
0607_s22_qp_42.json,9(c),sequences,high,607,s,May/Jun,2022,4,calculator,2,"Find the next term and the nth term in each of the following sequences. -1, 8, 21, 38, 59, ...",3
0607_s22_qp_42.json,10(a),topics in arithmetic,high,607,s,May/Jun,2022,4,calculator,2,P = ((x + 3)y) / 5. Work out the value of P when x = -18 and y = 28.,3
0607_s22_qp_42.json,10(b),expanding and factorising,high,607,s,May/Jun,2022,4,calculator,2,Simplify fully. (5y / 2x) * (4x / 3),2
0607_s22_qp_42.json,10(c)(i),expanding and factorising,high,607,s,May/Jun,2022,4,calculator,2,Factorise fully. 15ab - 25bc,2
0607_s22_qp_42.json,10(c)(ii),expanding and factorising,high,607,s,May/Jun,2022,4,calculator,2,Factorise fully. 6x^2y^5 - 16x^3y^3,2
0607_s22_qp_42.json,10(c)(iii),expanding and factorising,high,607,s,May/Jun,2022,4,calculator,2,Factorise fully. 6cd - 3 - 9d + 2c,2
0607_s22_qp_42.json,10(d),solving linear equations,high,607,s,May/Jun,2022,4,calculator,2,Make x the subject of the formula. 3ax = 1 - (2x / (a + 2)),4
0607_s22_qp_42.json,10(e),inequalities,high,607,s,May/Jun,2022,4,calculator,2,Solve the inequality. (3 - x) / (2 + x) > 1,3
0607_s22_qp_42.json,11(a),mensuration,high,607,s,May/Jun,2022,4,calculator,2,"A pyramid has a square base with sides of length 9cm and vertical height h cm. Find an expression, in terms of h, for the volume of the pyramid.",1
0607_s22_qp_42.json,11(b),similarity,high,607,s,May/Jun,2022,4,calculator,2,"ADE is an isosceles triangle. BC is parallel to DE, BC = a cm and DE = 9 cm. The vertical height of triangle ADE is h cm and the vertical height of triangle ABC is 10 cm. Show that a = 90 / h",1
0607_s22_qp_42.json,11(c)(i),mensuration,high,607,s,May/Jun,2022,4,calculator,2,"A square-based pyramid with base of side 9cm and vertical height h cm contains some water. When the pyramid is placed on level ground the surface of the water is 10cm below the vertex of the pyramid (see Diagram 1). Use Diagram 1 to find an expression, in terms of a and h, for the volume of the water.",1
0607_s22_qp_42.json,11(c)(ii),mensuration,high,607,s,May/Jun,2022,4,calculator,2,"When the pyramid stands vertically on its vertex, the surface of the water is 1cm below the base of the pyramid (see Diagram 2). Use Diagram 2 to find an expression, in terms of b and h, for the volume of the water.",1
0607_s22_qp_42.json,11(c)(iii),expanding and factorising,high,607,s,May/Jun,2022,4,calculator,2,Show that h^3 - 1000 = (h - 1)^3.,3
0607_s22_qp_42.json,11(c)(iv),solving quadratic equations,high,607,s,May/Jun,2022,4,calculator,2,The equation h^3 - 1000 = (h - 1)^3 simplifies to h^2 - h - 333 = 0. Use a graphical method to find the value of h.,2
0607_s22_qp_42.json,12(a)(i),probability,high,607,s,May/Jun,2022,4,calculator,2,"A bag contains 7 red balls, 4 blue balls and 1 green ball. In an experiment, three balls are chosen at random without replacement. Find the probability that the three balls chosen are all green,",1
0607_s22_qp_42.json,12(a)(ii),probability,high,607,s,May/Jun,2022,4,calculator,2,"Find the probability that the three balls chosen are all red,",2
0607_s22_qp_42.json,12(a)(iii),probability,high,607,s,May/Jun,2022,4,calculator,2,Find the probability that the three balls chosen are two red and one blue.,3
0607_s22_qp_42.json,12(b),probability,high,607,s,May/Jun,2022,4,calculator,2,This experiment is to be carried out 2640 times. Use your answer from part (a)(ii) to find the expected frequency of 3 red balls being chosen.,1
0607_s22_qp_43.json,1(a),topics in arithmetic,high,607,s,May/Jun,2022,4,calculator,3,Anneka invests $2500 in an account paying compound interest at a rate of 1.6% per year. Find the amount in the account at the end of 3 years.,2
0607_s22_qp_43.json,1(b),topics in arithmetic,high,607,s,May/Jun,2022,4,calculator,3,Bashir invests $2500 in an account paying simple interest at a rate of r% per year. At the end of 5 years the amount in the account is $2718.75. Calculate the value of r.,3
0607_s22_qp_43.json,1(c),topics in arithmetic,high,607,s,May/Jun,2022,4,calculator,3,Chanda invests $2500 in an account paying compound interest at a rate of 1.55% per year. Find the number of complete years until Chanda’s investment is first worth more than $4000.,4
0607_s22_qp_43.json,2(a),statistics,high,607,s,May/Jun,2022,4,calculator,3,Calculate an estimate for the mean.,2
0607_s22_qp_43.json,2(b),statistics,high,607,s,May/Jun,2022,4,calculator,3,Write down the modal group.,1
0607_s22_qp_43.json,2(c)(i),statistics,high,607,s,May/Jun,2022,4,calculator,3,Draw a cumulative frequency curve for the heights of the seedlings.,4
0607_s22_qp_43.json,2(c)(ii),statistics,high,607,s,May/Jun,2022,4,calculator,3,Use your curve to estimate the median.,1
0607_s22_qp_43.json,2(c)(iii),statistics,high,607,s,May/Jun,2022,4,calculator,3,Use your curve to estimate the interquartile range.,2
0607_s22_qp_43.json,2(c)(iv),statistics,high,607,s,May/Jun,2022,4,calculator,3,Find an estimate of the percentage of the seedlings that were more than 8 cm in height.,2
0607_s22_qp_43.json,3(a),transformations,high,607,s,May/Jun,2022,4,calculator,3,"Enlarge triangle A with centre (4, 3) and scale factor 3.",2
0607_s22_qp_43.json,3(b)(i),transformations,high,607,s,May/Jun,2022,4,calculator,3,Describe fully the single transformation that maps triangle A onto triangle B.,2
0607_s22_qp_43.json,3(b)(ii),transformations,high,607,s,May/Jun,2022,4,calculator,3,Describe fully the single transformation that maps triangle A onto triangle C.,3
0607_s22_qp_43.json,3(c),transformations,high,607,s,May/Jun,2022,4,calculator,3,Triangle A can be mapped onto triangle D by a rotation of 90° clockwise about a point on the line x + y = 9 followed by a reflection. Find one possible centre of rotation and the equation of the corresponding mirror line.,2
0607_s22_qp_43.json,4(a),solving linear equations,high,607,s,May/Jun,2022,4,calculator,3,Solve 4x - 3 = 7.,2
0607_s22_qp_43.json,4(b),topics in arithmetic,high,607,s,May/Jun,2022,4,calculator,3,"Find the value of y when x = 4.3 and z = -2, given y = (3x + 1) / z.",2
0607_s22_qp_43.json,4(c),simultaneous equations,high,607,s,May/Jun,2022,4,calculator,3,"Solve the simultaneous equations. You must show all your working. 4x - 3y = 14, 3x + 5y = 25",4
0607_s22_qp_43.json,4(d),expanding and factorising,high,607,s,May/Jun,2022,4,calculator,3,Simplify (2x^2 + 4x) / (5y^2) / ((x^2 - 4) / (10y)).,4
0607_s22_qp_43.json,5(a),functions,high,607,s,May/Jun,2022,4,calculator,3,"On the diagram, sketch the graph of y = f(x) for f(x) = x^3 - 5x + 3 for -3 <= x <= 3.",2
0607_s22_qp_43.json,5(b),functions,high,607,s,May/Jun,2022,4,calculator,3,Find the coordinates of the local maximum.,2
0607_s22_qp_43.json,5(c),functions,high,607,s,May/Jun,2022,4,calculator,3,Describe fully the symmetry of the graph of y = f(x).,3
0607_s22_qp_43.json,5(d),functions,high,607,s,May/Jun,2022,4,calculator,3,Find the zeros of the graph of y = f(x).,3
0607_s22_qp_43.json,5(e)(i),functions,high,607,s,May/Jun,2022,4,calculator,3,"On the same diagram, sketch the graph of y = g(x) for g(x) = x^2 - 2x + 2 for -3 <= x <= 3.",2
0607_s22_qp_43.json,5(e)(ii),functions,high,607,s,May/Jun,2022,4,calculator,3,Use your graphs to solve x^3 - x^2 - 3x + 1 = 0.,3
0607_s22_qp_43.json,6(a),mensuration,high,607,s,May/Jun,2022,4,calculator,3,"Show that BO = 6.928 cm, correct to 3 decimal places, for pyramid VABC with all edges of length 12 cm, O vertically below V, D the mid-point of AC and BO = (2/3)BD.",4
0607_s22_qp_43.json,6(b),mensuration,high,607,s,May/Jun,2022,4,calculator,3,Calculate the volume of the pyramid.,4
0607_s22_qp_43.json,7(a),sets and Venn diagrams,high,607,s,May/Jun,2022,4,calculator,3,Shade the region indicated below each of these Venn diagrams for (A U B)' and (P ∩ Q') U (P' ∩ Q).,2
0607_s22_qp_43.json,7(b)(i),probability,high,607,s,May/Jun,2022,4,calculator,3,Find the probability that the ball taken from bag A is white.,1
0607_s22_qp_43.json,7(b)(ii),probability,high,607,s,May/Jun,2022,4,calculator,3,Find the probability that both balls are black.,2
0607_s22_qp_43.json,7(b)(iii),probability,high,607,s,May/Jun,2022,4,calculator,3,Find the probability that the balls are different colours.,3
0607_s22_qp_43.json,8(a),topics in arithmetic,high,607,s,May/Jun,2022,4,calculator,3,"Find the distance AB, given the ship takes 7 hours to sail from A to B at a speed of 20 km/h.",1
0607_s22_qp_43.json,8(b),trigonometry,high,607,s,May/Jun,2022,4,calculator,3,Show that angle ABC = 115°.,1
0607_s22_qp_43.json,8(c)(i),trigonometry,high,607,s,May/Jun,2022,4,calculator,3,Calculate the distance CA.,3
0607_s22_qp_43.json,8(c)(ii),trigonometry,high,607,s,May/Jun,2022,4,calculator,3,Calculate the bearing of A from C.,4
0607_s22_qp_43.json,8(d),topics in arithmetic,high,607,s,May/Jun,2022,4,calculator,3,The ship takes 3.6 hours to sail from B to C. It then sails from C to A at a speed of 21.5 km/h. Find the average speed for the complete journey from A to B to C and back to A.,3
0607_s22_qp_43.json,9(a)(i),functions,high,607,s,May/Jun,2022,4,calculator,3,Find f(-4).,1
0607_s22_qp_43.json,9(a)(ii),functions,high,607,s,May/Jun,2022,4,calculator,3,Find f(g(3)).,2
0607_s22_qp_43.json,9(a)(iii),functions,high,607,s,May/Jun,2022,4,calculator,3,Find f^-1(4).,2
0607_s22_qp_43.json,9(a)(iv),functions,high,607,s,May/Jun,2022,4,calculator,3,Find h^-1(2).,2
0607_s22_qp_43.json,9(b),functions,high,607,s,May/Jun,2022,4,calculator,3,Solve (f(x))^-1 = 5.,3
0607_s22_qp_43.json,9(c),functions,high,607,s,May/Jun,2022,4,calculator,3,Find g(f(x)). Write your answer in the form ax^2 + bx + c.,3
0607_s22_qp_43.json,9(d),functions,high,607,s,May/Jun,2022,4,calculator,3,"Given y = h(f(x)), find x in terms of y.",3
0607_s22_qp_43.json,10(a)(i),circle theorems,high,607,s,May/Jun,2022,4,calculator,3,Find angle AEB.,1
0607_s22_qp_43.json,10(a)(ii),circle theorems,high,607,s,May/Jun,2022,4,calculator,3,Find angle BAD.,1
0607_s22_qp_43.json,10(a)(iii),circle theorems,high,607,s,May/Jun,2022,4,calculator,3,Find angle EAD.,1
0607_s22_qp_43.json,10(a)(iv),circle theorems,high,607,s,May/Jun,2022,4,calculator,3,Find angle BCD.,1
0607_s22_qp_43.json,10(a)(v),circle theorems,high,607,s,May/Jun,2022,4,calculator,3,Find angle FBD.,1
0607_s22_qp_43.json,10(b),mensuration,high,607,s,May/Jun,2022,4,calculator,3,PA and PB are tangents to the circle centre O. The radius of the circle is 6 cm and angle AOB = 120°. The shaded area = (a∓b͠) cm^2. Find the value of a and the value of b.,5
0607_s22_qp_43.json,11(a),variation and proportion,high,607,s,May/Jun,2022,4,calculator,3,"Write down an expression in terms of x for the time, in minutes, for tap A to fill the tank of capacity 400 litres.",1
0607_s22_qp_43.json,11(b),solving quadratic equations,high,607,s,May/Jun,2022,4,calculator,3,Tap B takes 10 minutes longer to fill the tank than tap A. Write down an equation in terms of x and show that it simplifies to x^2 - 2x - 80 = 0.,4
0607_s22_qp_43.json,11(c),solving quadratic equations,high,607,s,May/Jun,2022,4,calculator,3,"Solve x^2 - 2x - 80 = 0 and find the time it takes to fill the tank when both taps are turned on. Give your answer in minutes and seconds, correct to the nearest second.",4
0607_s23_qp_21.json,1(a),topics in arithmetic,high,607,s,May/Jun,2023,2,non_calculator,1,Insert one pair of brackets to make the statement correct. 3 * 7 + 2 + 9 = 36,1
0607_s23_qp_21.json,1(b),topics in arithmetic,high,607,s,May/Jun,2023,2,non_calculator,1,Work out (0.2)^3.,1
0607_s23_qp_21.json,1(c),topics in arithmetic,high,607,s,May/Jun,2023,2,non_calculator,1,Write down a prime number between 80 and 90.,1
0607_s23_qp_21.json,2,solving linear equations,high,607,s,May/Jun,2023,2,non_calculator,1,Solve the equation. 7 - 5x = -3,2
0607_s23_qp_21.json,3(a),topics in arithmetic,high,607,s,May/Jun,2023,2,non_calculator,1,Work out (1 / 2) - (-5 / 3),1
0607_s23_qp_21.json,3(b),vectors,high,607,s,May/Jun,2023,2,non_calculator,1,"P is the point (-3, 6). Q is the point (0, 2). Find the translation vector that maps the point P onto the point Q.",2
0607_s23_qp_21.json,4(a),expanding and factorising,high,607,s,May/Jun,2023,2,non_calculator,1,Factorise. 2p^2 - pq,1
0607_s23_qp_21.json,4(b),expanding and factorising,high,607,s,May/Jun,2023,2,non_calculator,1,Expand the brackets and simplify. (p - 7)(p + 3),2
0607_s23_qp_21.json,5(a),topics in arithmetic,high,607,s,May/Jun,2023,2,non_calculator,1,Work out (11 / 12) + (3 / 4). Give your answer as a mixed number in its simplest form.,2
0607_s23_qp_21.json,5(b),topics in arithmetic,high,607,s,May/Jun,2023,2,non_calculator,1,Simplify (a / x) / (b / 2y). Give your answer as a single fraction.,1
0607_s23_qp_21.json,6,transformations,high,607,s,May/Jun,2023,2,non_calculator,1,"Rotate triangle T 90° clockwise about the point (2, 1).",2
0607_s23_qp_21.json,7,angles,high,607,s,May/Jun,2023,2,non_calculator,1,The interior angle of a regular polygon is 140°. Find the number of sides of this polygon.,3
0607_s23_qp_21.json,8,solving linear equations,high,607,s,May/Jun,2023,2,non_calculator,1,Rearrange this equation to make x the subject. y = 7x + 2,2
0607_s23_qp_21.json,9,exponents and surds,high,607,s,May/Jun,2023,2,non_calculator,1,Simplify (3w^3)^3.,2
0607_s23_qp_21.json,10,circle theorems,high,607,s,May/Jun,2023,2,non_calculator,1,APB is a tangent to the circle at P. Work out the value of x.,2
0607_s23_qp_21.json,11,exponents and surds,high,607,s,May/Jun,2023,2,non_calculator,1,Simplify sqrt(27) + sqrt(12) - sqrt(108).,2
0607_s23_qp_21.json,12,functions,high,607,s,May/Jun,2023,2,non_calculator,1,f(x) = 3 sin(4x°). Find the amplitude and period of f(x).,2
0607_s23_qp_21.json,13,variation and proportion,high,607,s,May/Jun,2023,2,non_calculator,1,"y varies inversely as sqrt(x). When x = 9, y = 2. Find y in terms of x.",2
0607_s23_qp_21.json,14,functions,high,607,s,May/Jun,2023,2,non_calculator,1,f(x) = x^(1/7). Find f^(-1)(x).,1
0607_s23_qp_21.json,15(a),expanding and factorising,high,607,s,May/Jun,2023,2,non_calculator,1,Simplify. (3 / (x + 2)) - (2 / (x - 1)),3
0607_s23_qp_21.json,15(b),expanding and factorising,high,607,s,May/Jun,2023,2,non_calculator,1,Simplify. (6x^2 + x - 12) / (6ax - 8a - 3x + 4),5
0607_s23_qp_22.json,1(a),topics in arithmetic,high,607,s,May/Jun,2023,2,non_calculator,2,Write down a square number between 101 and 150,1
0607_s23_qp_22.json,1(b),topics in arithmetic,high,607,s,May/Jun,2023,2,non_calculator,2,Write down a fraction between 2/3 and 3/4,1
0607_s23_qp_22.json,1(c),topics in arithmetic,high,607,s,May/Jun,2023,2,non_calculator,2,Write down an irrational number between 6 and 7.,1
0607_s23_qp_22.json,2(a),topics in arithmetic,high,607,s,May/Jun,2023,2,non_calculator,2,Work out -7 / -2,1
0607_s23_qp_22.json,2(b),topics in arithmetic,high,607,s,May/Jun,2023,2,non_calculator,2,Work out (0.3)^2,1
0607_s23_qp_22.json,3(a),inequalities,high,607,s,May/Jun,2023,2,non_calculator,2,Solve x + 9 > 6.,1
0607_s23_qp_22.json,3(b),inequalities,high,607,s,May/Jun,2023,2,non_calculator,2,Show your answer to part (a) on this number line.,1
0607_s23_qp_22.json,4(a),statistics,high,607,s,May/Jun,2023,2,non_calculator,2,Find the modal class,1
0607_s23_qp_22.json,4(b),statistics,high,607,s,May/Jun,2023,2,non_calculator,2,Find the class which contains the median.,1
0607_s23_qp_22.json,5,angles,high,607,s,May/Jun,2023,2,non_calculator,2,The clock shows the time 09 30. Work out the obtuse angle between the hands of the clock.,2
0607_s23_qp_22.json,6,exponents and surds,high,607,s,May/Jun,2023,2,non_calculator,2,Find the value of 64^(1/3).,1
0607_s23_qp_22.json,7,topics in arithmetic,high,607,s,May/Jun,2023,2,non_calculator,2,Lee cycles for 60 km at an average speed of 30km/h. He then returns along the same route at an average speed of 20km/h. Find Lee's average speed for the whole journey.,3
0607_s23_qp_22.json,8(a),probability,high,607,s,May/Jun,2023,2,non_calculator,2,Find the value of p.,2
0607_s23_qp_22.json,8(b),probability,high,607,s,May/Jun,2023,2,non_calculator,2,Salma spins the spinner 4000 times. Work out an estimate for the number of times she scores 3.,1
0607_s23_qp_22.json,9,sets and Venn diagrams,high,607,s,May/Jun,2023,2,non_calculator,2,"On the Venn diagrams, shade the given subsets A U B and (P' n Q) U (P n Q')",2
0607_s23_qp_22.json,10,statistics,high,607,s,May/Jun,2023,2,non_calculator,2,There is correlation between quantity p and quantity q. The regression equation is p = 80 - 5.2q. What type of correlation is there between p and q?,1
0607_s23_qp_22.json,11,simultaneous equations,high,607,s,May/Jun,2023,2,non_calculator,2,"Solve the simultaneous equations: 1/2 x - 1/3 y = 7, 3x + y = 6",3
0607_s23_qp_22.json,12(a),circle theorems,high,607,s,May/Jun,2023,2,non_calculator,2,Find angle ABD,1
0607_s23_qp_22.json,12(b),circle theorems,high,607,s,May/Jun,2023,2,non_calculator,2,Find angle ADC,1
0607_s23_qp_22.json,12(c),circle theorems,high,607,s,May/Jun,2023,2,non_calculator,2,Find angle CAF.,1
0607_s23_qp_22.json,13,exponents and surds,high,607,s,May/Jun,2023,2,non_calculator,2,Rationalise the denominator and simplify: 2 / (3 - sqrt(5)),3
0607_s23_qp_22.json,14,variation and proportion,high,607,s,May/Jun,2023,2,non_calculator,2,"y varies inversely as the square of (x - 3). When x = 6, y = 20. Find the value of y when x = 9.",3
0607_s23_qp_22.json,15(a),logarithms,high,607,s,May/Jun,2023,2,non_calculator,2,Write down the value of log_10(0.01).,1
0607_s23_qp_22.json,15(b),logarithms,high,607,s,May/Jun,2023,2,non_calculator,2,Find the value of 2 log 4 + log 5 - 3 log 2.,3
0607_s23_qp_22.json,16(a),similarity,high,607,s,May/Jun,2023,2,non_calculator,2,Show that triangle ADE is similar to triangle ABC.,2
0607_s23_qp_22.json,16(b),similarity,high,607,s,May/Jun,2023,2,non_calculator,2,AD : DB = 2 : 3. Find the ratio Area of triangle ADE : Area of triangle ABC.,1
0607_s23_qp_23.json,1,topics in arithmetic,high,607,s,May/Jun,2023,2,non_calculator,3,"From this list, write down all the numbers that are prime numbers. 29, 31, 41, 49, 51, 59",2
0607_s23_qp_23.json,2,angles,high,607,s,May/Jun,2023,2,non_calculator,3,Find the value of x.,1
0607_s23_qp_23.json,3(a),topics in arithmetic,high,607,s,May/Jun,2023,2,non_calculator,3,Work out 0.04 x 0.06,1
0607_s23_qp_23.json,3(b),topics in arithmetic,high,607,s,May/Jun,2023,2,non_calculator,3,Work out 0.02 / 0.8,1
0607_s23_qp_23.json,4(a),probability,high,607,s,May/Jun,2023,2,non_calculator,3,A bag contains 3 blue balls and 7 green balls. One ball is chosen at random. Find the probability the ball chosen is white,1
0607_s23_qp_23.json,4(b),probability,high,607,s,May/Jun,2023,2,non_calculator,3,A bag contains 3 blue balls and 7 green balls. One ball is chosen at random. Find the probability the ball chosen is not blue.,1
0607_s23_qp_23.json,5,topics in arithmetic,high,607,s,May/Jun,2023,2,non_calculator,3,Change 12 millimetres into metres.,1
0607_s23_qp_23.json,6,expanding and factorising,high,607,s,May/Jun,2023,2,non_calculator,3,Expand. 3x(2x^4 - 5),2
0607_s23_qp_23.json,7(a),topics in arithmetic,high,607,s,May/Jun,2023,2,non_calculator,3,Write 0.00308 in standard form.,1
0607_s23_qp_23.json,7(b),exponents and surds,high,607,s,May/Jun,2023,2,non_calculator,3,Work out (7 x 10^6) x (3 x 10^-8). Give your answer in standard form.,2
0607_s23_qp_23.json,8,sequences,high,607,s,May/Jun,2023,2,non_calculator,3,"Find the next term and the nth term for this sequence. 1, 7, 17, 31, 49, ...",3
0607_s23_qp_23.json,9,solving linear equations,high,607,s,May/Jun,2023,2,non_calculator,3,The total cost of 5 pens and 7 pencils is $6.75. Each pencil costs $0.45. Find the cost of one pen.,3
0607_s23_qp_23.json,10,topics in arithmetic,high,607,s,May/Jun,2023,2,non_calculator,3,Write 48 as a product of its prime factors.,2
0607_s23_qp_23.json,11(a),statistics,high,607,s,May/Jun,2023,2,non_calculator,3,The range of ten numbers is 30. The range of eight other numbers is 13. Find the smallest possible value of the range of all eighteen numbers.,1
0607_s23_qp_23.json,11(b),statistics,high,607,s,May/Jun,2023,2,non_calculator,3,The mean of twelve numbers is 25. The mean of ten of these numbers is 16. Find the mean of the other two numbers.,2
0607_s23_qp_23.json,12(a),expanding and factorising,high,607,s,May/Jun,2023,2,non_calculator,3,Factorise fully. (3y)^2 - 16,1
0607_s23_qp_23.json,12(b),expanding and factorising,high,607,s,May/Jun,2023,2,non_calculator,3,Factorise fully. 15ab - 1 - 3a + 5b,2
0607_s23_qp_23.json,13(a),sets and Venn diagrams,high,607,s,May/Jun,2023,2,non_calculator,3,Shade the given region on the Venn diagram. A' intersect B',1
0607_s23_qp_23.json,13(b),sets and Venn diagrams,high,607,s,May/Jun,2023,2,non_calculator,3,Shade the given region on the Venn diagram. (A union B)',1
0607_s23_qp_23.json,14,probability,high,607,s,May/Jun,2023,2,non_calculator,3,An archer shoots three arrows at a target. The probability that she hits the target with each arrow is 7/10. Find the probability she hits the target exactly twice.,3
0607_s23_qp_23.json,15,solving linear equations,high,607,s,May/Jun,2023,2,non_calculator,3,Rearrange the equation to make x the subject. A + 4y = A(2 - 3x),3
0607_s23_qp_23.json,16,straight lines,high,607,s,May/Jun,2023,2,non_calculator,3,"The point A has coordinates (2, 3) and the point B has coordinates (6, 5). The point C lies on the line AB. The point D has coordinates (2, 5.5). CD is perpendicular to AB. Find the coordinates of C.",5
0607_s23_qp_41.json,1(a)(i),statistics,high,607,s,May/Jun,2023,4,calculator,1,Find the range,1
0607_s23_qp_41.json,1(a)(ii),statistics,high,607,s,May/Jun,2023,4,calculator,1,Find the mode,1
0607_s23_qp_41.json,1(a)(iii),statistics,high,607,s,May/Jun,2023,4,calculator,1,Find the median,1
0607_s23_qp_41.json,1(a)(iv),statistics,high,607,s,May/Jun,2023,4,calculator,1,Find the interquartile range,2
0607_s23_qp_41.json,1(a)(v),statistics,high,607,s,May/Jun,2023,4,calculator,1,Find the mean.,2
0607_s23_qp_41.json,1(b),statistics,high,607,s,May/Jun,2023,4,calculator,1,Nabile draws a pie chart. Calculate the angle that represents 7 logic problems solved.,2
0607_s23_qp_41.json,1(c),variation and proportion,high,607,s,May/Jun,2023,4,calculator,1,Shabana draws a bar chart using these results. The bar that represents 4 logic problems solved has a height of 4.5 cm. Calculate the height of the bar that represents 5 logic problems solved.,2
0607_s23_qp_41.json,2(a)(i),mensuration,high,607,s,May/Jun,2023,4,calculator,1,Calculate the volume of each shape. A cuboid with a square base of side 5 cm and height 3 cm.,2
0607_s23_qp_41.json,2(a)(ii),mensuration,high,607,s,May/Jun,2023,4,calculator,1,Calculate the volume of each shape. A sphere with radius 4 cm.,2
0607_s23_qp_41.json,2(b),mensuration,high,607,s,May/Jun,2023,4,calculator,1,A cylinder has volume 120 cm3 and height 6 cm. Calculate its radius.,2
0607_s23_qp_41.json,2(c),mensuration,high,607,s,May/Jun,2023,4,calculator,1,A cone has volume 120 cm3 and height 6 cm. Calculate the length of its sloping edge.,3
0607_s23_qp_41.json,3(a),functions,high,607,s,May/Jun,2023,4,calculator,1,"On the diagram, sketch the graph of y = f(x).",2
0607_s23_qp_41.json,3(b),functions,high,607,s,May/Jun,2023,4,calculator,1,Find the zeros of f(x).,2
0607_s23_qp_41.json,3(c)(i),functions,high,607,s,May/Jun,2023,4,calculator,1,Solve the equation f(x) = 0.5.,2
0607_s23_qp_41.json,3(c)(ii),inequalities,high,607,s,May/Jun,2023,4,calculator,1,Solve the inequality f(x) < 0.5.,2
0607_s23_qp_41.json,3(c)(iii),inequalities,high,607,s,May/Jun,2023,4,calculator,1,"On the diagram, shade the regions that satisfy the inequalities y < 0.5 and y > f(x).",1
0607_s23_qp_41.json,3(d),functions,high,607,s,May/Jun,2023,4,calculator,1,The equation f(x) = k has four solutions. Complete the statement to show the range of possible values of k.,1
0607_s23_qp_41.json,4(a)(i),topics in arithmetic,high,607,s,May/Jun,2023,4,calculator,1,Alex invests $650 at a rate of 2% per year compound interest. Calculate the value of this investment at the end of 10 years.,2
0607_s23_qp_41.json,4(a)(ii),topics in arithmetic,high,607,s,May/Jun,2023,4,calculator,1,Calculate the number of complete years it takes for the value of this investment of $650 to be first greater than $1000.,4
0607_s23_qp_41.json,4(b),topics in arithmetic,high,607,s,May/Jun,2023,4,calculator,1,2 years ago Chris invested $x at a rate of 3% per year compound interest. The value of this investment is now $607.90 correct to the nearest cent. Calculate the value of x.,2
0607_s23_qp_41.json,4(c),topics in arithmetic,high,607,s,May/Jun,2023,4,calculator,1,"Sam invested $200 at a rate of r% per year compound interest. At the end of 18 years, the value of this investment is $247.90 correct to the nearest cent. Find the value of r.",3
0607_s23_qp_41.json,5(a)(i),straight lines,high,607,s,May/Jun,2023,4,calculator,1,The equation of line L is y = 4x + 7. Write down the gradient of line L.,1
0607_s23_qp_41.json,5(a)(ii),straight lines,high,607,s,May/Jun,2023,4,calculator,1,Write down the coordinates of the point where line L cuts the y-axis.,1
0607_s23_qp_41.json,5(b)(i),straight lines,high,607,s,May/Jun,2023,4,calculator,1,"A is the point (3, 1) and B is the point (11, 5). Calculate the length of AB.",3
0607_s23_qp_41.json,5(b)(ii),straight lines,high,607,s,May/Jun,2023,4,calculator,1,Find the equation of the perpendicular bisector of the line AB. Give your answer in the form y = mx + c.,5
0607_s23_qp_41.json,6(a),functions,high,607,s,May/Jun,2023,4,calculator,1,Find f(-1.5).,1
0607_s23_qp_41.json,6(b),functions,high,607,s,May/Jun,2023,4,calculator,1,Find h(h(2)).,2
0607_s23_qp_41.json,6(c),functions,high,607,s,May/Jun,2023,4,calculator,1,"Find g(f(x)), giving your answer in its simplest form.",2
0607_s23_qp_41.json,6(d),functions,high,607,s,May/Jun,2023,4,calculator,1,Find f^-1(x).,2
0607_s23_qp_41.json,6(e),functions,high,607,s,May/Jun,2023,4,calculator,1,Find x when j^-1(x) = 75.,2
0607_s23_qp_41.json,7(a)(i),trigonometry,high,607,s,May/Jun,2023,4,calculator,1,The diagram shows a shape AVBCD. ABCD is a square of side 12 cm. M is the mid-point of AB and N is the mid-point of DC. Triangle AVB is isosceles with AV = VB = 10 cm. The arc CD is part of a circle with centre M. Calculate angle CMN.,2
0607_s23_qp_41.json,7(a)(ii),trigonometry,high,607,s,May/Jun,2023,4,calculator,1,Calculate the length of CM.,2
0607_s23_qp_41.json,7(a)(iii),mensuration,high,607,s,May/Jun,2023,4,calculator,1,Calculate the perimeter of the shape AVBCD.,3
0607_s23_qp_41.json,7(a)(iv),mensuration,high,607,s,May/Jun,2023,4,calculator,1,Calculate the area of the shape AVBCD.,5
0607_s23_qp_41.json,7(b),similarity,high,607,s,May/Jun,2023,4,calculator,1,Two solids are mathematically similar with volumes 240 cm3 and 810 cm3. The surface area of the larger solid is 558 cm2. Calculate the surface area of the smaller solid.,3
0607_s23_qp_41.json,8(a),simultaneous equations,high,607,s,May/Jun,2023,4,calculator,1,The cost of a television is $t and the cost of a computer is $c. The total cost of 2 televisions and 1 computer is $1470. The total cost of 3 televisions and 2 computers is $2480. Use simultaneous equations to find the cost of a television. You must show all your working.,4
0607_s23_qp_41.json,8(b)(i),solving quadratic equations,high,607,s,May/Jun,2023,4,calculator,1,Jono spends $9.69 on bags of potatoes. When the cost of a bag is x cents he can buy 2 more bags than when the cost of a bag is (x + 6) cents. Show that x^2 + 6x - 2907 = 0.,3
0607_s23_qp_41.json,8(b)(ii),solving quadratic equations,high,607,s,May/Jun,2023,4,calculator,1,Solve the equation x^2 + 6x - 2907 = 0.,2
0607_s23_qp_41.json,8(b)(iii),solving linear equations,high,607,s,May/Jun,2023,4,calculator,1,Find the number of bags Jono can buy for $9.69 when the cost of one bag is x cents.,1
0607_s23_qp_41.json,9(a),trigonometry,high,607,s,May/Jun,2023,4,calculator,1,B is due east of A. Find the bearing of A from C.,2
0607_s23_qp_41.json,9(b),trigonometry,high,607,s,May/Jun,2023,4,calculator,1,Calculate the area of triangle ABC.,2
0607_s23_qp_41.json,9(c),trigonometry,high,607,s,May/Jun,2023,4,calculator,1,Calculate angle CAD.,4
0607_s23_qp_41.json,9(d),trigonometry,high,607,s,May/Jun,2023,4,calculator,1,Calculate the length of the straight line BD.,3
0607_s23_qp_41.json,10(a)(i),sets and Venn diagrams,high,607,s,May/Jun,2023,4,calculator,1,"In the Venn diagram, shade the region P ∪ Q'.",1
0607_s23_qp_41.json,10(a)(ii),sets and Venn diagrams,high,607,s,May/Jun,2023,4,calculator,1,Use set notation to describe the shaded region in the Venn diagram.,1
0607_s23_qp_41.json,10(b)(i),sets and Venn diagrams,high,607,s,May/Jun,2023,4,calculator,1,20 students are asked if they like swimming (S) and if they like tennis (T). The Venn diagram shows the results. How many students like swimming or tennis but not both?,1
0607_s23_qp_41.json,10(b)(ii),sets and Venn diagrams,high,607,s,May/Jun,2023,4,calculator,1,Find n(S ∪ T).,1
0607_s23_qp_41.json,10(b)(iii),probability,high,607,s,May/Jun,2023,4,calculator,1,One of the 20 students is chosen at random. Find the probability that this student likes swimming and tennis.,1
0607_s23_qp_41.json,10(b)(iv),probability,high,607,s,May/Jun,2023,4,calculator,1,Two of the 20 students are chosen at random. Find the probability that they both like tennis.,2
0607_s23_qp_41.json,10(b)(v)(a),probability,high,607,s,May/Jun,2023,4,calculator,1,Two of the students who like swimming are chosen at random. Find the probability that they both like tennis,2
0607_s23_qp_41.json,10(b)(v)(b),probability,high,607,s,May/Jun,2023,4,calculator,1,one likes swimming only and one likes swimming and tennis.,3
0607_s23_qp_41.json,11(a)(i),exponents and surds,high,607,s,May/Jun,2023,4,calculator,1,Write 0.000021 in standard form.,1
0607_s23_qp_41.json,11(a)(ii),exponents and surds,high,607,s,May/Jun,2023,4,calculator,1,"Calculate (7.3 × 10^-11) × (4.7 × 10^-7), giving your answer in standard form.",1
0607_s23_qp_41.json,11(a)(iii),exponents and surds,high,607,s,May/Jun,2023,4,calculator,1,"Calculate (3.2 × 10^-200) ÷ (4 × 10^-100), giving your answer in standard form.",2
0607_s23_qp_41.json,11(a)(iv),exponents and surds,high,607,s,May/Jun,2023,4,calculator,1,"Simplify (5 × 10^p)^2, giving your answer in standard form.",2
0607_s23_qp_41.json,11(b),logarithms,high,607,s,May/Jun,2023,4,calculator,1,y = 10^x. Write x in terms of y.,1
0607_s23_qp_41.json,11(c),logarithms,high,607,s,May/Jun,2023,4,calculator,1,Solve 7^x = 14.,1
0607_s23_qp_41.json,11(d),logarithms,high,607,s,May/Jun,2023,4,calculator,1,log y = 1 + 3 log x - 1/2 log w. Find y in terms of x and w.,4
0607_s23_qp_42.json,1(a),sequences,high,607,s,May/Jun,2023,4,calculator,2,"For each of these sequences, find the next term and an expression for the nth term.
17 14 11 8 5 ...",3
0607_s23_qp_42.json,1(b),sequences,high,607,s,May/Jun,2023,4,calculator,2,"For each of these sequences, find the next term and an expression for the nth term.
1/2 2/3 3/4 4/5 5/6 ...",2
0607_s23_qp_42.json,1(c),sequences,high,607,s,May/Jun,2023,4,calculator,2,"For each of these sequences, find the next term and an expression for the nth term.
4 8 16 32 64 ...",3
0607_s23_qp_42.json,1(d),sequences,high,607,s,May/Jun,2023,4,calculator,2,"For each of these sequences, find the next term and an expression for the nth term.
-2 5 24 61 122 ...",3
0607_s23_qp_42.json,2(a),topics in arithmetic,high,607,s,May/Jun,2023,4,calculator,2,"The population of a species of bird is estimated to be decreasing by 4% per year. At the end of 2020 the population was 4.32 million.
Find the population at the end of 2019.",2
0607_s23_qp_42.json,2(b),topics in arithmetic,high,607,s,May/Jun,2023,4,calculator,2,"The population of a species of bird is estimated to be decreasing by 4% per year. At the end of 2020 the population was 4.32 million.
Calculate an estimate for the population at the end of 2025.",2
0607_s23_qp_42.json,2(c),logarithms,medium,607,s,May/Jun,2023,4,calculator,2,"The population of a species of bird is estimated to be decreasing by 4% per year. At the end of 2020 the population was 4.32 million.
Find the year in which the population is first expected to be below 2 million.",4
0607_s23_qp_42.json,3(a),transformations,high,607,s,May/Jun,2023,4,calculator,2,Reflect triangle A in the line y = -1.,2
0607_s23_qp_42.json,3(b),transformations,high,607,s,May/Jun,2023,4,calculator,2,"Translate triangle A by the vector 
(-5)
( 3)",2
0607_s23_qp_42.json,3(c),transformations,high,607,s,May/Jun,2023,4,calculator,2,Describe fully the single transformation that maps triangle A onto triangle B.,3
0607_s23_qp_42.json,3(d),transformations,high,607,s,May/Jun,2023,4,calculator,2,Describe fully the single transformation that maps triangle A onto triangle C.,3
0607_s23_qp_42.json,4(a),statistics,high,607,s,May/Jun,2023,4,calculator,2,"The masses, m kg, of 160 students are recorded in the table.
Draw a cumulative frequency curve for these results.",4
0607_s23_qp_42.json,4(b)(i),statistics,high,607,s,May/Jun,2023,4,calculator,2,Use your cumulative frequency curve to estimate the median,1
0607_s23_qp_42.json,4(b)(ii),statistics,high,607,s,May/Jun,2023,4,calculator,2,Use your cumulative frequency curve to estimate the interquartile range.,2
0607_s23_qp_42.json,4(c),statistics,high,607,s,May/Jun,2023,4,calculator,2,"The masses of 60% of the students lie in the range p kg < m kg <= 80 kg.
Use your cumulative frequency curve to estimate the value of p.",3
0607_s23_qp_42.json,5(a)(i),angles,high,607,s,May/Jun,2023,4,calculator,2,"The diagram shows a regular pentagon with sides of 10 cm and centre O.
Find angle AOB.",1
0607_s23_qp_42.json,5(a)(ii),trigonometry,high,607,s,May/Jun,2023,4,calculator,2,Show that OA = 8.51 cm correct to 3 significant figures.,3
0607_s23_qp_42.json,5(a)(iii),mensuration,high,607,s,May/Jun,2023,4,calculator,2,Find the area of the pentagon.,2
0607_s23_qp_42.json,5(b)(i),trigonometry,high,607,s,May/Jun,2023,4,calculator,2,"The regular pentagon in part (a) is the base of a pyramid. The sloping edges, VA, VB, VC, VD, and VE, are each of length 18 cm.
Calculate the perpendicular height, VO, of the pyramid.",3
0607_s23_qp_42.json,5(b)(ii),mensuration,high,607,s,May/Jun,2023,4,calculator,2,Calculate the volume of the pyramid.,2
0607_s23_qp_42.json,5(b)(iii),similarity,high,607,s,May/Jun,2023,4,calculator,2,"A geometrically similar pyramid has volume 1500 cm^3.
Calculate the length of a side of the base of this pyramid.",3
0607_s23_qp_42.json,6(a),functions,high,607,s,May/Jun,2023,4,calculator,2,"f(x) = (x^2 + 3x) / ((x - 2)(x + 1))
On the diagram sketch the graph of y = f(x) for values of x between -6 and 6.",3
0607_s23_qp_42.json,6(b),functions,high,607,s,May/Jun,2023,4,calculator,2,Write down the equations of the asymptotes parallel to the y-axis.,2
0607_s23_qp_42.json,6(c),functions,high,607,s,May/Jun,2023,4,calculator,2,Find the zeros of the graph of y = f(x).,2
0607_s23_qp_42.json,6(d)(i),functions,high,607,s,May/Jun,2023,4,calculator,2,"g(x) = x - 3
On the diagram sketch the graph of y = g(x) for -6 <= x <= 6.",1
0607_s23_qp_42.json,6(d)(ii),functions,high,607,s,May/Jun,2023,4,calculator,2,Use your graphs to solve f(x) = g(x).,3
0607_s23_qp_42.json,6(d)(iii),inequalities,high,607,s,May/Jun,2023,4,calculator,2,Solve g(x) > f(x).,3
0607_s23_qp_42.json,7(a),straight lines,high,607,s,May/Jun,2023,4,calculator,2,"A is the point (-8, 2) and C is the point (8, 10).
Find the equation of the line AC.",3
0607_s23_qp_42.json,7(b),straight lines,high,607,s,May/Jun,2023,4,calculator,2,"N is the point (4, 8).
Show that N lies on AC.",1
0607_s23_qp_42.json,7(c),straight lines,high,607,s,May/Jun,2023,4,calculator,2,Find the equation of the line that is perpendicular to AC and passes through N.,3
0607_s23_qp_42.json,7(d)(i),transformations,medium,607,s,May/Jun,2023,4,calculator,2,"A and C are two vertices of a quadrilateral ABCD. B is the point (2, 12). D is the reflection of B in the line AC.
Find the coordinates of D.",2
0607_s23_qp_42.json,7(d)(ii),straight lines,medium,607,s,May/Jun,2023,4,calculator,2,Write down the name of the special quadrilateral ABCD.,1
0607_s23_qp_42.json,7(d)(iii),straight lines,high,607,s,May/Jun,2023,4,calculator,2,Find the length AC.,2
0607_s23_qp_42.json,7(d)(iv),straight lines,medium,607,s,May/Jun,2023,4,calculator,2,Find the area of the quadrilateral ABCD.,3
0607_s23_qp_42.json,8(a),trigonometry,high,607,s,May/Jun,2023,4,calculator,2,"A ship sails from port A at a constant speed of 18 km/h on a bearing of 040°.
A motorboat sails in a straight line at a constant speed from port B to intercept the ship.
Port B is 30 km due south of port A.
The ship leaves port A at 0820 and the motorboat leaves port B at 0830.
The motorboat intercepts the ship at point C at 0950.
Find the speed of the motorboat.",5
0607_s23_qp_42.json,8(b),trigonometry,high,607,s,May/Jun,2023,4,calculator,2,Find the bearing on which the motorboat sails.,3
0607_s23_qp_42.json,9(a),probability,high,607,s,May/Jun,2023,4,calculator,2,"Asa and Bernice have these 10 letter cards (PERCENTILE).
A, E, I, O and U are vowels. All other letters are consonants.
Asa picks a card at random.
Write down the probability that Asa's card shows the letter T.",1
0607_s23_qp_42.json,9(b),probability,high,607,s,May/Jun,2023,4,calculator,2,"Asa replaces his card. Bernice picks two cards at random without replacement.
Calculate the probability that both of Bernice's cards are vowels.",2
0607_s23_qp_42.json,9(c),probability,high,607,s,May/Jun,2023,4,calculator,2,"Bernice replaces her cards. Asa picks 3 cards at random without replacement.
Calculate the probability that Asa's cards can be arranged to spell the word PEN.",3
0607_s23_qp_42.json,9(d),probability,high,607,s,May/Jun,2023,4,calculator,2,"Asa replaces his cards. Bernice picks cards at random with replacement until she first gets a consonant.
The probability that she first gets a consonant on her nth pick is 48 / 3125.
Find the value of n.",3
0607_s23_qp_42.json,10(a),expanding and factorising,high,607,s,May/Jun,2023,4,calculator,2,"Simplify.
3x - 5y + 4x - 6y",2
0607_s23_qp_42.json,10(b),expanding and factorising,high,607,s,May/Jun,2023,4,calculator,2,"Expand.
x(x + 2)",1
0607_s23_qp_42.json,10(c),expanding and factorising,high,607,s,May/Jun,2023,4,calculator,2,"Factorise.
10ab + 8ac - 15b^2 - 12bc",2
0607_s23_qp_42.json,10(d)(i),solving quadratic equations,high,607,s,May/Jun,2023,4,calculator,2,"2 / (2x + 1) - 5 / (x - 3) = 3
Show that 6x^2 - 7x + 2 = 0.",4
0607_s23_qp_42.json,10(d)(ii),solving quadratic equations,high,607,s,May/Jun,2023,4,calculator,2,Solve 6x^2 - 7x + 2 = 0. You must show all your working.,3
0607_s23_qp_42.json,11(a),functions,high,607,s,May/Jun,2023,4,calculator,2,"f(x) = 2x + 5, g(x) = 1 - 3x
Find f(-2).",1
0607_s23_qp_42.json,11(b),functions,high,607,s,May/Jun,2023,4,calculator,2,Solve f(g(x)) = 19.,3
0607_s23_qp_42.json,11(c),functions,high,607,s,May/Jun,2023,4,calculator,2,Find g^(-1)(x).,2
0607_s23_qp_42.json,11(d),functions,high,607,s,May/Jun,2023,4,calculator,2,"y = g(x) / f(x)
Find x in terms of y.",3
0607_s24_qp_21.json,1,exponents and surds,high,607,s,May/Jun,2024,2,non_calculator,1,Work out. 2^4,1
0607_s24_qp_21.json,2(a),topics in arithmetic,high,607,s,May/Jun,2024,2,non_calculator,1,Write \frac{12}{25} as a percentage.,1
0607_s24_qp_21.json,2(b),topics in arithmetic,high,607,s,May/Jun,2024,2,non_calculator,1,Work out. \frac{2}{7} + \frac{4}{7},1
0607_s24_qp_21.json,3,expanding and factorising,high,607,s,May/Jun,2024,2,non_calculator,1,Simplify. 3x - 2y + x + y,2
0607_s24_qp_21.json,4,mensuration,high,607,s,May/Jun,2024,2,non_calculator,1,Change 270\text{ mm}^2 into \text{ m}^2.,1
0607_s24_qp_21.json,5,exponents and surds,high,607,s,May/Jun,2024,2,non_calculator,1,Write down the value of 9^0.,1
0607_s24_qp_21.json,6,topics in arithmetic,high,607,s,May/Jun,2024,2,non_calculator,1,Find the lowest common multiple (LCM) of 24 and 60.,2
0607_s24_qp_21.json,7,vectors,high,607,s,May/Jun,2024,2,non_calculator,1,Find the magnitude of \begin{pmatrix} 9 \\ -3 \end{pmatrix}. Give your answer in its simplest surd form.,2
0607_s24_qp_21.json,8(a),topics in arithmetic,high,607,s,May/Jun,2024,2,non_calculator,1,Write in standard form. 3 706 000,1
0607_s24_qp_21.json,8(b),topics in arithmetic,high,607,s,May/Jun,2024,2,non_calculator,1,Write in standard form. 0.001010,1
0607_s24_qp_21.json,9,straight lines,high,607,s,May/Jun,2024,2,non_calculator,1,"A is the point (1, 3) and B is the point (3, -7). The line l passes through A and is perpendicular to AB. Find the equation of line l. Give your answer in the form py + qx = r where p, q and r are integers.",4
0607_s24_qp_21.json,10(a),statistics,high,607,s,May/Jun,2024,2,non_calculator,1,"The table shows the favourite colour of each of 80 people. Colour: Red, Blue, White, Green, Silver, Black, Yellow. Frequency: 23, 17, 11, 9, 12, 3, x. Find the value of x.",1
0607_s24_qp_21.json,10(b),statistics,high,607,s,May/Jun,2024,2,non_calculator,1,"Find the relative frequency of silver, giving your answer as a fraction in its lowest terms.",2
0607_s24_qp_21.json,11(a),exponents and surds,high,607,s,May/Jun,2024,2,non_calculator,1,Simplify. \sqrt{50} - \sqrt{8},2
0607_s24_qp_21.json,11(b),exponents and surds,high,607,s,May/Jun,2024,2,non_calculator,1,"By rationalising the denominator, simplify \frac{12}{\sqrt{7} - \sqrt{3}}",3
0607_s24_qp_21.json,12,expanding and factorising,high,607,s,May/Jun,2024,2,non_calculator,1,Factorise completely. x^3y^2 - xy,2
0607_s24_qp_21.json,13,probability,high,607,s,May/Jun,2024,2,non_calculator,1,Sara has a bag containing 4 yellow balls and 5 white balls. Sara takes a ball from the bag at random without replacement. She then takes a second ball from the bag at random. Find the probability that the two balls are different colours.,3
0607_s24_qp_21.json,14,solving linear equations,high,607,s,May/Jun,2024,2,non_calculator,1,Make x the subject of the formula. \frac{p}{x} = \frac{q}{x - 2},3
0607_s24_qp_21.json,15,logarithms,high,607,s,May/Jun,2024,2,non_calculator,1,Simplify. 1 + 3\log 2 - 2\log 3 - 2\log \frac{2}{3},4
0607_s24_qp_21.json,16,trigonometry,high,607,s,May/Jun,2024,2,non_calculator,1,Solve the equation. 4(\cos x)^2 = 3 \quad \text{for} \quad 0^\circ \leqslant x \leqslant 360^\circ,3
0607_s24_qp_22.json,1(a),angles,high,607,s,May/Jun,2024,2,non_calculator,2,"In triangle ABC, AC = BC and BCD is a straight line. Find angle ACD.",1
0607_s24_qp_22.json,1(b),angles,high,607,s,May/Jun,2024,2,non_calculator,2,"In triangle ABC, AC = BC and BCD is a straight line. Find angle ABC.",1
0607_s24_qp_22.json,2(a),statistics,high,607,s,May/Jun,2024,2,non_calculator,2,10 students each record their test scores in mathematics and in science. The table shows the results. Complete the scatter diagram. The first six points have been plotted for you.,2
0607_s24_qp_22.json,2(b),statistics,high,607,s,May/Jun,2024,2,non_calculator,2,Write down the type of correlation shown in your scatter diagram.,1
0607_s24_qp_22.json,3,topics in arithmetic,high,607,s,May/Jun,2024,2,non_calculator,2,Work out 0.4 \times 0.001.,1
0607_s24_qp_22.json,4,topics in arithmetic,high,607,s,May/Jun,2024,2,non_calculator,2,"From the list of numbers 80, 81, 82, 83, 84, 85, 86, 87, 88, 89, write down a prime number.",1
0607_s24_qp_22.json,5,solving linear equations,medium,607,s,May/Jun,2024,2,non_calculator,2,"Petra repairs cars. The cost of a repair is a fixed charge of $C plus a charge of $h per hour. Find an expression, in terms of C, h and n, for the total cost, $T, of a repair that takes Petra n hours.",2
0607_s24_qp_22.json,6,inequalities,high,607,s,May/Jun,2024,2,non_calculator,2,Solve the inequality. 7 \leqslant 11x,1
0607_s24_qp_22.json,7(a),exponents and surds,high,607,s,May/Jun,2024,2,non_calculator,2,Simplify \sqrt{98}.,1
0607_s24_qp_22.json,7(b),exponents and surds,high,607,s,May/Jun,2024,2,non_calculator,2,Rationalise the denominator. \frac{3}{\sqrt{5}-2},2
0607_s24_qp_22.json,8,solving linear equations,high,607,s,May/Jun,2024,2,non_calculator,2,Solve. |x+11| = 7,2
0607_s24_qp_22.json,9,expanding and factorising,high,607,s,May/Jun,2024,2,non_calculator,2,Factorise completely. 2x - 6y - ax + 3ay,2
0607_s24_qp_22.json,10(a),circle theorems,high,607,s,May/Jun,2024,2,non_calculator,2,"ABCD is a cyclic quadrilateral and the diagonals AC and BD intersect at X. Complete the statement using two of t, u, v and w. Angle ............. is equal to angle .............",1
0607_s24_qp_22.json,10(b),circle theorems,high,607,s,May/Jun,2024,2,non_calculator,2,Angle DAB = 75°. Find angle DCB.,1
0607_s24_qp_22.json,10(c),similarity,high,607,s,May/Jun,2024,2,non_calculator,2,"AB = 8cm, AX = 6cm, BX = 4cm and DC = 5cm. Work out CX.",2
0607_s24_qp_22.json,11,exponents and surds,high,607,s,May/Jun,2024,2,non_calculator,2,10 < ab < 100. Simplify (a \times 10^7) \times (b \times 10^8). Give your answer in standard form.,2
0607_s24_qp_22.json,12(a),functions,high,607,s,May/Jun,2024,2,non_calculator,2,"The diagram shows the graph of y = \sin x for 0^\circ \leqslant x \leqslant 360^\circ. On the diagram, sketch the graph of y = \cos x for 0^\circ \leqslant x \leqslant 360^\circ.",1
0607_s24_qp_22.json,12(b),trigonometry,high,607,s,May/Jun,2024,2,non_calculator,2,\cos x = \sin(x + k). Find a possible value of k.,1
0607_s24_qp_22.json,13(a),sets and Venn diagrams,high,607,s,May/Jun,2024,2,non_calculator,2,The Venn diagram shows the number of elements in each subset. Use set notation to complete the statement. P \cap Q \cap R = .................,1
0607_s24_qp_22.json,13(b),sets and Venn diagrams,high,607,s,May/Jun,2024,2,non_calculator,2,Find n((Q \cup R) \cap P').,1
0607_s24_qp_22.json,13(c),sets and Venn diagrams,high,607,s,May/Jun,2024,2,non_calculator,2,Shade the subset (P \cap Q') \cup R.,1
0607_s24_qp_22.json,14,exponents and surds,high,607,s,May/Jun,2024,2,non_calculator,2,Simplify (25x^{16})^{\frac{3}{2}}.,2
0607_s24_qp_22.json,15,trigonometry,high,607,s,May/Jun,2024,2,non_calculator,2,"A triangle has sides of length 3cm, 5cm and 7cm. Work out the largest angle in the triangle.",3
0607_s24_qp_22.json,16,transformations,high,607,s,May/Jun,2024,2,non_calculator,2,Describe fully the single transformation that maps shape G onto shape H.,3
0607_s24_qp_22.json,17,trigonometry,high,607,s,May/Jun,2024,2,non_calculator,2,"The diagram shows a cuboid measuring 6cm by 3cm by 2cm. Find the sine of the angle PAN, the angle between the diagonal PA and the base of the cuboid.",4
0607_s24_qp_23.json,1,topics in arithmetic,high,607,s,May/Jun,2024,2,non_calculator,3,Work out 1.1 - 0.2^2.,2
0607_s24_qp_23.json,2,topics in arithmetic,high,607,s,May/Jun,2024,2,non_calculator,3,Work out 3/4 - 1/6.,2
0607_s24_qp_23.json,3,angles,medium,607,s,May/Jun,2024,2,non_calculator,3,A quadrilateral has rotational symmetry of order 2 and no lines of symmetry. Write down the mathematical name of this quadrilateral.,1
0607_s24_qp_23.json,4(a),expanding and factorising,high,607,s,May/Jun,2024,2,non_calculator,3,Simplify fully. 3a - 6b - 2a + b,2
0607_s24_qp_23.json,4(b),expanding and factorising,high,607,s,May/Jun,2024,2,non_calculator,3,Simplify fully. 7(x - 3) - 2(2x - 1),2
0607_s24_qp_23.json,5,statistics,high,607,s,May/Jun,2024,2,non_calculator,3,One week a shop sells 120 jars of ketchup. The table shows the number of jars of each size sold. Show this information in a pie chart.,3
0607_s24_qp_23.json,6(a),topics in arithmetic,high,607,s,May/Jun,2024,2,non_calculator,3,"p = 5 x 10^-8, q = 6.8 x 10^-7. Find, giving your answers in standard form, pq",2
0607_s24_qp_23.json,6(b),topics in arithmetic,high,607,s,May/Jun,2024,2,non_calculator,3,"p = 5 x 10^-8, q = 6.8 x 10^-7. Find, giving your answers in standard form, p + q.",2
0607_s24_qp_23.json,7,topics in arithmetic,high,607,s,May/Jun,2024,2,non_calculator,3,"a, b and c are prime numbers. V = a^2 b^4 c^3, W = a^5 b^3 c. Find the lowest common multiple (LCM) of V and W in terms of a, b and c.",2
0607_s24_qp_23.json,8,variation and proportion,medium,607,s,May/Jun,2024,2,non_calculator,3,Jasmine drives a distance of a km at a speed of 50 km/h. She then drives a distance of b km at a speed of 60 km/h. She takes a total time of T hours for this journey. Find a formula for T in terms of a and b.,2
0607_s24_qp_23.json,9,sets and Venn diagrams,high,607,s,May/Jun,2024,2,non_calculator,3,"In each Venn diagram, shade the given set. (Left: A U B, Right: (P intersection Q)')",2
0607_s24_qp_23.json,10(a),statistics,high,607,s,May/Jun,2024,2,non_calculator,3,The cumulative frequency curve shows the heights of 120 young trees. Find the median,1
0607_s24_qp_23.json,10(b),statistics,high,607,s,May/Jun,2024,2,non_calculator,3,The cumulative frequency curve shows the heights of 120 young trees. Find the interquartile range.,2
0607_s24_qp_23.json,11,expanding and factorising,high,607,s,May/Jun,2024,2,non_calculator,3,Factorise completely. 48x^2 - 75y^2,3
0607_s24_qp_23.json,12,variation and proportion,high,607,s,May/Jun,2024,2,non_calculator,3,"y is inversely proportional to the square root of x. v is directly proportional to y^2. When x = 9, y = 2 and v = 12. Find v in terms of x. Give your answer in its simplest form.",4
0607_s24_qp_23.json,13,logarithms,high,607,s,May/Jun,2024,2,non_calculator,3,Find the value of 4 log 2 + 2 log 5 - log 4.,3
0607_s24_qp_23.json,14,mensuration,medium,607,s,May/Jun,2024,2,non_calculator,3,The diagram shows 15 circles in an equilateral triangle. The circles touch each other and the triangle. The radius of each circle is 2.5 cm. The length of each side of the triangle is (a + b sqrt(3)) cm where a and b are integers. Find the value of a and the value of b.,5
0607_s24_qp_41.json,1(a)(i),solving linear equations,high,607,s,May/Jun,2024,4,calculator,1,"Solve the equation.
3x - 2 = -14",2
0607_s24_qp_41.json,1(a)(ii),solving linear equations,high,607,s,May/Jun,2024,4,calculator,1,"Solve the equation.
7x + 11 = 26 - 3x",2
0607_s24_qp_41.json,1(b),simultaneous equations,high,607,s,May/Jun,2024,4,calculator,1,"Solve the simultaneous equations.
You must show all your working.
5x + 3y = -15
3x + 5y = -17",4
0607_s24_qp_41.json,1(c),inequalities,high,607,s,May/Jun,2024,4,calculator,1,"Solve the inequality.
|2x + 1| > 9",4
0607_s24_qp_41.json,2(a)(i),statistics,high,607,s,May/Jun,2024,4,calculator,1,"The heights, x cm, of 100 plants are shown in the table.

Height (x cm) | Frequency
0 < x <= 20 | 7
20 < x <= 35 | 13
35 < x <= 40 | 20
40 < x <= 60 | 32
60 < x <= 80 | 28

Calculate an estimate of the mean height of the plants.",2
0607_s24_qp_41.json,2(a)(ii)(a),statistics,high,607,s,May/Jun,2024,4,calculator,1,"Complete the cumulative frequency table for the plants.
Height (x cm): x <= 20, x <= 35, x <= 40, x <= 60, x <= 80
Cumulative frequency: 7, ..., ..., ..., 100",1
0607_s24_qp_41.json,2(a)(ii)(b),statistics,high,607,s,May/Jun,2024,4,calculator,1,"On the grid, draw the cumulative frequency curve.",3
0607_s24_qp_41.json,2(a)(ii)(c),statistics,high,607,s,May/Jun,2024,4,calculator,1,Use your cumulative frequency curve to find an estimate for the interquartile range.,2
0607_s24_qp_41.json,2(b),statistics,high,607,s,May/Jun,2024,4,calculator,1,"The heights, h cm, of 50 different plants are shown in the table, where k is an integer.

Height (h cm) | Frequency
0 < h <= 20 | 25
20 < h <= k | 15
k < h <= 80 | 10

An estimate of the mean height of these plants is 27 cm.
Find the value of k.",3
0607_s24_qp_41.json,3(a),transformations,high,607,s,May/Jun,2024,4,calculator,1,"Translate triangle A with vector (2, -6). Label the image B.",2
0607_s24_qp_41.json,3(b),transformations,high,607,s,May/Jun,2024,4,calculator,1,Describe fully the single transformation that maps triangle B onto triangle A.,2
0607_s24_qp_41.json,3(c),transformations,high,607,s,May/Jun,2024,4,calculator,1,"Rotate triangle A through 90° clockwise about (0, 0). Label the image C.",2
0607_s24_qp_41.json,3(d),transformations,high,607,s,May/Jun,2024,4,calculator,1,Reflect triangle A in the line y = x. Label the image D.,2
0607_s24_qp_41.json,3(e),transformations,high,607,s,May/Jun,2024,4,calculator,1,Describe fully the single transformation that maps triangle C onto triangle B.,3
0607_s24_qp_41.json,4(a),topics in arithmetic,high,607,s,May/Jun,2024,4,calculator,1,"The price of a coat is $84.
The price is reduced by 12%.
Find the new price of the coat.",2
0607_s24_qp_41.json,4(b),topics in arithmetic,high,607,s,May/Jun,2024,4,calculator,1,"The price of a table is reduced by 25%.
The price is now $960.
Find the original price of the table.",2
0607_s24_qp_41.json,4(c)(i),topics in arithmetic,high,607,s,May/Jun,2024,4,calculator,1,"Samir invests $600 in a bank that pays compound interest at a rate of 5.1% each year.
Find the value of Samir’s investment after 4 complete years.",2
0607_s24_qp_41.json,4(c)(ii),logarithms,medium,607,s,May/Jun,2024,4,calculator,1,Find the number of complete years for the value of Samir’s investment to be first worth more than $1000.,4
0607_s24_qp_41.json,4(d)(i),topics in arithmetic,high,607,s,May/Jun,2024,4,calculator,1,"Amir and Bob work together and share their earnings in the ratio 3 : 5.
Find the amount Bob receives when their earnings are $120.",2
0607_s24_qp_41.json,4(d)(ii),topics in arithmetic,high,607,s,May/Jun,2024,4,calculator,1,"They decide to change the ratio for all further earnings.
Amir’s share of the earnings is increased by 20% of his original share.
Bob’s share of the earnings is decreased by 20% of his original share.
Show that the ratio of their earnings is now 9 : 10.",3
0607_s24_qp_41.json,5(a),circle theorems,high,607,s,May/Jun,2024,4,calculator,1,"A, B, C and D lie on a circle, centre O.
AP is a tangent to the circle at A.
OP is perpendicular to AC and AD is parallel to BC.
Angle ABC = 61° and angle PAD = 22°.

Write down the mathematical name of the cyclic quadrilateral ABCD.",1
0607_s24_qp_41.json,5(b),circle theorems,high,607,s,May/Jun,2024,4,calculator,1,"Complete the statement.
Angle OAP = 90° because .................................................",1
0607_s24_qp_41.json,5(c)(i),circle theorems,high,607,s,May/Jun,2024,4,calculator,1,Find angle ADC,1
0607_s24_qp_41.json,5(c)(ii),circle theorems,high,607,s,May/Jun,2024,4,calculator,1,Find angle ACD,1
0607_s24_qp_41.json,5(c)(iii),circle theorems,high,607,s,May/Jun,2024,4,calculator,1,Find angle ACB,2
0607_s24_qp_41.json,5(c)(iv),circle theorems,high,607,s,May/Jun,2024,4,calculator,1,Find angle OCA.,2
0607_s24_qp_41.json,6(a),functions,high,607,s,May/Jun,2024,4,calculator,1,"f(x) = 2 - |1 - 0.5x^2|

On the diagram, sketch the graph of y = f(x), for values of x between -3 and 3.",3
0607_s24_qp_41.json,6(b),functions,high,607,s,May/Jun,2024,4,calculator,1,"The graph cuts the x-axis at points A and B.
Work out the length AB.",2
0607_s24_qp_41.json,6(c),functions,high,607,s,May/Jun,2024,4,calculator,1,Solve f(x) = 0.5.,2
0607_s24_qp_41.json,6(d),functions,high,607,s,May/Jun,2024,4,calculator,1,Write down the coordinates of the minimum point of the graph.,1
0607_s24_qp_41.json,6(e),functions,high,607,s,May/Jun,2024,4,calculator,1,"The equation f(x) = k has two solutions.
Find the range of values of k.",2
0607_s24_qp_41.json,7(a)(i),probability,high,607,s,May/Jun,2024,4,calculator,1,"Spinner A and spinner B are each fair 5-sided spinners.
Spinner A is numbered 1, 2, 2, 3, 4.
Spinner B is numbered 1, 2, 3, 4, 4.
The two spinners are each spun once and the number on each spinner is recorded.

Find the probability that the number on spinner A is 6",1
0607_s24_qp_41.json,7(a)(ii),probability,high,607,s,May/Jun,2024,4,calculator,1,Find the probability that the number on spinner B is not 4,1
0607_s24_qp_41.json,7(a)(iii),probability,high,607,s,May/Jun,2024,4,calculator,1,Find the probability that the number on spinner A is the same as the number on spinner B,3
0607_s24_qp_41.json,7(a)(iv),probability,high,607,s,May/Jun,2024,4,calculator,1,Find the probability that the sum of the two numbers is 6.,3
0607_s24_qp_41.json,7(b)(i),sets and Venn diagrams,high,607,s,May/Jun,2024,4,calculator,1,"On the Venn diagram, shade A U B.",1
0607_s24_qp_41.json,7(b)(ii),sets and Venn diagrams,high,607,s,May/Jun,2024,4,calculator,1,Describe the shaded region using set notation.,1
0607_s24_qp_41.json,7(b)(iii),sets and Venn diagrams,high,607,s,May/Jun,2024,4,calculator,1,"The Venn diagram below shows the number of elements in each subset.
Find n((A ∩ B) ∩ C').",1
0607_s24_qp_41.json,8(a),trigonometry,high,607,s,May/Jun,2024,4,calculator,1,"The diagram shows a shape ABDC formed from triangle ABC and a sector of a circle BCD, centre B.
Show that BC = 9.0 m, correct to 1 decimal place.",3
0607_s24_qp_41.json,8(b),trigonometry,high,607,s,May/Jun,2024,4,calculator,1,Use the sine rule to find angle BCA.,3
0607_s24_qp_41.json,8(c),trigonometry,high,607,s,May/Jun,2024,4,calculator,1,Find the area of triangle ABC.,2
0607_s24_qp_41.json,8(d),mensuration,high,607,s,May/Jun,2024,4,calculator,1,Find the area of the shaded region.,3
0607_s24_qp_41.json,8(e),mensuration,high,607,s,May/Jun,2024,4,calculator,1,Find the perimeter of the shape ABDC.,2
0607_s24_qp_41.json,9(a),mensuration,high,607,s,May/Jun,2024,4,calculator,1,"The diagram shows a solid cone with base radius 40 cm and slant height 60 cm.
Find the volume of the cone.",3
0607_s24_qp_41.json,9(b),mensuration,high,607,s,May/Jun,2024,4,calculator,1,Show that the total surface area of the cone is 4000π cm².,2
0607_s24_qp_41.json,9(c),similarity,high,607,s,May/Jun,2024,4,calculator,1,"A mathematically similar cone has a surface area of 1000π cm².
Show that the radius of this cone is 20 cm.",2
0607_s24_qp_41.json,9(d),mensuration,high,607,s,May/Jun,2024,4,calculator,1,"A cone with radius 20 cm is removed from the top of the cone with radius 40 cm to leave a solid.
Calculate the surface area of the remaining solid.",3
0607_s24_qp_41.json,10(a)(i),variation and proportion,high,607,s,May/Jun,2024,4,calculator,1,"y varies inversely as the square root of (x + 1).
y = 18 when x = 3.

Find the value of y when x = 8.",3
0607_s24_qp_41.json,10(a)(ii),variation and proportion,high,607,s,May/Jun,2024,4,calculator,1,Find the value of x when y = 1.5.,2
0607_s24_qp_41.json,10(b),variation and proportion,high,607,s,May/Jun,2024,4,calculator,1,"w varies directly as the square root of (x + 1).
w = 18 when x = 3.
Find the value of √(wy).",3
0607_s24_qp_41.json,11(a),functions,high,607,s,May/Jun,2024,4,calculator,1,"f(x) = 3x - 1, g(x) = 5 - 2x, h(x) = 1/(2x - 3), x ≠ 1.5

Find f(4).",1
0607_s24_qp_41.json,11(b),functions,high,607,s,May/Jun,2024,4,calculator,1,Solve f(x) = -7.,2
0607_s24_qp_41.json,11(c),functions,high,607,s,May/Jun,2024,4,calculator,1,Find g⁻¹(x).,2
0607_s24_qp_41.json,11(d),functions,high,607,s,May/Jun,2024,4,calculator,1,"Solve g(x) = 7h(f(x)).
You must show all your working.",6
0607_s24_qp_42.json,1(a),mensuration,high,607,s,May/Jun,2024,4,calculator,2,The volume of a triangular prism is 476 cm³. The base of the triangle is 8 cm and the perpendicular height is 7 cm. Calculate the length of the prism.,3
0607_s24_qp_42.json,1(b)(i),topics in arithmetic,high,607,s,May/Jun,2024,4,calculator,2,The volume of a solid steel cube is 8000 cm³. The mass of 1 cm³ of the steel is 7.86 g. Calculate the mass of the cube. Give your answer in kilograms.,1
0607_s24_qp_42.json,1(b)(ii),mensuration,high,607,s,May/Jun,2024,4,calculator,2,Calculate the total surface area of the cube.,3
0607_s24_qp_42.json,1(b)(iii),mensuration,high,607,s,May/Jun,2024,4,calculator,2,The steel cube is melted down and made into spheres with radius 3.5 cm. Calculate the number of these spheres that are made.,3
0607_s24_qp_42.json,2(a),topics in arithmetic,high,607,s,May/Jun,2024,4,calculator,2,Yuri and Zoe share some money in the ratio 8 : 7. Zoe receives $210. Show that Yuri receives $240.,1
0607_s24_qp_42.json,2(b)(i),topics in arithmetic,high,607,s,May/Jun,2024,4,calculator,2,Yuri uses some of his money to buy a set of books and a concert ticket. He spends 21% of his $240 on the set of books. Calculate the cost of the set of books.,1
0607_s24_qp_42.json,2(b)(ii),topics in arithmetic,high,607,s,May/Jun,2024,4,calculator,2,He spends $75.50 on the concert ticket. Calculate the amount Yuri has remaining as a percentage of the $240.,2
0607_s24_qp_42.json,2(c),topics in arithmetic,high,607,s,May/Jun,2024,4,calculator,2,Zoe spends $140 on software. She is given a discount of 20% on the original price of the software. Calculate the original price of the software.,2
0607_s24_qp_42.json,2(d),topics in arithmetic,high,607,s,May/Jun,2024,4,calculator,2,Find the ratio Yuri’s remaining money : Zoe’s remaining money. Give your answer in the form n : 1.,2
0607_s24_qp_42.json,3(a)(i),functions,high,607,s,May/Jun,2024,4,calculator,2,Vic throws a stone from point O. The stone travels through the air and lands at point G. The sketch graph shows the path of the stone. The equation of the path of the stone is y = x - x²/10. Draw this graph on your calculator to answer the following questions. Find the height of the stone when x = 7.,1
0607_s24_qp_42.json,3(a)(ii),functions,high,607,s,May/Jun,2024,4,calculator,2,Find the maximum height of the stone.,1
0607_s24_qp_42.json,3(a)(iii),functions,high,607,s,May/Jun,2024,4,calculator,2,Find the distance OG.,1
0607_s24_qp_42.json,3(a)(iv),functions,high,607,s,May/Jun,2024,4,calculator,2,There are two points in the path of the stone where its height is 2 m. Find the horizontal distance between these two points.,2
0607_s24_qp_42.json,3(b)(i),functions,high,607,s,May/Jun,2024,4,calculator,2,"f(x) = 2^x - 1/x, x ≠ 0. On the diagram, sketch the graph of y = f(x) for values of x between -3 and 3.",3
0607_s24_qp_42.json,3(b)(ii),functions,high,607,s,May/Jun,2024,4,calculator,2,Write down the equation of each asymptote.,2
0607_s24_qp_42.json,3(b)(iii),functions,high,607,s,May/Jun,2024,4,calculator,2,f(x) = k has two solutions. Find the range of values of k.,1
0607_s24_qp_42.json,3(b)(iv)(a),functions,high,607,s,May/Jun,2024,4,calculator,2,"g(x) = 3 - x. On the diagram, sketch the graph of y = g(x) for values of x between -3 and 3.",2
0607_s24_qp_42.json,3(b)(iv)(b),functions,high,607,s,May/Jun,2024,4,calculator,2,Solve the equation f(x) = 3 - x.,2
0607_s24_qp_42.json,4(a),statistics,high,607,s,May/Jun,2024,4,calculator,2,"Erin rolls a biased die a number of times. The table shows the results. Score: 1, 2, 3, 4, 5, 6. Frequency: 6, 6, 3, 6, x, 4. The mean score is 3.75. Find the value of x.",3
0607_s24_qp_42.json,4(b)(i),statistics,high,607,s,May/Jun,2024,4,calculator,2,"70 students each record the time taken to complete their mathematics homework. The table shows the results. Time, t minutes: 0 < t ≤ 5, 5 < t ≤ 10, 10 < t ≤ 15, 15 < t ≤ 25, 25 < t ≤ 50. Frequency: 7, 21, 23, 16, 3. Calculate an estimate of the mean.",2
0607_s24_qp_42.json,4(b)(ii)(a),statistics,high,607,s,May/Jun,2024,4,calculator,2,Use the information in the table to complete the cumulative frequency table.,2
0607_s24_qp_42.json,4(b)(ii)(b),statistics,high,607,s,May/Jun,2024,4,calculator,2,"On the grid, draw the cumulative frequency curve.",3
0607_s24_qp_42.json,4(c),statistics,high,607,s,May/Jun,2024,4,calculator,2,Use your curve to estimate the median.,1
0607_s24_qp_42.json,4(d),statistics,high,607,s,May/Jun,2024,4,calculator,2,Use your curve to estimate the number of students who took more than 13 minutes to complete their mathematics homework.,2
0607_s24_qp_42.json,5(a),mensuration,high,607,s,May/Jun,2024,4,calculator,2,Calculate the area of an equilateral triangle with side length 12 cm.,2
0607_s24_qp_42.json,5(b),mensuration,high,607,s,May/Jun,2024,4,calculator,2,Calculate the area of a circle with circumference 60 cm.,3
0607_s24_qp_42.json,5(c),mensuration,high,607,s,May/Jun,2024,4,calculator,2,The diagram shows part of a regular 10-sided polygon with centre O and side length 6 cm. Calculate the area of the polygon.,4
0607_s24_qp_42.json,6(a),topics in arithmetic,high,607,s,May/Jun,2024,4,calculator,2,Xavier started a new job in 2000. His annual pay increases each year by 2.5% of his pay in the previous year. Calculate the number of complete years it took for Xavier’s annual pay to be 30% greater than his annual pay in 2000.,4
0607_s24_qp_42.json,6(b),topics in arithmetic,high,607,s,May/Jun,2024,4,calculator,2,In 2024 Xavier’s annual pay is $25 215. Calculate the amount Xavier’s pay will increase from his annual pay in 2022 to his annual pay in 2027. Give your answer correct to the nearest dollar.,4
0607_s24_qp_42.json,7(a),solving linear equations,high,607,s,May/Jun,2024,4,calculator,2,Solve 63 = 8(3 - 2a).,3
0607_s24_qp_42.json,7(b),simultaneous equations,high,607,s,May/Jun,2024,4,calculator,2,"Solve the simultaneous equations. You must show all your working. p/3 - q = 5/12, 2p + q/2 = 7/8.",3
0607_s24_qp_42.json,7(c)(i),expanding and factorising,high,607,s,May/Jun,2024,4,calculator,2,Factorise c² - c - 56.,2
0607_s24_qp_42.json,7(c)(ii),solving quadratic equations,high,607,s,May/Jun,2024,4,calculator,2,Solve c² - c - 56 = 0.,1
0607_s24_qp_42.json,8(a)(i),transformations,high,607,s,May/Jun,2024,4,calculator,2,Describe fully the single transformation that maps triangle T onto triangle A.,2
0607_s24_qp_42.json,8(a)(ii),transformations,high,607,s,May/Jun,2024,4,calculator,2,Describe fully the single transformation that maps triangle T onto triangle B.,3
0607_s24_qp_42.json,8(b)(i),vectors,high,607,s,May/Jun,2024,4,calculator,2,"P is the point (-3, 2). The vector from P to Q is (5, -7). Find the coordinates of Q.",1
0607_s24_qp_42.json,8(b)(ii),vectors,high,607,s,May/Jun,2024,4,calculator,2,"Find the magnitude of the vector (5, -7).",2
0607_s24_qp_42.json,8(c),straight lines,high,607,s,May/Jun,2024,4,calculator,2,"Find the equation of the line that passes through the points (-3, -1) and (1, 11). Give your answer in the form y = mx + c.",3
0607_s24_qp_42.json,9(a)(i),functions,high,607,s,May/Jun,2024,4,calculator,2,"f(x) = 3 + 2x, g(x) = x² + 1, h(x) = x⁵. Find f(-5).",1
0607_s24_qp_42.json,9(a)(ii),functions,high,607,s,May/Jun,2024,4,calculator,2,Find the value of h(f(9)). Give your answer in standard form correct to 4 significant figures.,3
0607_s24_qp_42.json,9(a)(iii),functions,high,607,s,May/Jun,2024,4,calculator,2,"Find g(f(x)), giving your answer in the form ax² + bx + c.",3
0607_s24_qp_42.json,9(a)(iv),functions,high,607,s,May/Jun,2024,4,calculator,2,Find f⁻¹(x).,2
0607_s24_qp_42.json,9(a)(v),functions,high,607,s,May/Jun,2024,4,calculator,2,The domain of h(x) is -1 ≤ x ≤ 2. Find the range of h(x).,2
0607_s24_qp_42.json,9(b)(i),logarithms,high,607,s,May/Jun,2024,4,calculator,2,"j(x) = log(2x), x > 0. Find x when j(x) = 3.",2
0607_s24_qp_42.json,9(b)(ii),logarithms,high,607,s,May/Jun,2024,4,calculator,2,Find j⁻¹(x).,2
0607_s24_qp_42.json,9(b)(iii),logarithms,high,607,s,May/Jun,2024,4,calculator,2,j(w) = 3j(x). Find w in terms of x.,2
0607_s24_qp_42.json,10(a)(i),probability,high,607,s,May/Jun,2024,4,calculator,2,"A bag contains 5 red balls, 4 blue balls and 3 green balls. Tina picks one ball at random, notes the colour and replaces it in the bag. Find the probability that Tina picks a red ball.",1
0607_s24_qp_42.json,10(a)(ii),probability,high,607,s,May/Jun,2024,4,calculator,2,Tina repeats this 60 times. Find the number of times the ball she picks is expected to be red.,1
0607_s24_qp_42.json,10(b)(i),probability,high,607,s,May/Jun,2024,4,calculator,2,Eli picks two balls at random without replacement. Find the probability that both balls are blue.,2
0607_s24_qp_42.json,10(b)(ii),probability,high,607,s,May/Jun,2024,4,calculator,2,Find the probability that one ball is red and one ball is blue.,3
0607_s24_qp_42.json,10(c),probability,high,607,s,May/Jun,2024,4,calculator,2,"The balls are replaced in the bag. Ida picks one ball at random, notes the colour and replaces it in the bag. She then picks another ball at random. Find the probability that the two balls are the same colour.",3
0607_s24_qp_42.json,11(a),expanding and factorising,high,607,s,May/Jun,2024,4,calculator,2,Simplify (9x² - 4y²) / (9x² - 6xy).,3
0607_s24_qp_42.json,11(b)(i),solving quadratic equations,high,607,s,May/Jun,2024,4,calculator,2,5/(2x - 3) - 7/(4 - x) = 2. Show that 4x² - 41x + 65 = 0.,3
0607_s24_qp_42.json,11(b)(ii),solving quadratic equations,high,607,s,May/Jun,2024,4,calculator,2,"Solve 5/(2x - 3) - 7/(4 - x) = 2, giving your answers correct to 2 decimal places. You must show all your working.",4
0607_s24_qp_43.json,1(a)(i),statistics,high,607,s,May/Jun,2024,4,calculator,3,"There are 120 houses in a street. The table shows the numbers of letters delivered to the houses one day. Number of letters: 0, 1, 2, 3, 4, 5, 6; Frequency: 26, 20, 23, 25, 14, 8, 4. Find the mode",1
0607_s24_qp_43.json,1(a)(ii),statistics,high,607,s,May/Jun,2024,4,calculator,3,Find the median,1
0607_s24_qp_43.json,1(a)(iii),statistics,high,607,s,May/Jun,2024,4,calculator,3,Find the range,1
0607_s24_qp_43.json,1(a)(iv),statistics,high,607,s,May/Jun,2024,4,calculator,3,Find the upper quartile,1
0607_s24_qp_43.json,1(a)(v),statistics,high,607,s,May/Jun,2024,4,calculator,3,Find the mean.,2
0607_s24_qp_43.json,1(b),statistics,high,607,s,May/Jun,2024,4,calculator,3,"This table shows the numbers of letters delivered to the houses in another street one day. Number of letters: 0, 1, 2, 3, 4, 5, 6; Frequency: 18, 31, 27, 18, n, 12, 5. The mean number of letters delivered in this street is 2.28 . Find the value of n.",3
0607_s24_qp_43.json,2(a),topics in arithmetic,high,607,s,May/Jun,2024,4,calculator,3,Ameera and Bertrand share some money in the ratio 4 : 5. Bertrand gets $3000. Calculate Ameera's share.,2
0607_s24_qp_43.json,2(b),topics in arithmetic,high,607,s,May/Jun,2024,4,calculator,3,Bertrand invests $3000 at a rate of r% per year simple interest. At the end of 10 years the value of the investment is $3840. Find the value of r.,3
0607_s24_qp_43.json,2(c),topics in arithmetic,high,607,s,May/Jun,2024,4,calculator,3,Claudia invests $6000 at a rate of s% per year compound interest. At the end of 8 years the value of the investment is $7367.67 . Find the value of s.,3
0607_s24_qp_43.json,2(d),topics in arithmetic,high,607,s,May/Jun,2024,4,calculator,3,Dieter invests $4000 at a rate of 1.8% per year compound interest. At the end of n complete years the value of the investment is more than $6000. Calculate the smallest value of n.,4
0607_s24_qp_43.json,3(a)(i),probability,high,607,s,May/Jun,2024,4,calculator,3,Noora throws a fair 6-sided die numbered from 1 to 6. Write down the probability that the die shows a number less than 5,1
0607_s24_qp_43.json,3(a)(ii),probability,high,607,s,May/Jun,2024,4,calculator,3,Write down the probability that the die shows an even number.,1
0607_s24_qp_43.json,3(b)(i),probability,high,607,s,May/Jun,2024,4,calculator,3,Dilshan has two fair 6-sided dice each numbered from 1 to 6. He throws both dice. Find the probability that both dice show a 6,2
0607_s24_qp_43.json,3(b)(ii),probability,high,607,s,May/Jun,2024,4,calculator,3,Find the probability that at least one die does not show a 6.,1
0607_s24_qp_43.json,3(c)(i),probability,high,607,s,May/Jun,2024,4,calculator,3,"The probability that it rains on Wednesday is 0.48 . If it rains, the probability that Hannah cycles to work is 0.28 . If it does not rain, the probability that Hannah cycles to work is 0.84 . Complete this tree diagram.",2
0607_s24_qp_43.json,3(c)(ii),probability,high,607,s,May/Jun,2024,4,calculator,3,"Find the probability that, on Wednesday, it does not rain and Hannah cycles.",2
0607_s24_qp_43.json,4(a),straight lines,high,607,s,May/Jun,2024,4,calculator,3,Line L has equation 3y + 2x = 8. Find the gradient and the y-intercept of line L.,3
0607_s24_qp_43.json,4(b),straight lines,high,607,s,May/Jun,2024,4,calculator,3,"Line P passes through the point (2, 10) and is perpendicular to line L. Show that the equation of line P is 2y - 3x = 14.",3
0607_s24_qp_43.json,4(c),simultaneous equations,high,607,s,May/Jun,2024,4,calculator,3,Find the coordinates of the point where line L and line P intersect. You must show all your working.,4
0607_s24_qp_43.json,5(a),functions,high,607,s,May/Jun,2024,4,calculator,3,"f(x) = 5 + 2x - 4x^2 - x^3 for -5 <= x <= 2. On the diagram, sketch the graph of y = f(x).",2
0607_s24_qp_43.json,5(b),functions,high,607,s,May/Jun,2024,4,calculator,3,Find the zeros of f(x).,3
0607_s24_qp_43.json,5(c),functions,high,607,s,May/Jun,2024,4,calculator,3,Write down the coordinates of the local minimum.,2
0607_s24_qp_43.json,5(d),functions,high,607,s,May/Jun,2024,4,calculator,3,"The point (a, b) lies on the graph of y = f(x) where the gradient is positive. Find the range of values for a.",2
0607_s24_qp_43.json,5(e),functions,high,607,s,May/Jun,2024,4,calculator,3,The equation 5 + 2x - 4x^2 - x^3 = k has exactly one solution. Write down a possible value of the integer k.,1
0607_s24_qp_43.json,6(a)(i),transformations,high,607,s,May/Jun,2024,4,calculator,3,Reflect triangle A in the line y = x.,2
0607_s24_qp_43.json,6(a)(ii),transformations,high,607,s,May/Jun,2024,4,calculator,3,Describe fully the single transformation that maps triangle A onto triangle B.,3
0607_s24_qp_43.json,6(a)(iii),transformations,high,607,s,May/Jun,2024,4,calculator,3,Describe fully the single transformation that maps triangle A onto triangle C.,3
0607_s24_qp_43.json,6(b)(i),transformations,high,607,s,May/Jun,2024,4,calculator,3,"Write down the inverse of each of these transformations. (i) Translation with the vector (-3, 4)",2
0607_s24_qp_43.json,6(b)(ii),transformations,high,607,s,May/Jun,2024,4,calculator,3,Write down the inverse of each of these transformations. (ii) Stretch with the line y = 1 invariant and stretch factor 3,3
0607_s24_qp_43.json,7(a),mensuration,high,607,s,May/Jun,2024,4,calculator,3,"The diagram shows a logo made from an isosceles triangle and two semicircles. The perimeter of the logo is 37 cm. Show that the diameter of each semicircle is 4.14 cm, correct to 3 significant figures.",2
0607_s24_qp_43.json,7(b),trigonometry,high,607,s,May/Jun,2024,4,calculator,3,Calculate angle ACB.,3
0607_s24_qp_43.json,7(c),mensuration,high,607,s,May/Jun,2024,4,calculator,3,Calculate the area of the logo.,3
0607_s24_qp_43.json,7(d),similarity,high,607,s,May/Jun,2024,4,calculator,3,A mathematically similar logo has an area of 35 cm^2. Calculate the perimeter of this logo.,3
0607_s24_qp_43.json,8(a),mensuration,high,607,s,May/Jun,2024,4,calculator,3,"The diagram shows a square-based pyramid. The side of the base of the pyramid is 0.7 cm. The length of each sloping edge is 0.8 cm. Show that the perpendicular height of the pyramid is 0.628 cm, correct to 3 significant figures.",4
0607_s24_qp_43.json,8(b),mensuration,high,607,s,May/Jun,2024,4,calculator,3,"The diagram shows a kitchen tool made from wood. The tool is formed from a cuboid, a cylinder and 49 of the square-based pyramids from part (a). The cylinder has a radius of 1.2 cm and length 25 cm. The cuboid measures 4.9 cm by 4.9 cm by 6 cm. The mass of 1 cm^3 of the wood is 0.63 grams. Calculate the total mass of the tool.",5
0607_s24_qp_43.json,9(a)(i),solving linear equations,high,607,s,May/Jun,2024,4,calculator,3,Solve 2x + 3 = 1 - 5x,2
0607_s24_qp_43.json,9(a)(ii),solving linear equations,high,607,s,May/Jun,2024,4,calculator,3,Solve |x + 3| = 2,2
0607_s24_qp_43.json,9(b),expanding and factorising,high,607,s,May/Jun,2024,4,calculator,3,Factorise completely. 6x^3 y^2 - 3x^2 y^3,2
0607_s24_qp_43.json,9(c),expanding and factorising,high,607,s,May/Jun,2024,4,calculator,3,Write 5 / (2x + 3) - 2 / (x - 5) as a single fraction in its simplest form.,3
0607_s24_qp_43.json,9(d),solving quadratic equations,high,607,s,May/Jun,2024,4,calculator,3,Solve 2x^2 + 3x = 7. You must show all your working and give your answers correct to 2 decimal places.,3
0607_s24_qp_43.json,10(a),functions,high,607,s,May/Jun,2024,4,calculator,3,"f(x) = 5 - 1/2 x, g(x) = 3(x + 1), h(x) = sin x° for 0 <= x <= 180. Find f(3).",1
0607_s24_qp_43.json,10(b),functions,high,607,s,May/Jun,2024,4,calculator,3,Solve f(x) = 2.,2
0607_s24_qp_43.json,10(c),functions,high,607,s,May/Jun,2024,4,calculator,3,Find and simplify f(g(x)).,2
0607_s24_qp_43.json,10(d),functions,high,607,s,May/Jun,2024,4,calculator,3,Find g^-1(x).,2
0607_s24_qp_43.json,10(e),functions,high,607,s,May/Jun,2024,4,calculator,3,Find h(g(29)).,2
0607_s24_qp_43.json,10(f),functions,high,607,s,May/Jun,2024,4,calculator,3,"Using a graphical method, solve h(g(x)) = 1 - 0.01x.",5
0607_s24_qp_43.json,11(a),trigonometry,high,607,s,May/Jun,2024,4,calculator,3,"A, B, and C are three ports. The bearing of B from A is 040°. Show that angle ABC = 80.6°, correct to 1 decimal place.",3
0607_s24_qp_43.json,11(b),trigonometry,high,607,s,May/Jun,2024,4,calculator,3,Find the bearing of B from C.,2
0607_s24_qp_43.json,11(c),trigonometry,high,607,s,May/Jun,2024,4,calculator,3,A ship leaves port A at 13 00. It sails directly towards C at a speed of 32 km/h. At point P the ship is at its shortest distance from B. Find the time when the ship reaches point P. Give your answer correct to the nearest minute.,6
0607_s25_qp_21.json,1(a),topics in arithmetic,high,607,s,May/Jun,2025,2,non_calculator,1,"This is a list of numbers. 3.142, sqrt(125), 125, 81, 7 2/3. From this list write down a cube number.",1
0607_s25_qp_21.json,1(b),topics in arithmetic,high,607,s,May/Jun,2025,2,non_calculator,1,"This is a list of numbers. 3.142, sqrt(125), 125, 81, 7 2/3. From this list write down an irrational number.",1
0607_s25_qp_21.json,2(a),topics in arithmetic,high,607,s,May/Jun,2025,2,non_calculator,1,Write 0.003 094 8 correct to 3 significant figures.,1
0607_s25_qp_21.json,2(b),topics in arithmetic,high,607,s,May/Jun,2025,2,non_calculator,1,Write 579 644 358 correct to the nearest million.,1
0607_s25_qp_21.json,3,angles,high,607,s,May/Jun,2025,2,non_calculator,1,In the diagram AC = BC = AD. BCD is a straight line. Find angle BAC.,2
0607_s25_qp_21.json,4(a),transformations,high,607,s,May/Jun,2025,2,non_calculator,1,Draw all the lines of symmetry of this regular pentagon.,1
0607_s25_qp_21.json,4(b),transformations,high,607,s,May/Jun,2025,2,non_calculator,1,A quadrilateral has rotational symmetry of order 2 and no lines of symmetry. Write down the mathematical name of this quadrilateral.,1
0607_s25_qp_21.json,5,topics in arithmetic,high,607,s,May/Jun,2025,2,non_calculator,1,Work out 1 3/7 * 4 2/3. Give your answer as a mixed number in its simplest form.,3
0607_s25_qp_21.json,6(a),transformations,high,607,s,May/Jun,2025,2,non_calculator,1,Describe fully the single transformation that maps triangle A onto triangle B.,2
0607_s25_qp_21.json,6(b),transformations,high,607,s,May/Jun,2025,2,non_calculator,1,Describe fully the single transformation that maps triangle A onto triangle C.,3
0607_s25_qp_21.json,6(c),transformations,high,607,s,May/Jun,2025,2,non_calculator,1,"Rotate triangle A through 90° anticlockwise about (-1, 1).",2
0607_s25_qp_21.json,7,topics in arithmetic,high,607,s,May/Jun,2025,2,non_calculator,1,The ratio a : b = 7 : 12. The ratio b : c = 8 : 5. Find the ratio a : b : c in its simplest form.,2
0607_s25_qp_21.json,8,statistics,high,607,s,May/Jun,2025,2,non_calculator,1,"The mean of 9 numbers is 8. When an extra number is included, the mean is 7.7 . Find the extra number.",2
0607_s25_qp_21.json,9(a),expanding and factorising,high,607,s,May/Jun,2025,2,non_calculator,1,Factorise. 4x^2 y^3 - 6x y^4,2
0607_s25_qp_21.json,9(b),expanding and factorising,high,607,s,May/Jun,2025,2,non_calculator,1,Factorise. 18p^2 - 2,2
0607_s25_qp_21.json,10,topics in arithmetic,high,607,s,May/Jun,2025,2,non_calculator,1,Work out 4 * 10^18 + 3.2 * 10^17. Give your answer in standard form.,2
0607_s25_qp_21.json,11,inequalities,high,607,s,May/Jun,2025,2,non_calculator,1,Solve. 7 - 3x > 2x - 8,2
0607_s25_qp_21.json,12,topics in arithmetic,high,607,s,May/Jun,2025,2,non_calculator,1,"P = 2^3 * 3^a * 5^b * 7, Q = 2 * 3^5 * 7^c. The highest common factor (HCF) of P and Q is 2 * 3^4 * 7. The lowest common multiple (LCM) of P and Q is 2^3 * 3^5 * 5^2 * 7. Find the values of a, b and c.",3
0607_s25_qp_21.json,13(a),circle theorems,high,607,s,May/Jun,2025,2,non_calculator,1,"A, B, C, D, E and F are points on a circle, centre O. Find angle BFE.",1
0607_s25_qp_21.json,13(b),circle theorems,high,607,s,May/Jun,2025,2,non_calculator,1,"A, B, C, D, E and F are points on a circle, centre O. Find angle BED.",1
0607_s25_qp_21.json,13(c),circle theorems,high,607,s,May/Jun,2025,2,non_calculator,1,"A, B, C, D, E and F are points on a circle, centre O. Find reflex angle BOE. Give geometrical reasons for your answer.",3
0607_s25_qp_21.json,14(a),sequences,high,607,s,May/Jun,2025,2,non_calculator,1,"These are the first 5 terms of a sequence. 1, 7, 17, 31, 49. Find the next term of the sequence.",1
0607_s25_qp_21.json,14(b),sequences,high,607,s,May/Jun,2025,2,non_calculator,1,"These are the first 5 terms of a sequence. 1, 7, 17, 31, 49. Find an expression for the nth term of the sequence.",2
0607_s25_qp_21.json,15,solving quadratic equations,high,607,s,May/Jun,2025,2,non_calculator,1,Solve. 2x^2 - 5x - 3 = 0,3
0607_s25_qp_21.json,16,straight lines,high,607,s,May/Jun,2025,2,non_calculator,1,"A is the point (-3, 2) and B is the point (5, -8). Find the equation of the perpendicular bisector of AB.",5
0607_s25_qp_21.json,17(a),statistics,high,607,s,May/Jun,2025,2,non_calculator,1,The cumulative frequency diagram shows the heights of 120 plants. Use the cumulative frequency diagram to estimate the interquartile range.,2
0607_s25_qp_21.json,17(b),statistics,high,607,s,May/Jun,2025,2,non_calculator,1,The cumulative frequency diagram shows the heights of 120 plants. Use the cumulative frequency diagram to estimate the number of plants greater than 20 cm in height.,2
0607_s25_qp_21.json,18(a)(i),functions,high,607,s,May/Jun,2025,2,non_calculator,1,"f(x) = 3x - 2, g(x) = 5 - x. Find f(-4).",1
0607_s25_qp_21.json,18(a)(ii),functions,high,607,s,May/Jun,2025,2,non_calculator,1,"f(x) = 3x - 2, g(x) = 5 - x. Find g^-1(x).",1
0607_s25_qp_21.json,18(a)(iii),functions,high,607,s,May/Jun,2025,2,non_calculator,1,"f(x) = 3x - 2, g(x) = 5 - x. Solve gf(x) = 1.",3
0607_s25_qp_21.json,18(b),functions,high,607,s,May/Jun,2025,2,non_calculator,1,h(x) is a function with an inverse function h^-1(x). Find hh^-1(x).,1
0607_s25_qp_21.json,19,expanding and factorising,high,607,s,May/Jun,2025,2,non_calculator,1,Expand and simplify. (x - 4)(2x + 1)(x + 2),3
0607_s25_qp_21.json,20(a),trigonometry,high,607,s,May/Jun,2025,2,non_calculator,1,Solve tan x = sqrt(3) for values of x between 0° and 360°.,2
0607_s25_qp_21.json,20(b),trigonometry,high,607,s,May/Jun,2025,2,non_calculator,1,This is a sketch of the graph of y = sin x. Solve 4 sin x + 3 = 1 for values of x between 0° and 360°.,3
0607_s25_qp_21.json,21(a),variation and proportion,high,607,s,May/Jun,2025,2,non_calculator,1,y is inversely proportional to x^3. y = 1 when x = 2. Find y in terms of x.,2
0607_s25_qp_21.json,21(b),variation and proportion,high,607,s,May/Jun,2025,2,non_calculator,1,y is inversely proportional to x^3. y = 1 when x = 2. Find x when y = 27.,2
0607_s25_qp_21.json,22(a),exponents and surds,high,607,s,May/Jun,2025,2,non_calculator,1,Simplify. sqrt(120) * sqrt(27),2
0607_s25_qp_21.json,22(b),exponents and surds,high,607,s,May/Jun,2025,2,non_calculator,1,Simplify. 1 / (5 - 2*sqrt(3)),2
0607_s25_qp_22.json,1(a),topics in arithmetic,high,607,s,May/Jun,2025,2,non_calculator,2,Work out (0.02)^3.,1
0607_s25_qp_22.json,1(b),topics in arithmetic,high,607,s,May/Jun,2025,2,non_calculator,2,Write your answer to part (a) in standard form.,1
0607_s25_qp_22.json,2,topics in arithmetic,high,607,s,May/Jun,2025,2,non_calculator,2,"This is a list of numbers.
31 33 35 37 39 41
From this list, write down all the prime numbers.",2
0607_s25_qp_22.json,3,topics in arithmetic,high,607,s,May/Jun,2025,2,non_calculator,2,Write the fraction 24/64 in its lowest terms.,1
0607_s25_qp_22.json,4,mensuration,high,607,s,May/Jun,2025,2,non_calculator,2,Convert 250 cm^3 into m^3.,1
0607_s25_qp_22.json,5,angles,high,607,s,May/Jun,2025,2,non_calculator,2,"A quadrilateral has exactly one pair of parallel sides.
Write down the mathematical name of this quadrilateral.",1
0607_s25_qp_22.json,6(a),topics in arithmetic,high,607,s,May/Jun,2025,2,non_calculator,2,Share 120 in the ratio 2 : 3.,2
0607_s25_qp_22.json,6(b),topics in arithmetic,high,607,s,May/Jun,2025,2,non_calculator,2,Share Z in the ratio x : y.,2
0607_s25_qp_22.json,7(a),statistics,high,607,s,May/Jun,2025,2,non_calculator,2,"At a school, 50 students are asked their favourite car colour.
The table shows the results.

Colour | Red | Blue | White | Silver | Black
Frequency | 7 | x | 15 | 16 | x

Find the value of x.",2
0607_s25_qp_22.json,7(b),statistics,high,607,s,May/Jun,2025,2,non_calculator,2,Find the relative frequency of red.,1
0607_s25_qp_22.json,8(a),expanding and factorising,high,607,s,May/Jun,2025,2,non_calculator,2,"Expand and simplify.
5(2x - 1) - 3(3 + 4x)",2
0607_s25_qp_22.json,8(b)(i),expanding and factorising,high,607,s,May/Jun,2025,2,non_calculator,2,"Factorise.
3y - y^2",1
0607_s25_qp_22.json,8(b)(ii),expanding and factorising,high,607,s,May/Jun,2025,2,non_calculator,2,"Factorise.
8ax - 3by + 2ay - 12bx",2
0607_s25_qp_22.json,8(b)(iii),expanding and factorising,high,607,s,May/Jun,2025,2,non_calculator,2,"Factorise.
3x^2 + 5x - 12",2
0607_s25_qp_22.json,9(a),statistics,high,607,s,May/Jun,2025,2,non_calculator,2,"The table shows the marks scored by each of 60 students in a science test.

Mark | 0 | 1 | 2 | 3 | 4 | 5 | 6 | 7 | 8 | 9 | 10
Frequency | 2 | 14 | 5 | 3 | 7 | 6 | 5 | 1 | 7 | 2 | 8

Write down the mode.",1
0607_s25_qp_22.json,9(b),statistics,high,607,s,May/Jun,2025,2,non_calculator,2,Find the interquartile range.,2
0607_s25_qp_22.json,10,sets and Venn diagrams,high,607,s,May/Jun,2025,2,non_calculator,2,Use set notation to describe each of the shaded regions.,2
0607_s25_qp_22.json,11,exponents and surds,high,607,s,May/Jun,2025,2,non_calculator,2,"Simplify.
(5x)^3 / (1/x)^4",2
0607_s25_qp_22.json,12,mensuration,high,607,s,May/Jun,2025,2,non_calculator,2,"In this question all lengths are in centimetres.
A solid is made by joining a cuboid to a pyramid.
The base of the cuboid is a square of side x.
The height of the cuboid is 3x.
The base of the pyramid is a square of side x.
The height of the pyramid is 3x.
The total volume of the solid is 32000 cm^3.
Show that x = 20.",3
0607_s25_qp_22.json,13(a),solving linear equations,high,607,s,May/Jun,2025,2,non_calculator,2,Show that x = 5.,2
0607_s25_qp_22.json,13(b),solving linear equations,high,607,s,May/Jun,2025,2,non_calculator,2,Find the value of y.,3
0607_s25_qp_22.json,14,expanding and factorising,high,607,s,May/Jun,2025,2,non_calculator,2,"Find the lowest common multiple (LCM) of these expressions.
2x^3 y^4    3x^2 z^3    4y^2 z",2
0607_s25_qp_22.json,15,probability,high,607,s,May/Jun,2025,2,non_calculator,2,"An unbiased die is numbered 2, 3, 4, 4, 5, 6.
Zaira rolls the die three times.
Find the probability that Zaira rolls an odd number two or more times.",4
0607_s25_qp_22.json,16(a),sequences,high,607,s,May/Jun,2025,2,non_calculator,2,"Find the next term and the nth term in each sequence.
12, 14, 16, 18, 20, ....",3
0607_s25_qp_22.json,16(b),sequences,high,607,s,May/Jun,2025,2,non_calculator,2,"Find the next term and the nth term in each sequence.
81, 27, 9, 3, 1, ....",3
0607_s25_qp_22.json,17(a),circle theorems,high,607,s,May/Jun,2025,2,non_calculator,2,"The diagram shows a circle, centre O.
AOBP is a straight line.
PC is a tangent to the circle.
Angle AOC = 116°.
Find angle OAC",1
0607_s25_qp_22.json,17(b),circle theorems,high,607,s,May/Jun,2025,2,non_calculator,2,Find angle ABC,1
0607_s25_qp_22.json,17(c),circle theorems,high,607,s,May/Jun,2025,2,non_calculator,2,Find angle ADC,1
0607_s25_qp_22.json,17(d),circle theorems,high,607,s,May/Jun,2025,2,non_calculator,2,Find angle APC.,2
0607_s25_qp_22.json,18,solving linear equations,high,607,s,May/Jun,2025,2,non_calculator,2,"Apples cost $2.50 per kilogram.
The total cost of x kg of apples and y kg of pears is $10 .
Find the cost of 1 kg of pears.
Give your answer in terms of x and y.",3
0607_s25_qp_22.json,19(a),functions,high,607,s,May/Jun,2025,2,non_calculator,2,"f(x) = 1/(5x - 4), x != 0.8
Find f(2).",1
0607_s25_qp_22.json,19(b),functions,high,607,s,May/Jun,2025,2,non_calculator,2,Solve f(x) = 1/11.,2
0607_s25_qp_22.json,19(c),functions,high,607,s,May/Jun,2025,2,non_calculator,2,Find f^-1(x).,3
0607_s25_qp_22.json,20(a),exponents and surds,high,607,s,May/Jun,2025,2,non_calculator,2,"Rationalise the denominator.
(sqrt(3) - sqrt(2)) / (sqrt(3) + sqrt(2))",3
0607_s25_qp_22.json,20(b),exponents and surds,high,607,s,May/Jun,2025,2,non_calculator,2,"Expand and simplify.
(sqrt(x + 1) - sqrt(x))(sqrt(x + 1) + sqrt(x))",2
0607_s25_qp_22.json,21(a),straight lines,high,607,s,May/Jun,2025,2,non_calculator,2,"Line L is perpendicular to the line with equation y = 2x + 1.
Line L passes through the point (3, 12).
Find the equation of the line L.",3
0607_s25_qp_22.json,21(b),straight lines,high,607,s,May/Jun,2025,2,non_calculator,2,"The shortest distance from the point (3, 12) to the line y = 2x + 1 is sqrt(k).
Find the value of k.",5
0607_s25_qp_23.json,1,topics in arithmetic,high,607,s,May/Jun,2025,2,non_calculator,3,Work out. 2 - 5 * 3 + 7,1
0607_s25_qp_23.json,2(a),topics in arithmetic,high,607,s,May/Jun,2025,2,non_calculator,3,This is a list of numbers. 20 21 22 23 24 25 26 27 From the list write down the square number,1
0607_s25_qp_23.json,2(b),topics in arithmetic,high,607,s,May/Jun,2025,2,non_calculator,3,This is a list of numbers. 20 21 22 23 24 25 26 27 From the list write down the prime number,1
0607_s25_qp_23.json,2(c),topics in arithmetic,high,607,s,May/Jun,2025,2,non_calculator,3,This is a list of numbers. 20 21 22 23 24 25 26 27 From the list write down the triangle number.,1
0607_s25_qp_23.json,3,expanding and factorising,high,607,s,May/Jun,2025,2,non_calculator,3,Simplify. 2x - 3y - x - 2y,2
0607_s25_qp_23.json,4,angles,high,607,s,May/Jun,2025,2,non_calculator,3,A regular polygon has 20 sides. Work out the size of one interior angle of the polygon.,3
0607_s25_qp_23.json,5(a),topics in arithmetic,high,607,s,May/Jun,2025,2,non_calculator,3,Ganpreet and Rahul share $240 in the ratio 7 : 5. Show that the value of Rahul's share is $100.,1
0607_s25_qp_23.json,5(b),solving linear equations,high,607,s,May/Jun,2025,2,non_calculator,3,Ganpreet and Rahul share $240 in the ratio 7 : 5. Ganpreet spends $x of her share. Rahul spends $x of his share. The ratio of their remaining money is Ganpreet : Rahul = 2 : 1. Find the value of x.,3
0607_s25_qp_23.json,6,simultaneous equations,high,607,s,May/Jun,2025,2,non_calculator,3,"The cost of a bar of chocolate is $c. The cost of a packet of sweets is $p. The total cost of 5 bars of chocolate and 2 packets of sweets is $13. The total cost of 7 bars of chocolate and 4 packets of sweets is $20. By forming a pair of simultaneous equations, find the cost of one bar of chocolate and the cost of one packet of sweets.",5
0607_s25_qp_23.json,7,topics in arithmetic,high,607,s,May/Jun,2025,2,non_calculator,3,Work out 5 1/3 / 1 3/5. Give your answer as a mixed number in its simplest form.,3
0607_s25_qp_23.json,8(a),transformations,high,607,s,May/Jun,2025,2,non_calculator,3,"Translate triangle T by the vector (1, -4).",2
0607_s25_qp_23.json,8(b),transformations,high,607,s,May/Jun,2025,2,non_calculator,3,Describe fully the single transformation that maps triangle T onto triangle P.,3
0607_s25_qp_23.json,9,exponents and surds,high,607,s,May/Jun,2025,2,non_calculator,3,Find the value of 16^(-3/2).,2
0607_s25_qp_23.json,10,circle theorems,high,607,s,May/Jun,2025,2,non_calculator,3,"A, B, C, D and E lie on the circle. TU is a tangent to the circle at C. Find the values of x, y and z.",4
0607_s25_qp_23.json,11(a),exponents and surds,high,607,s,May/Jun,2025,2,non_calculator,3,Simplify. sqrt(27) - 2*sqrt(75),2
0607_s25_qp_23.json,11(b),exponents and surds,high,607,s,May/Jun,2025,2,non_calculator,3,Rationalise the denominator and simplify. 6 / (sqrt(5) - sqrt(2)),3
0607_s25_qp_23.json,12,mensuration,high,607,s,May/Jun,2025,2,non_calculator,3,The diagram shows a sector of a circle with radius 8 cm. The area of the sector is 8*pi cm^2. The perimeter of the sector is (a + b*pi) cm. Find the value of a and the value of b.,4
0607_s25_qp_23.json,13,topics in arithmetic,high,607,s,May/Jun,2025,2,non_calculator,3,Work out. 4.9 * 10^199 + 4.9 * 10^197,2
0607_s25_qp_23.json,14(a)(i),trigonometry,high,607,s,May/Jun,2025,2,non_calculator,3,"f(x) = cos x, 0 deg <= x <= 360 deg. Write down the exact value of f(0)",1
0607_s25_qp_23.json,14(a)(ii),trigonometry,high,607,s,May/Jun,2025,2,non_calculator,3,"f(x) = cos x, 0 deg <= x <= 360 deg. Write down the exact value of f(30).",1
0607_s25_qp_23.json,14(b),trigonometry,high,607,s,May/Jun,2025,2,non_calculator,3,"f(x) = cos x, 0 deg <= x <= 360 deg. On the diagram, sketch the graph of y = f(x) for 0 deg <= x <= 360 deg.",2
0607_s25_qp_23.json,14(c),trigonometry,high,607,s,May/Jun,2025,2,non_calculator,3,"f(x) = cos x, 0 deg <= x <= 360 deg. Write down the amplitude of f(x).",1
0607_s25_qp_23.json,15,exponents and surds,high,607,s,May/Jun,2025,2,non_calculator,3,y^(2k) * y^3 = 1 / y. Find the value of k.,2
0607_s25_qp_23.json,16,solving linear equations,high,607,s,May/Jun,2025,2,non_calculator,3,Rearrange 4y - 3x = 1 - py to write y in terms of p and x.,2
0607_s25_qp_23.json,17,solving quadratic equations,high,607,s,May/Jun,2025,2,non_calculator,3,"The diagram shows a sketch of the graph of y = x^2 + ax + b. The point (1, -2) is a minimum. Find the value of a and the value of b.",3
0607_s25_qp_23.json,18,inequalities,high,607,s,May/Jun,2025,2,non_calculator,3,Solve. 3(2x + 1) > 5 - 4x,3
0607_s25_qp_23.json,19(a),logarithms,high,607,s,May/Jun,2025,2,non_calculator,3,Solve. Give each answer as an exact value. 2^x = 5,1
0607_s25_qp_23.json,19(b),logarithms,high,607,s,May/Jun,2025,2,non_calculator,3,Solve. Give each answer as an exact value. 2 log y = 1,1
0607_s25_qp_23.json,20(a),sequences,high,607,s,May/Jun,2025,2,non_calculator,3,These are the first 5 terms of a sequence. 3 6 12 24 48. Find the next term of the sequence.,1
0607_s25_qp_23.json,20(b),sequences,high,607,s,May/Jun,2025,2,non_calculator,3,These are the first 5 terms of a sequence. 3 6 12 24 48. Find the nth term of the sequence.,2
0607_s25_qp_23.json,21(a),Pythagoras,high,607,s,May/Jun,2025,2,non_calculator,3,"The diagram shows a triangular prism. The cross-section is a right-angled triangle EAB. AE = 3 cm, AB = 4 cm and BC = 12 cm. Work out the length of BF.",3
0607_s25_qp_23.json,21(b),trigonometry,high,607,s,May/Jun,2025,2,non_calculator,3,"The diagram shows a triangular prism. The cross-section is a right-angled triangle EAB. AE = 3 cm, AB = 4 cm and BC = 12 cm. Find the sine of the angle between BF and the base ABCD.",1
0607_s25_qp_23.json,22,expanding and factorising,high,607,s,May/Jun,2025,2,non_calculator,3,Write as a single fraction in its simplest form. 2 - 3 / (x - 2),2
0607_s25_qp_23.json,23(a),probability,high,607,s,May/Jun,2025,2,non_calculator,3,Bag A contains 4 white balls and 3 black balls. Bag B contains 5 white balls and 4 black balls. Ranjit picks a ball at random from Bag A and replaces it. Ranjit also picks a ball at random from Bag B and replaces it. Find the probability that the two balls are the same colour.,3
0607_s25_qp_23.json,23(b),probability,high,607,s,May/Jun,2025,2,non_calculator,3,Bag A contains 4 white balls and 3 black balls. Bag B contains 5 white balls and 4 black balls. Leyla picks a ball at random from Bag A. She places it into Bag B. She then picks a ball at random from Bag B. Find the probability that the ball she picks from Bag B is black.,3
0607_s25_qp_41.json,1(a)(i),statistics,high,607,s,May/Jun,2025,4,calculator,1,Find the mode,1
0607_s25_qp_41.json,1(a)(ii),statistics,high,607,s,May/Jun,2025,4,calculator,1,Find the median,1
0607_s25_qp_41.json,1(a)(iii),statistics,high,607,s,May/Jun,2025,4,calculator,1,Find the range,1
0607_s25_qp_41.json,1(a)(iv),statistics,high,607,s,May/Jun,2025,4,calculator,1,Find the upper quartile.,1
0607_s25_qp_41.json,1(b),probability,high,607,s,May/Jun,2025,4,calculator,1,One of the 150 students is selected at random. Find the probability that this student sent fewer than 3 texts.,1
0607_s25_qp_41.json,2(a),topics in arithmetic,high,607,s,May/Jun,2025,4,calculator,1,Find 42 as a percentage of 60.,1
0607_s25_qp_41.json,2(b),topics in arithmetic,high,607,s,May/Jun,2025,4,calculator,1,Aisha's rate of pay is $17.50 per hour. She receives a pay rise of 8%. Calculate Aisha's new rate of pay per hour.,2
0607_s25_qp_41.json,3(a),expanding and factorising,high,607,s,May/Jun,2025,4,calculator,1,Expand x^2(3x - 2).,1
0607_s25_qp_41.json,3(b),expanding and factorising,high,607,s,May/Jun,2025,4,calculator,1,Expand and simplify 2(3x - 2) - 5(1 - 4x).,2
0607_s25_qp_41.json,4,sets and Venn diagrams,high,607,s,May/Jun,2025,4,calculator,1,Use set notation to describe each of the shaded regions.,2
0607_s25_qp_41.json,5,solving linear equations,high,607,s,May/Jun,2025,4,calculator,1,"s = \frac{u+v}{2} \times t. Find s when u = 4.3, v = 9.5 and t = 8.5.",1
0607_s25_qp_41.json,6(a),trigonometry,high,607,s,May/Jun,2025,4,calculator,1,AN is the perpendicular height of the triangle. Show that AN = 4.42 cm correct to 3 significant figures.,2
0607_s25_qp_41.json,6(b),mensuration,high,607,s,May/Jun,2025,4,calculator,1,Calculate the volume of the prism.,5
0607_s25_qp_41.json,7,exponents and surds,high,607,s,May/Jun,2025,4,calculator,1,Simplify 2x^3y^4 \times (4x^2y)^3.,3
0607_s25_qp_41.json,8,vectors,high,607,s,May/Jun,2025,4,calculator,1,Point A is translated to point B. Find \overrightarrow{AB}.,2
0607_s25_qp_41.json,9(a)(i),topics in arithmetic,high,607,s,May/Jun,2025,4,calculator,1,Find the value of the car on 1 January 2022,2
0607_s25_qp_41.json,9(a)(ii),topics in arithmetic,high,607,s,May/Jun,2025,4,calculator,1,Find the value of the car on 1 January 2025.,2
0607_s25_qp_41.json,9(b),logarithms,medium,607,s,May/Jun,2025,4,calculator,1,Find the year in which the value of the car on 1 January will first be less than $5000.,4
0607_s25_qp_41.json,10(a),mensuration,high,607,s,May/Jun,2025,4,calculator,1,Show that the volume of the cylinder is 300\pi\text{ cm}^3.,1
0607_s25_qp_41.json,10(b),mensuration,high,607,s,May/Jun,2025,4,calculator,1,Find the total surface area of the cone.,5
0607_s25_qp_41.json,11(a),functions,high,607,s,May/Jun,2025,4,calculator,1,Sketch the graph of y = \text{f}(x) for values of x between -10 and 10.,3
0607_s25_qp_41.json,11(b),functions,high,607,s,May/Jun,2025,4,calculator,1,Find the coordinates of the local minimum.,2
0607_s25_qp_41.json,11(c),functions,high,607,s,May/Jun,2025,4,calculator,1,Write down the equations of the asymptotes to the graph of y = \text{f}(x) that are parallel to the y-axis.,2
0607_s25_qp_41.json,11(d),inequalities,high,607,s,May/Jun,2025,4,calculator,1,Solve \text{f}(x) > x + 7.,4
0607_s25_qp_41.json,12(a),trigonometry,high,607,s,May/Jun,2025,4,calculator,1,Show that AC = 244.8 m correct to 1 decimal place.,3
0607_s25_qp_41.json,12(b),trigonometry,high,607,s,May/Jun,2025,4,calculator,1,Giselle walks directly from A to C. Calculate the distance Giselle is from A when she is closest to B.,5
0607_s25_qp_41.json,13(a),expanding and factorising,high,607,s,May/Jun,2025,4,calculator,1,Show that 3x^2 - 169x - 1120 = 0.,4
0607_s25_qp_41.json,13(b)(i),solving quadratic equations,high,607,s,May/Jun,2025,4,calculator,1,Solve 3x^2 - 169x - 1120 = 0. You must show your working.,3
0607_s25_qp_41.json,13(b)(ii),topics in arithmetic,high,607,s,May/Jun,2025,4,calculator,1,Find the average speed from Q to R.,1
0607_s25_qp_41.json,14(a),statistics,high,607,s,May/Jun,2025,4,calculator,1,Calculate an estimate of the mean.,2
0607_s25_qp_41.json,14(b),probability,high,607,s,May/Jun,2025,4,calculator,1,Ahmed picks two of the 50 pumpkins at random. Find the probability that one of these pumpkins has a mass greater than 10 kg and the other pumpkin has a mass of not more than 2 kg.,3
0607_s25_qp_41.json,15,similarity,high,607,s,May/Jun,2025,4,calculator,1,These two bottles are mathematically similar. The capacity of the small bottle is 0.5 litres. The capacity of the large bottle is 1 litre. The height of the large bottle is 25 cm. Calculate the height of the small bottle.,3
0607_s25_qp_42.json,1(a),topics in arithmetic,high,607,s,May/Jun,2025,4,calculator,2,Write the number 13205.17268 correct to 3 significant figures,1
0607_s25_qp_42.json,1(b),topics in arithmetic,high,607,s,May/Jun,2025,4,calculator,2,Write the number 13205.17268 correct to the nearest 10.,1
0607_s25_qp_42.json,2(a),solving linear equations,high,607,s,May/Jun,2025,4,calculator,2,Solve 4x - 3 = 15,2
0607_s25_qp_42.json,2(b),solving linear equations,high,607,s,May/Jun,2025,4,calculator,2,Solve 1 - 2x = 11 - 4x,2
0607_s25_qp_42.json,3,topics in arithmetic,high,607,s,May/Jun,2025,4,calculator,2,Work out (1.7)^2 - \sqrt{8.5},1
0607_s25_qp_42.json,4,topics in arithmetic,high,607,s,May/Jun,2025,4,calculator,2,Work out \frac{7}{12} - \frac{1}{3},1
0607_s25_qp_42.json,5,topics in arithmetic,high,607,s,May/Jun,2025,4,calculator,2,The exchange rate between pounds (£) and Chinese yuan (¥) is £1 = ¥8.3. Change £549 to Chinese yuan.,1
0607_s25_qp_42.json,6(a),topics in arithmetic,high,607,s,May/Jun,2025,4,calculator,2,"Find the value of A when A = \frac{1}{2}(x + y)h and x = 7, y = 12.5 and h = 6.",1
0607_s25_qp_42.json,6(b),solving linear equations,high,607,s,May/Jun,2025,4,calculator,2,"Rearrange the formula A = \frac{1}{2}(x + y)h to write x in terms of A, y and h.",2
0607_s25_qp_42.json,7,mensuration,high,607,s,May/Jun,2025,4,calculator,2,"The diagram shows a wooden cuboid with a cylinder removed. The cuboid has length 22 cm, width x cm and height x cm. The cylinder has length 22 cm and diameter 5 cm. The volume of wood remaining after the cylinder has been removed is 976 cm^3. Find the value of x.",3
0607_s25_qp_42.json,8(a),topics in arithmetic,high,607,s,May/Jun,2025,4,calculator,2,Xiong flies by plane from Manchester to Hong Kong. The distance from Manchester to Hong Kong is 9000 km. The flight takes 12.5 hours. Calculate the average speed of the plane.,1
0607_s25_qp_42.json,8(b),topics in arithmetic,high,607,s,May/Jun,2025,4,calculator,2,The plane leaves Manchester at 2045. The local time in Hong Kong is 8 hours ahead of the local time in Manchester. Find the local time in Hong Kong when the plane lands.,2
0607_s25_qp_42.json,9(a),transformations,high,607,s,May/Jun,2025,4,calculator,2,Translate triangle A with vector \begin{pmatrix} 0 \\ -8 \end{pmatrix}. Label the image C.,2
0607_s25_qp_42.json,9(b),transformations,high,607,s,May/Jun,2025,4,calculator,2,Describe fully the single transformation that maps triangle A onto triangle B.,2
0607_s25_qp_42.json,9(c),transformations,high,607,s,May/Jun,2025,4,calculator,2,"Rotate triangle B through 90° clockwise with centre of rotation (-6, 2). Label the image D.",2
0607_s25_qp_42.json,10(a),statistics,high,607,s,May/Jun,2025,4,calculator,2,"The table shows the marks of each of 10 students in a physics exam and in a chemistry exam. Physics mark (x): 9, 21, 33, 41, 55, 68, 75, 83, 89, 96. Chemistry mark (y): 31, 46, 42, 50, 50, 61, 69, 68, 72, 90. Find the mean physics mark.",1
0607_s25_qp_42.json,10(b)(i),statistics,high,607,s,May/Jun,2025,4,calculator,2,Find the equation of the regression line for y in terms of x.,2
0607_s25_qp_42.json,10(b)(ii),statistics,high,607,s,May/Jun,2025,4,calculator,2,Use your answer to part (b)(i) to estimate the chemistry mark when the physics mark is 46.,1
0607_s25_qp_42.json,10(c),probability,high,607,s,May/Jun,2025,4,calculator,2,Two of the students who scored more than 35 in the physics exam are chosen at random. Find the probability that they both scored more than 65 in the chemistry exam.,3
0607_s25_qp_42.json,11(a)(i),functions,high,607,s,May/Jun,2025,4,calculator,2,"Sketch the graph of y = f(x) for values of x between -3 and 3, where f(x) = \frac{4x - 3}{2x + 1}.",3
0607_s25_qp_42.json,11(a)(ii),functions,high,607,s,May/Jun,2025,4,calculator,2,Write down the equations of the 2 asymptotes of the graph of y = f(x).,2
0607_s25_qp_42.json,11(a)(iii),functions,high,607,s,May/Jun,2025,4,calculator,2,Write down the coordinates of the points where the graph crosses the axes.,2
0607_s25_qp_42.json,11(b),inequalities,high,607,s,May/Jun,2025,4,calculator,2,Solve the inequality \frac{4x - 3}{2x + 1} > 2 - x.,4
0607_s25_qp_42.json,12(a),topics in arithmetic,high,607,s,May/Jun,2025,4,calculator,2,Paula bought a house on 1 January 2023. On 1 January 2024 the value of the house increased by 10%. On 1 January 2025 the value of the house increased by 6% of its value on 1 January 2024. The value of the house on 1 January 2025 was $215710. Calculate the amount Paula paid for the house in 2023.,3
0607_s25_qp_42.json,12(b),logarithms,high,607,s,May/Jun,2025,4,calculator,2,From 2025 the value of the house increases exponentially at the rate of 6% each year. The value of the house on 1 January 2025 was $215710. Find the year in which the value of the house on 1 January will first be greater than $400000.,4
0607_s25_qp_42.json,13,functions,high,607,s,May/Jun,2025,4,calculator,2,Use a graphical method to solve 5 \times 0.8^x = 2x + 7. Give your answer correct to 2 decimal places.,3
0607_s25_qp_42.json,14(a),variation and proportion,high,607,s,May/Jun,2025,4,calculator,2,y varies inversely as the square root of (x - 1). y = 1 when x = 5. Find y in terms of x.,2
0607_s25_qp_42.json,14(b),variation and proportion,high,607,s,May/Jun,2025,4,calculator,2,"w varies directly as y^2. w = 45 when y = 3. Use your answer to part (a) to find w in terms of x. Give your answer in the form w = p(x - 1)^q, where p and q are constants.",4
0607_s25_qp_42.json,15(a),trigonometry,high,607,s,May/Jun,2025,4,calculator,2,The area of triangle ABC is 74.4 cm^2. AB = 12.4 cm and angle ABC = 30°. Show that BC = 24 cm.,2
0607_s25_qp_42.json,15(b),trigonometry,high,607,s,May/Jun,2025,4,calculator,2,Find AC.,3
0607_s25_qp_42.json,15(c),trigonometry,high,607,s,May/Jun,2025,4,calculator,2,Find obtuse angle CAB.,3
0607_s25_qp_42.json,15(d),similarity,high,607,s,May/Jun,2025,4,calculator,2,Triangle XYZ is similar to triangle ABC. The area of triangle XYZ is 62 cm^2. Find YZ.,3
0607_s25_qp_42.json,16(a),Pythagoras,high,607,s,May/Jun,2025,4,calculator,2,The diagram shows a quadrilateral ABCD. ABCE is a rhombus and CDE is a right-angled triangle. AC = (2\sqrt{3})x and BE = 2x. Show that AE = 2x.,2
0607_s25_qp_42.json,16(b),Pythagoras,high,607,s,May/Jun,2025,4,calculator,2,"Find, in terms of x, the perimeter of ABCD.",4
0607_s25_qp_43.json,1,transformations,high,607,s,May/Jun,2025,4,calculator,3,Complete the statements. A rhombus has rotational symmetry of order ...................... A parallelogram has ...................... lines of symmetry.,2
0607_s25_qp_43.json,2,topics in arithmetic,high,607,s,May/Jun,2025,4,calculator,3,Convert 0.027 kilometres into centimetres.,1
0607_s25_qp_43.json,3,topics in arithmetic,high,607,s,May/Jun,2025,4,calculator,3,Calculate. root(3)(1 - (2.7)/(3.5)) Give your answer correct to 4 significant figures.,2
0607_s25_qp_43.json,4,angles,high,607,s,May/Jun,2025,4,calculator,3,"In the diagram, CA = CB and ABE is a straight line. Find the value of x.",2
0607_s25_qp_43.json,5,solving linear equations,high,607,s,May/Jun,2025,4,calculator,3,Solve. 0 = 4x - 11,1
0607_s25_qp_43.json,6,trigonometry,high,607,s,May/Jun,2025,4,calculator,3,Calculate the value of w.,2
0607_s25_qp_43.json,7(a),statistics,high,607,s,May/Jun,2025,4,calculator,3,Write down the type of correlation between the time Omar spent revising and his test score.,1
0607_s25_qp_43.json,7(b)(i),straight lines,high,607,s,May/Jun,2025,4,calculator,3,Find the equation of the regression line for y in terms of x.,2
0607_s25_qp_43.json,7(b)(ii),straight lines,high,607,s,May/Jun,2025,4,calculator,3,Use your answer to part (b)(i) to estimate Omar's test score when he spends 20 minutes revising.,1
0607_s25_qp_43.json,8(a),functions,high,607,s,May/Jun,2025,4,calculator,3,"On the diagram, sketch the graph of y = f(x) for values of x between -3 and 3.",3
0607_s25_qp_43.json,8(b),functions,high,607,s,May/Jun,2025,4,calculator,3,Find the zero of f(x).,1
0607_s25_qp_43.json,8(c),functions,high,607,s,May/Jun,2025,4,calculator,3,Find the equation of the asymptote to the graph.,1
0607_s25_qp_43.json,8(d),functions,high,607,s,May/Jun,2025,4,calculator,3,Find the coordinates of the local maximum point.,2
0607_s25_qp_43.json,8(e),functions,high,607,s,May/Jun,2025,4,calculator,3,The equation f(x) = k has one solution. Find the range of values of k.,1
0607_s25_qp_43.json,9,mensuration,high,607,s,May/Jun,2025,4,calculator,3,The volume of a sphere is 96.5 cm^3. Calculate the radius of the sphere.,2
0607_s25_qp_43.json,10,statistics,high,607,s,May/Jun,2025,4,calculator,3,The speed of each of 155 cars passing a school gate is recorded. The results are shown in the table. Calculate an estimate of the mean speed.,2
0607_s25_qp_43.json,11,vectors,high,607,s,May/Jun,2025,4,calculator,3,"PQ = ((5), (-4)). Find |PQ|.",2
0607_s25_qp_43.json,12,variation and proportion,high,607,s,May/Jun,2025,4,calculator,3,"w proportional to sqrt(x + 1). When x = 3, w = 8. Find x when w = 20.",3
0607_s25_qp_43.json,13,mensuration,high,607,s,May/Jun,2025,4,calculator,3,A solid is formed from a cone and a hemisphere. The cone and the hemisphere each have a radius of 6 cm. The cone has a height of 15 cm. Find the volume of the solid.,3
0607_s25_qp_43.json,14(a),expanding and factorising,high,607,s,May/Jun,2025,4,calculator,3,"Write down an expression, in terms of x, for the number of apples she buys.",1
0607_s25_qp_43.json,14(b)(i),solving quadratic equations,high,607,s,May/Jun,2025,4,calculator,3,Show that 13x^2 - 710x - 4200 = 0.,3
0607_s25_qp_43.json,14(b)(ii),expanding and factorising,high,607,s,May/Jun,2025,4,calculator,3,Factorise 13x^2 - 710x - 4200.,2
0607_s25_qp_43.json,14(b)(iii),solving quadratic equations,high,607,s,May/Jun,2025,4,calculator,3,Find the cost of one orange.,2
0607_s25_qp_43.json,15,trigonometry,high,607,s,May/Jun,2025,4,calculator,3,Calculate the value of y.,4
0607_s25_qp_43.json,16(a),sets and Venn diagrams,high,607,s,May/Jun,2025,4,calculator,3,Use set notation to describe the shaded region.,1
0607_s25_qp_43.json,16(b),sets and Venn diagrams,high,607,s,May/Jun,2025,4,calculator,3,Shade P intersect Q'.,1
0607_s25_qp_43.json,17(a),functions,high,607,s,May/Jun,2025,4,calculator,3,Find f(-2).,1
0607_s25_qp_43.json,17(b),functions,high,607,s,May/Jun,2025,4,calculator,3,Find x when f(x) = 6.,2
0607_s25_qp_43.json,17(c),functions,high,607,s,May/Jun,2025,4,calculator,3,Find fg(x). Give your answer in its simplest form.,2
0607_s25_qp_43.json,17(d),functions,high,607,s,May/Jun,2025,4,calculator,3,Find g^(-1)(x).,2
0607_s25_qp_43.json,18(a),topics in arithmetic,high,607,s,May/Jun,2025,4,calculator,3,Bruce buys a new car on 1 January 2022. On 1 January 2023 the value of the car has decreased by 20%. On 1 January 2024 the value of the car has decreased by 15% of its value on 1 January 2023. Find the overall percentage decrease in the value of the car on 1 January 2024.,2
0607_s25_qp_43.json,18(b),logarithms,high,607,s,May/Jun,2025,4,calculator,3,Sangita buys a car with a value of $20000. The value of the car decreases exponentially at a rate of 5% per year. Calculate the number of complete years it will take for the value of the car to decrease from $20000 to $8000.,4
0607_s25_qp_43.json,18(c),topics in arithmetic,high,607,s,May/Jun,2025,4,calculator,3,Sunil buys a car. The value of the car decreases exponentially at a rate of 6% per year. At the end of 9 years the value of the car is $8022. Calculate the original value of the car.,2
0607_s25_qp_43.json,19,similarity,high,607,s,May/Jun,2025,4,calculator,3,The two solids are mathematically similar. The volume of the large solid is 416 cm^3. The volume of the small solid is 52 cm^3. The total surface area of the small solid is 60 cm^2. Calculate the total surface area of the large solid.,3
0607_s25_qp_43.json,20,expanding and factorising,high,607,s,May/Jun,2025,4,calculator,3,Simplify. (3x - 5) / (3xy - 3x - 5y + 5),3
0607_s25_qp_43.json,21,straight lines,high,607,s,May/Jun,2025,4,calculator,3,"A is the point (-2, 8) and B is the point (1, 9). The perpendicular bisector of the line AB meets the x-axis at the point P. Find the coordinates of the point P.",6
0607_w14_qp_21.json,1(a),topics in arithmetic,high,607,w,Oct/Nov,2014,2,non_calculator,1,Insert brackets in these calculations so that the answers are correct. 10 – 4 + 3 + 2 = 5,1
0607_w14_qp_21.json,1(b),topics in arithmetic,high,607,w,Oct/Nov,2014,2,non_calculator,1,Insert brackets in these calculations so that the answers are correct. 10 – 5 × 7 + 2 = 45,1
0607_w14_qp_21.json,2(a),angles,high,607,w,Oct/Nov,2014,2,non_calculator,1,The diagram shows a regular hexagon and a regular pentagon. Find g.,3
0607_w14_qp_21.json,2(b),angles,high,607,w,Oct/Nov,2014,2,non_calculator,1,The diagram shows a regular hexagon and a regular pentagon. Find h.,2
0607_w14_qp_21.json,3(a),exponents and surds,high,607,w,Oct/Nov,2014,2,non_calculator,1,Find the value of 5^0,1
0607_w14_qp_21.json,3(b),exponents and surds,high,607,w,Oct/Nov,2014,2,non_calculator,1,Find the value of 8^(-2/3),2
0607_w14_qp_21.json,4(a),topics in arithmetic,high,607,w,Oct/Nov,2014,2,non_calculator,1,3023 is a prime number. Write down the factors of 3023.,1
0607_w14_qp_21.json,4(b)(i),topics in arithmetic,high,607,w,Oct/Nov,2014,2,non_calculator,1,p and q are prime numbers. Write down the highest common factor (HCF) of p and q.,1
0607_w14_qp_21.json,4(b)(ii),topics in arithmetic,high,607,w,Oct/Nov,2014,2,non_calculator,1,"p and q are prime numbers. Write down an expression, in terms of p and q, for the lowest common multiple (LCM) of p and q.",1
0607_w14_qp_21.json,5(a),inequalities,high,607,w,Oct/Nov,2014,2,non_calculator,1,Solve this inequality. 3(x + 2) > 5x – 2,3
0607_w14_qp_21.json,5(b),inequalities,high,607,w,Oct/Nov,2014,2,non_calculator,1,Show your answer to part (a) on this number line.,2
0607_w14_qp_21.json,6(a),probability,high,607,w,Oct/Nov,2014,2,non_calculator,1,Sanjay asks a random sample of 200 students how they travel to school. Find the relative frequency of a student travelling by bus.,1
0607_w14_qp_21.json,6(b)(i),probability,high,607,w,Oct/Nov,2014,2,non_calculator,1,The school has 1200 students. Explain why it is reasonable to use your answer to part (a) as the probability that a student chosen at random from the school travels by bus.,1
0607_w14_qp_21.json,6(b)(ii),probability,high,607,w,Oct/Nov,2014,2,non_calculator,1,The school has 1200 students. Estimate the number of students in the school who travel by bus.,1
0607_w14_qp_21.json,7(a),statistics,high,607,w,Oct/Nov,2014,2,non_calculator,1,31 students took a test which was marked out of 70. The stem and leaf diagram shows their results. Find the median.,1
0607_w14_qp_21.json,7(b)(i),statistics,high,607,w,Oct/Nov,2014,2,non_calculator,1,Another student took the test later. What mark did this student get if the median and range do not change,1
0607_w14_qp_21.json,7(b)(ii),statistics,high,607,w,Oct/Nov,2014,2,non_calculator,1,Another student took the test later. What mark did this student get if the median and range both increase by 1?,1
0607_w14_qp_21.json,8(a),topics in arithmetic,high,607,w,Oct/Nov,2014,2,non_calculator,1,"In standard form, x = a × 10^5 and y = b × 10^7 where a < b. In standard form, x/y = c × 10^d where 1 <= c < 10. Find the value of d.",1
0607_w14_qp_21.json,8(b),topics in arithmetic,high,607,w,Oct/Nov,2014,2,non_calculator,1,"In standard form, x = a × 10^5 and y = b × 10^7 where a < b. In standard form, x/y = c × 10^d where 1 <= c < 10. Find c in terms of a and b.",2
0607_w14_qp_21.json,9,straight lines,medium,607,w,Oct/Nov,2014,2,non_calculator,1,"Here are the sketches of four graphs. Each of the graphs represents one of these equations: y = x^2 + 3x, y = 3 – 2x, y = 3 – x^2, y = 2x + 3, y = x^2, y = –3x, y = x^2 – 3, y = 3x. From the equations above, write down which one represents each graph.",4
0607_w14_qp_21.json,10(a),expanding and factorising,high,607,w,Oct/Nov,2014,2,non_calculator,1,Factorise completely. 8a^2 – 50b^2,3
0607_w14_qp_21.json,10(b),expanding and factorising,high,607,w,Oct/Nov,2014,2,non_calculator,1,"Write as a single fraction, simplifying your answer. 2 / (2x – 3) + 3 / (x – 5)",3
0607_w14_qp_21.json,11(a),logarithms,high,607,w,Oct/Nov,2014,2,non_calculator,1,Find log_2 8.,1
0607_w14_qp_21.json,11(b),logarithms,high,607,w,Oct/Nov,2014,2,non_calculator,1,Find p when log 3 + 2log 5 = log p.,2
0607_w14_qp_22.json,1,solving linear equations,high,607,w,Oct/Nov,2014,2,non_calculator,2,Find the values of x. |x - 2| = 3,2
0607_w14_qp_22.json,2,sequences,high,607,w,Oct/Nov,2014,2,non_calculator,2,"Find the nth term of this sequence. – 1, 0, 3, 8, 15, ...... ",3
0607_w14_qp_22.json,3,exponents and surds,high,607,w,Oct/Nov,2014,2,non_calculator,2,Find the value of (16/9)^(-3/2).,2
0607_w14_qp_22.json,4,exponents and surds,high,607,w,Oct/Nov,2014,2,non_calculator,2,3 / (sqrt(2) + 1) = a * sqrt(2) + b. Find the values of a and b.,3
0607_w14_qp_22.json,5(a),angles,medium,607,w,Oct/Nov,2014,2,non_calculator,2,Find x.,2
0607_w14_qp_22.json,5(b),angles,medium,607,w,Oct/Nov,2014,2,non_calculator,2,Find y.,2
0607_w14_qp_22.json,6(a),expanding and factorising,high,607,w,Oct/Nov,2014,2,non_calculator,2,Factorise. x^2 - 5x - 24,2
0607_w14_qp_22.json,6(b),expanding and factorising,high,607,w,Oct/Nov,2014,2,non_calculator,2,Factorise. pq + p - tq - t,2
0607_w14_qp_22.json,7,probability,high,607,w,Oct/Nov,2014,2,non_calculator,2,"The bag contains 5 white beads and 3 black beads. Two beads are taken from the bag at random, without replacement. Find the probability that the two beads are different colours.",3
0607_w14_qp_22.json,8(a),variation and proportion,high,607,w,Oct/Nov,2014,2,non_calculator,2,"y varies inversely as the square root of x. When x = 4, y = 3. Find y in terms of x,",2
0607_w14_qp_22.json,8(b),variation and proportion,high,607,w,Oct/Nov,2014,2,non_calculator,2,"y varies inversely as the square root of x. When x = 4, y = 3. Find y when x = 9,",1
0607_w14_qp_22.json,8(c),variation and proportion,high,607,w,Oct/Nov,2014,2,non_calculator,2,"y varies inversely as the square root of x. When x = 4, y = 3. Find x in terms of y.",2
0607_w14_qp_22.json,9(a),logarithms,high,607,w,Oct/Nov,2014,2,non_calculator,2,Find the value of log_3(1/9).,1
0607_w14_qp_22.json,9(b),logarithms,high,607,w,Oct/Nov,2014,2,non_calculator,2,p = (log_3 q) / (log_3 3). Find q in terms of p.,2
0607_w14_qp_22.json,10(a)(i),straight lines,high,607,w,Oct/Nov,2014,2,non_calculator,2,"The equation of the line l is 3x + 4y = 12. The line cuts the x-axis at A and the y-axis at B. The midpoint of AB is M. Find the co-ordinates of A,",1
0607_w14_qp_22.json,10(a)(ii),straight lines,high,607,w,Oct/Nov,2014,2,non_calculator,2,"The equation of the line l is 3x + 4y = 12. The line cuts the x-axis at A and the y-axis at B. The midpoint of AB is M. Find the co-ordinates of B,",1
0607_w14_qp_22.json,10(a)(iii),straight lines,high,607,w,Oct/Nov,2014,2,non_calculator,2,The equation of the line l is 3x + 4y = 12. The line cuts the x-axis at A and the y-axis at B. The midpoint of AB is M. Find the co-ordinates of M.,1
0607_w14_qp_22.json,10(b),straight lines,high,607,w,Oct/Nov,2014,2,non_calculator,2,Find the equation of the line through the origin which is perpendicular to the line l.,3
0607_w14_qp_22.json,11,transformations,high,607,w,Oct/Nov,2014,2,non_calculator,2,Draw the stretch of the shaded triangle with the y-axis invariant and factor 2.,2
0607_w14_qp_22.json,12,functions,high,607,w,Oct/Nov,2014,2,non_calculator,2,"The diagram shows the graph of y = ax^2 + bx + c. The graph passes through (0, 0) and has a maximum point (2, 4). Find the values of a, b and c.",3
0607_w14_qp_23.json,1(a),sequences,high,607,w,Oct/Nov,2014,2,non_calculator,3,Here are the first five terms of a sequence. 3 7 11 15 19 Write down the next term.,1
0607_w14_qp_23.json,1(b),sequences,high,607,w,Oct/Nov,2014,2,non_calculator,3,Find the nth term of the sequence.,2
0607_w14_qp_23.json,2(a),solving linear equations,high,607,w,Oct/Nov,2014,2,non_calculator,3,Solve these equations. x/5 + 7 = 3,2
0607_w14_qp_23.json,2(b),solving linear equations,high,607,w,Oct/Nov,2014,2,non_calculator,3,7(x + 3) – 2(x + 4) = 10,3
0607_w14_qp_23.json,3,topics in arithmetic,high,607,w,Oct/Nov,2014,2,non_calculator,3,Estimate the value of this calculation. (8.89 * 61.3) / (8.3 + 11.86). Show clearly the values you use.,3
0607_w14_qp_23.json,4(a),exponents and surds,high,607,w,Oct/Nov,2014,2,non_calculator,3,"Simplify 25^(-3/2), giving your answer as a fraction.",2
0607_w14_qp_23.json,4(b)(i),exponents and surds,high,607,w,Oct/Nov,2014,2,non_calculator,3,Simplify. (x^3)^4,1
0607_w14_qp_23.json,4(b)(ii),exponents and surds,high,607,w,Oct/Nov,2014,2,non_calculator,3,Simplify. x^(10) / sqrt(x^4),2
0607_w14_qp_23.json,5,sets and Venn diagrams,high,607,w,Oct/Nov,2014,2,non_calculator,3,"In the Venn diagram, show the sets A, B and C so that A ∪ B = A, B ∩ C = ∅ and A ∩ C ≠ ∅.",3
0607_w14_qp_23.json,6(a),trigonometry,high,607,w,Oct/Nov,2014,2,non_calculator,3,"AB = 5 cm, BC = 12 cm and angle ABC = 90°. BCD is a straight line. Find tan x°.",1
0607_w14_qp_23.json,6(b),trigonometry,high,607,w,Oct/Nov,2014,2,non_calculator,3,Find cos y°.,3
0607_w14_qp_23.json,7(a),expanding and factorising,high,607,w,Oct/Nov,2014,2,non_calculator,3,Factorise completely. 3x^2 – 75y^2,2
0607_w14_qp_23.json,7(b),expanding and factorising,high,607,w,Oct/Nov,2014,2,non_calculator,3,15ap + 10bp – 9a – 6b,2
0607_w14_qp_23.json,8(a),vectors,high,607,w,Oct/Nov,2014,2,non_calculator,3,"i = (1, 0), j = (0, 1), a = (4, -6). a = pi + qj. Find the values of p and q.",2
0607_w14_qp_23.json,8(b),vectors,high,607,w,Oct/Nov,2014,2,non_calculator,3,"Calculate |a|, giving your answer in the form m*sqrt(n) where m and n are prime numbers.",3
0607_w14_qp_23.json,9,circle theorems,high,607,w,Oct/Nov,2014,2,non_calculator,3,"B, D and P are points on the circumference of a circle, centre O. TBA and TDC are tangents to the circle. DP is a diameter and angle BTD = 40°. Find the size of angle ABP.",2
0607_w14_qp_23.json,10(a),functions,high,607,w,Oct/Nov,2014,2,non_calculator,3,"f(x) = 2x + 3, g(x) = 5 – 3x. Find g(x) when f(x) = 11.",2
0607_w14_qp_23.json,10(b),functions,high,607,w,Oct/Nov,2014,2,non_calculator,3,Find and simplify an expression for f(g(x)).,2
0607_w14_qp_23.json,10(c),functions,high,607,w,Oct/Nov,2014,2,non_calculator,3,Find g^(-1)(x).,2
0607_w14_qp_41.json,1(a),inequalities,high,607,w,Oct/Nov,2014,4,calculator,1,"On the grid, show accurately the region defined by these inequalities. 5x + 8y \u2265 40, y \u2265 2x + 3, x \u2265 -2",4
0607_w14_qp_41.json,1(b),inequalities,high,607,w,Oct/Nov,2014,4,calculator,1,Find the minimum value of y in the region. Give your answer correct to 2 decimal places.,3
0607_w14_qp_41.json,2(a),statistics,high,607,w,Oct/Nov,2014,4,calculator,1,Complete this scatter diagram. The first six points have been plotted for you.,2
0607_w14_qp_41.json,2(b),statistics,high,607,w,Oct/Nov,2014,4,calculator,1,What type of correlation is shown by the scatter diagram?,1
0607_w14_qp_41.json,2(c),straight lines,high,607,w,Oct/Nov,2014,4,calculator,1,Find the equation of the regression line. Write your answer in the form y = mx + c.,2
0607_w14_qp_41.json,2(d)(i),straight lines,high,607,w,Oct/Nov,2014,4,calculator,1,Use your equation to estimate a score for that student.,1
0607_w14_qp_41.json,2(d)(ii),statistics,high,607,w,Oct/Nov,2014,4,calculator,1,The teacher does not have confidence in this estimate. Use your diagram to explain why.,1
0607_w14_qp_41.json,3(a),functions,high,607,w,Oct/Nov,2014,4,calculator,1,"On the diagram, sketch the graph of y = x^3 - 3x + 4 for -3 \u2264 x \u2264 3.",2
0607_w14_qp_41.json,3(b),functions,high,607,w,Oct/Nov,2014,4,calculator,1,Describe fully the symmetry of the graph.,3
0607_w14_qp_41.json,3(c),functions,high,607,w,Oct/Nov,2014,4,calculator,1,Find the co-ordinates of the local maximum and local minimum.,2
0607_w14_qp_41.json,3(d),inequalities,high,607,w,Oct/Nov,2014,4,calculator,1,Find the range of values of x for which y < 5.,3
0607_w14_qp_41.json,4(a)(i),sequences,high,607,w,Oct/Nov,2014,4,calculator,1,Complete the table below.,5
0607_w14_qp_41.json,4(a)(ii),sequences,high,607,w,Oct/Nov,2014,4,calculator,1,Find the number of squares enclosed by Shape 100.,1
0607_w14_qp_41.json,4(b)(i),sequences,high,607,w,Oct/Nov,2014,4,calculator,1,Find the number of rods in Shape 5.,1
0607_w14_qp_41.json,4(b)(ii),sequences,high,607,w,Oct/Nov,2014,4,calculator,1,"Find an expression, in terms of n, for the number of rods in Shape n.",3
0607_w14_qp_41.json,5(a),mensuration,high,607,w,Oct/Nov,2014,4,calculator,1,"Calculate the rectangular surface area of the oil, ABCD.",4
0607_w14_qp_41.json,5(b),trigonometry,high,607,w,Oct/Nov,2014,4,calculator,1,Calculate angle AOB and show that it rounds to 77.9\u00b0 correct to 1 decimal place.,3
0607_w14_qp_41.json,5(c),mensuration,high,607,w,Oct/Nov,2014,4,calculator,1,Find the number of extra litres of oil that Dipak needs to fill the tank.,5
0607_w14_qp_41.json,6(a)(i),vectors,high,607,w,Oct/Nov,2014,4,calculator,1,Find the vector OC in terms of a and b. Write each answer in its simplest form.,1
0607_w14_qp_41.json,6(a)(ii),vectors,high,607,w,Oct/Nov,2014,4,calculator,1,Find the vector AD in terms of a and b. Write each answer in its simplest form.,2
0607_w14_qp_41.json,6(b),vectors,high,607,w,Oct/Nov,2014,4,calculator,1,Show that EB = AD.,2
0607_w14_qp_41.json,6(c)(i),vectors,high,607,w,Oct/Nov,2014,4,calculator,1,What two conclusions can you make about AD and EB?,1
0607_w14_qp_41.json,6(c)(ii),vectors,high,607,w,Oct/Nov,2014,4,calculator,1,What conclusion can you make about the quadrilateral AEBD?,1
0607_w14_qp_41.json,7(a),sets and Venn diagrams,high,607,w,Oct/Nov,2014,4,calculator,1,Complete this Venn Diagram.,3
0607_w14_qp_41.json,7(b)(i),probability,high,607,w,Oct/Nov,2014,4,calculator,1,"Find the probability that a person, chosen at random from these 200 people, does not own any of the three vehicles,",1
0607_w14_qp_41.json,7(b)(ii),probability,high,607,w,Oct/Nov,2014,4,calculator,1,"Find the probability that a person, chosen at random from these 200 people, is an element of the set B \u2229 M \u2229 C'.",1
0607_w14_qp_41.json,7(c)(i),probability,high,607,w,Oct/Nov,2014,4,calculator,1,"Two of the 200 people are chosen at random, without replacement. Calculate the probability that both own a motorcycle,",2
0607_w14_qp_41.json,7(c)(ii),probability,high,607,w,Oct/Nov,2014,4,calculator,1,"Two of the 200 people are chosen at random, without replacement. Calculate the probability that one owns only a car and the other owns only a bicycle.",3
0607_w14_qp_41.json,8(a)(i),angles,high,607,w,Oct/Nov,2014,4,calculator,1,"Find angle EBC,",1
0607_w14_qp_41.json,8(a)(ii),angles,high,607,w,Oct/Nov,2014,4,calculator,1,Find angle ABE.,2
0607_w14_qp_41.json,8(b)(i),similarity,high,607,w,Oct/Nov,2014,4,calculator,1,Explain why triangle PXS is similar to triangle QXR.,2
0607_w14_qp_41.json,8(b)(ii),similarity,high,607,w,Oct/Nov,2014,4,calculator,1,Calculate the length of QX.,2
0607_w14_qp_41.json,8(b)(iii),similarity,high,607,w,Oct/Nov,2014,4,calculator,1,Find the value of (Area of triangle PXS) / (Area of triangle QXR).,1
0607_w14_qp_41.json,9(a)(i),statistics,high,607,w,Oct/Nov,2014,4,calculator,1,Find the median.,1
0607_w14_qp_41.json,9(a)(ii),statistics,high,607,w,Oct/Nov,2014,4,calculator,1,Find the lower quartile.,1
0607_w14_qp_41.json,9(a)(iii),statistics,high,607,w,Oct/Nov,2014,4,calculator,1,Find the interquartile range.,1
0607_w14_qp_41.json,9(b),statistics,high,607,w,Oct/Nov,2014,4,calculator,1,Use the cumulative frequency curve to complete the frequency table.,3
0607_w14_qp_41.json,9(c),statistics,high,607,w,Oct/Nov,2014,4,calculator,1,"On the grid below, use the results from part (b) to draw a histogram.",3
0607_w14_qp_41.json,10(a)(i),functions,high,607,w,Oct/Nov,2014,4,calculator,1,"On the diagram, sketch the graph of y = f(x).",2
0607_w14_qp_41.json,10(a)(ii),functions,high,607,w,Oct/Nov,2014,4,calculator,1,Write down the equation of the asymptote of f(x).,1
0607_w14_qp_41.json,10(b)(i),functions,high,607,w,Oct/Nov,2014,4,calculator,1,"On the same diagram, sketch the graph of y = g(x).",3
0607_w14_qp_41.json,10(b)(ii),functions,high,607,w,Oct/Nov,2014,4,calculator,1,Write down the equations of the vertical asymptotes of g(x) for values of x between -5 and 5.,2
0607_w14_qp_41.json,10(c),functions,high,607,w,Oct/Nov,2014,4,calculator,1,Solve the equation f(x) = g(x) for values of x between -5 and 5.,2
0607_w14_qp_41.json,11(a),topics in arithmetic,high,607,w,Oct/Nov,2014,4,calculator,1,"In 2010, the ratio Janine's salary : Gitte's salary was 5 : 4. The total of their salaries was $95 400. Find each of their salaries in 2010.",2
0607_w14_qp_41.json,11(b)(i),topics in arithmetic,high,607,w,Oct/Nov,2014,4,calculator,1,Each of their salaries was a 6% increase on their 2009 salaries. Write down the ratio of their salaries in 2009.,1
0607_w14_qp_41.json,11(b)(ii),topics in arithmetic,high,607,w,Oct/Nov,2014,4,calculator,1,Find the total of their salaries in 2009.,3
0607_w14_qp_41.json,11(c),topics in arithmetic,high,607,w,Oct/Nov,2014,4,calculator,1,"In 2011, Janine and Gitte each received an increase of the same amount of money. In 2011, the ratio Janine's salary : Gitte's salary was 11 : 9. Find the increase they each received.",3
0607_w14_qp_41.json,11(d),topics in arithmetic,high,607,w,Oct/Nov,2014,4,calculator,1,"In 2012 Janine's friend, Alain, received a salary increase of 8%. In 2013, his salary was reduced by 8%. Find the percentage change in Alain's salary over the two years. Say whether it is an increase or decrease.",3
0607_w14_qp_41.json,12(a),trigonometry,high,607,w,Oct/Nov,2014,4,calculator,1,"Use the cosine rule to show that x^2 - kx + 600 = 0, where k = 65.78 correct to 2 decimal places.",3
0607_w14_qp_41.json,12(b)(i),solving quadratic equations,high,607,w,Oct/Nov,2014,4,calculator,1,"Solve the equation x^2 - 65.78x + 600 = 0, giving your answers correct to 2 decimal places.",3
0607_w14_qp_41.json,12(b)(ii),trigonometry,high,607,w,Oct/Nov,2014,4,calculator,1,Write down the distance SQ.,1
0607_w14_qp_41.json,12(c),variation and proportion,high,607,w,Oct/Nov,2014,4,calculator,1,The ship is sailing at 30 km/h. Use your answers to part (b) to find the length of time the light is visible from the ship. Give your answer in hours and minutes correct to the nearest minute.,3
0607_w14_qp_41.json,13(a),functions,high,607,w,Oct/Nov,2014,4,calculator,1,Find h(g(0)).,1
0607_w14_qp_41.json,13(b),functions,high,607,w,Oct/Nov,2014,4,calculator,1,"Find f(g(x)), writing your answer in its simplest form.",2
0607_w14_qp_41.json,13(c),functions,high,607,w,Oct/Nov,2014,4,calculator,1,Find f^-1(x).,2
0607_w14_qp_41.json,13(d),functions,high,607,w,Oct/Nov,2014,4,calculator,1,Simplify h(x) / g(x).,3
0607_w14_qp_42.json,1(a),topics in arithmetic,high,607,w,Oct/Nov,2014,4,calculator,2,Asha and Karim share a sum of money in the ratio Asha : Karim = 5 : 4. Asha receives $600. Show that Karim receives $480.,1
0607_w14_qp_42.json,1(b),topics in arithmetic,high,607,w,Oct/Nov,2014,4,calculator,2,Asha spends 20% of her $600 and invests the remaining money at a rate of 4% per year simple interest. Calculate the amount Asha has at the end of 3 years.,4
0607_w14_qp_42.json,1(c)(i),topics in arithmetic,high,607,w,Oct/Nov,2014,4,calculator,2,Karim invests all of his $480 at a rate of 3.5% per year compound interest. Calculate the amount Karim has at the end of 3 years.,3
0607_w14_qp_42.json,1(c)(ii),logarithms,medium,607,w,Oct/Nov,2014,4,calculator,2,Calculate the minimum number of whole years it takes for Karim's $480 to double in value.,3
0607_w14_qp_42.json,2(a),topics in arithmetic,high,607,w,Oct/Nov,2014,4,calculator,2,A train leaves Beijing at 15 52 and takes 13 hours and 45 minutes to reach Xian. The distance from Beijing to Xian is 1200 km. The cost of a ticket is 441 Yuan (¥). Calculate the cost per kilometre to travel from Beijing to Xian.,1
0607_w14_qp_42.json,2(b),topics in arithmetic,high,607,w,Oct/Nov,2014,4,calculator,2,Find the time that the train arrives in Xian.,1
0607_w14_qp_42.json,2(c),topics in arithmetic,high,607,w,Oct/Nov,2014,4,calculator,2,Calculate the average speed of the train.,2
0607_w14_qp_42.json,2(d),topics in arithmetic,high,607,w,Oct/Nov,2014,4,calculator,2,"One day the train is delayed and arrives in Xian at 05 58. For this train, calculate the percentage increase on the scheduled journey time of 13 h 45 min.",4
0607_w14_qp_42.json,2(e),topics in arithmetic,high,607,w,Oct/Nov,2014,4,calculator,2,The ticket price of ¥441 is a 5% increase on the previous price of a ticket. Calculate the previous price of a ticket.,3
0607_w14_qp_42.json,3(a)(i),sets and Venn diagrams,high,607,w,Oct/Nov,2014,4,calculator,2,How many students go to the theatre but do not go to the cinema?,1
0607_w14_qp_42.json,3(a)(ii),sets and Venn diagrams,high,607,w,Oct/Nov,2014,4,calculator,2,Find n(T ∪ C).,1
0607_w14_qp_42.json,3(a)(iii),sets and Venn diagrams,high,607,w,Oct/Nov,2014,4,calculator,2,Find n(T' ∪ C).,1
0607_w14_qp_42.json,3(b)(i),probability,high,607,w,Oct/Nov,2014,4,calculator,2,"One of the 30 students is chosen at random. Find the probability that this student goes to the cinema,",1
0607_w14_qp_42.json,3(b)(ii),probability,high,607,w,Oct/Nov,2014,4,calculator,2,One of the 30 students is chosen at random. Find the probability that this student either goes to the theatre or does not go to the cinema.,1
0607_w14_qp_42.json,3(c),probability,high,607,w,Oct/Nov,2014,4,calculator,2,Two of the students who go to the theatre are chosen at random. Find the probability that they both also go to the cinema.,3
0607_w14_qp_42.json,4(a),functions,high,607,w,Oct/Nov,2014,4,calculator,2,"f(x) = x^2 / (x - 2), x ≠ 2. On the diagram, sketch the graph of y = f(x), for values of x between -5 and 10.",2
0607_w14_qp_42.json,4(b)(i),functions,high,607,w,Oct/Nov,2014,4,calculator,2,"Find the co-ordinates of the local maximum point,",1
0607_w14_qp_42.json,4(b)(ii),functions,high,607,w,Oct/Nov,2014,4,calculator,2,Find the co-ordinates of the local minimum point.,1
0607_w14_qp_42.json,4(c),functions,high,607,w,Oct/Nov,2014,4,calculator,2,Write down the range of f(x) for x ∈ ℝ.,2
0607_w14_qp_42.json,4(d),functions,high,607,w,Oct/Nov,2014,4,calculator,2,Write down an integer value of k for which the equation f(x) = k has no solutions.,1
0607_w14_qp_42.json,4(e),functions,high,607,w,Oct/Nov,2014,4,calculator,2,Write down the equation of the vertical asymptote of the graph of y = f(x).,1
0607_w14_qp_42.json,4(f)(i),straight lines,high,607,w,Oct/Nov,2014,4,calculator,2,"On the same diagram, sketch the graph of y = x + 2.",1
0607_w14_qp_42.json,4(f)(ii),functions,high,607,w,Oct/Nov,2014,4,calculator,2,Complete the following statement. The graph of y = x + 2 is ____________ of the graph of y = f(x).,1
0607_w14_qp_42.json,4(g)(i),functions,high,607,w,Oct/Nov,2014,4,calculator,2,"g(x) = 1.5^x + 10. On the same diagram, sketch the graph of y = g(x).",2
0607_w14_qp_42.json,4(g)(ii),inequalities,high,607,w,Oct/Nov,2014,4,calculator,2,Solve the inequality g(x) < f(x).,2
0607_w14_qp_42.json,5(a),angles,high,607,w,Oct/Nov,2014,4,calculator,2,"In the diagram, CD and AB are parallel and AB = BC. Find the value of y.",3
0607_w14_qp_42.json,5(b),angles,high,607,w,Oct/Nov,2014,4,calculator,2,The diagram shows part of a regular polygon. The interior angle is (15x + 20)° and the exterior angle is x°. Find the number of sides of this polygon.,4
0607_w14_qp_42.json,5(c)(i),circle theorems,high,607,w,Oct/Nov,2014,4,calculator,2,"The points A, B, C, D and E lie on the circumference of a circle. Find angle ACE,",1
0607_w14_qp_42.json,5(c)(ii),circle theorems,high,607,w,Oct/Nov,2014,4,calculator,2,"The points A, B, C, D and E lie on the circumference of a circle. Find angle AEC,",1
0607_w14_qp_42.json,5(c)(iii),circle theorems,high,607,w,Oct/Nov,2014,4,calculator,2,"The points A, B, C, D and E lie on the circumference of a circle. Find angle EDC.",1
0607_w14_qp_42.json,6(a)(i),statistics,high,607,w,Oct/Nov,2014,4,calculator,2,"The time taken, t minutes, for each of 100 cars to complete the same journey is recorded. Calculate an estimate of the mean.",2
0607_w14_qp_42.json,6(a)(ii),statistics,high,607,w,Oct/Nov,2014,4,calculator,2,"On the grid, draw a histogram to show the information given in the table.",3
0607_w14_qp_42.json,6(b)(i),statistics,high,607,w,Oct/Nov,2014,4,calculator,2,"The time taken, t minutes, for each of another 100 cars to complete the same journey is recorded. Find the median,",1
0607_w14_qp_42.json,6(b)(ii),statistics,high,607,w,Oct/Nov,2014,4,calculator,2,"Find the inter-quartile range,",2
0607_w14_qp_42.json,6(b)(iii),statistics,high,607,w,Oct/Nov,2014,4,calculator,2,Find the number of cars taking more than 35 minutes.,2
0607_w14_qp_42.json,7(a),simultaneous equations,high,607,w,Oct/Nov,2014,4,calculator,2,"Solve the simultaneous equations. Show your working. x + 2y = 4, 2x + 5y = 11",3
0607_w14_qp_42.json,7(b),solving linear equations,high,607,w,Oct/Nov,2014,4,calculator,2,Solve the equation to find x in terms of k. (x + 2)/7 - (2x - 1)/3 = k,4
0607_w14_qp_42.json,7(c)(i),solving linear equations,high,607,w,Oct/Nov,2014,4,calculator,2,"A library spends $120 on newspapers and $90 on magazines. Newspapers cost $x each. Magazines cost $(x + 0.4) each. Write down, in terms of x, the number of newspapers that can be bought for $120.",1
0607_w14_qp_42.json,7(c)(ii),solving linear equations,high,607,w,Oct/Nov,2014,4,calculator,2,"Write down, in terms of x, the number of magazines that can be bought for $90.",1
0607_w14_qp_42.json,7(c)(iii),solving quadratic equations,high,607,w,Oct/Nov,2014,4,calculator,2,The total number of newspapers and magazines that the library buys is 225. Find the cost of a newspaper.,4
0607_w14_qp_42.json,8(a),trigonometry,high,607,w,Oct/Nov,2014,4,calculator,2,"The diagram shows the straight line distances between Milan (M), Venice (V), Bologna (B) and Genoa (G). Calculate the distance BV.",3
0607_w14_qp_42.json,8(b),trigonometry,high,607,w,Oct/Nov,2014,4,calculator,2,Calculate the distance GB.,3
0607_w14_qp_42.json,8(c),mensuration,high,607,w,Oct/Nov,2014,4,calculator,2,"A map of the region is drawn to a scale of 1 : 1 000 000. Calculate the area, on the map, of the quadrilateral MVBG. Give your answer in square centimetres.",5
0607_w14_qp_42.json,8(d)(i),trigonometry,high,607,w,Oct/Nov,2014,4,calculator,2,"The bearing of V from M is 085°. Calculate the bearing of G from M,",1
0607_w14_qp_42.json,8(d)(ii),trigonometry,high,607,w,Oct/Nov,2014,4,calculator,2,Calculate the bearing of M from V.,1
0607_w14_qp_42.json,9(a),mensuration,high,607,w,Oct/Nov,2014,4,calculator,2,"The cuboid measures 1.5 m by 1.5 m by 1 m. It is filled with water. The cylinder is empty. It has radius 80 cm and height 90 cm. Water flows from the cuboid to the cylinder until the cylinder is full. The water flows through the pipe at a rate of 35 cm^3 per second. Calculate the time taken to fill the cylinder. Give your answer in hours and minutes, correct to the nearest minute.",5
0607_w14_qp_42.json,9(b),mensuration,high,607,w,Oct/Nov,2014,4,calculator,2,"Calculate the amount of water remaining in the cuboid. Give your answer in cm^3, correct to 2 significant figures.",4
0607_w14_qp_42.json,9(c),topics in arithmetic,high,607,w,Oct/Nov,2014,4,calculator,2,Write your answer to part (b) in standard form.,1
0607_w14_qp_42.json,10(a)(i),vectors,high,607,w,Oct/Nov,2014,4,calculator,2,"In the diagram AD = 2DC, BE = 1/2 EC and DEF is a straight line. AB = r and BC = t. Find, in terms of r and t, in their simplest forms, AC,",1
0607_w14_qp_42.json,10(a)(ii),vectors,high,607,w,Oct/Nov,2014,4,calculator,2,Find DE.,2
0607_w14_qp_42.json,10(b)(i),vectors,high,607,w,Oct/Nov,2014,4,calculator,2,EF = 1/3 r - 1/3 t. Find BF in terms of r and/or t.,1
0607_w14_qp_42.json,10(b)(ii),vectors,high,607,w,Oct/Nov,2014,4,calculator,2,What does your answer show about the point F?,1
0607_w14_qp_42.json,11(a),functions,high,607,w,Oct/Nov,2014,4,calculator,2,f(x) = 2x + 1. Find f(f(2)).,2
0607_w14_qp_42.json,11(b)(i),transformations,high,607,w,Oct/Nov,2014,4,calculator,2,"The diagram shows the graph of y = g(x). On the same diagram, sketch the graph of y = g(x + 1).",2
0607_w14_qp_42.json,11(b)(ii),transformations,high,607,w,Oct/Nov,2014,4,calculator,2,Describe fully the single transformation that maps the graph of y = g(x) onto the graph of y = g(x + 1).,2
0607_w14_qp_42.json,11(c)(i),functions,high,607,w,Oct/Nov,2014,4,calculator,2,h(x) = x^3. Find h^-1(x).,1
0607_w14_qp_42.json,11(c)(ii)(a),transformations,high,607,w,Oct/Nov,2014,4,calculator,2,"The diagram shows the graph of y = h(x). On the same diagram, sketch the graph of y = h^-1(x).",1
0607_w14_qp_42.json,11(c)(ii)(b),transformations,high,607,w,Oct/Nov,2014,4,calculator,2,Describe fully the single transformation that maps the graph of y = h(x) onto the graph of y = h^-1(x).,2
0607_w14_qp_42.json,12(a),similarity,high,607,w,Oct/Nov,2014,4,calculator,2,"The two bowls are mathematically similar. The table shows some information about these bowls. Calculate the height of the small bowl, h cm,",3
0607_w14_qp_42.json,12(b),similarity,high,607,w,Oct/Nov,2014,4,calculator,2,"Calculate the surface area of the large bowl, A cm^2.",2
0607_w14_qp_43.json,1(a),topics in arithmetic,high,607,w,Oct/Nov,2014,4,calculator,3,One year Sami paid 18% of his earnings in tax. After paying tax he had $65 600. How much did Sami earn before paying tax?,3
0607_w14_qp_43.json,1(b)(i),topics in arithmetic,high,607,w,Oct/Nov,2014,4,calculator,3,"Sami invests in an account that gives 4% interest in the first year, 3% interest in the second year and 2% in any year after that. Calculate the value of Sami’s investment after 3 years.",3
0607_w14_qp_43.json,1(b)(ii),topics in arithmetic,high,607,w,Oct/Nov,2014,4,calculator,3,"Jennie’s investment gives 2.5% compound interest each year. After 5 years, how much more is the value of Sami’s investment than Jennie’s?",3
0607_w14_qp_43.json,2(a),straight lines,high,607,w,Oct/Nov,2014,4,calculator,3,C is the midpoint of AB. Find the co-ordinates of C.,1
0607_w14_qp_43.json,2(b),straight lines,high,607,w,Oct/Nov,2014,4,calculator,3,"Find the equation of the line, through C, perpendicular to AB.",4
0607_w14_qp_43.json,2(c),straight lines,high,607,w,Oct/Nov,2014,4,calculator,3,The line AB meets the y-axis at P. The line in part (b) meets the y-axis at Q. Find the distance PQ.,2
0607_w14_qp_43.json,3(a),transformations,high,607,w,Oct/Nov,2014,4,calculator,3,Describe fully the single transformation that maps triangle A onto triangle B.,3
0607_w14_qp_43.json,3(b)(i),transformations,high,607,w,Oct/Nov,2014,4,calculator,3,"Enlarge triangle A with scale factor –2 and centre (3, 2). Label the image C.",2
0607_w14_qp_43.json,3(b)(ii),transformations,high,607,w,Oct/Nov,2014,4,calculator,3,Describe fully the single transformation that maps triangle C onto triangle A.,2
0607_w14_qp_43.json,3(c),transformations,high,607,w,Oct/Nov,2014,4,calculator,3,Stretch triangle B with stretch factor 2 and y-axis invariant. Label the image D.,2
0607_w14_qp_43.json,4(a),trigonometry,high,607,w,Oct/Nov,2014,4,calculator,3,Calculate angle ACO and show that it rounds to 36.87° correct to 2 decimal places.,2
0607_w14_qp_43.json,4(b),mensuration,high,607,w,Oct/Nov,2014,4,calculator,3,Calculate the area of the sector CAB.,2
0607_w14_qp_43.json,4(c),mensuration,high,607,w,Oct/Nov,2014,4,calculator,3,Calculate the area of the sector OAC.,2
0607_w14_qp_43.json,4(d),trigonometry,high,607,w,Oct/Nov,2014,4,calculator,3,Calculate the area of the triangle OAC.,2
0607_w14_qp_43.json,4(e),mensuration,high,607,w,Oct/Nov,2014,4,calculator,3,"Using your answers to parts (b), (c) and (d), calculate the area of the shaded region.",2
0607_w14_qp_43.json,5(a),functions,high,607,w,Oct/Nov,2014,4,calculator,3,"On the diagram, sketch the graph of y = f(x) where f(x) = 3 + 5x - x^3 for -3 ≤ x ≤ 3.",2
0607_w14_qp_43.json,5(b),functions,high,607,w,Oct/Nov,2014,4,calculator,3,Find the zeros of f(x).,3
0607_w14_qp_43.json,5(c),functions,high,607,w,Oct/Nov,2014,4,calculator,3,Find the co-ordinates of the local minimum.,2
0607_w14_qp_43.json,5(d)(i),functions,high,607,w,Oct/Nov,2014,4,calculator,3,Solve the equation f(x) = g(x).,3
0607_w14_qp_43.json,5(d)(ii),inequalities,high,607,w,Oct/Nov,2014,4,calculator,3,Write down the range of values of x for which f(x) > g(x).,2
0607_w14_qp_43.json,6(a),similarity,high,607,w,Oct/Nov,2014,4,calculator,3,Calculate the surface area of the smallest doll.,2
0607_w14_qp_43.json,6(b),similarity,high,607,w,Oct/Nov,2014,4,calculator,3,Calculate the volume of the largest doll.,4
0607_w14_qp_43.json,7(a)(i),vectors,high,607,w,Oct/Nov,2014,4,calculator,3,Find −→AB in terms of a and b.,1
0607_w14_qp_43.json,7(a)(ii),vectors,high,607,w,Oct/Nov,2014,4,calculator,3,Find −→OD in terms of a and b.,1
0607_w14_qp_43.json,7(a)(iii),vectors,high,607,w,Oct/Nov,2014,4,calculator,3,Find −→OP in terms of a and b. Write your answer as simply as possible.,2
0607_w14_qp_43.json,7(b)(i),vectors,high,607,w,Oct/Nov,2014,4,calculator,3,Find −→AE in terms of a and b.,1
0607_w14_qp_43.json,7(b)(ii),vectors,high,607,w,Oct/Nov,2014,4,calculator,3,Find −→OQ in terms of a and b. Write your answer as simply as possible.,2
0607_w14_qp_43.json,7(c),vectors,high,607,w,Oct/Nov,2014,4,calculator,3,"From your answers to parts (a)(iii) and (b)(ii), what can you say about the points P and Q?",1
0607_w14_qp_43.json,8(a),trigonometry,high,607,w,Oct/Nov,2014,4,calculator,3,Show that angle ABC = 35°.,1
0607_w14_qp_43.json,8(b)(i),trigonometry,high,607,w,Oct/Nov,2014,4,calculator,3,Calculate the distance the ship sails from C to A.,3
0607_w14_qp_43.json,8(b)(ii),trigonometry,high,607,w,Oct/Nov,2014,4,calculator,3,Calculate the bearing on which the ship sails from C to A.,4
0607_w14_qp_43.json,8(c)(i),topics in arithmetic,high,607,w,Oct/Nov,2014,4,calculator,3,Calculate the total time for the journey. Give your answer in hours and minutes.,3
0607_w14_qp_43.json,8(c)(ii),topics in arithmetic,high,607,w,Oct/Nov,2014,4,calculator,3,Find the average speed for the whole journey.,2
0607_w14_qp_43.json,9(a),probability,high,607,w,Oct/Nov,2014,4,calculator,3,Complete the probability tree diagram.,3
0607_w14_qp_43.json,9(b)(i),probability,high,607,w,Oct/Nov,2014,4,calculator,3,"Find the probability that both balls are yellow,",2
0607_w14_qp_43.json,9(b)(ii),probability,high,607,w,Oct/Nov,2014,4,calculator,3,Find the probability that the two balls are different colours.,3
0607_w14_qp_43.json,9(c),probability,high,607,w,Oct/Nov,2014,4,calculator,3,Write down the probability that the second ball is red.,1
0607_w14_qp_43.json,10(a),statistics,high,607,w,Oct/Nov,2014,4,calculator,3,Complete the frequency table using the information in the histogram.,2
0607_w14_qp_43.json,10(b),statistics,high,607,w,Oct/Nov,2014,4,calculator,3,Calculate an estimate of the mean height of the plants in soil A.,2
0607_w14_qp_43.json,10(c),statistics,high,607,w,Oct/Nov,2014,4,calculator,3,Complete the cumulative frequency table for the heights of the plants in soil A.,2
0607_w14_qp_43.json,10(d),statistics,high,607,w,Oct/Nov,2014,4,calculator,3,"Using the same grid, draw the cumulative frequency curve for the heights of the plants in soil A.",3
0607_w14_qp_43.json,10(e)(i),statistics,high,607,w,Oct/Nov,2014,4,calculator,3,In which soil is the median height greater? Show how you decide.,1
0607_w14_qp_43.json,10(e)(ii),statistics,high,607,w,Oct/Nov,2014,4,calculator,3,In which soil do the heights of the plants have a greater inter-quartile range and by how much?,4
0607_w14_qp_43.json,10(f),statistics,high,607,w,Oct/Nov,2014,4,calculator,3,Estimate the number of plants in soil B with a height greater than 85 cm.,2
0607_w14_qp_43.json,11(a),functions,high,607,w,Oct/Nov,2014,4,calculator,3,"On the diagram, sketch the graph of y = f(x) between x = -8 and x = 8.",3
0607_w14_qp_43.json,11(b),functions,high,607,w,Oct/Nov,2014,4,calculator,3,Find the range of f(x) when x ≥ 1.,3
0607_w14_qp_43.json,11(c)(i),functions,high,607,w,Oct/Nov,2014,4,calculator,3,Write down the equations of the three asymptotes of the graph of y = f(x).,3
0607_w14_qp_43.json,11(c)(ii),functions,high,607,w,Oct/Nov,2014,4,calculator,3,Write down the equations of the asymptotes of the graph of y = f(x + 3).,2
0607_w14_qp_43.json,12(a),expanding and factorising,high,607,w,Oct/Nov,2014,4,calculator,3,"Show that the area of the field, A m^2, is given by A = 100x - 2x^2.",2
0607_w14_qp_43.json,12(b),solving quadratic equations,high,607,w,Oct/Nov,2014,4,calculator,3,Find the width of the field when the area is 900 m^2.,3
0607_w14_qp_43.json,12(c),functions,high,607,w,Oct/Nov,2014,4,calculator,3,Find the maximum area of the field.,1
0607_w14_qp_43.json,12(d),mensuration,high,607,w,Oct/Nov,2014,4,calculator,3,Another farmer uses 100 m of fencing to make a circular field. Find the area of this field.,4
0607_w15_qp_21.json,1,topics in arithmetic,high,607,w,Oct/Nov,2015,2,non_calculator,1,Work out 7/12 - 1/3. Give your answer in its lowest terms.,2
0607_w15_qp_21.json,2,topics in arithmetic,high,607,w,Oct/Nov,2015,2,non_calculator,1,Change 12 metres per second into kilometres per hour.,2
0607_w15_qp_21.json,3(a),topics in arithmetic,high,607,w,Oct/Nov,2015,2,non_calculator,1,Write 0.000048 in standard form.,1
0607_w15_qp_21.json,3(b),exponents and surds,high,607,w,Oct/Nov,2015,2,non_calculator,1,"Work out (2 x 10^8) x (6 x 10^7), giving your answer in standard form.",2
0607_w15_qp_21.json,4,topics in arithmetic,high,607,w,Oct/Nov,2015,2,non_calculator,1,The price of a computer is reduced by 5%. The actual reduction is $17. Find the original price of the computer.,2
0607_w15_qp_21.json,5,exponents and surds,high,607,w,Oct/Nov,2015,2,non_calculator,1,Simplify \sqrt{75} - \sqrt{27}.,2
0607_w15_qp_21.json,6(a),solving linear equations,high,607,w,Oct/Nov,2015,2,non_calculator,1,"Find the value of v when u = 12, a = -2 and t = 5.",1
0607_w15_qp_21.json,6(b),solving linear equations,high,607,w,Oct/Nov,2015,2,non_calculator,1,Rearrange the formula to make a the subject.,2
0607_w15_qp_21.json,7,trigonometry,high,607,w,Oct/Nov,2015,2,non_calculator,1,Work out the length of AC.,3
0607_w15_qp_21.json,8(a),statistics,high,607,w,Oct/Nov,2015,2,non_calculator,1,Find the median.,1
0607_w15_qp_21.json,8(b),statistics,high,607,w,Oct/Nov,2015,2,non_calculator,1,Find the number of students with a journey time of more than 20 minutes.,2
0607_w15_qp_21.json,9(a),exponents and surds,high,607,w,Oct/Nov,2015,2,non_calculator,1,Find the value of (0.2)^3.,1
0607_w15_qp_21.json,9(b),exponents and surds,high,607,w,Oct/Nov,2015,2,non_calculator,1,Find the value of (1/2)^{-1}.,1
0607_w15_qp_21.json,9(c),exponents and surds,high,607,w,Oct/Nov,2015,2,non_calculator,1,Find the value of 64^{2/3}.,1
0607_w15_qp_21.json,9(d),logarithms,high,607,w,Oct/Nov,2015,2,non_calculator,1,Find the value of \log_9 3.,1
0607_w15_qp_21.json,10,circle theorems,high,607,w,Oct/Nov,2015,2,non_calculator,1,"A, B, C and D lie on a circle, centre O. Find the value of x and the value of y.",2
0607_w15_qp_21.json,11,functions,high,607,w,Oct/Nov,2015,2,non_calculator,1,The diagram shows the graph of y = |px + q|. Find the value of p and the value of q.,3
0607_w15_qp_21.json,12(a),sets and Venn diagrams,high,607,w,Oct/Nov,2015,2,non_calculator,1,Find n(P \cup Q)'.,1
0607_w15_qp_21.json,12(b),sets and Venn diagrams,high,607,w,Oct/Nov,2015,2,non_calculator,1,Shade the region P \cap Q'.,1
0607_w15_qp_21.json,13,straight lines,high,607,w,Oct/Nov,2015,2,non_calculator,1,"A is the point (-4, 4) and B is the point (4, 10). Find the equation of the perpendicular bisector of AB.",4
0607_w15_qp_21.json,14(a),variation and proportion,high,607,w,Oct/Nov,2015,2,non_calculator,1,"y varies inversely as \sqrt{x}. When x = 9, y = 3. Find y in terms of x.",2
0607_w15_qp_21.json,14(b),variation and proportion,high,607,w,Oct/Nov,2015,2,non_calculator,1,Find the value of y when x = 81.,1
0607_w15_qp_21.json,15,functions,high,607,w,Oct/Nov,2015,2,non_calculator,1,"The graph of y = a\cos(bx)^\circ has a maximum point at (360, 3) and a minimum point at (450, -3). Find the value of a and the value of b.",2
0607_w15_qp_22.json,1(a),topics in arithmetic,high,607,w,Oct/Nov,2015,2,non_calculator,2,Work out 16 - 8 ÷ 2 + 2 × 4.,1
0607_w15_qp_22.json,1(b),exponents and surds,high,607,w,Oct/Nov,2015,2,non_calculator,2,"Work out (8 × 10^(-4)) × (2 × 10^(-3)), giving your answer in standard form.",2
0607_w15_qp_22.json,2(a),solving linear equations,high,607,w,Oct/Nov,2015,2,non_calculator,2,Solve 2x - 3(1 - 4x) = 2(11 - 3x).,3
0607_w15_qp_22.json,2(b),solving linear equations,high,607,w,Oct/Nov,2015,2,non_calculator,2,Solve |4x - 3| = 11.,2
0607_w15_qp_22.json,3,variation and proportion,high,607,w,Oct/Nov,2015,2,non_calculator,2,"x varies as the square of y. When y = 4, x = 32. Find x when y = 5.",3
0607_w15_qp_22.json,4(a),probability,high,607,w,Oct/Nov,2015,2,non_calculator,2,"Two fair dice, each numbered 1, 2, 3, 4, 5, 6, are rolled and the total score is recorded. Find the probability that the total score is 12.",2
0607_w15_qp_22.json,4(b),probability,high,607,w,Oct/Nov,2015,2,non_calculator,2,"Two fair dice, each numbered 1, 2, 3, 4, 5, 6, are rolled and the total score is recorded. Find the probability that the total score is 13.",1
0607_w15_qp_22.json,4(c),probability,high,607,w,Oct/Nov,2015,2,non_calculator,2,"Two fair dice, each numbered 1, 2, 3, 4, 5, 6, are rolled and the total score is recorded. Find the probability that the total score is 7.",2
0607_w15_qp_22.json,5(a),vectors,high,607,w,Oct/Nov,2015,2,non_calculator,2,"Given a = \begin{pmatrix} 5 \\ -12 \end{pmatrix} and b = \begin{pmatrix} 2 \\ -3 \end{pmatrix}, find a - 3b.",2
0607_w15_qp_22.json,5(b),vectors,high,607,w,Oct/Nov,2015,2,non_calculator,2,"Given a = \begin{pmatrix} 5 \\ -12 \end{pmatrix}, work out |a|.",2
0607_w15_qp_22.json,6(a),expanding and factorising,high,607,w,Oct/Nov,2015,2,non_calculator,2,Factorise 8ax - by + 2ay - 4bx.,2
0607_w15_qp_22.json,6(b),expanding and factorising,high,607,w,Oct/Nov,2015,2,non_calculator,2,Factorise 3x^2 - 5x - 12.,2
0607_w15_qp_22.json,7(a),exponents and surds,high,607,w,Oct/Nov,2015,2,non_calculator,2,Find the value of 6^0.,1
0607_w15_qp_22.json,7(b),exponents and surds,high,607,w,Oct/Nov,2015,2,non_calculator,2,Write 5^(-2) as a fraction.,1
0607_w15_qp_22.json,8(a),circle theorems,high,607,w,Oct/Nov,2015,2,non_calculator,2,"A, B, C, and D lie on a circle, centre O. AD is parallel to OC and angle ADC = 108°. Find angle ABC.",1
0607_w15_qp_22.json,8(b),circle theorems,high,607,w,Oct/Nov,2015,2,non_calculator,2,"A, B, C, and D lie on a circle, centre O. AD is parallel to OC and angle ADC = 108°. Find angle AOC.",1
0607_w15_qp_22.json,8(c),circle theorems,high,607,w,Oct/Nov,2015,2,non_calculator,2,"A, B, C, and D lie on a circle, centre O. AD is parallel to OC and angle ADC = 108°. Find angle OCA.",1
0607_w15_qp_22.json,8(d),circle theorems,high,607,w,Oct/Nov,2015,2,non_calculator,2,"A, B, C, and D lie on a circle, centre O. AD is parallel to OC and angle ADC = 108°. Find angle DAC.",1
0607_w15_qp_22.json,9(a),Pythagoras,high,607,w,Oct/Nov,2015,2,non_calculator,2,"In triangle ABC, AB = \sqrt{48} cm, AC = 8 cm and angle ABC = 90°. Find BC.",3
0607_w15_qp_22.json,9(b),trigonometry,high,607,w,Oct/Nov,2015,2,non_calculator,2,"In triangle ABC, AB = \sqrt{48} cm, AC = 8 cm and angle ABC = 90°. Find angle BAC.",2
0607_w15_qp_22.json,10,functions,high,607,w,Oct/Nov,2015,2,non_calculator,2,"The graph of y = (x - h)^2 + k has a vertex at (2, -3). Find the value of h and the value of k.",2
0607_w15_qp_22.json,11,statistics,high,607,w,Oct/Nov,2015,2,non_calculator,2,"The table shows the marks of 70 students in an examination. On the grid below, draw a histogram to show this information.",3
0607_w15_qp_23.json,1,topics in arithmetic,high,607,w,Oct/Nov,2015,2,non_calculator,3,Find the highest common factor (HCF) of 60 and 90.,1
0607_w15_qp_23.json,2,topics in arithmetic,high,607,w,Oct/Nov,2015,2,non_calculator,3,"Insert one pair of brackets to make the statement correct.
5 - 2 + 3 * 2 = -5",1
0607_w15_qp_23.json,3,vectors,high,607,w,Oct/Nov,2015,2,non_calculator,3,"p = (2 \ 3), q = (1 \ 6)
Find 2p - 3q.",2
0607_w15_qp_23.json,4,topics in arithmetic,high,607,w,Oct/Nov,2015,2,non_calculator,3,Write 0.72 as a fraction in its lowest terms.,1
0607_w15_qp_23.json,5,statistics,high,607,w,Oct/Nov,2015,2,non_calculator,3,"The mean of a list of 9 numbers is 6.
When a 10th number is included in the list the mean is 5.5.
Find the value of this 10th number.",2
0607_w15_qp_23.json,6,Pythagoras,high,607,w,Oct/Nov,2015,2,non_calculator,3,Find the length of the hypotenuse of the triangle.,2
0607_w15_qp_23.json,7,simultaneous equations,high,607,w,Oct/Nov,2015,2,non_calculator,3,"Solve the simultaneous equations.
u - w = 9
3u + w = 19",2
0607_w15_qp_23.json,8,variation and proportion,high,607,w,Oct/Nov,2015,2,non_calculator,3,"The scale of a map is 1 : 250000.
Find the actual distance, in kilometres, between two cities which are 42cm apart on the map.",2
0607_w15_qp_23.json,9,inequalities,high,607,w,Oct/Nov,2015,2,non_calculator,3,"|x| < 4 and x is an integer.
Find the smallest possible value of x.",1
0607_w15_qp_23.json,10(a),sequences,high,607,w,Oct/Nov,2015,2,non_calculator,3,"The first 4 terms of a sequence are 20, 13, 6 and -1.
Find the next term,",1
0607_w15_qp_23.json,10(b),sequences,high,607,w,Oct/Nov,2015,2,non_calculator,3,"The first 4 terms of a sequence are 20, 13, 6 and -1.
Find the nth term.",2
0607_w15_qp_23.json,11,solving linear equations,high,607,w,Oct/Nov,2015,2,non_calculator,3,"Make u the subject of the formula.
v^2 = u^2 + 2as",2
0607_w15_qp_23.json,12,expanding and factorising,high,607,w,Oct/Nov,2015,2,non_calculator,3,"Factorise completely.
2a - b + 2ax - bx",2
0607_w15_qp_23.json,13(a),exponents and surds,high,607,w,Oct/Nov,2015,2,non_calculator,3,"Find the exact value of 3^(-3),",1
0607_w15_qp_23.json,13(b),exponents and surds,high,607,w,Oct/Nov,2015,2,non_calculator,3,"Find the exact value of 16^(3/4),",1
0607_w15_qp_23.json,13(c),trigonometry,high,607,w,Oct/Nov,2015,2,non_calculator,3,Find the exact value of cos 30°.,1
0607_w15_qp_23.json,14,exponents and surds,high,607,w,Oct/Nov,2015,2,non_calculator,3,Simplify (64x^12)^(1/6).,2
0607_w15_qp_23.json,15,sets and Venn diagrams,high,607,w,Oct/Nov,2015,2,non_calculator,3,"On each Venn diagram, shade the region indicated.
(A \cup B)'
(C \cup D) \cap E'",2
0607_w15_qp_23.json,16,straight lines,high,607,w,Oct/Nov,2015,2,non_calculator,3,"Find the equation of the straight line passing through (-2, -4) and (2, 0).",3
0607_w15_qp_23.json,17,exponents and surds,high,607,w,Oct/Nov,2015,2,non_calculator,3,"Rationalise the denominator.
3 / (\sqrt{5} + 2)",2
0607_w15_qp_23.json,18(a),expanding and factorising,high,607,w,Oct/Nov,2015,2,non_calculator,3,Factorise 3y - y^2.,1
0607_w15_qp_23.json,18(b),expanding and factorising,high,607,w,Oct/Nov,2015,2,non_calculator,3,Simplify (3y - y^2) / (9 - y^2).,2
0607_w15_qp_23.json,19(a),logarithms,high,607,w,Oct/Nov,2015,2,non_calculator,3,"Find the value of log 4 / log 8,",2
0607_w15_qp_23.json,19(b),logarithms,high,607,w,Oct/Nov,2015,2,non_calculator,3,Find the value of log_4 8.,1
0607_w15_qp_23.json,20,functions,high,607,w,Oct/Nov,2015,2,non_calculator,3,"g(x) = (2x + 1) / (x - 1), x \neq 1
Solve the equation g^(-1)(x) = 2.",1
0607_w15_qp_41.json,1(a),topics in arithmetic,high,607,w,Oct/Nov,2015,4,calculator,1,Write the ratio 80 : 75 in its simplest form.,1
0607_w15_qp_41.json,1(b)(i),topics in arithmetic,high,607,w,Oct/Nov,2015,4,calculator,1,Sunil spends $24. Work out $24 as a percentage of $80.,1
0607_w15_qp_41.json,1(b)(ii),topics in arithmetic,high,607,w,Oct/Nov,2015,4,calculator,1,Sunil invests $50 at a rate of 2% per year compound interest. Calculate the interest Sunil has after 20 years.,4
0607_w15_qp_41.json,1(c)(i),topics in arithmetic,high,607,w,Oct/Nov,2015,4,calculator,1,"During each month, Asha spends 1/5 of the money that she had at the beginning of the month. Work out how much of the $75 Asha has at the end of the 2nd month.",2
0607_w15_qp_41.json,1(c)(ii),solving linear equations,medium,607,w,Oct/Nov,2015,4,calculator,1,Calculate the number of whole months it takes for Asha to have less than $5.,3
0607_w15_qp_41.json,2(a)(i),vectors,high,607,w,Oct/Nov,2015,4,calculator,1,"Given p = (2, 3) and q = (14, 8), find 2p + 3q.",2
0607_w15_qp_41.json,2(a)(ii),vectors,high,607,w,Oct/Nov,2015,4,calculator,1,"Given p = (2, 3) and q = (14, 8), find |q - p|.",3
0607_w15_qp_41.json,2(b),transformations,high,607,w,Oct/Nov,2015,4,calculator,1,"The graph of y = f(x) is mapped onto the graph of y = f(x + 2) by a translation with vector (u, v). Find the value of u and the value of v.",2
0607_w15_qp_41.json,2(c)(i),transformations,high,607,w,Oct/Nov,2015,4,calculator,1,"Draw the image of triangle T under a rotation of 90° clockwise about the point (-1, -1).",3
0607_w15_qp_41.json,2(c)(ii),transformations,high,607,w,Oct/Nov,2015,4,calculator,1,Describe fully the single transformation that maps triangle T onto triangle D.,2
0607_w15_qp_41.json,2(c)(iii),transformations,high,607,w,Oct/Nov,2015,4,calculator,1,Describe fully the single transformation that maps triangle T onto triangle E.,3
0607_w15_qp_41.json,3(a),functions,high,607,w,Oct/Nov,2015,4,calculator,1,"Given f(x) = 1 - 2/x, x ≠ 0, on the diagram, sketch the graph of y = f(x), for values between x = -5 and x = 5.",2
0607_w15_qp_41.json,3(b),inequalities,high,607,w,Oct/Nov,2015,4,calculator,1,Solve the inequality f(x) < 0.,2
0607_w15_qp_41.json,3(c),functions,high,607,w,Oct/Nov,2015,4,calculator,1,Find f^(-1)(x).,3
0607_w15_qp_41.json,3(d),functions,high,607,w,Oct/Nov,2015,4,calculator,1,"On the diagram, sketch the graph of y = f^(-1)(x), for values between x = -5 and x = 5.",2
0607_w15_qp_41.json,3(e),transformations,high,607,w,Oct/Nov,2015,4,calculator,1,Describe fully the single transformation that maps the graph of y = f(x) onto the graph of y = f^(-1)(x).,2
0607_w15_qp_41.json,4(a),similarity,high,607,w,Oct/Nov,2015,4,calculator,1,"AB and CD are parallel. AD and CB intersect at X. CD = 9 cm, AB = 4 cm, AX = 4.5 cm and BX = 3 cm. Calculate the length of CX.",2
0607_w15_qp_41.json,4(b),circle theorems,high,607,w,Oct/Nov,2015,4,calculator,1,"P, Q, R and S lie on a circle. PR and QS intersect at Y. QR = 6 cm, PS = 8 cm, PY = 7 cm and YS = 4 cm. Calculate the length of RY.",2
0607_w15_qp_41.json,4(c),similarity,high,607,w,Oct/Nov,2015,4,calculator,1,The two shapes are mathematically similar. The area of E is 90 cm^2 and the area of F is 45 cm^2. Find the value of w.,3
0607_w15_qp_41.json,5(a),trigonometry,high,607,w,Oct/Nov,2015,4,calculator,1,Calculate BC.,2
0607_w15_qp_41.json,5(b),trigonometry,high,607,w,Oct/Nov,2015,4,calculator,1,Calculate angle CAD.,3
0607_w15_qp_41.json,5(c),trigonometry,high,607,w,Oct/Nov,2015,4,calculator,1,Calculate the area of the quadrilateral ABCD.,3
0607_w15_qp_41.json,6(a),statistics,high,607,w,Oct/Nov,2015,4,calculator,1,"120 students estimate the mass, m kg, of a bag of oranges. The frequency table shows the results. Calculate an estimate of the mean.",2
0607_w15_qp_41.json,6(b),statistics,high,607,w,Oct/Nov,2015,4,calculator,1,Complete the histogram to show the information in the table.,3
0607_w15_qp_41.json,7(a)(i),mensuration,high,607,w,Oct/Nov,2015,4,calculator,1,A solid metal cuboid measures 20 cm by 8 cm by 2 cm. 1 cm^3 of the metal has a mass of 7.85 g. Calculate the mass of the cuboid.,2
0607_w15_qp_41.json,7(a)(ii),mensuration,high,607,w,Oct/Nov,2015,4,calculator,1,The surface of the cuboid is painted at a cost of 8 cents per cm^2. Calculate the cost of painting the cuboid. Give your answer in dollars.,3
0607_w15_qp_41.json,7(b),mensuration,high,607,w,Oct/Nov,2015,4,calculator,1,"Another cuboid measures 16 cm by 6 cm by 4 cm. It is cut into cubes, each of side 2 cm. Calculate the number of cubes.",2
0607_w15_qp_41.json,7(c)(i),mensuration,high,607,w,Oct/Nov,2015,4,calculator,1,Another solid metal cuboid measures 20 cm by 12 cm by 4 cm. It is melted down and made into spheres of radius 1.5 cm. Calculate the largest number of spheres of radius 1.5 cm that can be made.,3
0607_w15_qp_41.json,7(c)(ii),mensuration,high,607,w,Oct/Nov,2015,4,calculator,1,Calculate the volume of metal remaining after the spheres have been made.,2
0607_w15_qp_41.json,7(c)(iii),mensuration,high,607,w,Oct/Nov,2015,4,calculator,1,Calculate the radius of the sphere that can be made using all the remaining metal.,2
0607_w15_qp_41.json,7(d),mensuration,high,607,w,Oct/Nov,2015,4,calculator,1,A plastic cone has radius r cm and perpendicular height 3r cm. 1 cm^3 of the plastic has a mass of 0.9 g. A wooden hemisphere has a radius of 2r cm. 1 cm^3 of the wood has a mass of 0.45 g. Find the mass of the cone as a fraction of the mass of the hemisphere. Give your answer in its lowest terms.,4
0607_w15_qp_41.json,8(a),functions,high,607,w,Oct/Nov,2015,4,calculator,1,"Given f(x) = 3 - x^2 and g(x) = x^x, on the diagram, sketch the graphs of y = f(x) and y = g(x) for values between x = 0 and x = 2.",4
0607_w15_qp_41.json,8(b),solving quadratic equations,medium,607,w,Oct/Nov,2015,4,calculator,1,Solve the equation 3 - x^2 = x^x for 0 ≤ x ≤ 2.,1
0607_w15_qp_41.json,8(c),solving quadratic equations,high,607,w,Oct/Nov,2015,4,calculator,1,Solve the equation 3 - x^2 = 0 for 0 ≤ x ≤ 2.,1
0607_w15_qp_41.json,8(d)(i),functions,high,607,w,Oct/Nov,2015,4,calculator,1,Find the co-ordinates of the local minimum point on the graph of y = g(x).,2
0607_w15_qp_41.json,8(d)(ii),functions,high,607,w,Oct/Nov,2015,4,calculator,1,Find the range of g(x) for the domain 0 < x ≤ 2.,2
0607_w15_qp_41.json,8(e)(i),functions,high,607,w,Oct/Nov,2015,4,calculator,1,"Find the values of g(0.1), g(0.01), and g(0.001).",3
0607_w15_qp_41.json,8(e)(ii),functions,high,607,w,Oct/Nov,2015,4,calculator,1,"Complete the statement. Starting from x = 0.1, as x gets closer and closer to 0, g(x) gets closer and closer to the value...",1
0607_w15_qp_41.json,9(a)(i),probability,high,607,w,Oct/Nov,2015,4,calculator,1,"The diagram shows two unbiased dice, A and B. The numbers on die A are 0, 1, 1, 1, 2, 3. The numbers on die B are 1, 2, 2, 3, 3, 3. Both dice are rolled. Find the probability that both dice show 3.",2
0607_w15_qp_41.json,9(a)(ii),probability,high,607,w,Oct/Nov,2015,4,calculator,1,Both dice are rolled. Find the probability that the numbers showing on the two dice add up to 2.,3
0607_w15_qp_41.json,9(b),probability,high,607,w,Oct/Nov,2015,4,calculator,1,Die B is rolled until it shows 2. Find the probability that this occurs when the die is rolled for the 4th time.,2
0607_w15_qp_41.json,9(c),probability,high,607,w,Oct/Nov,2015,4,calculator,1,Die A is rolled until it shows 3. The probability that this occurs when the die is rolled for the nth time is 3125/46656. Find the value of n.,2
0607_w15_qp_41.json,10(a),functions,high,607,w,Oct/Nov,2015,4,calculator,1,"Given f(x) = 2x + 3, g(x) = x - 1, h(x) = log(x + 1), find f(h(9)).",2
0607_w15_qp_41.json,10(b),functions,high,607,w,Oct/Nov,2015,4,calculator,1,Find g(f(x)) in its simplest form.,2
0607_w15_qp_41.json,10(c),expanding and factorising,medium,607,w,Oct/Nov,2015,4,calculator,1,Find 1/f(x) + 1/g(x) in terms of x. Give your answer as a single fraction.,3
0607_w15_qp_41.json,10(d),logarithms,high,607,w,Oct/Nov,2015,4,calculator,1,Solve the equation h(x) = -1.,2
0607_w15_qp_41.json,10(e),solving quadratic equations,high,607,w,Oct/Nov,2015,4,calculator,1,Solve the equation (g(x))^2 = 5. Give exact answers.,3
0607_w15_qp_41.json,11(a),simultaneous equations,high,607,w,Oct/Nov,2015,4,calculator,1,Cakes cost x cents each and drinks cost y cents each. 2 cakes and 1 drink cost $1.57. 1 cake and 3 drinks cost $2.96. Find the total cost of 3 cakes and 2 drinks. Give your answer in dollars.,6
0607_w15_qp_41.json,11(b),solving linear equations,high,607,w,Oct/Nov,2015,4,calculator,1,A child's train ticket costs $x. An adult's train ticket costs $(x + 5). Claudia buys 11 tickets. She spends $24 on children's tickets and $24 on adults' tickets. Write down an equation in x and solve it to find the cost of a child's ticket.,4
0607_w15_qp_42.json,1(a),topics in arithmetic,high,607,w,Oct/Nov,2015,4,calculator,2,"By writing each number correct to 1 significant figure, find an estimate for
3\sqrt{987} + \frac{(16.3 + 1.91^2)}{\sqrt{9.12}}.
You must show your working.",2
0607_w15_qp_42.json,1(b),topics in arithmetic,high,607,w,Oct/Nov,2015,4,calculator,2,Explain why your answer to part (a) is greater than the actual answer.,2
0607_w15_qp_42.json,1(c),topics in arithmetic,high,607,w,Oct/Nov,2015,4,calculator,2,"Work out
3\sqrt{987} + \frac{(16.3 + 1.91^2)}{\sqrt{9.12}}.",1
0607_w15_qp_42.json,2(a)(i),logarithms,high,607,w,Oct/Nov,2015,4,calculator,2,"Solve the equations.
4 \log 3 - 3 \log 4 = \log x - 5 \log 2",3
0607_w15_qp_42.json,2(a)(ii),trigonometry,high,607,w,Oct/Nov,2015,4,calculator,2,"Solve the equations.
4 \sin x + 3 = 1 \quad \text{for } 0^\circ \leqslant x \leqslant 360^\circ",3
0607_w15_qp_42.json,2(b),solving linear equations,high,607,w,Oct/Nov,2015,4,calculator,2,"Make $x$ the subject of the formula.
a = \sqrt{\frac{x - 1}{x}}",3
0607_w15_qp_42.json,3(a)(i),statistics,high,607,w,Oct/Nov,2015,4,calculator,2,"The table gives the marks of 10 students in a geography exam and a history exam.
Geography mark (x): 12, 23, 36, 41, 57, 62, 78, 81, 89, 93
History mark (y): 32, 43, 41, 51, 52, 60, 68, 65, 76, 80
Find the mean geography mark,",1
0607_w15_qp_42.json,3(a)(ii),statistics,high,607,w,Oct/Nov,2015,4,calculator,2,"The table gives the marks of 10 students in a geography exam and a history exam.
Geography mark (x): 12, 23, 36, 41, 57, 62, 78, 81, 89, 93
History mark (y): 32, 43, 41, 51, 52, 60, 68, 65, 76, 80
Find the mean history mark.",1
0607_w15_qp_42.json,3(b)(i),statistics,high,607,w,Oct/Nov,2015,4,calculator,2,Find the equation of the regression line for $y$ in terms of $x$.,2
0607_w15_qp_42.json,3(b)(ii),statistics,high,607,w,Oct/Nov,2015,4,calculator,2,Estimate the history mark when the geography mark is 51.,1
0607_w15_qp_42.json,4(a)(i),transformations,high,607,w,Oct/Nov,2015,4,calculator,2,"The transformation P is a reflection in the x-axis.
The transformation Q is a rotation of 90° clockwise about the origin.
Write down the transformation that is the inverse of P,",1
0607_w15_qp_42.json,4(a)(ii),transformations,high,607,w,Oct/Nov,2015,4,calculator,2,"The transformation P is a reflection in the x-axis.
The transformation Q is a rotation of 90° clockwise about the origin.
Write down the transformation that is the inverse of Q.",2
0607_w15_qp_42.json,4(b),transformations,high,607,w,Oct/Nov,2015,4,calculator,2,Describe fully the single transformation equivalent to P followed by Q.,2
0607_w15_qp_42.json,5(a),sequences,high,607,w,Oct/Nov,2015,4,calculator,2,"Find the next term and the nth term in each of the following sequences.
27, 20, 13, 6, -1, ...",3
0607_w15_qp_42.json,5(b),sequences,high,607,w,Oct/Nov,2015,4,calculator,2,"Find the next term and the nth term in each of the following sequences.
1024, 512, 256, 128, 64, ...",3
0607_w15_qp_42.json,6(a),statistics,high,607,w,Oct/Nov,2015,4,calculator,2,"The marks, x, of 800 students in a mathematics exam are given in the table.
(0 < x <= 20: 62, 20 < x <= 30: 84, 30 < x <= 40: 140, 40 < x <= 50: 160, 50 < x <= 60: 142, 60 < x <= 80: 112, 80 < x <= 100: 100)
Calculate an estimate of the mean mark.",2
0607_w15_qp_42.json,6(b),statistics,high,607,w,Oct/Nov,2015,4,calculator,2,Complete the cumulative frequency table.,1
0607_w15_qp_42.json,6(c),statistics,high,607,w,Oct/Nov,2015,4,calculator,2,"On the grid below, draw a cumulative frequency curve.",3
0607_w15_qp_42.json,6(d)(i),statistics,high,607,w,Oct/Nov,2015,4,calculator,2,"Use your graph in part (c) to find estimates for the median mark,",1
0607_w15_qp_42.json,6(d)(ii),statistics,high,607,w,Oct/Nov,2015,4,calculator,2,"Use your graph in part (c) to find estimates for the interquartile range,",2
0607_w15_qp_42.json,6(d)(iii),statistics,high,607,w,Oct/Nov,2015,4,calculator,2,"Use your graph in part (c) to find estimates for the minimum mark for a candidate to obtain a grade A, given that 15% of students gain a grade A.",3
0607_w15_qp_42.json,7(a)(i),functions,high,607,w,Oct/Nov,2015,4,calculator,2,"f(x) = \frac{(6x + 11)}{(2x - 3)}
On the diagram, sketch the graph of y = f(x), for values of x between x = -4 and x = 6.",2
0607_w15_qp_42.json,7(a)(ii),functions,high,607,w,Oct/Nov,2015,4,calculator,2,Write down the equations of the asymptotes.,2
0607_w15_qp_42.json,7(a)(iii),functions,high,607,w,Oct/Nov,2015,4,calculator,2,Write down the co-ordinates of the points where the graph crosses the axes.,2
0607_w15_qp_42.json,7(b),inequalities,high,607,w,Oct/Nov,2015,4,calculator,2,Solve the inequality x < \frac{(6x + 11)}{(2x - 3)},4
0607_w15_qp_42.json,8(a),topics in arithmetic,high,607,w,Oct/Nov,2015,4,calculator,2,"Freddo lives in Manchester. He drives to Cambridge for a meeting. The distance from Manchester to Cambridge is 300 km.
Freddo leaves Manchester at 07 05 and arrives in Cambridge at 10 50.
Calculate his average speed.",3
0607_w15_qp_42.json,8(b),topics in arithmetic,high,607,w,Oct/Nov,2015,4,calculator,2,"After the meeting Freddo drives back to Manchester.
His average speed for this journey is 5% more than his average speed driving to Cambridge.
He leaves Cambridge at 17 45.
Find the time Freddo arrives in Manchester.",3
0607_w15_qp_42.json,8(c),topics in arithmetic,high,607,w,Oct/Nov,2015,4,calculator,2,"Freddo's car uses fuel at the rate of 8.1 km per litre.
Fuel costs £1.45 per litre.
Find the total cost of fuel for Freddo's journey from Manchester to Cambridge and back to Manchester.",2
0607_w15_qp_42.json,9(a),topics in arithmetic,high,607,w,Oct/Nov,2015,4,calculator,2,"A coat costs $100.
The price is increased by 10% and then decreased by 10%.
Find the new price of the coat.",2
0607_w15_qp_42.json,9(b),topics in arithmetic,high,607,w,Oct/Nov,2015,4,calculator,2,"A chair costs $1000.
The price is increased by 20% and then decreased by 20%.
Find the new price of the chair.",2
0607_w15_qp_42.json,9(c),expanding and factorising,high,607,w,Oct/Nov,2015,4,calculator,2,"A car costs $10 000.
The price is increased by x% and then decreased by x%.
Find an expression, in terms of x, for the new price of the car.
Give your answer in its simplest form.",3
0607_w15_qp_42.json,10(a)(i),probability,high,607,w,Oct/Nov,2015,4,calculator,2,"A bag contains 3 red balls and 5 blue balls.
In an experiment, three balls are chosen at random without replacement.
Find the probability that the three balls chosen are all red,",2
0607_w15_qp_42.json,10(a)(ii),probability,high,607,w,Oct/Nov,2015,4,calculator,2,"A bag contains 3 red balls and 5 blue balls.
In an experiment, three balls are chosen at random without replacement.
Find the probability that the three balls chosen are two red and one blue,",3
0607_w15_qp_42.json,10(a)(iii),probability,high,607,w,Oct/Nov,2015,4,calculator,2,"A bag contains 3 red balls and 5 blue balls.
In an experiment, three balls are chosen at random without replacement.
Find the probability that the three balls chosen are at least one of each colour.",3
0607_w15_qp_42.json,10(b),probability,high,607,w,Oct/Nov,2015,4,calculator,2,"This experiment is to be carried out 1680 times.
Find the expected frequency of 3 red balls being chosen.",2
0607_w15_qp_42.json,11(a),simultaneous equations,high,607,w,Oct/Nov,2015,4,calculator,2,"A is the point (2, 6) and C is the point (5, 4).
The equation of the line AB is y + 4x = 14.
The equation of the line BC is y = x - 1.
B is the point where the lines AB and BC intersect.
Find the co-ordinates of the point B.",3
0607_w15_qp_42.json,11(b),straight lines,high,607,w,Oct/Nov,2015,4,calculator,2,"M is the midpoint of AC.
Find the co-ordinates of M.",2
0607_w15_qp_42.json,11(c),straight lines,high,607,w,Oct/Nov,2015,4,calculator,2,Find the equation of the line BM.,3
0607_w15_qp_42.json,11(d),straight lines,high,607,w,Oct/Nov,2015,4,calculator,2,"The point D lies on the line BM.
The co-ordinates of D are (k, k + 9).
Find the value of k.",2
0607_w15_qp_42.json,12(a),trigonometry,high,607,w,Oct/Nov,2015,4,calculator,2,"In the diagram, ABC is a straight line and BFED is a rectangle. (AF = ?, FE = ?, ED = 20 cm, DB = 15 cm, BF = 12 cm, angle BDE = 120°)
Find BC.",3
0607_w15_qp_42.json,12(b),trigonometry,high,607,w,Oct/Nov,2015,4,calculator,2,"Show that angle DBC = 34.7°, correct to 3 significant figures.",3
0607_w15_qp_42.json,12(c),mensuration,high,607,w,Oct/Nov,2015,4,calculator,2,Find the perimeter of the quadrilateral ACDE.,4
0607_w15_qp_42.json,12(d),mensuration,high,607,w,Oct/Nov,2015,4,calculator,2,Find the area of the quadrilateral ACDE.,3
0607_w15_qp_42.json,13(a)(i),functions,high,607,w,Oct/Nov,2015,4,calculator,2,"f(x) = \frac{100}{2^x} - 10
On the diagram, sketch the graph of y = f(x), for 0 \leqslant x \leqslant 5.",2
0607_w15_qp_42.json,13(a)(ii),functions,high,607,w,Oct/Nov,2015,4,calculator,2,Write down the x co-ordinate of the point where the graph crosses the x-axis.,1
0607_w15_qp_42.json,13(a)(iii),functions,high,607,w,Oct/Nov,2015,4,calculator,2,Write down the range of f(x).,1
0607_w15_qp_42.json,13(b),functions,high,607,w,Oct/Nov,2015,4,calculator,2,Solve the equation \frac{100}{2^x} - 10 = 20.,1
0607_w15_qp_42.json,13(c),transformations,high,607,w,Oct/Nov,2015,4,calculator,2,Describe fully the single transformation that maps the graph of y = \frac{100}{2^x} onto the graph of y = \frac{100}{2^x} - 10.,2
0607_w15_qp_42.json,14(a),topics in arithmetic,high,607,w,Oct/Nov,2015,4,calculator,2,"A fraction P has denominator x.
The numerator of the fraction is 3 less than the denominator.
Write down fraction P in terms of x.",1
0607_w15_qp_42.json,14(b),topics in arithmetic,high,607,w,Oct/Nov,2015,4,calculator,2,"The numerator and the denominator of fraction P are each increased by 3 to give fraction Q.
Write down fraction Q in terms of x.",1
0607_w15_qp_42.json,14(c)(i),solving quadratic equations,high,607,w,Oct/Nov,2015,4,calculator,2,"Q - P = \frac{9}{40}
Write down an equation in x and show that it simplifies to x^2 + 3x - 40 = 0.",3
0607_w15_qp_42.json,14(c)(ii),solving quadratic equations,high,607,w,Oct/Nov,2015,4,calculator,2,Solve the equation x^2 + 3x - 40 = 0.,2
0607_w15_qp_42.json,14(c)(iii),topics in arithmetic,high,607,w,Oct/Nov,2015,4,calculator,2,"Write down the original fraction, P.",1
0607_w15_qp_42.json,15(a),inequalities,high,607,w,Oct/Nov,2015,4,calculator,2,"Solve the inequalities.
\frac{5}{2x - 1} < 3",3
0607_w15_qp_42.json,15(b),logarithms,high,607,w,Oct/Nov,2015,4,calculator,2,"Solve the inequalities.
\log(2^x) > 10",2
0607_w15_qp_43.json,1(a),trigonometry,high,607,w,Oct/Nov,2015,4,calculator,3,Calculate the length of BD.,2
0607_w15_qp_43.json,1(b),trigonometry,high,607,w,Oct/Nov,2015,4,calculator,3,Calculate the area of triangle ACD.,2
0607_w15_qp_43.json,1(c),trigonometry,high,607,w,Oct/Nov,2015,4,calculator,3,Use the cosine rule to find the length of AD.,3
0607_w15_qp_43.json,2(a),topics in arithmetic,high,607,w,Oct/Nov,2015,4,calculator,3,Jay buys a bicycle for $220. He later sells it for $160. Calculate his percentage loss.,3
0607_w15_qp_43.json,2(b),topics in arithmetic,high,607,w,Oct/Nov,2015,4,calculator,3,A television has a sale price of $216 after a reduction of 10%. Calculate the original price of the television.,3
0607_w15_qp_43.json,2(c)(i),topics in arithmetic,high,607,w,Oct/Nov,2015,4,calculator,3,The population of a village is 2180. The population decreases by 3% each year. Calculate the population in 20 years time.,3
0607_w15_qp_43.json,2(c)(ii),logarithms,medium,607,w,Oct/Nov,2015,4,calculator,3,Calculate the number of whole years it takes for the population to decrease from 2180 to less than 1000.,2
0607_w15_qp_43.json,3(a)(i),statistics,high,607,w,Oct/Nov,2015,4,calculator,3,"The speeds, v km/h, of 120 cars passing under a bridge are measured. The table shows the results. Write down the interval that contains the lower quartile.",1
0607_w15_qp_43.json,3(a)(ii),statistics,high,607,w,Oct/Nov,2015,4,calculator,3,Calculate an estimate of the mean.,2
0607_w15_qp_43.json,3(a)(iii),statistics,high,607,w,Oct/Nov,2015,4,calculator,3,Complete the table of frequency densities.,3
0607_w15_qp_43.json,3(b),statistics,high,607,w,Oct/Nov,2015,4,calculator,3,"The table below shows the monthly rainfall and the average midday temperatures of a city. Find the equation of the line of regression, giving t in terms of r.",2
0607_w15_qp_43.json,4(a)(i),transformations,high,607,w,Oct/Nov,2015,4,calculator,3,Shade in one more square so that the diagram has one line of symmetry.,1
0607_w15_qp_43.json,4(a)(ii),transformations,high,607,w,Oct/Nov,2015,4,calculator,3,Shade in two more squares so that the diagram has rotational symmetry of order 2 and no lines of symmetry.,1
0607_w15_qp_43.json,4(b)(i),similarity,high,607,w,Oct/Nov,2015,4,calculator,3,Triangle ABC and triangle PQR are mathematically similar. AB : PQ = 3 : 2. CB = 10.5 cm. Calculate the length of RQ.,2
0607_w15_qp_43.json,4(b)(ii),similarity,high,607,w,Oct/Nov,2015,4,calculator,3,The area of triangle ABC is 45 cm^2. Calculate the area of triangle PQR.,2
0607_w15_qp_43.json,5(a)(i),transformations,high,607,w,Oct/Nov,2015,4,calculator,3,Describe fully the single transformation that maps triangle T onto triangle U.,3
0607_w15_qp_43.json,5(a)(ii),transformations,high,607,w,Oct/Nov,2015,4,calculator,3,Describe fully the inverse of the transformation in part(a)(i).,2
0607_w15_qp_43.json,5(b)(i),transformations,high,607,w,Oct/Nov,2015,4,calculator,3,Draw the image of triangle T under a reflection in the line y = x.,2
0607_w15_qp_43.json,5(b)(ii),transformations,high,607,w,Oct/Nov,2015,4,calculator,3,"Draw the image of triangle T under a rotation of 90° anti-clockwise about the point (6, 8).",2
0607_w15_qp_43.json,5(c),transformations,high,607,w,Oct/Nov,2015,4,calculator,3,"Describe fully the single transformation equivalent to a rotation 90° clockwise about (0, 0) followed by a reflection in the line y = -x.",3
0607_w15_qp_43.json,6(a),mensuration,high,607,w,Oct/Nov,2015,4,calculator,3,The diagram shows a solid cone inside a cylinder. The base radius of the cone and the radius of the cylinder are both 10 cm. The height of both the cone and the cylinder is 30 cm. Find the volume of the cylinder not occupied by the cone.,3
0607_w15_qp_43.json,6(b)(i),mensuration,high,607,w,Oct/Nov,2015,4,calculator,3,"Water is poured into the cylinder until it reaches a depth of 15 cm. Calculate the volume of the part of the cone that is below the water level and show that it rounds to 2749 cm^3, correct to the nearest cubic centimetre.",4
0607_w15_qp_43.json,6(b)(ii),mensuration,high,607,w,Oct/Nov,2015,4,calculator,3,Calculate the amount of water that has been poured into the cylinder. Give your answer in litres.,3
0607_w15_qp_43.json,7(a),topics in arithmetic,high,607,w,Oct/Nov,2015,4,calculator,3,Kim walks 10 km at 4 km/h and then a further 6 km at 3 km/h. Calculate Kim's average speed.,3
0607_w15_qp_43.json,7(b),variation and proportion,medium,607,w,Oct/Nov,2015,4,calculator,3,"Chung runs at x km/h for 45 minutes and then at (x - 2) km/h for 30 minutes. Find an expression, in terms of x, for Chung's average speed in km/h. Give your answer in its simplest form.",4
0607_w15_qp_43.json,8(a)(i),inequalities,high,607,w,Oct/Nov,2015,4,calculator,3,Solve the inequality 2(x - 3) < 5(x + 3).,3
0607_w15_qp_43.json,8(a)(ii),inequalities,high,607,w,Oct/Nov,2015,4,calculator,3,Show your answer to part(a)(i) on the number line.,1
0607_w15_qp_43.json,8(b),solving quadratic equations,high,607,w,Oct/Nov,2015,4,calculator,3,Solve the equation (x + 3)^2 + (x + 1)^2 = 25. Give your answers correct to 2 decimal places.,6
0607_w15_qp_43.json,8(c)(i),logarithms,high,607,w,Oct/Nov,2015,4,calculator,3,Solve the equation log x = 5 - x.,3
0607_w15_qp_43.json,8(c)(ii),logarithms,high,607,w,Oct/Nov,2015,4,calculator,3,Solve the equation log x = |5 - x|.,2
0607_w15_qp_43.json,8(d),expanding and factorising,high,607,w,Oct/Nov,2015,4,calculator,3,"Simplify, giving your answer as a single fraction: x / (x - 1) - 2 / (x + 1).",3
0607_w15_qp_43.json,9(a),angles,high,607,w,Oct/Nov,2015,4,calculator,3,"In the quadrilateral ABCD, DA = AB and DA is parallel to CB. Angle DAB = 124° and angle BDC = 25°. Calculate angle BCD.",3
0607_w15_qp_43.json,9(b),angles,high,607,w,Oct/Nov,2015,4,calculator,3,Nine of the angles of a 10-sided polygon are each 142°. Calculate the other angle.,3
0607_w15_qp_43.json,9(c)(i),circle theorems,high,607,w,Oct/Nov,2015,4,calculator,3,"A, B, C and D lie on the circle, centre O. BD is a diameter and EDF is a tangent at D. AC and BD intersect at X. Angle BCA = 25° and angle BDC = 20°. Calculate angle ADE.",2
0607_w15_qp_43.json,9(c)(ii),circle theorems,high,607,w,Oct/Nov,2015,4,calculator,3,Calculate angle DAC.,2
0607_w15_qp_43.json,9(c)(iii),circle theorems,high,607,w,Oct/Nov,2015,4,calculator,3,Calculate angle AXD.,1
0607_w15_qp_43.json,10(a),probability,high,607,w,Oct/Nov,2015,4,calculator,3,"In this question, the weather is only considered to be either wet or dry. When the weather is dry the probability that Sara will go walking is 3/5. When the weather is wet the probability that Sara will go walking is 1/10. The probability of a dry day is 2/3. Complete the tree diagram.",3
0607_w15_qp_43.json,10(b),probability,high,607,w,Oct/Nov,2015,4,calculator,3,Show that the probability that Sara goes walking is 13/30.,2
0607_w15_qp_43.json,10(c),probability,high,607,w,Oct/Nov,2015,4,calculator,3,The probability that Sara does not go walking when the weather is wet is 9/30. Complete this tree diagram.,3
0607_w15_qp_43.json,11(a),functions,high,607,w,Oct/Nov,2015,4,calculator,3,"f(x) = x^2 - 16, g(x) = 2 / (x + 1), x != -1, h(x) = 2^x. Find h(3).",1
0607_w15_qp_43.json,11(b),functions,high,607,w,Oct/Nov,2015,4,calculator,3,"Find the range of g(x) for the domain {0, 1}.",1
0607_w15_qp_43.json,11(c),expanding and factorising,high,607,w,Oct/Nov,2015,4,calculator,3,f(x - 2) can be written as (x + a)(x + b). Find the value of a and the value of b.,4
0607_w15_qp_43.json,11(d)(i),functions,high,607,w,Oct/Nov,2015,4,calculator,3,Find the inverse of g(x).,3
0607_w15_qp_43.json,11(d)(ii),functions,high,607,w,Oct/Nov,2015,4,calculator,3,Find the inverse of h(x).,2
0607_w15_qp_43.json,11(e),transformations,high,607,w,Oct/Nov,2015,4,calculator,3,Describe fully the single transformation that maps the graph of y = f(x) onto the graph of y = 2x^2 - 32.,2
0607_w15_qp_43.json,12(a),functions,high,607,w,Oct/Nov,2015,4,calculator,3,"On the diagram, sketch the graphs of y = 12 / (x + 2) and y = 2^x - 5 for values of x between x = -6 and x = 4.",4
0607_w15_qp_43.json,12(b)(i),functions,high,607,w,Oct/Nov,2015,4,calculator,3,Write down the equation of each asymptote of the graph of y = 12 / (x + 2).,2
0607_w15_qp_43.json,12(b)(ii),functions,high,607,w,Oct/Nov,2015,4,calculator,3,Write down the equation of each asymptote of the graph of y = 2^x - 5.,1
0607_w15_qp_43.json,12(c),inequalities,high,607,w,Oct/Nov,2015,4,calculator,3,Solve the inequality 2^x - 5 > 12 / (x + 2) for x > 0.,2
0607_w16_qp_21.json,1,variation and proportion,high,607,w,Oct/Nov,2016,2,non_calculator,1,Sara and Klaus share some money in the ratio 5 : 4. Klaus receives $48. Work out how much Sara receives.,2
0607_w16_qp_21.json,2,transformations,high,607,w,Oct/Nov,2016,2,non_calculator,1,"From the list above, write down the letter which has line symmetry only, line symmetry and rotational symmetry, rotational symmetry only.",2
0607_w16_qp_21.json,3(a),statistics,high,607,w,Oct/Nov,2016,2,non_calculator,1,"The list shows the quiz scores of 13 students. 11 11 11 12 12 13 14 15 15 16 16 19 19. Find the mode,",1
0607_w16_qp_21.json,3(b),statistics,high,607,w,Oct/Nov,2016,2,non_calculator,1,"The list shows the quiz scores of 13 students. 11 11 11 12 12 13 14 15 15 16 16 19 19. Find the median,",1
0607_w16_qp_21.json,3(c),statistics,high,607,w,Oct/Nov,2016,2,non_calculator,1,The list shows the quiz scores of 13 students. 11 11 11 12 12 13 14 15 15 16 16 19 19. Find the upper quartile.,1
0607_w16_qp_21.json,4,topics in arithmetic,high,607,w,Oct/Nov,2016,2,non_calculator,1,Write 4.07 × 10⁻³ as an ordinary number.,1
0607_w16_qp_21.json,5(a),solving linear equations,high,607,w,Oct/Nov,2016,2,non_calculator,1,"v = u + at. Find v when u = 5, a = -1 and t = 1.5.",2
0607_w16_qp_21.json,5(b),solving linear equations,high,607,w,Oct/Nov,2016,2,non_calculator,1,"v = u + at. Rearrange the formula to write a in terms of t, u and v.",2
0607_w16_qp_21.json,6,topics in arithmetic,high,607,w,Oct/Nov,2016,2,non_calculator,1,"Work out 8/9 - 7/18, giving your answer in its lowest terms.",3
0607_w16_qp_21.json,7,angles,high,607,w,Oct/Nov,2016,2,non_calculator,1,The interior angle of a regular polygon is 176°. Work out how many sides the polygon has.,3
0607_w16_qp_21.json,8,circle theorems,high,607,w,Oct/Nov,2016,2,non_calculator,1,"A, B, C and D lie on the circle, centre O. Work out the value of y.",3
0607_w16_qp_21.json,9,sets and Venn diagrams,high,607,w,Oct/Nov,2016,2,non_calculator,1,"On each Venn diagram, shade the area indicated. (P ∩ Q)' and W ∩ V' ∩ X'",2
0607_w16_qp_21.json,10,exponents and surds,high,607,w,Oct/Nov,2016,2,non_calculator,1,Multiply out the brackets and simplify. (2√3 - 1)(√3 + 2),2
0607_w16_qp_21.json,11,solving linear equations,high,607,w,Oct/Nov,2016,2,non_calculator,1,Solve the equation. |x - 3| = 1,2
0607_w16_qp_21.json,12,exponents and surds,high,607,w,Oct/Nov,2016,2,non_calculator,1,Find the value of 25^(-3/2).,2
0607_w16_qp_21.json,13,exponents and surds,high,607,w,Oct/Nov,2016,2,non_calculator,1,x is positive and x⁸ = 3⁴. Find the exact value of x.,2
0607_w16_qp_21.json,14,solving quadratic equations,high,607,w,Oct/Nov,2016,2,non_calculator,1,The roots of the quadratic equation x² + ax + b = 0 are 5 and -2. Find the value of a and the value of b.,3
0607_w16_qp_21.json,15,variation and proportion,high,607,w,Oct/Nov,2016,2,non_calculator,1,"y is inversely proportional to the square root of (x - 3). When x = 7, y = 3. Find y in terms of x.",2
0607_w16_qp_21.json,16,functions,high,607,w,Oct/Nov,2016,2,non_calculator,1,"The diagram shows the graph of y = a sin(bx)°, for 0 ≤ x ≤ 90. Find the value of a and the value of b.",2
0607_w16_qp_21.json,17(a),logarithms,high,607,w,Oct/Nov,2016,2,non_calculator,1,2 log 3 = log k. Find the value of k.,1
0607_w16_qp_21.json,17(b),logarithms,high,607,w,Oct/Nov,2016,2,non_calculator,1,log 5 - log 2 = log p. Find the value of p.,1
0607_w16_qp_22.json,1,topics in arithmetic,high,607,w,Oct/Nov,2016,2,non_calculator,2,"From this list, write down a prime number. 25, 26, 27, 28, 29, 30",1
0607_w16_qp_22.json,2,topics in arithmetic,high,607,w,Oct/Nov,2016,2,non_calculator,2,$84 is divided in the ratio 3 : 4. Find the value of the largest share.,2
0607_w16_qp_22.json,3(a),topics in arithmetic,high,607,w,Oct/Nov,2016,2,non_calculator,2,"In a sale, the price of all furniture is reduced by 30%. Before the sale the price of a chair was $40. Find the price of this chair in the sale.",2
0607_w16_qp_22.json,3(b),topics in arithmetic,high,607,w,Oct/Nov,2016,2,non_calculator,2,"In the sale, the price of a table is $140. Find the price of this table before the sale.",3
0607_w16_qp_22.json,4(a),topics in arithmetic,high,607,w,Oct/Nov,2016,2,non_calculator,2,"Work out the following, giving each answer in standard form. (6.4 x 10^-2) - (1.6 x 10^-3)",2
0607_w16_qp_22.json,4(b),topics in arithmetic,high,607,w,Oct/Nov,2016,2,non_calculator,2,"Work out the following, giving each answer in standard form. (6.4 x 10^-2) ÷ (1.6 x 10^-3)",2
0607_w16_qp_22.json,5(a),statistics,high,607,w,Oct/Nov,2016,2,non_calculator,2,"One day there were 720 students at a school. The table shows the type of transport the students used to get to school (Walk: 117, Bus: 280, Car: 240, Bicycle: x). Find the value of x.",1
0607_w16_qp_22.json,5(b),statistics,high,607,w,Oct/Nov,2016,2,non_calculator,2,Find the relative frequency of students who went to school by car. Give your answer as a fraction in its lowest terms.,2
0607_w16_qp_22.json,6(a),probability,high,607,w,Oct/Nov,2016,2,non_calculator,2,"A bag contains 10 discs. 5 discs are red, 4 are blue and 1 is green. A disc is chosen at random and not replaced. A second disc is then chosen at random. Find the probability that both discs are green,",1
0607_w16_qp_22.json,6(b),probability,high,607,w,Oct/Nov,2016,2,non_calculator,2,Find the probability that both discs are the same colour.,3
0607_w16_qp_22.json,7(a),expanding and factorising,high,607,w,Oct/Nov,2016,2,non_calculator,2,Expand the brackets and simplify. 3x(4 - 5x) - 5x(3x + 2),2
0607_w16_qp_22.json,7(b),expanding and factorising,high,607,w,Oct/Nov,2016,2,non_calculator,2,Expand the brackets and simplify. (4x - y)(3x + 2y),3
0607_w16_qp_22.json,8,exponents and surds,high,607,w,Oct/Nov,2016,2,non_calculator,2,Find the value of 64^(1/3).,1
0607_w16_qp_22.json,9,expanding and factorising,high,607,w,Oct/Nov,2016,2,non_calculator,2,Find the highest common factor (HCF) of 8x^3 y^4 and 12x^4 y.,2
0607_w16_qp_22.json,10(a),exponents and surds,high,607,w,Oct/Nov,2016,2,non_calculator,2,"In each of the following, rationalise the denominator and simplify your answer. 6 / sqrt(3)",2
0607_w16_qp_22.json,10(b),exponents and surds,high,607,w,Oct/Nov,2016,2,non_calculator,2,"In each of the following, rationalise the denominator and simplify your answer. sqrt(3) / (2 + sqrt(3))",2
0607_w16_qp_22.json,11,straight lines,high,607,w,Oct/Nov,2016,2,non_calculator,2,"The points A (3, 8) and B (9, 0) are shown on the diagram below. Find the equation of the perpendicular bisector of the line AB.",5
0607_w16_qp_22.json,12(a),variation and proportion,high,607,w,Oct/Nov,2016,2,non_calculator,2,"y is proportional to the square of x. When x = 4, y = 8. Find an equation connecting y and x.",2
0607_w16_qp_22.json,12(b),variation and proportion,high,607,w,Oct/Nov,2016,2,non_calculator,2,Find the values of x when y = 32.,2
0607_w16_qp_23.json,1,sequences,high,607,w,Oct/Nov,2016,2,non_calculator,3,"Here are the first four terms of a sequence. 11, 8, 5, 2. Write down the next term of the sequence.",1
0607_w16_qp_23.json,2,mensuration,high,607,w,Oct/Nov,2016,2,non_calculator,3,"Use the formula A = (h / 2) * (x + y) to find the value of A when x = 7, y = 13 and h = 6.4.",2
0607_w16_qp_23.json,3(a),topics in arithmetic,high,607,w,Oct/Nov,2016,2,non_calculator,3,Work out (0.2)^3.,1
0607_w16_qp_23.json,3(b),topics in arithmetic,high,607,w,Oct/Nov,2016,2,non_calculator,3,Work out (3 / 7) ÷ (4 / 5).,2
0607_w16_qp_23.json,4,angles,high,607,w,Oct/Nov,2016,2,non_calculator,3,The diagram shows a pentagon. Find the value of x.,3
0607_w16_qp_23.json,5,transformations,high,607,w,Oct/Nov,2016,2,non_calculator,3,"Triangle B is the image of triangle A after a reflection. Triangle C is the image of triangle B after an enlargement, scale factor 2. Triangle D is the image of triangle C after a rotation. Triangle E is the image of triangle D after a stretch, factor 3. Complete this table. Write C if the triangles are congruent. Write S if the triangles are similar. Write N if the triangles are neither congruent nor similar.",3
0607_w16_qp_23.json,6(a),statistics,high,607,w,Oct/Nov,2016,2,non_calculator,3,The table shows the numbers of pets owned by each of 100 families. Write down the range.,1
0607_w16_qp_23.json,6(b),statistics,high,607,w,Oct/Nov,2016,2,non_calculator,3,Find the median.,1
0607_w16_qp_23.json,6(c),statistics,high,607,w,Oct/Nov,2016,2,non_calculator,3,Work out the mean.,2
0607_w16_qp_23.json,7,simultaneous equations,high,607,w,Oct/Nov,2016,2,non_calculator,3,"Solve the simultaneous equations. 4x - 3y = 12, 6x - y = 11.",3
0607_w16_qp_23.json,8(a),statistics,high,607,w,Oct/Nov,2016,2,non_calculator,3,"Jakob draws a scatter diagram which shows that two quantities, x and y, are correlated. He calculates the equation of the regression line as y = 32 - 1.5x. What type of correlation is there between x and y?",1
0607_w16_qp_23.json,8(b),statistics,high,607,w,Oct/Nov,2016,2,non_calculator,3,The mean of the y values is 14. Find the mean of the x values.,2
0607_w16_qp_23.json,9(a),circle theorems,high,607,w,Oct/Nov,2016,2,non_calculator,3,"A, B, C, D and E are points on a circle. CE and AD intersect at P. Angle DCP = 40° and angle CPD = 75°. Find angle DAE.",1
0607_w16_qp_23.json,9(b),circle theorems,high,607,w,Oct/Nov,2016,2,non_calculator,3,Find angle ABC.,2
0607_w16_qp_23.json,10(a),logarithms,high,607,w,Oct/Nov,2016,2,non_calculator,3,Find log5 25.,1
0607_w16_qp_23.json,10(b),logarithms,high,607,w,Oct/Nov,2016,2,non_calculator,3,2 log 3 - log 5 = log p. Find p.,2
0607_w16_qp_23.json,11,inequalities,high,607,w,Oct/Nov,2016,2,non_calculator,3,Solve. 4x + 2 > 3(2x - 4),3
0607_w16_qp_23.json,12(a),vectors,high,607,w,Oct/Nov,2016,2,non_calculator,3,"OABC is a parallelogram. P is the midpoint of CB. CQ : QA = 5 : 3. OA = a and OC = c. Find these vectors in terms of a and/or c, giving your answers in their simplest form: CP",1
0607_w16_qp_23.json,12(b),vectors,high,607,w,Oct/Nov,2016,2,non_calculator,3,Find OQ,3
0607_w16_qp_23.json,13(a),exponents and surds,high,607,w,Oct/Nov,2016,2,non_calculator,3,Simplify. 12 / √2,2
0607_w16_qp_23.json,13(b),exponents and surds,high,607,w,Oct/Nov,2016,2,non_calculator,3,Simplify. (5 - 2√3)^2,3
0607_w16_qp_41.json,1(a),topics in arithmetic,high,607,w,Oct/Nov,2016,4,calculator,1,He changes 2500 rand into Swiss francs (CHF). 1 Swiss franc = 12.43 rand. Calculate the amount Toby receives in Swiss francs. Give your answer correct to the nearest Swiss franc.,2
0607_w16_qp_41.json,1(b)(i),topics in arithmetic,high,607,w,Oct/Nov,2016,4,calculator,1,Toby leaves Johannesburg at 1930 and arrives in Zurich at 0610 the next morning. Local time in Zurich is the same as local time in Johannesburg. The distance from Johannesburg to Zurich is 8350 km. Calculate the average speed of the journey.,3
0607_w16_qp_41.json,1(b)(ii),topics in arithmetic,high,607,w,Oct/Nov,2016,4,calculator,1,"After arriving at 0610, Toby takes a further 1 hour 55 minutes to reach his office. Work out the time he arrives at his office.",1
0607_w16_qp_41.json,1(b)(iii),solving linear equations,high,607,w,Oct/Nov,2016,4,calculator,1,"Later, Toby takes a taxi from his office to a hotel. The taxi fare is made up of a fixed charge of 20 CHF plus 2.40 CHF per kilometre. Toby paid 36.80 CHF altogether. Work out the distance of Toby's taxi journey.",3
0607_w16_qp_41.json,2(a)(i),vectors,high,607,w,Oct/Nov,2016,4,calculator,1,u = \begin{pmatrix} -3 \\ -2 \end{pmatrix} and v = \begin{pmatrix} -5 \\ -3 \end{pmatrix}. Find u + v.,1
0607_w16_qp_41.json,2(a)(ii),transformations,high,607,w,Oct/Nov,2016,4,calculator,1,Draw the image of triangle T under the translation by the vector u + v.,2
0607_w16_qp_41.json,2(a)(iii),vectors,high,607,w,Oct/Nov,2016,4,calculator,1,Calculate |u + v|.,2
0607_w16_qp_41.json,2(b)(i),transformations,high,607,w,Oct/Nov,2016,4,calculator,1,"Describe fully the single transformation that maps triangle T onto triangle P,",2
0607_w16_qp_41.json,2(b)(ii),transformations,high,607,w,Oct/Nov,2016,4,calculator,1,"Describe fully the single transformation that maps triangle T onto triangle Q,",3
0607_w16_qp_41.json,2(b)(iii),transformations,high,607,w,Oct/Nov,2016,4,calculator,1,Describe fully the single transformation that maps triangle T onto triangle R.,3
0607_w16_qp_41.json,3(a),functions,high,607,w,Oct/Nov,2016,4,calculator,1,"f(x) = 2^{sin x}. On the diagram, sketch the graph of y = f(x) for -360° \leqslant x \leqslant 360°.",3
0607_w16_qp_41.json,3(b),functions,high,607,w,Oct/Nov,2016,4,calculator,1,Find the range of f(x).,2
0607_w16_qp_41.json,3(c)(i),functions,high,607,w,Oct/Nov,2016,4,calculator,1,"Find the value of f(x) when x = 3780°,",1
0607_w16_qp_41.json,3(c)(ii),functions,high,607,w,Oct/Nov,2016,4,calculator,1,Find the value of f(x) when x = 4050°.,1
0607_w16_qp_41.json,3(d)(i),functions,high,607,w,Oct/Nov,2016,4,calculator,1,Find the four values of x from -360° to 1080° for which f(x) = 0.5.,2
0607_w16_qp_41.json,3(d)(ii),sequences,high,607,w,Oct/Nov,2016,4,calculator,1,The values in the answer to part (d)(i) form the first four terms of a sequence. Find the nth term of this sequence.,2
0607_w16_qp_41.json,3(e)(i),functions,high,607,w,Oct/Nov,2016,4,calculator,1,"g(x) = \frac{x(360 - x)}{16200}. On the diagram, sketch the graph of y = g(x) for 0° \leqslant x \leqslant 360°.",2
0607_w16_qp_41.json,3(e)(ii),functions,high,607,w,Oct/Nov,2016,4,calculator,1,Solve the equation f(x) = g(x).,2
0607_w16_qp_41.json,4(a),mensuration,high,607,w,Oct/Nov,2016,4,calculator,1,The diagrams show a solid hemisphere and a solid cone. Both the hemisphere and the base of the cone have radius 9 cm. The volumes of the two shapes are equal. Show that the perpendicular height of the cone is 18 cm.,2
0607_w16_qp_41.json,4(b)(i),mensuration,high,607,w,Oct/Nov,2016,4,calculator,1,Calculate the total surface area of the hemisphere.,2
0607_w16_qp_41.json,4(b)(ii),mensuration,high,607,w,Oct/Nov,2016,4,calculator,1,Calculate the curved surface area of the cone.,3
0607_w16_qp_41.json,4(c),mensuration,high,607,w,Oct/Nov,2016,4,calculator,1,The hemisphere is made from metal. The metal is melted down and made into spheres of radius 2 cm. Calculate the number of spheres that are made.,3
0607_w16_qp_41.json,5(a),sets and Venn diagrams,high,607,w,Oct/Nov,2016,4,calculator,1,"n(U) = 25, n(P) = 18, n(Q) = 12, n(P \cup Q)' = 3. Show that n(P \cap Q) = 8.",2
0607_w16_qp_41.json,5(b)(i),sets and Venn diagrams,high,607,w,Oct/Nov,2016,4,calculator,1,"An element is chosen at random from U. Find the probability that the element is a member of P \cap Q,",1
0607_w16_qp_41.json,5(b)(ii),sets and Venn diagrams,high,607,w,Oct/Nov,2016,4,calculator,1,An element is chosen at random from U. Find the probability that the element is a member of (P \cup Q)'.,1
0607_w16_qp_41.json,5(c),sets and Venn diagrams,high,607,w,Oct/Nov,2016,4,calculator,1,An element is chosen at random from P. Find the probability that this element is also a member of Q.,1
0607_w16_qp_41.json,5(d),sets and Venn diagrams,high,607,w,Oct/Nov,2016,4,calculator,1,The probability of a single event is \frac{2}{3}. Describe this event in terms of P and Q.,1
0607_w16_qp_41.json,6(a),straight lines,high,607,w,Oct/Nov,2016,4,calculator,1,"A is the point (0, 6) and B is the point (4, 0). Find the equation of the perpendicular bisector of AB.",5
0607_w16_qp_41.json,6(b),straight lines,high,607,w,Oct/Nov,2016,4,calculator,1,The line y = 2x + 3 cuts the y-axis at C. The perpendicular bisector of AB cuts the y-axis at D. Find the length CD.,2
0607_w16_qp_41.json,7(a),trigonometry,high,607,w,Oct/Nov,2016,4,calculator,1,"The diagram shows a triangular prism with a horizontal base ABCD. X is a point on the line AQ. AB = 20 cm, BC = 10 cm, CQ = 9 cm and angle BCQ = 90°. Calculate angle QBC.",2
0607_w16_qp_41.json,7(b),trigonometry,high,607,w,Oct/Nov,2016,4,calculator,1,"Calculate angle BAQ and show that it rounds to 33.9°, correct to 1 decimal place.",3
0607_w16_qp_41.json,7(c),trigonometry,high,607,w,Oct/Nov,2016,4,calculator,1,AX = 22 cm. Calculate the length of BX.,3
0607_w16_qp_41.json,8(a),functions,high,607,w,Oct/Nov,2016,4,calculator,1,"f(x) = x + \frac{1}{x} + 3. On the diagram, sketch the graph of y = f(x) for values of x between -4 and 4.",2
0607_w16_qp_41.json,8(b),functions,high,607,w,Oct/Nov,2016,4,calculator,1,Find the zeros of f(x).,2
0607_w16_qp_41.json,8(c),inequalities,high,607,w,Oct/Nov,2016,4,calculator,1,Solve the inequality f(x) < 0.,3
0607_w16_qp_41.json,8(d),functions,high,607,w,Oct/Nov,2016,4,calculator,1,"The asymptotes of the graph are x = a and y = x + b, where a and b are integers. Find the value of a and the value of b.",2
0607_w16_qp_41.json,8(e),transformations,high,607,w,Oct/Nov,2016,4,calculator,1,g(x) = x + \frac{1}{x}. Describe fully the single transformation that maps the graph of y = f(x) onto the graph of y = g(x).,2
0607_w16_qp_41.json,9(a),statistics,high,607,w,Oct/Nov,2016,4,calculator,1,"In one day a delivery company delivers 93 parcels. The histogram shows information about the masses, m kg, of these parcels. Complete the frequency table.",3
0607_w16_qp_41.json,9(b),statistics,high,607,w,Oct/Nov,2016,4,calculator,1,Calculate an estimate of the mean mass.,2
0607_w16_qp_41.json,9(c),probability,high,607,w,Oct/Nov,2016,4,calculator,1,"Two parcels are chosen at random. Find the probability that they both have a mass greater than 1 kg. Give your answer as a decimal, correct to 3 significant figures.",2
0607_w16_qp_41.json,10(a),solving linear equations,high,607,w,Oct/Nov,2016,4,calculator,1,Solve. 7x + 2 = 11,2
0607_w16_qp_41.json,10(b),topics in arithmetic,high,607,w,Oct/Nov,2016,4,calculator,1,"Write as a single fraction, in its simplest form. \frac{x+1}{2} + \frac{x-1}{3}",2
0607_w16_qp_41.json,10(c)(i),exponents and surds,high,607,w,Oct/Nov,2016,4,calculator,1,Simplify the following. \frac{8x^4 y^2}{4x^3 y^4},2
0607_w16_qp_41.json,10(c)(ii),expanding and factorising,high,607,w,Oct/Nov,2016,4,calculator,1,Simplify the following. \frac{x^2 - 9}{x^2 - 2x - 3},4
0607_w16_qp_41.json,11(a),functions,high,607,w,Oct/Nov,2016,4,calculator,1,"f(x) = 3x + 1, g(x) = \log x. Find the value of g(f(33)).",2
0607_w16_qp_41.json,11(b),functions,high,607,w,Oct/Nov,2016,4,calculator,1,Find the value of x when g(x) = f(-1).,2
0607_w16_qp_41.json,11(c)(i),functions,high,607,w,Oct/Nov,2016,4,calculator,1,"Find f^{-1}(x),",2
0607_w16_qp_41.json,11(c)(ii),functions,high,607,w,Oct/Nov,2016,4,calculator,1,Find g^{-1}(x).,2
0607_w16_qp_41.json,12(a)(i),topics in arithmetic,high,607,w,Oct/Nov,2016,4,calculator,1,"In 2015, Ahmed had a monthly salary of $1375. In 2016, his monthly salary is $1540. Calculate the percentage increase in Ahmed's monthly salary.",3
0607_w16_qp_41.json,12(a)(ii),topics in arithmetic,high,607,w,Oct/Nov,2016,4,calculator,1,Work out $1375 as a percentage of $1540.,1
0607_w16_qp_41.json,12(a)(iii),topics in arithmetic,high,607,w,Oct/Nov,2016,4,calculator,1,"In 2015, Ahmed's monthly salary of $1375 was 10% more than his monthly salary in 2014. Calculate Ahmed's monthly salary in 2014.",3
0607_w16_qp_41.json,12(b)(i),topics in arithmetic,high,607,w,Oct/Nov,2016,4,calculator,1,Samia invested $500 in each of two Schemes. Scheme A: 3% per year simple interest. Scheme B: 2.5% per year compound interest. Calculate the difference between the value of Scheme A and the value of Scheme B after 5 years. Show all your working.,5
0607_w16_qp_41.json,12(b)(ii),topics in arithmetic,high,607,w,Oct/Nov,2016,4,calculator,1,Find the number of complete years it will take for the value of Scheme B to be greater than the value of Scheme A.,4
0607_w16_qp_43.json,1(a)(i),topics in arithmetic,high,607,w,Oct/Nov,2016,4,calculator,3,Work out. \u221b79507,1
0607_w16_qp_43.json,1(a)(ii),topics in arithmetic,high,607,w,Oct/Nov,2016,4,calculator,3,Work out. 3.6^2 + \frac{1}{0.63},1
0607_w16_qp_43.json,1(b)(i),exponents and surds,high,607,w,Oct/Nov,2016,4,calculator,3,"p = 5.62 \u00d7 10^5, q = 6.83 \u00d7 10^{-3}. Work out, giving your answers in standard form. p^2",2
0607_w16_qp_43.json,1(b)(ii),exponents and surds,high,607,w,Oct/Nov,2016,4,calculator,3,"p = 5.62 \u00d7 10^5, q = 6.83 \u00d7 10^{-3}. Work out, giving your answers in standard form. \frac{p}{q}",2
0607_w16_qp_43.json,2(a)(i),topics in arithmetic,high,607,w,Oct/Nov,2016,4,calculator,3,"Gennaro has $276 480 in his Pension Fund. Option A: Receive 25% of the $276 480 now plus 5.5% of the remaining 75% each year. Option B: Receive 5.5% of the whole $276 480 each year. Show that the total amount Gennaro will have received at the end of 10 years, if he chooses option A, is $183 168.",3
0607_w16_qp_43.json,2(a)(ii),solving linear equations,medium,607,w,Oct/Nov,2016,4,calculator,3,After how many whole years will the total amount received using option B become more than the total amount received under option A?,4
0607_w16_qp_43.json,2(b),topics in arithmetic,high,607,w,Oct/Nov,2016,4,calculator,3,The $276 480 is 8% more than the amount the Pension Fund was worth one year ago. Calculate how much it was worth one year ago.,3
0607_w16_qp_43.json,3(a),transformations,high,607,w,Oct/Nov,2016,4,calculator,3,"Describe fully the single transformation that maps triangle A onto triangle B,",2
0607_w16_qp_43.json,3(b),transformations,high,607,w,Oct/Nov,2016,4,calculator,3,"Describe fully the single transformation that maps triangle A onto triangle C,",3
0607_w16_qp_43.json,3(c),transformations,high,607,w,Oct/Nov,2016,4,calculator,3,Describe fully the single transformation that maps triangle A onto triangle D.,3
0607_w16_qp_43.json,4(a)(i),mensuration,high,607,w,Oct/Nov,2016,4,calculator,3,"The diagram shows a solid, square-based pyramid VABCD. O is the centre of the base ABCD and VO is perpendicular to the base. N is the midpoint of AB. AB = 6 cm and VO = 8 cm. Calculate the volume of the pyramid,",2
0607_w16_qp_43.json,4(a)(ii),Pythagoras,high,607,w,Oct/Nov,2016,4,calculator,3,Calculate the length of VN.,2
0607_w16_qp_43.json,4(b)(i),similarity,high,607,w,Oct/Nov,2016,4,calculator,3,The similar pyramid VPQRS is removed from the original pyramid to leave the solid below. The height of this solid is half the height of the pyramid VABCD. Find the volume of this solid.,3
0607_w16_qp_43.json,4(b)(ii),mensuration,high,607,w,Oct/Nov,2016,4,calculator,3,Find the total surface area of this solid.,5
0607_w16_qp_43.json,5(a),functions,high,607,w,Oct/Nov,2016,4,calculator,3,"f(x) = x^3 - 4x + 6. On the diagram, sketch the graph of y = f(x) for -3 \u2264 x \u2264 3.",2
0607_w16_qp_43.json,5(b),functions,high,607,w,Oct/Nov,2016,4,calculator,3,Solve the equation f(x) = 2x + 3.,3
0607_w16_qp_43.json,5(c)(i),functions,high,607,w,Oct/Nov,2016,4,calculator,3,Find the co-ordinates of the local maximum point and the local minimum point.,3
0607_w16_qp_43.json,5(c)(ii),functions,high,607,w,Oct/Nov,2016,4,calculator,3,Find the range of values of k for which f(x) = k has only one solution.,1
0607_w16_qp_43.json,5(d),functions,high,607,w,Oct/Nov,2016,4,calculator,3,Describe fully the symmetry of the graph of y = f(x).,3
0607_w16_qp_43.json,6(a),straight lines,high,607,w,Oct/Nov,2016,4,calculator,3,"The diagram shows the points A(-1, -1), B(1, 3) and C(6, 3). The points A, B, C and D are the vertices of a parallelogram. Write down the co-ordinates of the three possible positions of D.",3
0607_w16_qp_43.json,6(b),straight lines,high,607,w,Oct/Nov,2016,4,calculator,3,E is a point such that C is the midpoint of the line AE. Find the co-ordinates of the point E.,2
0607_w16_qp_43.json,6(c),straight lines,high,607,w,Oct/Nov,2016,4,calculator,3,The line L is perpendicular to the line AC and goes through A. Find the equation of the line L.,4
0607_w16_qp_43.json,7(a)(i),statistics,high,607,w,Oct/Nov,2016,4,calculator,3,A farmer measured the milk yield of each of his 120 cows over a one-year period. The results are shown in the frequency table. Complete the cumulative frequency table.,1
0607_w16_qp_43.json,7(a)(ii),statistics,high,607,w,Oct/Nov,2016,4,calculator,3,Complete the cumulative frequency curve.,3
0607_w16_qp_43.json,7(a)(iii),statistics,high,607,w,Oct/Nov,2016,4,calculator,3,Use your graph to estimate the median.,1
0607_w16_qp_43.json,7(a)(iv),statistics,high,607,w,Oct/Nov,2016,4,calculator,3,Use your graph to estimate the inter-quartile range.,2
0607_w16_qp_43.json,7(a)(v),statistics,high,607,w,Oct/Nov,2016,4,calculator,3,The farmer sells the cows with a milk yield of less than 6200 litres. Use your graph to estimate the number of cows he sells.,1
0607_w16_qp_43.json,7(b),statistics,high,607,w,Oct/Nov,2016,4,calculator,3,"On the grid below, complete the histogram to represent the data in the first table.",4
0607_w16_qp_43.json,8(a),trigonometry,high,607,w,Oct/Nov,2016,4,calculator,3,"A ship sails on the following course: 60 km on a bearing of 025\u00b0 from A to B, 80 km on a bearing of 115\u00b0 from B to C, 75 km on a bearing of 195\u00b0 from C to D. Show that angle ABC = 90\u00b0.",1
0607_w16_qp_43.json,8(b),trigonometry,high,607,w,Oct/Nov,2016,4,calculator,3,Calculate angle BCA.,2
0607_w16_qp_43.json,8(c),trigonometry,high,607,w,Oct/Nov,2016,4,calculator,3,Calculate the distance AC.,2
0607_w16_qp_43.json,8(d),trigonometry,high,607,w,Oct/Nov,2016,4,calculator,3,Calculate the distance AD.,4
0607_w16_qp_43.json,8(e),trigonometry,high,607,w,Oct/Nov,2016,4,calculator,3,Calculate the bearing of D from A.,4
0607_w16_qp_43.json,9(a),topics in arithmetic,high,607,w,Oct/Nov,2016,4,calculator,3,Justine travels 760 km in her car. Justine's average speed for the journey is 77 km/h. Calculate the time Justine takes to complete the journey. Give your answer in hours and minutes correct to the nearest minute.,3
0607_w16_qp_43.json,9(b)(i),expanding and factorising,medium,607,w,Oct/Nov,2016,4,calculator,3,"Justine travels 270 km on main roads and 490 km on autoroutes. On main roads her car travels x km on each litre of fuel. On autoroutes her car travels (x + 4) km on each litre of fuel. Write down an expression, in terms of x, for the fuel that Justine's car uses on main roads on this journey.",1
0607_w16_qp_43.json,9(b)(ii),expanding and factorising,medium,607,w,Oct/Nov,2016,4,calculator,3,Altogether Justine's car uses 62 litres of fuel for the whole journey. Write down an equation in x and show that it simplifies to 31x^2 - 256x - 540 = 0.,3
0607_w16_qp_43.json,9(b)(iii),solving quadratic equations,high,607,w,Oct/Nov,2016,4,calculator,3,Solve the equation 31x^2 - 256x - 540 = 0 to find the distance Justine's car travels on 1 litre of fuel on autoroutes.,4
0607_w16_qp_43.json,10(a)(i),expanding and factorising,high,607,w,Oct/Nov,2016,4,calculator,3,Factorise. 2x^2 - 3x + 1,2
0607_w16_qp_43.json,10(a)(ii),expanding and factorising,high,607,w,Oct/Nov,2016,4,calculator,3,Show that 2x + 1 + \frac{3}{x - 2} can be written as \frac{(2x - 1)(x - 1)}{x - 2}.,3
0607_w16_qp_43.json,10(b)(i),functions,high,607,w,Oct/Nov,2016,4,calculator,3,"f(x) = \frac{(2x - 1)(x - 1)}{x - 2}. On the diagram, sketch the graph of y = f(x) for values of x between -3 and 5.",2
0607_w16_qp_43.json,10(b)(ii),straight lines,high,607,w,Oct/Nov,2016,4,calculator,3,"On the same diagram, sketch the graph of y = 2x + 1.",2
0607_w16_qp_43.json,10(b)(iii),functions,high,607,w,Oct/Nov,2016,4,calculator,3,Write down the equations of the asymptotes to the graph of y = f(x).,2
0607_w16_qp_43.json,10(b)(iv),solving quadratic equations,high,607,w,Oct/Nov,2016,4,calculator,3,Solve f(x) = 0.,2
0607_w16_qp_43.json,11(a),statistics,high,607,w,Oct/Nov,2016,4,calculator,3,The 50 members of an activities group either go walking or cycling. The table shows the choices of the males and females. Complete the table.,2
0607_w16_qp_43.json,11(b),probability,high,607,w,Oct/Nov,2016,4,calculator,3,Two of the 50 members are chosen at random. Calculate the probability that they both go cycling.,2
0607_w16_qp_43.json,11(c),probability,high,607,w,Oct/Nov,2016,4,calculator,3,Two of those who go walking are chosen at random. Calculate the probability that one is a male and the other is a female.,3
0607_w16_qp_43.json,12(a),variation and proportion,high,607,w,Oct/Nov,2016,4,calculator,3,"y is inversely proportional to the square root of x. When x = 25, y = 2. Find y in terms of x.",2
0607_w16_qp_43.json,12(b),variation and proportion,high,607,w,Oct/Nov,2016,4,calculator,3,Find the value of x when y = 3.,2
0607_w16_qp_43.json,12(c),variation and proportion,high,607,w,Oct/Nov,2016,4,calculator,3,"z = ax^n. z is proportional to the cube of y. When x = 4, z = 500. Find the value of a and the value of n.",3
0607_w17_qp_21.json,1,topics in arithmetic,high,607,w,Oct/Nov,2017,2,non_calculator,1,"By rounding each number correct to 1 significant figure, estimate the value of (189.6 * 41.28) / (0.00509 + 0.00298).",3
0607_w17_qp_21.json,2(a),topics in arithmetic,high,607,w,Oct/Nov,2017,2,non_calculator,1,"Written as the product of their prime factors, 7056 = 2^4 * 3^2 * 7^2 and 8232 = 2^3 * 3 * 7^3. Giving your answers as the product of prime factors, find the highest common factor (HCF) of 7056 and 8232,",1
0607_w17_qp_21.json,2(b),topics in arithmetic,high,607,w,Oct/Nov,2017,2,non_calculator,1,"Written as the product of their prime factors, 7056 = 2^4 * 3^2 * 7^2 and 8232 = 2^3 * 3 * 7^3. Giving your answers as the product of prime factors, find the lowest common multiple (LCM) of 7056 and 8232,",1
0607_w17_qp_21.json,2(c),exponents and surds,high,607,w,Oct/Nov,2017,2,non_calculator,1,"Written as the product of their prime factors, 7056 = 2^4 * 3^2 * 7^2 and 8232 = 2^3 * 3 * 7^3. Giving your answers as the product of prime factors, find sqrt(7056).",1
0607_w17_qp_21.json,3,inequalities,high,607,w,Oct/Nov,2017,2,non_calculator,1,Show the inequality -1 < x <= 4 on this number line.,2
0607_w17_qp_21.json,4,topics in arithmetic,high,607,w,Oct/Nov,2017,2,non_calculator,1,"Work out 3/8 - 1/6, giving your answer as a fraction in its lowest terms.",2
0607_w17_qp_21.json,5,simultaneous equations,high,607,w,Oct/Nov,2017,2,non_calculator,1,"Solve the simultaneous equations. x - 3y = 4, 5x - 6y = -7",3
0607_w17_qp_21.json,6(a),straight lines,high,607,w,Oct/Nov,2017,2,non_calculator,1,"A is the point (3, 6) and B is the point (-5, 10). Work out the co-ordinates of the midpoint of AB.",2
0607_w17_qp_21.json,6(b),Pythagoras,high,607,w,Oct/Nov,2017,2,non_calculator,1,"A is the point (3, 6) and B is the point (-5, 10). Find the length of AB, giving your answer in the form a*sqrt(5).",3
0607_w17_qp_21.json,7,topics in arithmetic,high,607,w,Oct/Nov,2017,2,non_calculator,1,"Work out, giving your answer in standard form. (6.3 * 10^4) + (5.6 * 10^5)",2
0607_w17_qp_21.json,8(a),sets and Venn diagrams,high,607,w,Oct/Nov,2017,2,non_calculator,1,Shade the region indicated in each of these Venn diagrams: A' intersect B',1
0607_w17_qp_21.json,8(b),sets and Venn diagrams,high,607,w,Oct/Nov,2017,2,non_calculator,1,Shade the region indicated in each of these Venn diagrams: A union (B intersect C),1
0607_w17_qp_21.json,8(c),sets and Venn diagrams,high,607,w,Oct/Nov,2017,2,non_calculator,1,Shade the region indicated in each of these Venn diagrams: A intersect B intersect C',1
0607_w17_qp_21.json,9(a),circle theorems,high,607,w,Oct/Nov,2017,2,non_calculator,1,"A, B, C and D are points on a circle centre O. Find angle ACD,",2
0607_w17_qp_21.json,9(b),circle theorems,high,607,w,Oct/Nov,2017,2,non_calculator,1,"A, B, C and D are points on a circle centre O. Find angle BAD.",2
0607_w17_qp_21.json,10,variation and proportion,high,607,w,Oct/Nov,2017,2,non_calculator,1,"y is inversely proportional to the square root of x. When x = 9, y = 12. Find y when x = 100.",3
0607_w17_qp_21.json,11(a),expanding and factorising,high,607,w,Oct/Nov,2017,2,non_calculator,1,Factorise x^2 - 3x - 10.,2
0607_w17_qp_21.json,11(b),inequalities,high,607,w,Oct/Nov,2017,2,non_calculator,1,"Using your answer to part (a), solve x^2 - 3x - 10 > 0.",2
0607_w17_qp_21.json,12,exponents and surds,high,607,w,Oct/Nov,2017,2,non_calculator,1,Rationalise the denominator and simplify. (14*sqrt(2)) / (3 + sqrt(2)),3
0607_w17_qp_21.json,13,expanding and factorising,high,607,w,Oct/Nov,2017,2,non_calculator,1,Expand the brackets and simplify. (3a - 5b)(2a - 3b),3
0607_w17_qp_22.json,1,angles,high,607,w,Oct/Nov,2017,2,non_calculator,2,The diagram shows two parallel lines with two straight lines crossing. Find the value of w.,2
0607_w17_qp_22.json,2,mensuration,high,607,w,Oct/Nov,2017,2,non_calculator,2,The volume of a cube is 27 cm3. Find the total surface area.,2
0607_w17_qp_22.json,3,topics in arithmetic,high,607,w,Oct/Nov,2017,2,non_calculator,2,"Find the highest common factor (HCF) of 30, 48 and 66.",1
0607_w17_qp_22.json,4,functions,high,607,w,Oct/Nov,2017,2,non_calculator,2,"f(x) = 2x - 3. Find the range of f(x) for the domain {0, 1, 2}.",1
0607_w17_qp_22.json,5,Pythagoras,medium,607,w,Oct/Nov,2017,2,non_calculator,2,Work out the length of AB.,3
0607_w17_qp_22.json,6,solving linear equations,medium,607,w,Oct/Nov,2017,2,non_calculator,2,y = 2x^2 - 1. Rearrange the formula to write x in terms of y.,3
0607_w17_qp_22.json,7(a),topics in arithmetic,high,607,w,Oct/Nov,2017,2,non_calculator,2,Change 20 m/s into km/h.,2
0607_w17_qp_22.json,7(b),topics in arithmetic,high,607,w,Oct/Nov,2017,2,non_calculator,2,A train travels at 20 m/s for 45 minutes. Work out the distance travelled. Give your answer in kilometres.,2
0607_w17_qp_22.json,8,topics in arithmetic,high,607,w,Oct/Nov,2017,2,non_calculator,2,"Work out (3.2 x 10^20) + (2.3 x 10^21), giving your answer in standard form.",2
0607_w17_qp_22.json,9,topics in arithmetic,high,607,w,Oct/Nov,2017,2,non_calculator,2,Find the value of (0.1)^2.,1
0607_w17_qp_22.json,10(a),circle theorems,high,607,w,Oct/Nov,2017,2,non_calculator,2,"ABCD is a cyclic quadrilateral. DC is extended to E. Angle BCE = 130°, angle ABC = 6x° and angle ADC = 9x°. Find the value of angle BAD.",1
0607_w17_qp_22.json,10(b),circle theorems,high,607,w,Oct/Nov,2017,2,non_calculator,2,"ABCD is a cyclic quadrilateral. DC is extended to E. Angle BCE = 130°, angle ABC = 6x° and angle ADC = 9x°. Find the value of angle ABC.",2
0607_w17_qp_22.json,11(a),exponents and surds,high,607,w,Oct/Nov,2017,2,non_calculator,2,Simplify 12x^12 / 4x^4,2
0607_w17_qp_22.json,11(b),exponents and surds,high,607,w,Oct/Nov,2017,2,non_calculator,2,Simplify (16x^16)^(1/4),2
0607_w17_qp_22.json,12,variation and proportion,high,607,w,Oct/Nov,2017,2,non_calculator,2,"y is proportional to 1 / sqrt(x). When x = 4, y = 2. Find y when x = 64.",3
0607_w17_qp_22.json,13(a),exponents and surds,high,607,w,Oct/Nov,2017,2,non_calculator,2,Simplify sqrt(18) + sqrt(72).,2
0607_w17_qp_22.json,13(b),exponents and surds,high,607,w,Oct/Nov,2017,2,non_calculator,2,Rationalise the denominator: 1 / (sqrt(5) + 2),2
0607_w17_qp_22.json,14,expanding and factorising,high,607,w,Oct/Nov,2017,2,non_calculator,2,Simplify (x^2 - x) / (x^2 - 1),3
0607_w17_qp_22.json,15(a),logarithms,high,607,w,Oct/Nov,2017,2,non_calculator,2,log k = 2log 3 - 5log 2. Find the value of k.,2
0607_w17_qp_22.json,15(b),logarithms,high,607,w,Oct/Nov,2017,2,non_calculator,2,log_2 p = -1. Find the value of p.,1
0607_w17_qp_22.json,16,trigonometry,high,607,w,Oct/Nov,2017,2,non_calculator,2,theta is an acute angle and tan theta = sqrt(3). Write down the value of theta.,1
0607_w17_qp_23.json,1,topics in arithmetic,high,607,w,Oct/Nov,2017,2,non_calculator,3,"From this list write down the prime number.
27  39  49  51  53  55  58",1
0607_w17_qp_23.json,2,straight lines,high,607,w,Oct/Nov,2017,2,non_calculator,3,"A is the point (1, 3) and B is the point (4, 9).
Find AB.",2
0607_w17_qp_23.json,3,angles,high,607,w,Oct/Nov,2017,2,non_calculator,3,"AB = AC.
Find the value of x.",2
0607_w17_qp_23.json,4,topics in arithmetic,high,607,w,Oct/Nov,2017,2,non_calculator,3,"$144 is shared in the ratio 1 : 7.
Find the value of the smaller share.",2
0607_w17_qp_23.json,5,solving linear equations,high,607,w,Oct/Nov,2017,2,non_calculator,3,"Ciara buys 6 red pens and 4 blue pens for a total cost of $3.90 .
Blue pens cost $0.45 each.
Find the cost of one red pen.",3
0607_w17_qp_23.json,6(a),topics in arithmetic,high,607,w,Oct/Nov,2017,2,non_calculator,3,"Write each number in standard form.
58 000",1
0607_w17_qp_23.json,6(b),topics in arithmetic,high,607,w,Oct/Nov,2017,2,non_calculator,3,"Write each number in standard form.
0.00809",1
0607_w17_qp_23.json,7,angles,high,607,w,Oct/Nov,2017,2,non_calculator,3,"The interior angle of a regular polygon is 160°.
Find the number of sides of this polygon.",3
0607_w17_qp_23.json,8,solving linear equations,high,607,w,Oct/Nov,2017,2,non_calculator,3,"Solve the equation.
45 - 90 / x = 15",3
0607_w17_qp_23.json,9,simultaneous equations,high,607,w,Oct/Nov,2017,2,non_calculator,3,"The mean of two numbers is 46.
The difference between the two numbers is 12.
Find the two numbers.",2
0607_w17_qp_23.json,10,solving quadratic equations,high,607,w,Oct/Nov,2017,2,non_calculator,3,"Solve the equation.
x^2 - 5x - 24 = 0",3
0607_w17_qp_23.json,11,exponents and surds,high,607,w,Oct/Nov,2017,2,non_calculator,3,"Rationalise the denominator and simplify your answer.
32 / sqrt(8)",2
0607_w17_qp_23.json,12,mensuration,high,607,w,Oct/Nov,2017,2,non_calculator,3,"The volume of a sphere is 32/3 pi cm^3.
Find the radius of the sphere.",2
0607_w17_qp_23.json,13,straight lines,high,607,w,Oct/Nov,2017,2,non_calculator,3,"A is the point (1, 8) and B is the point (5, 0).
Find the equation of the perpendicular bisector of AB in the form y = mx + c.",4
0607_w17_qp_23.json,14,solving linear equations,high,607,w,Oct/Nov,2017,2,non_calculator,3,"Rearrange the formula to make x the subject.
A = 3x / (2x - 5)",3
0607_w17_qp_23.json,15,expanding and factorising,high,607,w,Oct/Nov,2017,2,non_calculator,3,"Factorise completely.
5x^2 - 125y^2",3
0607_w17_qp_23.json,16,probability,high,607,w,Oct/Nov,2017,2,non_calculator,3,"The probability that it rains today is 0.3 .
If it rains today, the probability that it will rain tomorrow is 0.4 .
If it does not rain today, the probability that it will rain tomorrow is 0.15 .
Find the probability that it will rain tomorrow.",3
0607_w17_qp_41.json,1(a)(i),statistics,high,607,w,Oct/Nov,2017,4,calculator,1,"Find the mode,",1
0607_w17_qp_41.json,1(a)(ii),statistics,high,607,w,Oct/Nov,2017,4,calculator,1,"Find the range,",1
0607_w17_qp_41.json,1(a)(iii),statistics,high,607,w,Oct/Nov,2017,4,calculator,1,"Find the median,",1
0607_w17_qp_41.json,1(a)(iv),statistics,high,607,w,Oct/Nov,2017,4,calculator,1,"Find the mean,",1
0607_w17_qp_41.json,1(a)(v),statistics,high,607,w,Oct/Nov,2017,4,calculator,1,Find the interquartile range.,2
0607_w17_qp_41.json,1(b),statistics,high,607,w,Oct/Nov,2017,4,calculator,1,The teacher wants to compare Stefan's scores with those of another student in the class. Explain why the mode is not the best value to use to represent Stefan's scores.,1
0607_w17_qp_41.json,2(a),topics in arithmetic,high,607,w,Oct/Nov,2017,4,calculator,1,Cherie invested $3000 in Bank A on 1st January 2016. Find how much the investment will be worth on 1st January 2019.,3
0607_w17_qp_41.json,2(b),topics in arithmetic,high,607,w,Oct/Nov,2017,4,calculator,1,Dieter invested $3000 in Bank B on 1st January 2016. Find how much the investment will be worth on 1st January 2019.,3
0607_w17_qp_41.json,2(c),topics in arithmetic,high,607,w,Oct/Nov,2017,4,calculator,1,Show that Cherie's investment will be the first to be worth $3500.,4
0607_w17_qp_41.json,3(a),sequences,high,607,w,Oct/Nov,2017,4,calculator,1,The nth term of a sequence is n^2 + 3n. Find the first four terms of this sequence.,2
0607_w17_qp_41.json,3(b)(i),sequences,high,607,w,Oct/Nov,2017,4,calculator,1,Write down the next two terms.,1
0607_w17_qp_41.json,3(b)(ii),sequences,high,607,w,Oct/Nov,2017,4,calculator,1,Find the nth term of this sequence.,2
0607_w17_qp_41.json,3(c),sequences,high,607,w,Oct/Nov,2017,4,calculator,1,"Using the sequences in part (a) and part (b), or otherwise, find the nth term of this sequence. 14, 24, 36, 50, ... Write your answer as simply as possible.",2
0607_w17_qp_41.json,4(a),statistics,high,607,w,Oct/Nov,2017,4,calculator,1,Complete the scatter diagram. The first six points have been plotted for you.,2
0607_w17_qp_41.json,4(b),statistics,high,607,w,Oct/Nov,2017,4,calculator,1,What type of correlation is shown by the scatter diagram?,1
0607_w17_qp_41.json,4(c)(i),statistics,high,607,w,Oct/Nov,2017,4,calculator,1,Find the equation of the regression line in the form t = mx + c.,2
0607_w17_qp_41.json,4(c)(ii),statistics,high,607,w,Oct/Nov,2017,4,calculator,1,Use your answer to part (c)(i) to estimate the time taken to get to school for a student who lives 2.2km from school.,1
0607_w17_qp_41.json,4(c)(iii),statistics,high,607,w,Oct/Nov,2017,4,calculator,1,Why would it not be sensible to use your answer to part (c)(i) to estimate the time taken to get to school for a student who lives 10km from school?,1
0607_w17_qp_41.json,5(a),mensuration,high,607,w,Oct/Nov,2017,4,calculator,1,"Show that the radius of the base of the cup is 2.81cm, correct to 2 decimal places.",3
0607_w17_qp_41.json,5(b),mensuration,high,607,w,Oct/Nov,2017,4,calculator,1,"Find the total area of the paper that makes the cup, including the circular base.",5
0607_w17_qp_41.json,5(c),similarity,high,607,w,Oct/Nov,2017,4,calculator,1,A mathematically similar cup holds 8 times as much liquid as this cup. Find the total area of the paper that makes the larger cup.,2
0607_w17_qp_41.json,6(a),transformations,high,607,w,Oct/Nov,2017,4,calculator,1,Describe fully the single transformation that maps triangle A onto triangle B.,2
0607_w17_qp_41.json,6(b),transformations,high,607,w,Oct/Nov,2017,4,calculator,1,"On the grid, draw the image of triangle A after a stretch with scale factor 3 and invariant line the x-axis.",2
0607_w17_qp_41.json,6(c),transformations,high,607,w,Oct/Nov,2017,4,calculator,1,Triangle A can be mapped onto triangle C by a rotation followed by a reflection. Complete the following to fully describe the two transformations. Rotation ... Reflection ...,3
0607_w17_qp_41.json,7(a),topics in arithmetic,high,607,w,Oct/Nov,2017,4,calculator,1,For the first part of the journey he drives for 2 hours 45 minutes at 70km/h. Find the distance he travels.,3
0607_w17_qp_41.json,7(b)(i),topics in arithmetic,high,607,w,Oct/Nov,2017,4,calculator,1,Find his average speed for the whole journey.,4
0607_w17_qp_41.json,7(b)(ii),topics in arithmetic,high,607,w,Oct/Nov,2017,4,calculator,1,Find the time he arrives at his destination.,2
0607_w17_qp_41.json,8(a),trigonometry,high,607,w,Oct/Nov,2017,4,calculator,1,Find the bearing of B from C.,3
0607_w17_qp_41.json,8(b),trigonometry,high,607,w,Oct/Nov,2017,4,calculator,1,"Calculate AC and show that it rounds to 104.6m, correct to 1 decimal place.",3
0607_w17_qp_41.json,8(c),trigonometry,high,607,w,Oct/Nov,2017,4,calculator,1,Calculate the total area of the two fields.,6
0607_w17_qp_41.json,8(d),trigonometry,high,607,w,Oct/Nov,2017,4,calculator,1,Maria walks in a straight line from D towards A. She stops when she is at her closest point to C. Calculate her distance from C.,2
0607_w17_qp_41.json,9(a),probability,high,607,w,Oct/Nov,2017,4,calculator,1,Complete the tree diagram.,3
0607_w17_qp_41.json,9(b)(i),probability,high,607,w,Oct/Nov,2017,4,calculator,1,"Find the probability that both balls are white,",2
0607_w17_qp_41.json,9(b)(ii),probability,high,607,w,Oct/Nov,2017,4,calculator,1,Find the probability that exactly one of the two balls is black.,3
0607_w17_qp_41.json,10(a),solving linear equations,high,607,w,Oct/Nov,2017,4,calculator,1,Make y the subject of 3x + y = 8.,1
0607_w17_qp_41.json,10(b)(i),simultaneous equations,high,607,w,Oct/Nov,2017,4,calculator,1,Use substitution to show that 10x^2 - 48x + 39 = 0.,3
0607_w17_qp_41.json,10(b)(ii),simultaneous equations,high,607,w,Oct/Nov,2017,4,calculator,1,Solve the equation 10x^2 - 48x + 39 = 0 and find the co-ordinates of the two points of intersection. Show all your working.,5
0607_w17_qp_41.json,11(a),functions,high,607,w,Oct/Nov,2017,4,calculator,1,"On the diagram, sketch the graph of y = f(x) for values of x between -6 and 6.",3
0607_w17_qp_41.json,11(b),functions,high,607,w,Oct/Nov,2017,4,calculator,1,Find the co-ordinates of the local minimum.,2
0607_w17_qp_41.json,11(c),functions,high,607,w,Oct/Nov,2017,4,calculator,1,Find the equations of the two asymptotes that are parallel to the y-axis.,2
0607_w17_qp_41.json,11(d)(i),functions,high,607,w,Oct/Nov,2017,4,calculator,1,Solve f(x) = g(x),3
0607_w17_qp_41.json,11(d)(ii),inequalities,high,607,w,Oct/Nov,2017,4,calculator,1,Solve f(x) > g(x),3
0607_w17_qp_41.json,12(a),functions,high,607,w,Oct/Nov,2017,4,calculator,1,Solve f(x) = 11.,2
0607_w17_qp_41.json,12(b),functions,high,607,w,Oct/Nov,2017,4,calculator,1,Find f^-1(x).,2
0607_w17_qp_41.json,12(c),functions,high,607,w,Oct/Nov,2017,4,calculator,1,Solve f(x) * g(x) = 0.,2
0607_w17_qp_41.json,12(d)(i),functions,high,607,w,Oct/Nov,2017,4,calculator,1,Simplify g^-1(g(x)),1
0607_w17_qp_41.json,12(d)(ii),functions,high,607,w,Oct/Nov,2017,4,calculator,1,Simplify f(f(x)) + g(x),3
0607_w17_qp_41.json,12(d)(iii),functions,high,607,w,Oct/Nov,2017,4,calculator,1,Simplify 2 / f(x) + 4 / g(x),3
0607_w17_qp_41.json,13(a)(i),vectors,high,607,w,Oct/Nov,2017,4,calculator,1,Find AC in terms of a and/or c. Give each answer in its simplest form.,1
0607_w17_qp_41.json,13(a)(ii),vectors,high,607,w,Oct/Nov,2017,4,calculator,1,Find OP in terms of a and/or c. Give each answer in its simplest form.,2
0607_w17_qp_41.json,13(a)(iii),vectors,high,607,w,Oct/Nov,2017,4,calculator,1,Find CQ in terms of a and/or c. Give each answer in its simplest form.,2
0607_w17_qp_41.json,13(b),vectors,high,607,w,Oct/Nov,2017,4,calculator,1,"Use your answer to part(a)(iii) to complete the statement. The points C, B and Q are ...",1
0607_w17_qp_42.json,1(a)(i),sequences,high,607,w,Oct/Nov,2017,4,calculator,2,Write down the next two terms.,2
0607_w17_qp_42.json,1(a)(ii),sequences,high,607,w,Oct/Nov,2017,4,calculator,2,Find the nth term.,2
0607_w17_qp_42.json,1(b)(i),sequences,high,607,w,Oct/Nov,2017,4,calculator,2,Write down the next two terms.,2
0607_w17_qp_42.json,1(b)(ii),sequences,high,607,w,Oct/Nov,2017,4,calculator,2,Find the nth term.,2
0607_w17_qp_42.json,2(a)(i),topics in arithmetic,high,607,w,Oct/Nov,2017,4,calculator,2,Calculate how much Jake pays for the jacket.,2
0607_w17_qp_42.json,2(a)(ii),topics in arithmetic,high,607,w,Oct/Nov,2017,4,calculator,2,Work out $24.75 as a fraction of the total amount of money Jake had before he bought the jacket. Give your answer in its lowest terms.,2
0607_w17_qp_42.json,2(b),topics in arithmetic,high,607,w,Oct/Nov,2017,4,calculator,2,Calculate the original price of the coat.,3
0607_w17_qp_42.json,2(c),topics in arithmetic,high,607,w,Oct/Nov,2017,4,calculator,2,Calculate the overall percentage reduction of the original prices.,2
0607_w17_qp_42.json,3(a)(i),transformations,high,607,w,Oct/Nov,2017,4,calculator,2,Reflect shape P in the line y = 1. Label the image A.,2
0607_w17_qp_42.json,3(a)(ii),transformations,high,607,w,Oct/Nov,2017,4,calculator,2,"Rotate shape P through 90° clockwise about (-1, 1). Label the image B.",2
0607_w17_qp_42.json,3(a)(iii),transformations,high,607,w,Oct/Nov,2017,4,calculator,2,Describe fully the single transformation that maps shape A onto shape B.,2
0607_w17_qp_42.json,3(b),transformations,high,607,w,Oct/Nov,2017,4,calculator,2,Describe fully the single transformation that maps shape P onto shape Q.,3
0607_w17_qp_42.json,3(c),transformations,high,607,w,Oct/Nov,2017,4,calculator,2,Stretch shape P with the x-axis invariant and factor 2.,2
0607_w17_qp_42.json,4(a),functions,high,607,w,Oct/Nov,2017,4,calculator,2,"On the diagram, sketch the graph of y = f(x) for values of x from -3 to 4.",3
0607_w17_qp_42.json,4(b),functions,high,607,w,Oct/Nov,2017,4,calculator,2,Find the two values of x for which f(x) does not exist.,2
0607_w17_qp_42.json,4(c),functions,high,607,w,Oct/Nov,2017,4,calculator,2,"When k != 0, write down the number of solutions to the equation f(x) = k.",1
0607_w17_qp_42.json,4(d)(i),functions,high,607,w,Oct/Nov,2017,4,calculator,2,"On the diagram, sketch the graph of y = g(x) for -2 <= x <= 4.",2
0607_w17_qp_42.json,4(d)(ii),functions,high,607,w,Oct/Nov,2017,4,calculator,2,Write down the equation of the asymptote to the graph of y = g(x).,1
0607_w17_qp_42.json,4(e),functions,high,607,w,Oct/Nov,2017,4,calculator,2,Solve the equation f(x) = g(x).,2
0607_w17_qp_42.json,5(a),topics in arithmetic,high,607,w,Oct/Nov,2017,4,calculator,2,Calculate the value of the car at the start of 2018. Give your answer correct to the nearest $100.,4
0607_w17_qp_42.json,5(b),topics in arithmetic,high,607,w,Oct/Nov,2017,4,calculator,2,Find the value of r.,3
0607_w17_qp_42.json,6(a)(i),statistics,high,607,w,Oct/Nov,2017,4,calculator,2,Write down the modal interval.,1
0607_w17_qp_42.json,6(a)(ii),statistics,high,607,w,Oct/Nov,2017,4,calculator,2,Complete the cumulative frequency curve.,4
0607_w17_qp_42.json,6(a)(iii)(a),statistics,high,607,w,Oct/Nov,2017,4,calculator,2,"Use your curve to find the median,",1
0607_w17_qp_42.json,6(a)(iii)(b),statistics,high,607,w,Oct/Nov,2017,4,calculator,2,the number of batteries with a lifetime greater than 65 hours.,2
0607_w17_qp_42.json,6(b)(i),statistics,high,607,w,Oct/Nov,2017,4,calculator,2,Calculate an estimate of the mean.,2
0607_w17_qp_42.json,6(b)(ii),statistics,high,607,w,Oct/Nov,2017,4,calculator,2,Complete the table to show the frequency densities.,2
0607_w17_qp_42.json,6(b)(iii),statistics,high,607,w,Oct/Nov,2017,4,calculator,2,Complete the histogram.,3
0607_w17_qp_42.json,7(a),mensuration,high,607,w,Oct/Nov,2017,4,calculator,2,Write an equation and solve it to find the value of x.,3
0607_w17_qp_42.json,7(b)(i),expanding and factorising,high,607,w,Oct/Nov,2017,4,calculator,2,Show that x^3 - 8x^2 + 8x = 0.,3
0607_w17_qp_42.json,7(b)(ii),functions,high,607,w,Oct/Nov,2017,4,calculator,2,"On the diagram, sketch the graph of y = x^3 - 8x^2 + 8x for 0 <= x <= 7.5.",2
0607_w17_qp_42.json,7(b)(iii),mensuration,high,607,w,Oct/Nov,2017,4,calculator,2,Find the volume of the cuboid.,2
0607_w17_qp_42.json,8(a)(i),probability,high,607,w,Oct/Nov,2017,4,calculator,2,"Find the probability that the number is 3,",1
0607_w17_qp_42.json,8(a)(ii),probability,high,607,w,Oct/Nov,2017,4,calculator,2,"not 3,",1
0607_w17_qp_42.json,8(a)(iii),probability,high,607,w,Oct/Nov,2017,4,calculator,2,an odd number.,1
0607_w17_qp_42.json,8(b)(i),probability,high,607,w,Oct/Nov,2017,4,calculator,2,"Find the probability that both numbers are 0,",2
0607_w17_qp_42.json,8(b)(ii),probability,high,607,w,Oct/Nov,2017,4,calculator,2,one number is 2 and the other is 3.,3
0607_w17_qp_42.json,8(c),probability,high,607,w,Oct/Nov,2017,4,calculator,2,Find the probability that the total is not 0.,2
0607_w17_qp_42.json,9(a)(i),straight lines,high,607,w,Oct/Nov,2017,4,calculator,2,"Find the equation of the line that passes through the points (1, 2) and (3, 12). Give your answer in the form y = mx + c.",3
0607_w17_qp_42.json,9(a)(ii),straight lines,high,607,w,Oct/Nov,2017,4,calculator,2,"Find the equation of the line that passes through the point (0, 2) and is perpendicular to the line in part (a)(i).",2
0607_w17_qp_42.json,9(b)(i),solving quadratic equations,high,607,w,Oct/Nov,2017,4,calculator,2,Solve the equation 3x^2 + 4x - 4 = 0. You must show all your working.,3
0607_w17_qp_42.json,9(b)(ii),inequalities,high,607,w,Oct/Nov,2017,4,calculator,2,Solve the inequality 3x^2 + 4x - 4 < 0.,2
0607_w17_qp_42.json,9(c),expanding and factorising,high,607,w,Oct/Nov,2017,4,calculator,2,"Find the values of a, b and c.",3
0607_w17_qp_42.json,10(a)(i),angles,high,607,w,Oct/Nov,2017,4,calculator,2,"Find the bearing of C from A,",1
0607_w17_qp_42.json,10(a)(ii),angles,high,607,w,Oct/Nov,2017,4,calculator,2,A from C.,2
0607_w17_qp_42.json,10(b),trigonometry,high,607,w,Oct/Nov,2017,4,calculator,2,Calculate the length of CD.,3
0607_w17_qp_42.json,10(c),trigonometry,high,607,w,Oct/Nov,2017,4,calculator,2,Calculate angle BAC.,3
0607_w17_qp_42.json,10(d)(i),mensuration,high,607,w,Oct/Nov,2017,4,calculator,2,Calculate the area of the school playing field.,4
0607_w17_qp_42.json,10(d)(ii),mensuration,high,607,w,Oct/Nov,2017,4,calculator,2,Calculate the area of the school playing field on the plan. Give your answer in cm^2.,3
0607_w17_qp_42.json,11(a)(i),functions,high,607,w,Oct/Nov,2017,4,calculator,2,Find the value of f(4.5).,1
0607_w17_qp_42.json,11(a)(ii),functions,high,607,w,Oct/Nov,2017,4,calculator,2,Find the value of h(f(4.5)).,1
0607_w17_qp_42.json,11(b),functions,high,607,w,Oct/Nov,2017,4,calculator,2,Find f^-1(x).,2
0607_w17_qp_42.json,11(c),functions,high,607,w,Oct/Nov,2017,4,calculator,2,Find g(f(x)) in the form ax^2 + bx + c.,3
0607_w17_qp_42.json,11(d),transformations,high,607,w,Oct/Nov,2017,4,calculator,2,Find the single transformation that maps the graph of y = g(x) onto the graph of y = p(x).,2
0607_w17_qp_42.json,11(e),functions,high,607,w,Oct/Nov,2017,4,calculator,2,Solve the equation h^-1(x) = 1000.,1
0607_w17_qp_43.json,1(a)(i),functions,high,607,w,Oct/Nov,2017,4,calculator,3,Find f(4),1
0607_w17_qp_43.json,1(a)(ii),functions,high,607,w,Oct/Nov,2017,4,calculator,3,Find gf(4),1
0607_w17_qp_43.json,1(b),functions,high,607,w,Oct/Nov,2017,4,calculator,3,Find g(g(5)),2
0607_w17_qp_43.json,1(c),functions,high,607,w,Oct/Nov,2017,4,calculator,3,Solve f(h(x)) = 10,3
0607_w17_qp_43.json,1(d),functions,high,607,w,Oct/Nov,2017,4,calculator,3,Find g(h(f(x))) in terms of x,2
0607_w17_qp_43.json,2(a),topics in arithmetic,high,607,w,Oct/Nov,2017,4,calculator,3,"The total amount of money they earn is shared in the ratio of the time each person works. One day Alan works for 2 hours 40 minutes, Brendan works for 5.5 hours and Cieran works for 200 minutes. They earn, in total, $379.50. By changing all the times into minutes, find the amount of money each person earns.",5
0607_w17_qp_43.json,2(b)(i),topics in arithmetic,high,607,w,Oct/Nov,2017,4,calculator,3,"Alan needs to buy some gardening tools. In shop A, the price of the tools is $70.20. In shop B, the price of the tools is 5% less than in shop A. Find the price of the tools in shop B.",2
0607_w17_qp_43.json,2(b)(ii),topics in arithmetic,high,607,w,Oct/Nov,2017,4,calculator,3,The price of $70.20 is 8% higher than it was last year. Find the price last year.,3
0607_w17_qp_43.json,2(c)(i),topics in arithmetic,high,607,w,Oct/Nov,2017,4,calculator,3,Brendan invests $450 for 5 years at a rate of 3.5% per year simple interest. Show that the total value of this investment after 5 years is $528.75.,2
0607_w17_qp_43.json,2(c)(ii),topics in arithmetic,high,607,w,Oct/Nov,2017,4,calculator,3,Cieran invests $450 for 5 years at a rate of x% compound interest. The value of Cieran's investment after 5 years is $530.60. Find the value of x.,3
0607_w17_qp_43.json,3(a)(i),statistics,high,607,w,Oct/Nov,2017,4,calculator,3,Complete the scatter diagram. The first eight points have been plotted for you.,2
0607_w17_qp_43.json,3(a)(ii),statistics,high,607,w,Oct/Nov,2017,4,calculator,3,What type of correlation is shown by the scatter diagram?,1
0607_w17_qp_43.json,3(b)(i),statistics,high,607,w,Oct/Nov,2017,4,calculator,3,Find the mean number of hours of sunshine.,1
0607_w17_qp_43.json,3(b)(ii),statistics,high,607,w,Oct/Nov,2017,4,calculator,3,Find the mean rainfall.,1
0607_w17_qp_43.json,3(c)(i),statistics,high,607,w,Oct/Nov,2017,4,calculator,3,Find the equation of the regression line for y in terms of x.,2
0607_w17_qp_43.json,3(c)(ii),statistics,high,607,w,Oct/Nov,2017,4,calculator,3,Estimate the rainfall when the number of hours of sunshine is 7.7.,1
0607_w17_qp_43.json,4(a),statistics,high,607,w,Oct/Nov,2017,4,calculator,3,Calculate an estimate of the mean mass of a peach. Give your answer correct to the nearest gram.,3
0607_w17_qp_43.json,4(b),probability,high,607,w,Oct/Nov,2017,4,calculator,3,Two peaches are chosen at random. Find the probability that they both have a mass of more than 210 g. Give your answer as a fraction in its simplest form.,3
0607_w17_qp_43.json,4(c)(i),statistics,high,607,w,Oct/Nov,2017,4,calculator,3,Complete the frequency density column in this table.,2
0607_w17_qp_43.json,4(c)(ii),statistics,high,607,w,Oct/Nov,2017,4,calculator,3,"On the grid, draw an accurate histogram to show this information.",4
0607_w17_qp_43.json,5(a)(i),vectors,high,607,w,Oct/Nov,2017,4,calculator,3,"Find an expression, in terms of p and/or q, for BC",1
0607_w17_qp_43.json,5(a)(ii),vectors,high,607,w,Oct/Nov,2017,4,calculator,3,"Find an expression, in terms of p and/or q, for DE",2
0607_w17_qp_43.json,5(a)(iii),vectors,high,607,w,Oct/Nov,2017,4,calculator,3,"Find an expression, in terms of p and/or q, for FC",1
0607_w17_qp_43.json,5(a)(iv),vectors,high,607,w,Oct/Nov,2017,4,calculator,3,"Find an expression, in terms of p and/or q, for BE",2
0607_w17_qp_43.json,5(b)(i),similarity,high,607,w,Oct/Nov,2017,4,calculator,3,The area of triangle ADE is 24 units^2. Find the area of triangle ABC.,2
0607_w17_qp_43.json,5(b)(ii),similarity,high,607,w,Oct/Nov,2017,4,calculator,3,Find the area of triangle EFC.,3
0607_w17_qp_43.json,6(a),mensuration,high,607,w,Oct/Nov,2017,4,calculator,3,Find the volume of the pyramid. Give the units of your answer.,3
0607_w17_qp_43.json,6(b),Pythagoras,high,607,w,Oct/Nov,2017,4,calculator,3,Find the length AC.,2
0607_w17_qp_43.json,6(c),Pythagoras,high,607,w,Oct/Nov,2017,4,calculator,3,Find the length DV.,3
0607_w17_qp_43.json,6(d),trigonometry,high,607,w,Oct/Nov,2017,4,calculator,3,Find angle VDP.,2
0607_w17_qp_43.json,6(e)(i),Pythagoras,high,607,w,Oct/Nov,2017,4,calculator,3,X is the midpoint of the side CD. Find the length VX.,3
0607_w17_qp_43.json,6(e)(ii),trigonometry,high,607,w,Oct/Nov,2017,4,calculator,3,Find angle VXP.,2
0607_w17_qp_43.json,6(f),similarity,high,607,w,Oct/Nov,2017,4,calculator,3,The pyramid is cut parallel to ABCD to form a smaller pyramid VEFGH. The volume of VEFGH is 24 cm^3. Find the vertical height of this pyramid.,3
0607_w17_qp_43.json,7(a),mensuration,high,607,w,Oct/Nov,2017,4,calculator,3,Find the volume of metal used to make the hemisphere.,3
0607_w17_qp_43.json,7(b),mensuration,high,607,w,Oct/Nov,2017,4,calculator,3,Find the total surface area of the hemisphere.,5
0607_w17_qp_43.json,8(a),transformations,high,607,w,Oct/Nov,2017,4,calculator,3,"Find the image of the point (5, 1) under the transformation P.",2
0607_w17_qp_43.json,8(b),transformations,high,607,w,Oct/Nov,2017,4,calculator,3,"Find the image of the point (5, 1) under the transformation Q.",2
0607_w17_qp_43.json,8(c),transformations,high,607,w,Oct/Nov,2017,4,calculator,3,Describe fully the single transformation equivalent to the transformation P followed by the transformation Q.,2
0607_w17_qp_43.json,9(a)(i),functions,high,607,w,Oct/Nov,2017,4,calculator,3,"On the diagram, sketch the graph of y = f(x).",2
0607_w17_qp_43.json,9(a)(ii),functions,high,607,w,Oct/Nov,2017,4,calculator,3,Write down the co-ordinates of the points where the graph crosses the axes.,2
0607_w17_qp_43.json,9(a)(iii),functions,high,607,w,Oct/Nov,2017,4,calculator,3,Solve f(x) = 1.,1
0607_w17_qp_43.json,9(b)(i),functions,high,607,w,Oct/Nov,2017,4,calculator,3,"On the same diagram, sketch the graph of y = g(x), for 0 < x <= 4.",2
0607_w17_qp_43.json,9(b)(ii),functions,high,607,w,Oct/Nov,2017,4,calculator,3,Write down the co-ordinates of the minimum point of g(x).,2
0607_w17_qp_43.json,9(b)(iii),functions,high,607,w,Oct/Nov,2017,4,calculator,3,Solve the equation f(x) = g(x).,2
0607_w17_qp_43.json,9(b)(iv),functions,high,607,w,Oct/Nov,2017,4,calculator,3,Solve the equation f(x - 1) = g(x - 1).,2
0607_w17_qp_43.json,10(a),solving quadratic equations,high,607,w,Oct/Nov,2017,4,calculator,3,Solve the equation 4x^2 = 12 - 3x. Give your answers correct to 2 decimal places. You must show all your working.,4
0607_w17_qp_43.json,10(b),inequalities,high,607,w,Oct/Nov,2017,4,calculator,3,Solve the inequality 4x^2 > 12 - 3x.,2
0607_w17_qp_43.json,10(c),inequalities,high,607,w,Oct/Nov,2017,4,calculator,3,Solve the inequality 4x^2 + 5 <= 12 - 3x.,4
0607_w17_qp_43.json,11(a),simultaneous equations,high,607,w,Oct/Nov,2017,4,calculator,3,"Solve the simultaneous equations. You must show all your working. 3x - 2y = 11, 4x - 5y = 10",4
0607_w17_qp_43.json,11(b),simultaneous equations,high,607,w,Oct/Nov,2017,4,calculator,3,"Use your answers to part (a) to solve the simultaneous equations. 3a - 2b = 22, 4a - 5b = 20",2
0607_w17_qp_43.json,11(c)(i),simultaneous equations,high,607,w,Oct/Nov,2017,4,calculator,3,"Use your answers to part (a) to find the exact answers to these simultaneous equations. 3 * 10^p - 2 * 10^q = 11, 4 * 10^p - 5 * 10^q = 10",3
0607_w17_qp_43.json,11(c)(ii),logarithms,high,607,w,Oct/Nov,2017,4,calculator,3,Find the value of p + q.,1
0607_w18_qp_21.json,1,topics in arithmetic,high,607,w,Oct/Nov,2018,2,non_calculator,1,Work out. -7 × -5,1
0607_w18_qp_21.json,2,angles,high,607,w,Oct/Nov,2018,2,non_calculator,1,Find the value of x.,1
0607_w18_qp_21.json,3,probability,high,607,w,Oct/Nov,2018,2,non_calculator,1,"A bag contains 8 blue balls, 3 red balls and 4 green balls only. One ball is chosen at random. Find the probability that this ball is red. Give your answer as a fraction in its simplest form.",2
0607_w18_qp_21.json,4,exponents and surds,high,607,w,Oct/Nov,2018,2,non_calculator,1,Write 3^-2 as a fraction.,1
0607_w18_qp_21.json,5,solving linear equations,high,607,w,Oct/Nov,2018,2,non_calculator,1,Solve. 6x - 5 = 19,2
0607_w18_qp_21.json,6,topics in arithmetic,high,607,w,Oct/Nov,2018,2,non_calculator,1,Find the lowest common multiple (LCM) of 12 and 15.,2
0607_w18_qp_21.json,7,angles,high,607,w,Oct/Nov,2018,2,non_calculator,1,Find the size of one exterior angle of a regular octagon.,2
0607_w18_qp_21.json,8,Pythagoras,high,607,w,Oct/Nov,2018,2,non_calculator,1,"The point A has co-ordinates (1, 9). The point B has co-ordinates (4, 5). Find the length of AB.",2
0607_w18_qp_21.json,9,exponents and surds,high,607,w,Oct/Nov,2018,2,non_calculator,1,Simplify. (5x^4 y^3)^2,2
0607_w18_qp_21.json,10,inequalities,high,607,w,Oct/Nov,2018,2,non_calculator,1,List the integer values of x for which -4 ≤ 2x < 6.,2
0607_w18_qp_21.json,11,exponents and surds,high,607,w,Oct/Nov,2018,2,non_calculator,1,Simplify. √32 - √72 + √50,2
0607_w18_qp_21.json,12,sequences,high,607,w,Oct/Nov,2018,2,non_calculator,1,"Find the next term and an expression for the nth term of the following sequence. -9, -3, 7, 21, 39, …",3
0607_w18_qp_21.json,13,angles,high,607,w,Oct/Nov,2018,2,non_calculator,1,The bearing of point B from point A is 234°. Work out the bearing of point A from point B.,2
0607_w18_qp_21.json,14,simultaneous equations,high,607,w,Oct/Nov,2018,2,non_calculator,1,"Solve the simultaneous equations. 3x + 2y = 4, 2x - 3y = 7",4
0607_w18_qp_21.json,15,expanding and factorising,high,607,w,Oct/Nov,2018,2,non_calculator,1,Factorise. 4x^2 - 7x - 2,2
0607_w18_qp_21.json,16,probability,high,607,w,Oct/Nov,2018,2,non_calculator,1,A bag contains 4 red balls and 5 blue balls only. Two balls are chosen at random without replacement. Find the probability that the two balls chosen are different colours.,3
0607_w18_qp_21.json,17,exponents and surds,high,607,w,Oct/Nov,2018,2,non_calculator,1,"Rationalise the denominator, giving your answer in its simplest form. (5 + √3) / (5 - √3)",3
0607_w18_qp_21.json,18,mensuration,high,607,w,Oct/Nov,2018,2,non_calculator,1,"The surface area of a sphere with radius r is equal to the curved surface area of a cone with radius r and height h. Show that h = r√[k], where k is a constant.",4
0607_w18_qp_22.json,1(a),topics in arithmetic,high,607,w,Oct/Nov,2018,2,non_calculator,2,Write 49059300 correct to 3 significant figures.,1
0607_w18_qp_22.json,1(b),topics in arithmetic,high,607,w,Oct/Nov,2018,2,non_calculator,2,Write your answer to part (a) in standard form.,1
0607_w18_qp_22.json,2,exponents and surds,high,607,w,Oct/Nov,2018,2,non_calculator,2,Find 3(3/8)^(1/3),2
0607_w18_qp_22.json,3,transformations,medium,607,w,Oct/Nov,2018,2,non_calculator,2,Shade two small squares so that the shape has exactly one line of symmetry.,1
0607_w18_qp_22.json,4(a),vectors,high,607,w,Oct/Nov,2018,2,non_calculator,2,Find the column vector 3p.,1
0607_w18_qp_22.json,4(b),vectors,high,607,w,Oct/Nov,2018,2,non_calculator,2,"Find |p|, giving your answer in surd form.",2
0607_w18_qp_22.json,5(a),functions,high,607,w,Oct/Nov,2018,2,non_calculator,2,Find f(2).,1
0607_w18_qp_22.json,5(b),functions,high,607,w,Oct/Nov,2018,2,non_calculator,2,Write down the range of f(x).,1
0607_w18_qp_22.json,6,inequalities,high,607,w,Oct/Nov,2018,2,non_calculator,2,"On the grid, show clearly the single region defined by these three inequalities: 2x + 3y <= 6, x >= -3, y <= -1",3
0607_w18_qp_22.json,7(a),expanding and factorising,high,607,w,Oct/Nov,2018,2,non_calculator,2,Factorise 64x^2 - 1.,1
0607_w18_qp_22.json,7(b),expanding and factorising,high,607,w,Oct/Nov,2018,2,non_calculator,2,Factorise 2y^2 - y - 6.,2
0607_w18_qp_22.json,8(a),angles,high,607,w,Oct/Nov,2018,2,non_calculator,2,Find the value of p.,1
0607_w18_qp_22.json,8(b),angles,high,607,w,Oct/Nov,2018,2,non_calculator,2,Find the value of q.,1
0607_w18_qp_22.json,9,statistics,high,607,w,Oct/Nov,2018,2,non_calculator,2,Complete the compound bar chart to show these results as percentages.,3
0607_w18_qp_22.json,10,inequalities,high,607,w,Oct/Nov,2018,2,non_calculator,2,Solve 4x + 9 <= 3(2x - 1).,3
0607_w18_qp_22.json,11,functions,high,607,w,Oct/Nov,2018,2,non_calculator,2,Write the letter of the graph which shows each of these functions.,4
0607_w18_qp_22.json,12(a),circle theorems,high,607,w,Oct/Nov,2018,2,non_calculator,2,Find Angle DAC,2
0607_w18_qp_22.json,12(b),circle theorems,high,607,w,Oct/Nov,2018,2,non_calculator,2,Find Angle ABC,1
0607_w18_qp_22.json,12(c),circle theorems,high,607,w,Oct/Nov,2018,2,non_calculator,2,Find Angle ACQ,2
0607_w18_qp_22.json,13,exponents and surds,high,607,w,Oct/Nov,2018,2,non_calculator,2,Simplify (5 + 2sqrt(3))^2,3
0607_w18_qp_22.json,14(a),logarithms,high,607,w,Oct/Nov,2018,2,non_calculator,2,Find the value of n when log 5 + log 3 - log 2 = log n.,1
0607_w18_qp_22.json,14(b),logarithms,high,607,w,Oct/Nov,2018,2,non_calculator,2,Find log_3(3^(1.4)).,1
0607_w18_qp_22.json,15(a),functions,high,607,w,Oct/Nov,2018,2,non_calculator,2,Write down the amplitude of the graph of f(x).,1
0607_w18_qp_22.json,15(b),functions,high,607,w,Oct/Nov,2018,2,non_calculator,2,"The graph of y = f(x) goes through the points (75, 1.5) and (a, 1.5). Find a possible value of a, greater than 75.",1
0607_w18_qp_23.json,1(a),solving linear equations,high,607,w,Oct/Nov,2018,2,non_calculator,3,"Find y when m = 1/2, x = -2 and c = 4.",2
0607_w18_qp_23.json,1(b),solving linear equations,high,607,w,Oct/Nov,2018,2,non_calculator,3,"Rearrange the formula to write m in terms of x, y and c.",2
0607_w18_qp_23.json,2,solving linear equations,high,607,w,Oct/Nov,2018,2,non_calculator,3,Solve. 6 - 2t = -12,2
0607_w18_qp_23.json,3,inequalities,high,607,w,Oct/Nov,2018,2,non_calculator,3,Write down the inequality shown above.,1
0607_w18_qp_23.json,4(a),topics in arithmetic,high,607,w,Oct/Nov,2018,2,non_calculator,3,"Danny stands to watch a train go past. The train has a length of 120m and takes 3 seconds to pass. Find the speed of the train in m/s,",1
0607_w18_qp_23.json,4(b),topics in arithmetic,high,607,w,Oct/Nov,2018,2,non_calculator,3,Danny stands to watch a train go past. The train has a length of 120m and takes 3 seconds to pass. Find the speed of the train in km/h.,2
0607_w18_qp_23.json,5,topics in arithmetic,high,607,w,Oct/Nov,2018,2,non_calculator,3,Work out 5/6 / 15/16. Give your answer in its lowest terms.,2
0607_w18_qp_23.json,6(a),exponents and surds,high,607,w,Oct/Nov,2018,2,non_calculator,3,Simplify sqrt(98).,1
0607_w18_qp_23.json,6(b),exponents and surds,high,607,w,Oct/Nov,2018,2,non_calculator,3,Rationalise the denominator. 1 / (3 - sqrt(5)),2
0607_w18_qp_23.json,7,simultaneous equations,high,607,w,Oct/Nov,2018,2,non_calculator,3,"Solve the simultaneous equations. 3t - u = -5, 3t + 2u = 1",2
0607_w18_qp_23.json,8(a),exponents and surds,high,607,w,Oct/Nov,2018,2,non_calculator,3,Simplify. 12v^12 * 3v^3,2
0607_w18_qp_23.json,8(b),exponents and surds,high,607,w,Oct/Nov,2018,2,non_calculator,3,Simplify. (100x^100)^(3/2),2
0607_w18_qp_23.json,9(a),transformations,high,607,w,Oct/Nov,2018,2,non_calculator,3,"For the diagram, write down the number of lines of symmetry,",1
0607_w18_qp_23.json,9(b),transformations,high,607,w,Oct/Nov,2018,2,non_calculator,3,"For the diagram, write down the order of rotational symmetry.",1
0607_w18_qp_23.json,10,mensuration,high,607,w,Oct/Nov,2018,2,non_calculator,3,The volume of a sphere is 36̂͠ cubic centimetres. Find the radius of the sphere.,2
0607_w18_qp_23.json,11(a),circle theorems,high,607,w,Oct/Nov,2018,2,non_calculator,3,"T, U and V lie on a circle, centre O. PQ is a tangent to the circle at T. TU is a diameter. Find the value of x and the value of y.",2
0607_w18_qp_23.json,11(b),circle theorems,high,607,w,Oct/Nov,2018,2,non_calculator,3,ABCD is a cyclic quadrilateral. Find the value of p and the value of q.,2
0607_w18_qp_23.json,12,trigonometry,high,607,w,Oct/Nov,2018,2,non_calculator,3,sin ̀̀ = -1/sqrt(2) and 0 <= ̀̀ <= 360. Find the two values of ̀̀.,2
0607_w18_qp_23.json,13,straight lines,high,607,w,Oct/Nov,2018,2,non_calculator,3,"Find the equation of the straight line perpendicular to the line y = 2x + 1 that passes through the point (2, 5). Give your answer in the form y = mx + c.",3
0607_w18_qp_23.json,14,similarity,high,607,w,Oct/Nov,2018,2,non_calculator,3,The two solids are mathematically similar. The larger solid has a volume of 64cm^3. The smaller solid has a volume of 8cm^3 and a height of 5cm. Work out the height of the larger solid.,3
0607_w18_qp_23.json,15,expanding and factorising,high,607,w,Oct/Nov,2018,2,non_calculator,3,Write as a single fraction in its simplest form. 7 / (x - 1) - 5 / (2x + 3),3
0607_w18_qp_41.json,1(a)(i),solving linear equations,high,607,w,Oct/Nov,2018,4,calculator,1,"Solve the following equations.
12 - x = 4",1
0607_w18_qp_41.json,1(a)(ii),solving linear equations,high,607,w,Oct/Nov,2018,4,calculator,1,"Solve the following equations.
9x - 4 = 6x + 8",2
0607_w18_qp_41.json,1(a)(iii),solving linear equations,high,607,w,Oct/Nov,2018,4,calculator,1,"Solve the following equations.
12 / x + 5 = 9",2
0607_w18_qp_41.json,1(b)(i),solving quadratic equations,high,607,w,Oct/Nov,2018,4,calculator,1,Solve 6x^2 - 5x + 1 = 0.,3
0607_w18_qp_41.json,1(b)(ii),solving quadratic equations,high,607,w,Oct/Nov,2018,4,calculator,1,Use your answer to part (b)(i) to solve 6 sin^2 x - 5 sin x + 1 = 0 for 0° <= x <= 90°.,3
0607_w18_qp_41.json,2(a),statistics,high,607,w,Oct/Nov,2018,4,calculator,1,Write down the mode.,1
0607_w18_qp_41.json,2(b),statistics,high,607,w,Oct/Nov,2018,4,calculator,1,Find the range.,1
0607_w18_qp_41.json,2(c),statistics,high,607,w,Oct/Nov,2018,4,calculator,1,Find the median.,1
0607_w18_qp_41.json,2(d),statistics,high,607,w,Oct/Nov,2018,4,calculator,1,Find the inter-quartile range.,2
0607_w18_qp_41.json,2(e),statistics,high,607,w,Oct/Nov,2018,4,calculator,1,Calculate an estimate of the mean.,2
0607_w18_qp_41.json,2(f),statistics,high,607,w,Oct/Nov,2018,4,calculator,1,Give a reason why your answer to part (e) is an estimate.,1
0607_w18_qp_41.json,2(g),probability,high,607,w,Oct/Nov,2018,4,calculator,1,Two of these students are chosen at random. Find the probability that the highest mark of these students is 2.,3
0607_w18_qp_41.json,3(a),functions,high,607,w,Oct/Nov,2018,4,calculator,1,"On the diagram sketch the graph of y = f(x), for -90 <= x <= 90 where f(x) = 1 - 2 sin(2x - 10)°.",3
0607_w18_qp_41.json,3(b),functions,high,607,w,Oct/Nov,2018,4,calculator,1,Write down the co-ordinates of the x-intercepts.,2
0607_w18_qp_41.json,3(c),functions,high,607,w,Oct/Nov,2018,4,calculator,1,Write down the co-ordinates of the local maximum.,1
0607_w18_qp_41.json,3(d),functions,high,607,w,Oct/Nov,2018,4,calculator,1,The graph of y = -x / 60 intersects the graph of y = 1 - 2 sin(2x - 10)° three times. Find the value of the x co-ordinate at each point of intersection.,3
0607_w18_qp_41.json,4(a)(i),straight lines,high,607,w,Oct/Nov,2018,4,calculator,1,ABCD is a rectangle. The equation of the line AB is 4x + 3y = 24. Find the co-ordinates of point A.,1
0607_w18_qp_41.json,4(a)(ii),straight lines,high,607,w,Oct/Nov,2018,4,calculator,1,ABCD is a rectangle. The equation of the line AB is 4x + 3y = 24. Find the co-ordinates of point B.,1
0607_w18_qp_41.json,4(a)(iii),straight lines,high,607,w,Oct/Nov,2018,4,calculator,1,ABCD is a rectangle. The equation of the line AB is 4x + 3y = 24. Find the co-ordinates of the midpoint of AB.,2
0607_w18_qp_41.json,4(b),straight lines,high,607,w,Oct/Nov,2018,4,calculator,1,Rearrange the equation 4x + 3y = 24 to make y the subject.,2
0607_w18_qp_41.json,4(c),straight lines,high,607,w,Oct/Nov,2018,4,calculator,1,Find the equation of the line BC. Give your answer in the form y = mx + c.,3
0607_w18_qp_41.json,4(d)(i),straight lines,high,607,w,Oct/Nov,2018,4,calculator,1,Find the co-ordinates of point C.,1
0607_w18_qp_41.json,4(d)(ii),straight lines,high,607,w,Oct/Nov,2018,4,calculator,1,Find the co-ordinates of point D.,3
0607_w18_qp_41.json,5(a)(i),topics in arithmetic,high,607,w,Oct/Nov,2018,4,calculator,1,The number of fish in a lake decreases by 4% each year. In January 2018 there are 30000 fish in the lake. Calculate the number of fish in the lake in January 2019.,2
0607_w18_qp_41.json,5(a)(ii),topics in arithmetic,high,607,w,Oct/Nov,2018,4,calculator,1,The number of fish in a lake decreases by 4% each year. In January 2018 there are 30000 fish in the lake. Calculate the number of fish in the lake in January 2029.,3
0607_w18_qp_41.json,5(a)(iii),topics in arithmetic,high,607,w,Oct/Nov,2018,4,calculator,1,The number of fish in a lake decreases by 4% each year. In January 2018 there are 30000 fish in the lake. Calculate the number of fish in the lake in January 2017.,3
0607_w18_qp_41.json,5(b),logarithms,high,607,w,Oct/Nov,2018,4,calculator,1,Find the last year in which there were at least 50000 fish in the lake.,4
0607_w18_qp_41.json,5(c)(i),topics in arithmetic,high,607,w,Oct/Nov,2018,4,calculator,1,"Philip runs a fishing business and he works 50 weeks every year. In 2018, he catches 800 kg of fish in each of these weeks. He sells all the fish he catches at a price of $3.50 for each kilogram. Calculate the total amount he receives in 2018.",3
0607_w18_qp_41.json,5(c)(ii),topics in arithmetic,high,607,w,Oct/Nov,2018,4,calculator,1,"For each of the 50 weeks, Philip's business costs $2240 to run. Calculate his profit as a percentage of $2240.",3
0607_w18_qp_41.json,5(d),variation and proportion,high,607,w,Oct/Nov,2018,4,calculator,1,"In 2019, Philip's business costs 8% more to run than in 2018. The selling price of fish decreases by 10%. Find the amount of fish, in kilograms, Philip will need to catch each week to keep the percentage profit found in part (c)(ii) the same.",4
0607_w18_qp_41.json,6(a),transformations,high,607,w,Oct/Nov,2018,4,calculator,1,Reflect triangle A in the line x = -2. Label the image B.,2
0607_w18_qp_41.json,6(b),transformations,high,607,w,Oct/Nov,2018,4,calculator,1,"Rotate triangle A through 180° about (-2, -1). Label the image C.",2
0607_w18_qp_41.json,6(c),transformations,high,607,w,Oct/Nov,2018,4,calculator,1,Describe fully the single transformation that maps triangle C onto triangle B.,2
0607_w18_qp_41.json,6(d),transformations,high,607,w,Oct/Nov,2018,4,calculator,1,"Enlarge triangle A with centre of enlargement (1, 2) and scale factor 2. Label the image D.",2
0607_w18_qp_41.json,7(a)(i),sequences,high,607,w,Oct/Nov,2018,4,calculator,1,"Find an expression for the nth term for the sequence: 80, 77, 74, 71, ...",2
0607_w18_qp_41.json,7(a)(ii),sequences,high,607,w,Oct/Nov,2018,4,calculator,1,"Find an expression for the nth term for the sequence: 128, 64, 32, 16, ...",2
0607_w18_qp_41.json,7(b),sequences,high,607,w,Oct/Nov,2018,4,calculator,1,The nth term of a sequence is n^2 - 1. Find the first four terms of this sequence.,2
0607_w18_qp_41.json,7(c),sequences,high,607,w,Oct/Nov,2018,4,calculator,1,The nth term of a sequence is |n - 3|. Find the first four terms of this sequence.,2
0607_w18_qp_41.json,7(d)(i),sequences,high,607,w,Oct/Nov,2018,4,calculator,1,The nth term of a sequence is n^2 + n + 41. Find the first three terms of this sequence.,2
0607_w18_qp_41.json,7(d)(ii),sequences,high,607,w,Oct/Nov,2018,4,calculator,1,Show that when n = 41 the number in this sequence is not prime.,1
0607_w18_qp_41.json,8(a),circle theorems,high,607,w,Oct/Nov,2018,4,calculator,1,"A, B, C and D lie on a circle, centre O. ST is a tangent to the circle at A. ODT is a straight line that bisects angle AOC. Complete the statement. Angle OAT = [...] because ....................",2
0607_w18_qp_41.json,8(b),circle theorems,high,607,w,Oct/Nov,2018,4,calculator,1,DT = OC. Find angle ABC.,4
0607_w18_qp_41.json,9(a),functions,high,607,w,Oct/Nov,2018,4,calculator,1,"f(x) = x^3 - 3x^2 - 4x + 1 for -3 <= x <= 5. On the diagram, sketch the graph of y = f(x).",2
0607_w18_qp_41.json,9(b),functions,high,607,w,Oct/Nov,2018,4,calculator,1,Write down the co-ordinates of the local minimum.,2
0607_w18_qp_41.json,9(c),functions,high,607,w,Oct/Nov,2018,4,calculator,1,Find the range of values of k so that f(x) = k has only one solution.,2
0607_w18_qp_41.json,9(d),inequalities,high,607,w,Oct/Nov,2018,4,calculator,1,g(x) = 3x^2 - 6x - 4 for -3 <= x <= 5. The graph of y = f(x) intersects the graph of y = g(x) twice. Solve f(x) > g(x).,2
0607_w18_qp_41.json,10(a)(i),vectors,high,607,w,Oct/Nov,2018,4,calculator,1,"OAC is a triangle with AB : BC = 1 : 2 and OD : DC = 1 : 2. The lines OB and AD intersect at X. OA = 6a and OC = 6c. Find an expression, in terms of a and/or c, for AC.",1
0607_w18_qp_41.json,10(a)(ii),vectors,high,607,w,Oct/Nov,2018,4,calculator,1,"Find an expression, in terms of a and/or c, for BC.",1
0607_w18_qp_41.json,10(a)(iii),vectors,high,607,w,Oct/Nov,2018,4,calculator,1,"Find an expression, in terms of a and/or c, for BD, giving your answer in its simplest form.",2
0607_w18_qp_41.json,10(b),vectors,high,607,w,Oct/Nov,2018,4,calculator,1,Use your answer to part (a)(iii) to explain why OA and BD are parallel.,1
0607_w18_qp_41.json,10(c),similarity,high,607,w,Oct/Nov,2018,4,calculator,1,Explain why triangle OAX and triangle BDX are similar.,2
0607_w18_qp_41.json,10(d)(i),vectors,high,607,w,Oct/Nov,2018,4,calculator,1,"Find an expression, in terms of a and c, for AD.",2
0607_w18_qp_41.json,10(d)(ii),vectors,high,607,w,Oct/Nov,2018,4,calculator,1,"Find an expression, in terms of a and c, for XD, giving your answer in its simplest form.",2
0607_w18_qp_41.json,10(e),similarity,high,607,w,Oct/Nov,2018,4,calculator,1,Find the ratio area AXO : area BXD.,2
0607_w18_qp_41.json,11(a),trigonometry,high,607,w,Oct/Nov,2018,4,calculator,1,"The area of triangle ABC = 23.5 cm^2. Show that angle BAC = 36.0°, correct to 1 decimal place.",2
0607_w18_qp_41.json,11(b),trigonometry,high,607,w,Oct/Nov,2018,4,calculator,1,Use the cosine rule to find BC.,3
0607_w18_qp_41.json,11(c),trigonometry,high,607,w,Oct/Nov,2018,4,calculator,1,All the angles in triangle ABC are acute. Use the sine rule to find the largest angle in the triangle ABC.,3
0607_w18_qp_42.json,1(a),topics in arithmetic,high,607,w,Oct/Nov,2018,4,calculator,2,She uses some of the money to buy a car. The salesman reduces the price from $3800 to $3610. Calculate the percentage reduction.,3
0607_w18_qp_42.json,1(b)(i),topics in arithmetic,high,607,w,Oct/Nov,2018,4,calculator,2,Adila invests the remaining $6390 at a rate of 3% per year compound interest. Find the value of the investment at the end of 5 years.,3
0607_w18_qp_42.json,1(b)(ii),logarithms,medium,607,w,Oct/Nov,2018,4,calculator,2,Find the least number of complete years after which the value of the investment is more than $9000.,4
0607_w18_qp_42.json,2(a)(i),statistics,high,607,w,Oct/Nov,2018,4,calculator,2,"For these numbers find the range,",1
0607_w18_qp_42.json,2(a)(ii),statistics,high,607,w,Oct/Nov,2018,4,calculator,2,"For these numbers find the mode,",1
0607_w18_qp_42.json,2(a)(iii),statistics,high,607,w,Oct/Nov,2018,4,calculator,2,"For these numbers find the median,",1
0607_w18_qp_42.json,2(a)(iv),statistics,high,607,w,Oct/Nov,2018,4,calculator,2,"For these numbers find the mean,",1
0607_w18_qp_42.json,2(a)(v),statistics,high,607,w,Oct/Nov,2018,4,calculator,2,For these numbers find the inter-quartile range.,2
0607_w18_qp_42.json,2(b),probability,high,607,w,Oct/Nov,2018,4,calculator,2,Dee chooses a number at random from these numbers. Find the probability that it is a prime number.,1
0607_w18_qp_42.json,3(a),transformations,high,607,w,Oct/Nov,2018,4,calculator,2,"Translate triangle A by the vector (-5, 3).",2
0607_w18_qp_42.json,3(b),transformations,high,607,w,Oct/Nov,2018,4,calculator,2,Describe fully the single transformation that maps triangle A onto triangle B.,3
0607_w18_qp_42.json,3(c),transformations,high,607,w,Oct/Nov,2018,4,calculator,2,Describe fully the single transformation that is equivalent to a reflection in y = -x followed by a reflection in the y-axis. You may use the grid below to help you.,3
0607_w18_qp_42.json,4(a)(i),variation and proportion,high,607,w,Oct/Nov,2018,4,calculator,2,"y varies directly as the square of (x + 2). When x = 3, y = 100. Find an equation connecting x and y.",2
0607_w18_qp_42.json,4(a)(ii),variation and proportion,high,607,w,Oct/Nov,2018,4,calculator,2,Find the value of y when x = 18.,1
0607_w18_qp_42.json,4(a)(iii),variation and proportion,high,607,w,Oct/Nov,2018,4,calculator,2,Find the values of x when y = 25.,2
0607_w18_qp_42.json,4(b),variation and proportion,high,607,w,Oct/Nov,2018,4,calculator,2,"z varies inversely as the square root of w. When w = A, z = 18. Find the value of z when w = A / 9.",2
0607_w18_qp_42.json,5(a),functions,high,607,w,Oct/Nov,2018,4,calculator,2,"On the diagram, sketch the graph of y = f(x) for -4 <= x <= 4.",2
0607_w18_qp_42.json,5(b),functions,high,607,w,Oct/Nov,2018,4,calculator,2,Find the positive zeros of f(x).,2
0607_w18_qp_42.json,5(c)(i),functions,high,607,w,Oct/Nov,2018,4,calculator,2,"Find the co-ordinates of the local maximum,",1
0607_w18_qp_42.json,5(c)(ii),functions,high,607,w,Oct/Nov,2018,4,calculator,2,Find the co-ordinates of the local minimum.,1
0607_w18_qp_42.json,5(d),functions,high,607,w,Oct/Nov,2018,4,calculator,2,Describe fully the symmetry of the graph of y = f(x).,3
0607_w18_qp_42.json,6(a),trigonometry,high,607,w,Oct/Nov,2018,4,calculator,2,"Show that the radius of the circle is 8.51 cm, correct to 3 significant figures.",4
0607_w18_qp_42.json,6(b)(i),mensuration,high,607,w,Oct/Nov,2018,4,calculator,2,"Calculate the perimeter of the shaded segment,",3
0607_w18_qp_42.json,6(b)(ii),mensuration,high,607,w,Oct/Nov,2018,4,calculator,2,Calculate the area of the shaded segment.,3
0607_w18_qp_42.json,7(a),topics in arithmetic,high,607,w,Oct/Nov,2018,4,calculator,2,"A train travels at an average speed of 252 km/h. This train leaves Beijing at 12 49. The local time in Beijing is the same as the local time in Shanghai. Find the time, correct to the nearest minute, that this train arrives in Shanghai.",4
0607_w18_qp_42.json,7(b)(i),topics in arithmetic,high,607,w,Oct/Nov,2018,4,calculator,2,On the journey this train passes over a bridge of length 6772 m at 252 km/h. The train is 401 m long. Change 252 kilometres per hour to metres per second.,2
0607_w18_qp_42.json,7(b)(ii),topics in arithmetic,high,607,w,Oct/Nov,2018,4,calculator,2,"Calculate the time, in seconds, for the train to completely cross the bridge.",2
0607_w18_qp_42.json,8(a),sets and Venn diagrams,high,607,w,Oct/Nov,2018,4,calculator,2,Calculate the number of members who play none of the three sports.,1
0607_w18_qp_42.json,8(b)(i),probability,high,607,w,Oct/Nov,2018,4,calculator,2,"Two of the 150 members are picked at random. Calculate the probability that they both play hockey and tennis but not cricket,",2
0607_w18_qp_42.json,8(b)(ii),probability,high,607,w,Oct/Nov,2018,4,calculator,2,Calculate the probability that they are both members of the set (C union H) intersect T'.,3
0607_w18_qp_42.json,8(c),probability,high,607,w,Oct/Nov,2018,4,calculator,2,Three of the members who play tennis are chosen at random. Calculate the probability that none of them play cricket.,3
0607_w18_qp_42.json,9(a),statistics,high,607,w,Oct/Nov,2018,4,calculator,2,Complete the cumulative frequency diagram to show the results. The first section has been drawn for you.,4
0607_w18_qp_42.json,9(b)(i),statistics,high,607,w,Oct/Nov,2018,4,calculator,2,"Use your cumulative frequency diagram to estimate the median mark,",1
0607_w18_qp_42.json,9(b)(ii),statistics,high,607,w,Oct/Nov,2018,4,calculator,2,"Use your cumulative frequency diagram to estimate the inter-quartile range,",2
0607_w18_qp_42.json,9(b)(iii),statistics,high,607,w,Oct/Nov,2018,4,calculator,2,Use your cumulative frequency diagram to estimate the number of students with a mark greater than 84.,2
0607_w18_qp_42.json,9(c),statistics,high,607,w,Oct/Nov,2018,4,calculator,2,"The table below shows some information about Paper 2. On the grid opposite, draw the cumulative frequency diagram for Paper 2.",3
0607_w18_qp_42.json,10(a),trigonometry,high,607,w,Oct/Nov,2018,4,calculator,2,Point C is on a bearing of 060° from A and a bearing of 325° from B. Calculate the distance BC.,4
0607_w18_qp_42.json,10(b),trigonometry,high,607,w,Oct/Nov,2018,4,calculator,2,Point D is South of AB. D is 80 m from A and 90 m from B. Calculate the bearing of D from B.,4
0607_w18_qp_42.json,11(a),mensuration,high,607,w,Oct/Nov,2018,4,calculator,2,The diagram shows a polythene structure in which a farmer grows vegetables. The structure consists of a prism with a quarter of a sphere at one end. The cross-section of the prism is a semicircle. The semicircle has a radius of 1.8 m and the length of the prism is 8 m. Calculate the volume of the structure.,3
0607_w18_qp_42.json,11(b),mensuration,high,607,w,Oct/Nov,2018,4,calculator,2,The curved surface of the prism and the two ends of the structure are made of polythene. Calculate the area of the polythene.,4
0607_w18_qp_42.json,12(a),functions,high,607,w,Oct/Nov,2018,4,calculator,2,"On the diagram, sketch the graph of y = f(x) for values of x between -6 and 6.",3
0607_w18_qp_42.json,12(b),functions,high,607,w,Oct/Nov,2018,4,calculator,2,Write down the equations of the asymptotes of y = f(x).,2
0607_w18_qp_42.json,12(c)(i),functions,high,607,w,Oct/Nov,2018,4,calculator,2,g(x) = 5 - 2x. Solve f(x) = g(x).,2
0607_w18_qp_42.json,12(c)(ii),functions,high,607,w,Oct/Nov,2018,4,calculator,2,Find g(f(x)). Give your answer as a single fraction in its simplest form.,3
0607_w18_qp_42.json,13(a)(i),vectors,high,607,w,Oct/Nov,2018,4,calculator,2,"The point P divides AB in the ratio 3 : 2. OA = a and OB = b. Write each of these vectors in terms of a and/or b, giving each answer in its simplest form. AB",1
0607_w18_qp_42.json,13(a)(ii),vectors,high,607,w,Oct/Nov,2018,4,calculator,2,"Write each of these vectors in terms of a and/or b, giving each answer in its simplest form. OP",2
0607_w18_qp_42.json,13(b)(i),vectors,high,607,w,Oct/Nov,2018,4,calculator,2,"The point Q is such that OQ = 5/3 OP. Write BQ, in terms of a and/or b, in its simplest form.",2
0607_w18_qp_42.json,13(b)(ii),vectors,high,607,w,Oct/Nov,2018,4,calculator,2,Use your answer to part (b)(i) to explain why OA and BQ are parallel.,1
0607_w18_qp_42.json,14(a),straight lines,high,607,w,Oct/Nov,2018,4,calculator,2,"A is the point (1, 9) and B is the point (7, 1). Find the length of AB.",3
0607_w18_qp_42.json,14(b),straight lines,high,607,w,Oct/Nov,2018,4,calculator,2,Find the co-ordinates of the midpoint of AB.,2
0607_w18_qp_42.json,14(c),straight lines,high,607,w,Oct/Nov,2018,4,calculator,2,B is the reflection of A in the line L. Find the equation of the line L.,4
0607_w18_qp_43.json,1(a)(i),topics in arithmetic,high,607,w,Oct/Nov,2018,4,calculator,3,Work out the number of boys as a fraction of the total number of students. Give your answer in its lowest terms.,2
0607_w18_qp_43.json,1(a)(ii),topics in arithmetic,high,607,w,Oct/Nov,2018,4,calculator,3,Write the ratio number of girls : number of boys in its simplest form.,2
0607_w18_qp_43.json,1(b),topics in arithmetic,high,607,w,Oct/Nov,2018,4,calculator,3,In a mathematics class there are 15 boys. The ratio number of girls : number of boys = 6 : 5. Find the number of girls in this class.,2
0607_w18_qp_43.json,1(c)(i),topics in arithmetic,high,607,w,Oct/Nov,2018,4,calculator,3,Find the number of boys as a percentage of the number of students in the class.,1
0607_w18_qp_43.json,1(c)(ii),topics in arithmetic,high,607,w,Oct/Nov,2018,4,calculator,3,20% of these boys did not complete an experiment. Work out the number of boys who did not complete the experiment.,2
0607_w18_qp_43.json,1(d),topics in arithmetic,high,607,w,Oct/Nov,2018,4,calculator,3,This year the number of students studying mathematics is 390. This is an increase of 4% on the number of students who studied mathematics last year. Work out the number of students who studied mathematics last year.,3
0607_w18_qp_43.json,2(a),transformations,high,607,w,Oct/Nov,2018,4,calculator,3,Describe fully the single transformation that maps triangle T onto triangle P.,3
0607_w18_qp_43.json,2(b),transformations,high,607,w,Oct/Nov,2018,4,calculator,3,Reflect triangle T in the y-axis.,1
0607_w18_qp_43.json,2(c),transformations,high,607,w,Oct/Nov,2018,4,calculator,3,Translate triangle T by the vector \begin{pmatrix} 5 \\ 6 \end{pmatrix}.,2
0607_w18_qp_43.json,2(d),transformations,high,607,w,Oct/Nov,2018,4,calculator,3,"Stretch triangle T, stretch factor 3 and x-axis invariant.",2
0607_w18_qp_43.json,3(a)(i),vectors,high,607,w,Oct/Nov,2018,4,calculator,3,Find q - p,1
0607_w18_qp_43.json,3(a)(ii),vectors,high,607,w,Oct/Nov,2018,4,calculator,3,Find 2p,1
0607_w18_qp_43.json,3(a)(iii),vectors,high,607,w,Oct/Nov,2018,4,calculator,3,Find |2p|,2
0607_w18_qp_43.json,3(b)(i),vectors,high,607,w,Oct/Nov,2018,4,calculator,3,Write \vec{AB} as a column vector.,2
0607_w18_qp_43.json,3(b)(ii),vectors,high,607,w,Oct/Nov,2018,4,calculator,3,\vec{BC} = 2\vec{AB}. Find the co-ordinates of C.,2
0607_w18_qp_43.json,4(a)(i),functions,high,607,w,Oct/Nov,2018,4,calculator,3,"On the diagram, sketch the graph of y = f(x) for values of x between -3 and 3.",3
0607_w18_qp_43.json,4(a)(ii),functions,high,607,w,Oct/Nov,2018,4,calculator,3,Find the co-ordinates of the local minimum point.,2
0607_w18_qp_43.json,4(a)(iii),functions,high,607,w,Oct/Nov,2018,4,calculator,3,Find the range of f(x) for x > 0.,1
0607_w18_qp_43.json,4(a)(iv),functions,high,607,w,Oct/Nov,2018,4,calculator,3,Write down the equations of the two asymptotes to the graph of y = f(x).,2
0607_w18_qp_43.json,4(b)(i)(a),functions,high,607,w,Oct/Nov,2018,4,calculator,3,"On the diagram, sketch the graph of y = 2^x - 3 for -2 \le x \le 3.",2
0607_w18_qp_43.json,4(b)(i)(b),functions,high,607,w,Oct/Nov,2018,4,calculator,3,"On the diagram, sketch the graph of y = 6 \log x for x > 0.",2
0607_w18_qp_43.json,4(b)(ii),inequalities,high,607,w,Oct/Nov,2018,4,calculator,3,Solve the inequality 6 \log x > 2^x - 3.,2
0607_w18_qp_43.json,5(a),statistics,high,607,w,Oct/Nov,2018,4,calculator,3,Find the median and the upper quartile of the physics scores.,2
0607_w18_qp_43.json,5(b),statistics,high,607,w,Oct/Nov,2018,4,calculator,3,Write down the type of correlation between the mathematics scores and the physics scores.,1
0607_w18_qp_43.json,5(c),statistics,high,607,w,Oct/Nov,2018,4,calculator,3,Find the equation of the line of regression in the form y = mx + c.,2
0607_w18_qp_43.json,6(a),trigonometry,high,607,w,Oct/Nov,2018,4,calculator,3,"Calculate the area of the triangle,",2
0607_w18_qp_43.json,6(b),trigonometry,high,607,w,Oct/Nov,2018,4,calculator,3,Calculate the value of x.,3
0607_w18_qp_43.json,7(a),topics in arithmetic,high,607,w,Oct/Nov,2018,4,calculator,3,The population of a small town is decreasing at a rate of 5% every 10 years. The population is now 26010. Calculate the population in 20 years time. Give your answer correct to the nearest 100.,3
0607_w18_qp_43.json,7(b)(i),topics in arithmetic,high,607,w,Oct/Nov,2018,4,calculator,3,The population was previously increasing at a rate of 2% each year. The population is now 26010. Calculate the population 2 years ago.,2
0607_w18_qp_43.json,7(b)(ii),topics in arithmetic,high,607,w,Oct/Nov,2018,4,calculator,3,Find the number of complete years since the population was last less than 20000.,4
0607_w18_qp_43.json,8(a),functions,high,607,w,Oct/Nov,2018,4,calculator,3,"On the diagram, sketch the graph of y = f(x) for -1 \le x \le 5.",2
0607_w18_qp_43.json,8(b),functions,high,607,w,Oct/Nov,2018,4,calculator,3,Write down the equation of the line of symmetry of the graph of y = f(x).,1
0607_w18_qp_43.json,8(c)(i),functions,high,607,w,Oct/Nov,2018,4,calculator,3,Find the zeros of f(x).,2
0607_w18_qp_43.json,8(c)(ii),inequalities,high,607,w,Oct/Nov,2018,4,calculator,3,Solve the inequality f(x) > 0.,1
0607_w18_qp_43.json,8(d),functions,high,607,w,Oct/Nov,2018,4,calculator,3,Solve the equation f(x) + 1 = 0.,2
0607_w18_qp_43.json,8(e),functions,high,607,w,Oct/Nov,2018,4,calculator,3,"g(x) = 5 - x. On the diagram, sketch the graph of y = g(x) for -1 \le x \le 5.",2
0607_w18_qp_43.json,8(f),inequalities,high,607,w,Oct/Nov,2018,4,calculator,3,"On the diagram, shade the region where y \le f(x) and y \le g(x).",1
0607_w18_qp_43.json,9(a),probability,high,607,w,Oct/Nov,2018,4,calculator,3,"When Helena goes for a walk, she walks d kilometres. The probability that 0 < d \le 2 is 1/5 and the probability that 2 < d \le 4 is 1/4. Find the probability that d > 4.",2
0607_w18_qp_43.json,9(b)(i),probability,high,607,w,Oct/Nov,2018,4,calculator,3,"If it rains, Helena never goes for a walk. If it does not rain, Helena always goes for a walk. On any day, the probability that it rains is 1/3. Complete the tree diagram showing the probabilities of the two events.",1
0607_w18_qp_43.json,9(b)(ii),probability,high,607,w,Oct/Nov,2018,4,calculator,3,"Find the probability that, on any day, Helena walks more than 2km.",3
0607_w18_qp_43.json,9(b)(iii),probability,high,607,w,Oct/Nov,2018,4,calculator,3,"Find the expected number of days that Helena walks more than 2km, during a period of 90 days.",1
0607_w18_qp_43.json,10(a),trigonometry,high,607,w,Oct/Nov,2018,4,calculator,3,Calculate the angle between the triangle PBC and the base ABCD.,2
0607_w18_qp_43.json,10(b),trigonometry,high,607,w,Oct/Nov,2018,4,calculator,3,Calculate the angle between PB and the base ABCD.,3
0607_w18_qp_43.json,10(c),trigonometry,high,607,w,Oct/Nov,2018,4,calculator,3,Calculate PC.,2
0607_w18_qp_43.json,10(d),trigonometry,high,607,w,Oct/Nov,2018,4,calculator,3,Calculate angle PCB.,2
0607_w18_qp_43.json,10(e),trigonometry,high,607,w,Oct/Nov,2018,4,calculator,3,X is a point on the line PC so that angle BXC = 60°. Calculate BX.,3
0607_w18_qp_43.json,11(a),statistics,high,607,w,Oct/Nov,2018,4,calculator,3,Complete the frequency table.,2
0607_w18_qp_43.json,11(b),statistics,high,607,w,Oct/Nov,2018,4,calculator,3,Calculate an estimate of the mean.,2
0607_w18_qp_43.json,12(a),solving linear equations,high,607,w,Oct/Nov,2018,4,calculator,3,The perimeter of the rectangle is 44 cm. Find the value of x.,3
0607_w18_qp_43.json,12(b),solving quadratic equations,high,607,w,Oct/Nov,2018,4,calculator,3,The area of the rectangle is 272 cm^2. Find the value of y.,3
0607_w18_qp_43.json,12(c),solving linear equations,high,607,w,Oct/Nov,2018,4,calculator,3,"The two rectangles have the same length, w cm. Find the value of v.",3
0607_w18_qp_43.json,12(d),solving linear equations,high,607,w,Oct/Nov,2018,4,calculator,3,The perimeter of the larger rectangle is 2 cm more than the perimeter of the smaller rectangle. Find the value of p.,4
0607_w18_qp_43.json,13(a),functions,high,607,w,Oct/Nov,2018,4,calculator,3,Find h(0).,1
0607_w18_qp_43.json,13(b)(i),functions,high,607,w,Oct/Nov,2018,4,calculator,3,"Find, giving your answer in its simplest form: g(f(x))",2
0607_w18_qp_43.json,13(b)(ii),functions,high,607,w,Oct/Nov,2018,4,calculator,3,"Find, giving your answer in its simplest form: g(x) \times f(x) + k(x)",3
0607_w18_qp_43.json,13(c),functions,high,607,w,Oct/Nov,2018,4,calculator,3,Find f^{-1}(x).,1
0607_w18_qp_43.json,13(d)(i),functions,high,607,w,Oct/Nov,2018,4,calculator,3,"Find x when g(x) = 2,",2
0607_w18_qp_43.json,13(d)(ii),functions,high,607,w,Oct/Nov,2018,4,calculator,3,Find x when h(x) = 3.,3
0607_w19_qp_21.json,1,topics in arithmetic,high,607,w,Oct/Nov,2019,2,non_calculator,1,Work out 15 + 14 × 2.,1
0607_w19_qp_21.json,2(a),topics in arithmetic,high,607,w,Oct/Nov,2019,2,non_calculator,1,"Here is a list of numbers: 21, 23, 29, 33, 39, 63, 91, 92. From the list, write down a factor of 46,",1
0607_w19_qp_21.json,2(b),topics in arithmetic,high,607,w,Oct/Nov,2019,2,non_calculator,1,"Here is a list of numbers: 21, 23, 29, 33, 39, 63, 91, 92. From the list, write down a prime number.",1
0607_w19_qp_21.json,3,inequalities,high,607,w,Oct/Nov,2019,2,non_calculator,1,List the integer values of x such that -3 < x ≤ 1.,2
0607_w19_qp_21.json,4,probability,high,607,w,Oct/Nov,2019,2,non_calculator,1,"At a railway station, the probability that any train departs on time is 7/8. The number of trains in one day is 72. Work out the expected number of trains that depart on time.",1
0607_w19_qp_21.json,5,topics in arithmetic,high,607,w,Oct/Nov,2019,2,non_calculator,1,Work out 3/4 ÷ 4 1/2. Give your answer as a fraction in its lowest terms.,2
0607_w19_qp_21.json,6,sequences,high,607,w,Oct/Nov,2019,2,non_calculator,1,"9, 27, 81, 243, ... Find the nth term of this sequence.",2
0607_w19_qp_21.json,7,mensuration,high,607,w,Oct/Nov,2019,2,non_calculator,1,The diagram shows a hemisphere joined to a cone. The hemisphere has a radius of 3 cm. The cone has a radius of 3 cm and a height of 7 cm. The total volume of the shape is kπ cm³. Find the value of k.,3
0607_w19_qp_21.json,8,exponents and surds,high,607,w,Oct/Nov,2019,2,non_calculator,1,Find the value of 8^(4/3).,1
0607_w19_qp_21.json,9(a),vectors,high,607,w,Oct/Nov,2019,2,non_calculator,1,"p = \begin{pmatrix} 12 \\ -5 \end{pmatrix}. Find 2p,",1
0607_w19_qp_21.json,9(b),vectors,high,607,w,Oct/Nov,2019,2,non_calculator,1,p = \begin{pmatrix} 12 \\ -5 \end{pmatrix}. Find |p|.,2
0607_w19_qp_21.json,10,solving quadratic equations,high,607,w,Oct/Nov,2019,2,non_calculator,1,Solve 4w^2 - 8w - 5 = 0.,3
0607_w19_qp_21.json,11,variation and proportion,high,607,w,Oct/Nov,2019,2,non_calculator,1,"y varies inversely as ∑x (note: ∑x represents square root of x). When x = 16, y = 9. Find y in terms of x.",2
0607_w19_qp_21.json,12(a),circle theorems,high,607,w,Oct/Nov,2019,2,non_calculator,1,"The points A, B, C and D lie on the circle. Find the value of x.",1
0607_w19_qp_21.json,12(b),circle theorems,high,607,w,Oct/Nov,2019,2,non_calculator,1,"The points A, B and C lie on the circle, centre O. Find the value of y.",1
0607_w19_qp_21.json,13(a),exponents and surds,high,607,w,Oct/Nov,2019,2,non_calculator,1,Simplify \sqrt{20} + \sqrt{125}.,2
0607_w19_qp_21.json,13(b),exponents and surds,high,607,w,Oct/Nov,2019,2,non_calculator,1,Rationalise the denominator and simplify your answer: 18 / (\sqrt{7} - 1),2
0607_w19_qp_21.json,14,solving linear equations,high,607,w,Oct/Nov,2019,2,non_calculator,1,Make l the subject of the formula T = 2π \sqrt{l / g}.,3
0607_w19_qp_21.json,15,exponents and surds,high,607,w,Oct/Nov,2019,2,non_calculator,1,Simplify (t^{27})^(1/3).,1
0607_w19_qp_21.json,16,straight lines,high,607,w,Oct/Nov,2019,2,non_calculator,1,"A is the point (0, 8) and B is the point (6, 0). The line L passes through B and is perpendicular to AB. Find the equation of L.",4
0607_w19_qp_21.json,17,expanding and factorising,high,607,w,Oct/Nov,2019,2,non_calculator,1,Simplify (ab - ac + 2b - 2c) / (a^2 - 4).,4
0607_w19_qp_22.json,1,topics in arithmetic,high,607,w,Oct/Nov,2019,2,non_calculator,2,"8  27  49  51  53  55  99
From this list write down the square number.",1
0607_w19_qp_22.json,2,topics in arithmetic,high,607,w,Oct/Nov,2019,2,non_calculator,2,Change 3.2 metres into millimetres.,1
0607_w19_qp_22.json,3(a),topics in arithmetic,high,607,w,Oct/Nov,2019,2,non_calculator,2,"Write each number in standard form.
(a) 28 010",1
0607_w19_qp_22.json,3(b),topics in arithmetic,high,607,w,Oct/Nov,2019,2,non_calculator,2,"Write each number in standard form.
(b) 0.100 209",1
0607_w19_qp_22.json,4,angles,high,607,w,Oct/Nov,2019,2,non_calculator,2,"Each interior angle of a regular polygon is 170°.
Find the number of sides of this polygon.",3
0607_w19_qp_22.json,5,topics in arithmetic,high,607,w,Oct/Nov,2019,2,non_calculator,2,"Xian walks 8 km in 1 1/2 hours.
She then runs 10 km in 45 minutes.
Find her average speed in km/h for the whole journey.",3
0607_w19_qp_22.json,6,angles,high,607,w,Oct/Nov,2019,2,non_calculator,2,"AB = AC
Find the value of x.",2
0607_w19_qp_22.json,7,trigonometry,high,607,w,Oct/Nov,2019,2,non_calculator,2,"The lengths of the sides of a right-angled triangle are 6 cm, 8 cm and 10 cm.
Find the tangent of the smallest angle.",1
0607_w19_qp_22.json,8,solving linear equations,high,607,w,Oct/Nov,2019,2,non_calculator,2,"Magda buys 6 apples and 4 oranges for a total cost of $4.18.
Oranges cost $0.52 each.
Find the cost of one apple.",3
0607_w19_qp_22.json,9,statistics,high,607,w,Oct/Nov,2019,2,non_calculator,2,"The mean of five numbers is 16.
When two extra numbers are included the mean of the seven numbers is 20.
Find the mean of the two extra numbers.",2
0607_w19_qp_22.json,10,straight lines,high,607,w,Oct/Nov,2019,2,non_calculator,2,"The point A has co-ordinates (1, -5) and the point B has co-ordinates (9, 1).
Find the equation of the perpendicular bisector of AB in the form y = mx + c.",5
0607_w19_qp_22.json,11,expanding and factorising,high,607,w,Oct/Nov,2019,2,non_calculator,2,"Factorise completely.
8x² - 18",2
0607_w19_qp_22.json,12(a),exponents and surds,high,607,w,Oct/Nov,2019,2,non_calculator,2,"Simplify.
√300 - √27",2
0607_w19_qp_22.json,12(b),exponents and surds,high,607,w,Oct/Nov,2019,2,non_calculator,2,"Rationalise the denominator and simplify your answer.
14 / (3 - √2)",3
0607_w19_qp_22.json,13,logarithms,high,607,w,Oct/Nov,2019,2,non_calculator,2,"Solve the equation.
3 log x - log 4 = 4 log 2",3
0607_w19_qp_22.json,14,solving linear equations,high,607,w,Oct/Nov,2019,2,non_calculator,2,"Rearrange the formula to make x the subject.
y = 1 - x / (3x - 5)",4
0607_w19_qp_22.json,15,probability,high,607,w,Oct/Nov,2019,2,non_calculator,2,"An archer fires three arrows at a target.
The probability that the archer hits the target with each arrow is 3/5.
Find the probability that the archer hits the target exactly twice.",3
0607_w19_qp_23.json,1(a),topics in arithmetic,high,607,w,Oct/Nov,2019,2,non_calculator,3,Work out (-4)^2,1
0607_w19_qp_23.json,1(b),topics in arithmetic,high,607,w,Oct/Nov,2019,2,non_calculator,3,Work out (0.3)^2,1
0607_w19_qp_23.json,2(a),topics in arithmetic,high,607,w,Oct/Nov,2019,2,non_calculator,3,Write down a prime number between 80 and 90.,1
0607_w19_qp_23.json,2(b),topics in arithmetic,high,607,w,Oct/Nov,2019,2,non_calculator,3,Write down a triangle number between 30 and 50.,1
0607_w19_qp_23.json,3(a),transformations,high,607,w,Oct/Nov,2019,2,non_calculator,3,Shade two squares so that this shape has exactly one line of symmetry.,1
0607_w19_qp_23.json,3(b),transformations,high,607,w,Oct/Nov,2019,2,non_calculator,3,Shade two squares so that this shape has rotational symmetry of order 2.,1
0607_w19_qp_23.json,4,topics in arithmetic,high,607,w,Oct/Nov,2019,2,non_calculator,3,A cat eats 1 2/3 tins of food each day. How many tins are needed for one week?,2
0607_w19_qp_23.json,5(a),expanding and factorising,high,607,w,Oct/Nov,2019,2,non_calculator,3,Factorise x^2 - 1,1
0607_w19_qp_23.json,5(b),expanding and factorising,high,607,w,Oct/Nov,2019,2,non_calculator,3,Factorise 3x^2 - 6ax - axy + 2a^2y,2
0607_w19_qp_23.json,6,angles,high,607,w,Oct/Nov,2019,2,non_calculator,3,Triangle ABC is isosceles and angle A = 40°. Find the three possible values for angle B.,2
0607_w19_qp_23.json,7,statistics,high,607,w,Oct/Nov,2019,2,non_calculator,3,"The mean of 10 numbers is 15. When an 11th number is included, the mean is 16. Find the 11th number.",2
0607_w19_qp_23.json,8(a),probability,high,607,w,Oct/Nov,2019,2,non_calculator,3,"Find, as a fraction, the relative frequency of a student travelling to school by bus.",1
0607_w19_qp_23.json,8(b),probability,high,607,w,Oct/Nov,2019,2,non_calculator,3,Give a reason why it is reasonable to use your answer to part (a) to estimate the probability that a student travels to school by bus.,1
0607_w19_qp_23.json,8(c),probability,high,607,w,Oct/Nov,2019,2,non_calculator,3,The school has 1800 students. Estimate the number of students who travel to school by bus.,1
0607_w19_qp_23.json,9(a),inequalities,high,607,w,Oct/Nov,2019,2,non_calculator,3,Solve 3x - 2 > 7x + 6.,2
0607_w19_qp_23.json,9(b),inequalities,high,607,w,Oct/Nov,2019,2,non_calculator,3,Show your solution to part (a) on this number line.,1
0607_w19_qp_23.json,10,solving linear equations,high,607,w,Oct/Nov,2019,2,non_calculator,3,Rearrange this formula to make a the subject: y = (3a - 2) / (a - 1),3
0607_w19_qp_23.json,11,exponents and surds,high,607,w,Oct/Nov,2019,2,non_calculator,3,Expand and simplify (3√2 + 7)^2.,3
0607_w19_qp_23.json,12(a),straight lines,high,607,w,Oct/Nov,2019,2,non_calculator,3,"The equation of the line L is y = 3x - 2. Find the co-ordinates of the point A, where the line L crosses the y-axis.",1
0607_w19_qp_23.json,12(b),straight lines,high,607,w,Oct/Nov,2019,2,non_calculator,3,"Find the co-ordinates of the point B, where the line L crosses the x-axis.",1
0607_w19_qp_23.json,12(c),straight lines,high,607,w,Oct/Nov,2019,2,non_calculator,3,The line M passes through the point A and is perpendicular to the line L. Find the equation of the line M.,2
0607_w19_qp_23.json,13,similarity,medium,607,w,Oct/Nov,2019,2,non_calculator,3,ABCD is a parallelogram. AP = PQ = QC. Show that triangles BQC and DPA are congruent.,3
0607_w19_qp_23.json,14,functions,high,607,w,Oct/Nov,2019,2,non_calculator,3,"The diagram shows a sketch of the graph y = x^2 + bx + c. The minimum point is at P(2, -3). Find the value of b and the value of c.",3
0607_w19_qp_23.json,15(a),statistics,high,607,w,Oct/Nov,2019,2,non_calculator,3,Complete the histogram to show this information.,1
0607_w19_qp_23.json,15(b),statistics,high,607,w,Oct/Nov,2019,2,non_calculator,3,Find the value of p and the value of q.,2
0607_w19_qp_41.json,1(a),statistics,high,607,w,Oct/Nov,2019,4,calculator,1,"Find the range,",1
0607_w19_qp_41.json,1(b),statistics,high,607,w,Oct/Nov,2019,4,calculator,1,"Find the mode,",1
0607_w19_qp_41.json,1(c),statistics,high,607,w,Oct/Nov,2019,4,calculator,1,"Find the median,",1
0607_w19_qp_41.json,1(d),statistics,high,607,w,Oct/Nov,2019,4,calculator,1,"Find the upper quartile,",1
0607_w19_qp_41.json,1(e),statistics,high,607,w,Oct/Nov,2019,4,calculator,1,"Find the inter-quartile range,",1
0607_w19_qp_41.json,1(f),statistics,high,607,w,Oct/Nov,2019,4,calculator,1,Find the mean.,1
0607_w19_qp_41.json,2(a),topics in arithmetic,high,607,w,Oct/Nov,2019,4,calculator,1,Increase 4.5 kg by 16%.,2
0607_w19_qp_41.json,2(b),topics in arithmetic,high,607,w,Oct/Nov,2019,4,calculator,1,Find the percentage profit when the cost price of a book is $8.50 and the selling price is $11.05.,3
0607_w19_qp_41.json,2(c),topics in arithmetic,high,607,w,Oct/Nov,2019,4,calculator,1,The price of a loaf of bread increases by $0.06. This is a 5% increase. Find the original price of this loaf of bread.,2
0607_w19_qp_41.json,3(a),functions,high,607,w,Oct/Nov,2019,4,calculator,1,"On the diagram, sketch the graph of y = f(x) for values of x between -3 and 3.",3
0607_w19_qp_41.json,3(b),functions,high,607,w,Oct/Nov,2019,4,calculator,1,Write down the range of f(x) for -3 <= x <= 0.,2
0607_w19_qp_41.json,3(c),functions,high,607,w,Oct/Nov,2019,4,calculator,1,"On the same diagram, sketch the graph of y = x^2 for -2 <= x <= 2.",1
0607_w19_qp_41.json,3(d)(i),solving quadratic equations,medium,607,w,Oct/Nov,2019,4,calculator,1,Solve the equation 1 / (1 - x^3) = x^2.,1
0607_w19_qp_41.json,3(d)(ii),expanding and factorising,medium,607,w,Oct/Nov,2019,4,calculator,1,The equation 1 / (1 - x^3) = x^2 can be written in the form x^u - x^w + 1 = 0. Find the value of u and the value of w.,2
0607_w19_qp_41.json,4(a)(i),transformations,high,607,w,Oct/Nov,2019,4,calculator,1,"Describe fully the single transformation that maps triangle T onto triangle A,",2
0607_w19_qp_41.json,4(a)(ii),transformations,high,607,w,Oct/Nov,2019,4,calculator,1,"Describe fully the single transformation that maps triangle T onto triangle B,",3
0607_w19_qp_41.json,4(a)(iii),transformations,high,607,w,Oct/Nov,2019,4,calculator,1,Describe fully the single transformation that maps triangle T onto triangle C.,3
0607_w19_qp_41.json,4(b),transformations,high,607,w,Oct/Nov,2019,4,calculator,1,Stretch triangle T by a factor of 2 with the y-axis invariant.,2
0607_w19_qp_41.json,5(a),topics in arithmetic,high,607,w,Oct/Nov,2019,4,calculator,1,Find the value at the end of 4 years. Give your answer correct to the nearest dollar.,4
0607_w19_qp_41.json,5(b),topics in arithmetic,high,607,w,Oct/Nov,2019,4,calculator,1,Find the value at the start of 2017.,2
0607_w19_qp_41.json,5(c),logarithms,medium,607,w,Oct/Nov,2019,4,calculator,1,Find the number of complete years it takes for the value of $2025 to decrease to a value less than $500.,4
0607_w19_qp_41.json,6(a),probability,high,607,w,Oct/Nov,2019,4,calculator,1,Abi rolls the die. Write down the probability that it shows the number 3 on the top.,1
0607_w19_qp_41.json,6(b)(i),probability,high,607,w,Oct/Nov,2019,4,calculator,1,Beatrice rolls the die and spins the coin. Find the probability that the die shows the number 2 on the top and the coin shows heads.,2
0607_w19_qp_41.json,6(b)(ii),probability,high,607,w,Oct/Nov,2019,4,calculator,1,Find the probability that the die shows the number 2 on the top or the coin shows heads or both.,2
0607_w19_qp_41.json,6(c),probability,high,607,w,Oct/Nov,2019,4,calculator,1,Carl spins the coin 3 times. Find the probability that the coin shows heads at least once.,2
0607_w19_qp_41.json,6(d),probability,high,607,w,Oct/Nov,2019,4,calculator,1,"Drew rolls the die 3 times and records the numbers on the top. Find the probability that the die shows each of the numbers, 1, 2 and 3, once.",3
0607_w19_qp_41.json,6(e),exponents and surds,medium,607,w,Oct/Nov,2019,4,calculator,1,Eva spins the coin n times. The probability that the coin shows tails each time is 1/64. Find the value of n.,1
0607_w19_qp_41.json,6(f),probability,high,607,w,Oct/Nov,2019,4,calculator,1,Frank rolls the die twice and records the two numbers. The probability of these two numbers occurring is 1/3. Find these two numbers.,2
0607_w19_qp_41.json,7(a),trigonometry,high,607,w,Oct/Nov,2019,4,calculator,1,"Calculate the distance AC and show that your answer rounds to 19.08 km, correct to 2 decimal places.",4
0607_w19_qp_41.json,7(b),trigonometry,high,607,w,Oct/Nov,2019,4,calculator,1,"Using the sine rule, calculate angle ACB and show that your answer rounds to 27.0°, correct to 1 decimal place.",3
0607_w19_qp_41.json,7(c),trigonometry,high,607,w,Oct/Nov,2019,4,calculator,1,Calculate the bearing of D from C.,4
0607_w19_qp_41.json,7(d),trigonometry,high,607,w,Oct/Nov,2019,4,calculator,1,"A straight path, BP, connects B to the closest point, P, on AC. Calculate the length of this path.",2
0607_w19_qp_41.json,7(e),mensuration,high,607,w,Oct/Nov,2019,4,calculator,1,The area within triangle ABC is grassland. Calculate the area of this grassland.,2
0607_w19_qp_41.json,8(a)(i),statistics,high,607,w,Oct/Nov,2019,4,calculator,1,Complete the cumulative frequency curve.,3
0607_w19_qp_41.json,8(a)(ii),statistics,high,607,w,Oct/Nov,2019,4,calculator,1,Use your curve to find the inter-quartile range.,2
0607_w19_qp_41.json,8(a)(iii),statistics,high,607,w,Oct/Nov,2019,4,calculator,1,Use your curve to estimate the number of people who walked further than 3500 m.,2
0607_w19_qp_41.json,8(b)(i),statistics,high,607,w,Oct/Nov,2019,4,calculator,1,Complete the frequency table.,2
0607_w19_qp_41.json,8(b)(ii),statistics,high,607,w,Oct/Nov,2019,4,calculator,1,Calculate an estimate of the mean.,2
0607_w19_qp_41.json,9(a),topics in arithmetic,high,607,w,Oct/Nov,2019,4,calculator,1,Lionel runs 10.6 km in 94 minutes. Calculate his average speed in km/h.,2
0607_w19_qp_41.json,9(b),topics in arithmetic,high,607,w,Oct/Nov,2019,4,calculator,1,Monika walks 2 km at a speed of 4 km/h and then 3 km at a speed of 3 km/h. Calculate Monika's overall average speed.,3
0607_w19_qp_41.json,9(c),variation and proportion,medium,607,w,Oct/Nov,2019,4,calculator,1,"A train is travelling at v metres per second. Find an expression, in terms of v, for the speed of the train in kilometres per hour. Give your answer in its simplest form.",2
0607_w19_qp_41.json,9(d)(i),expanding and factorising,medium,607,w,Oct/Nov,2019,4,calculator,1,"A car travels 50 km at x km/h and then 80 km at (x + 10) km/h. Find an expression, in terms of x, for the total time taken, T hours. Give your answer as a single fraction, in its simplest form.",3
0607_w19_qp_41.json,9(d)(ii),solving quadratic equations,high,607,w,Oct/Nov,2019,4,calculator,1,"When T = 2, show that x^2 - 55x - 250 = 0.",2
0607_w19_qp_41.json,9(d)(iii),solving quadratic equations,high,607,w,Oct/Nov,2019,4,calculator,1,"When T = 2, find the value of x.",3
0607_w19_qp_41.json,10(a)(i),functions,high,607,w,Oct/Nov,2019,4,calculator,1,"Find f(-2),",1
0607_w19_qp_41.json,10(a)(ii),functions,high,607,w,Oct/Nov,2019,4,calculator,1,Find g(1/2).,1
0607_w19_qp_41.json,10(b),functions,high,607,w,Oct/Nov,2019,4,calculator,1,Find g(f(1)).,2
0607_w19_qp_41.json,10(c),functions,high,607,w,Oct/Nov,2019,4,calculator,1,Find x when h(x) = 1/8.,1
0607_w19_qp_41.json,10(d),functions,high,607,w,Oct/Nov,2019,4,calculator,1,Find j(81).,1
0607_w19_qp_41.json,10(e),functions,high,607,w,Oct/Nov,2019,4,calculator,1,Find f(f(x)) in its simplest form.,2
0607_w19_qp_41.json,10(f),functions,high,607,w,Oct/Nov,2019,4,calculator,1,Find f(x) * f(x) + f(x) + 1 in its simplest form.,3
0607_w19_qp_41.json,10(g),functions,high,607,w,Oct/Nov,2019,4,calculator,1,Find j^(-1)(x).,2
0607_w19_qp_41.json,11(a),trigonometry,high,607,w,Oct/Nov,2019,4,calculator,1,"On the diagram, sketch the graph of y = f(x) for 0 <= x <= 180.",2
0607_w19_qp_41.json,11(b),trigonometry,high,607,w,Oct/Nov,2019,4,calculator,1,Write down the amplitude and the period of f(x).,2
0607_w19_qp_41.json,11(c),inequalities,high,607,w,Oct/Nov,2019,4,calculator,1,Solve the inequality f(x) < -1.5 for 0 <= x <= 180.,2
0607_w19_qp_41.json,11(d)(i),trigonometry,high,607,w,Oct/Nov,2019,4,calculator,1,"On the same diagram, sketch the graph of y = g(x) for 0 <= x <= 180.",1
0607_w19_qp_41.json,11(d)(ii),inequalities,high,607,w,Oct/Nov,2019,4,calculator,1,"On the diagram, shade the regions where f(x) >= g(x).",1
0607_w19_qp_41.json,11(d)(iii),transformations,high,607,w,Oct/Nov,2019,4,calculator,1,Describe fully the single transformation that maps the graph of y = g(x) onto the graph of y = f(x).,3
0607_w19_qp_42.json,1(a),transformations,high,607,w,Oct/Nov,2019,4,calculator,2,Reflect triangle A in the x-axis. Label the image B.,1
0607_w19_qp_42.json,1(b),transformations,high,607,w,Oct/Nov,2019,4,calculator,2,Translate triangle A by the vector \begin{pmatrix} 0 \\ -3 \end{pmatrix}. Label the image C.,1
0607_w19_qp_42.json,1(c),transformations,high,607,w,Oct/Nov,2019,4,calculator,2,Describe fully the single transformation that maps triangle B onto triangle C.,2
0607_w19_qp_42.json,1(d),transformations,high,607,w,Oct/Nov,2019,4,calculator,2,"Rotate triangle A through 90\u00b0 anti-clockwise, about the origin. Label the image D.",2
0607_w19_qp_42.json,1(e),transformations,high,607,w,Oct/Nov,2019,4,calculator,2,Describe fully the single transformation that maps triangle B onto triangle D.,2
0607_w19_qp_42.json,2(a),functions,high,607,w,Oct/Nov,2019,4,calculator,2,Find f(6).,1
0607_w19_qp_42.json,2(b),functions,high,607,w,Oct/Nov,2019,4,calculator,2,Solve f(x) = -2.,2
0607_w19_qp_42.json,2(c),functions,high,607,w,Oct/Nov,2019,4,calculator,2,Find h(g(x)).,1
0607_w19_qp_42.json,2(d),functions,high,607,w,Oct/Nov,2019,4,calculator,2,Solve h(g(x)) = h(x) + 2.,4
0607_w19_qp_42.json,2(e),functions,high,607,w,Oct/Nov,2019,4,calculator,2,Find f^{-1}(x).,3
0607_w19_qp_42.json,2(f)(i),functions,high,607,w,Oct/Nov,2019,4,calculator,2,"On the diagram, sketch the graph of y = f(x) and the graph of y = h(x) for values of x between -3 and 3.",3
0607_w19_qp_42.json,2(f)(ii),functions,high,607,w,Oct/Nov,2019,4,calculator,2,Write down the equation of the line of symmetry of y = h(x).,1
0607_w19_qp_42.json,2(f)(iii),inequalities,high,607,w,Oct/Nov,2019,4,calculator,2,Solve f(x) > h(x).,2
0607_w19_qp_42.json,3(a),topics in arithmetic,high,607,w,Oct/Nov,2019,4,calculator,2,Show that Bill's share is $128.,1
0607_w19_qp_42.json,3(b),topics in arithmetic,high,607,w,Oct/Nov,2019,4,calculator,2,Alana spends $x. The ratio of Alana's money : Bill's money is now 4 : 5. Find the value of x.,3
0607_w19_qp_42.json,3(c)(i),topics in arithmetic,high,607,w,Oct/Nov,2019,4,calculator,2,Write $32 as a percentage of $128.,1
0607_w19_qp_42.json,3(c)(ii),topics in arithmetic,high,607,w,Oct/Nov,2019,4,calculator,2,The original price of the jacket was reduced by 20% to $32. Work out the original price.,3
0607_w19_qp_42.json,4(a)(i),solving linear equations,high,607,w,Oct/Nov,2019,4,calculator,2,Solve the equation 2x - 3 = -11.,2
0607_w19_qp_42.json,4(a)(ii),solving linear equations,high,607,w,Oct/Nov,2019,4,calculator,2,Solve the equation \frac{36}{x} = -4.,2
0607_w19_qp_42.json,4(a)(iii),solving linear equations,high,607,w,Oct/Nov,2019,4,calculator,2,Solve the equation 6x + 13 = 17 - 2x.,2
0607_w19_qp_42.json,4(b),simultaneous equations,high,607,w,Oct/Nov,2019,4,calculator,2,"Solve the simultaneous equations. You must show all your working. 5x + 3y = -19, 3x + 5y = -21",4
0607_w19_qp_42.json,5(a)(i),circle theorems,high,607,w,Oct/Nov,2019,4,calculator,2,Find the value of angle AOB.,2
0607_w19_qp_42.json,5(a)(ii),circle theorems,high,607,w,Oct/Nov,2019,4,calculator,2,Find the value of angle ACB.,1
0607_w19_qp_42.json,5(a)(iii),circle theorems,high,607,w,Oct/Nov,2019,4,calculator,2,Find the value of angle ADB.,1
0607_w19_qp_42.json,5(a)(iv),circle theorems,high,607,w,Oct/Nov,2019,4,calculator,2,Find the value of angle BAD.,1
0607_w19_qp_42.json,5(a)(v),circle theorems,high,607,w,Oct/Nov,2019,4,calculator,2,Find the value of angle DBA.,1
0607_w19_qp_42.json,5(a)(vi),circle theorems,high,607,w,Oct/Nov,2019,4,calculator,2,Find the value of angle AXB.,1
0607_w19_qp_42.json,5(b),circle theorems,high,607,w,Oct/Nov,2019,4,calculator,2,What type of quadrilateral is ACBD?,1
0607_w19_qp_42.json,6(a),probability,high,607,w,Oct/Nov,2019,4,calculator,2,Find the probability that the number on spinner A is greater than 4.,1
0607_w19_qp_42.json,6(b),probability,high,607,w,Oct/Nov,2019,4,calculator,2,Find the probability that the number on spinner B is not a 3.,1
0607_w19_qp_42.json,6(c),probability,high,607,w,Oct/Nov,2019,4,calculator,2,Find the probability that the number on spinner A is the same as the number on spinner B.,2
0607_w19_qp_42.json,6(d),probability,high,607,w,Oct/Nov,2019,4,calculator,2,Find the probability that one number is odd and one number is even.,3
0607_w19_qp_42.json,6(e),probability,high,607,w,Oct/Nov,2019,4,calculator,2,Find the probability that the sum of the numbers is 6.,2
0607_w19_qp_42.json,7(a)(i),expanding and factorising,high,607,w,Oct/Nov,2019,4,calculator,2,Factorise 2x^2 - 11x - 6.,2
0607_w19_qp_42.json,7(a)(ii),inequalities,high,607,w,Oct/Nov,2019,4,calculator,2,"Using your answer to part (i), solve 2x^2 - 11x - 6 < 0.",2
0607_w19_qp_42.json,7(b),solving quadratic equations,high,607,w,Oct/Nov,2019,4,calculator,2,Solve the equation 3x^2 - x - 5 = 0. Give your answers correct to 2 decimal places. You must show all your working.,3
0607_w19_qp_42.json,8(a),sets and Venn diagrams,high,607,w,Oct/Nov,2019,4,calculator,2,Show this information on the Venn diagram.,2
0607_w19_qp_42.json,8(b)(i),sets and Venn diagrams,high,607,w,Oct/Nov,2019,4,calculator,2,Find the number of students who study all 3 subjects.,2
0607_w19_qp_42.json,8(b)(ii),sets and Venn diagrams,high,607,w,Oct/Nov,2019,4,calculator,2,Find the number of students who study French only.,2
0607_w19_qp_42.json,8(b)(iii),sets and Venn diagrams,high,607,w,Oct/Nov,2019,4,calculator,2,Find the number of students who study Spanish only.,1
0607_w19_qp_42.json,9(a),mensuration,high,607,w,Oct/Nov,2019,4,calculator,2,Show that the volume of the prism is 7392 cm^3.,3
0607_w19_qp_42.json,9(b),similarity,high,607,w,Oct/Nov,2019,4,calculator,2,A similar prism has a volume of 924 cm^3. The length of the original prism is 24 cm. Find the length of this similar prism.,3
0607_w19_qp_42.json,9(c),mensuration,high,607,w,Oct/Nov,2019,4,calculator,2,Find the value of r.,2
0607_w19_qp_42.json,9(d),mensuration,high,607,w,Oct/Nov,2019,4,calculator,2,Find the value of h.,2
0607_w19_qp_42.json,9(e),mensuration,high,607,w,Oct/Nov,2019,4,calculator,2,"When exact values of h and r are used, h = 4r. Find, in terms of r, an exact expression for the curved surface area of the cone. Give your answer in its simplest form.",3
0607_w19_qp_42.json,10(a),statistics,high,607,w,Oct/Nov,2019,4,calculator,2,Calculate an estimate of the mean mass of an apple.,2
0607_w19_qp_42.json,10(b),statistics,high,607,w,Oct/Nov,2019,4,calculator,2,Find the interval which contains the upper quartile.,1
0607_w19_qp_42.json,10(c),probability,high,607,w,Oct/Nov,2019,4,calculator,2,Two of these apples are chosen at random. Find the probability that they both have a mass of 120 g or less. Give your answer as a fraction in its simplest form.,3
0607_w19_qp_42.json,10(d)(i),statistics,high,607,w,Oct/Nov,2019,4,calculator,2,Complete the frequency density column in this table.,2
0607_w19_qp_42.json,10(d)(ii),statistics,high,607,w,Oct/Nov,2019,4,calculator,2,"On the grid, draw a histogram to show this information.",3
0607_w19_qp_42.json,11(a),trigonometry,high,607,w,Oct/Nov,2019,4,calculator,2,"Calculate BD and show that your answer rounds to 9.05 cm, correct to 2 decimal places.",2
0607_w19_qp_42.json,11(b)(i),trigonometry,high,607,w,Oct/Nov,2019,4,calculator,2,"Calculate angle BDC and show that your answer rounds to 58\u00b0, correct to the nearest degree.",4
0607_w19_qp_42.json,11(b)(ii),trigonometry,high,607,w,Oct/Nov,2019,4,calculator,2,Calculate angle BCD.,5
0607_w19_qp_42.json,12(a),functions,high,607,w,Oct/Nov,2019,4,calculator,2,"On the diagram, sketch the graph of y = f(x), where f(x) = \frac{1}{x(x-1)(x+1)} for values of x between -3 and 3.",4
0607_w19_qp_42.json,12(b),functions,high,607,w,Oct/Nov,2019,4,calculator,2,Write down the equations of the asymptotes.,3
0607_w19_qp_42.json,12(c),functions,high,607,w,Oct/Nov,2019,4,calculator,2,Write down the co-ordinates of the local maximum.,2
0607_w19_qp_42.json,12(d),functions,high,607,w,Oct/Nov,2019,4,calculator,2,The line y = 2x + 1 intersects the curve y = f(x) twice. Find the value of the x co-ordinate of each point of intersection.,2
0607_w19_qp_43.json,1(a),topics in arithmetic,high,607,w,Oct/Nov,2019,4,calculator,3,Aisha invests $12000 at a compound interest rate of 3.5% per year. Calculate the value of her investment at the end of 4 years.,3
0607_w19_qp_43.json,1(b),topics in arithmetic,high,607,w,Oct/Nov,2019,4,calculator,3,"2 years ago, Byron invested $P at a compound interest rate of 3% per year. The value of his investment is now $10078.55. Calculate the value of P.",3
0607_w19_qp_43.json,1(c),topics in arithmetic,high,607,w,Oct/Nov,2019,4,calculator,3,5 years ago Cheng invested $Q at a simple interest rate of 4% per year. The value of his investment is now $20400. Calculate the value of Q.,3
0607_w19_qp_43.json,2(a),statistics,high,607,w,Oct/Nov,2019,4,calculator,3,Find the mode,1
0607_w19_qp_43.json,2(b),statistics,high,607,w,Oct/Nov,2019,4,calculator,3,Find the range,1
0607_w19_qp_43.json,2(c),statistics,high,607,w,Oct/Nov,2019,4,calculator,3,Find the median,1
0607_w19_qp_43.json,2(d),statistics,high,607,w,Oct/Nov,2019,4,calculator,3,Find the inter-quartile range,2
0607_w19_qp_43.json,2(e),statistics,high,607,w,Oct/Nov,2019,4,calculator,3,Find the mean,2
0607_w19_qp_43.json,3(a),functions,high,607,w,Oct/Nov,2019,4,calculator,3,"On the diagram, sketch the graph of y = f(x).",2
0607_w19_qp_43.json,3(b),functions,high,607,w,Oct/Nov,2019,4,calculator,3,Find the zeros of f(x).,3
0607_w19_qp_43.json,3(c),functions,high,607,w,Oct/Nov,2019,4,calculator,3,Find the co-ordinates of the local maximum.,1
0607_w19_qp_43.json,3(d),functions,high,607,w,Oct/Nov,2019,4,calculator,3,Find the co-ordinates of the local minimum.,2
0607_w19_qp_43.json,3(e),functions,high,607,w,Oct/Nov,2019,4,calculator,3,The equation 2x^3 - 5x^2 + 3 = k has three solutions. Find the range of values of k.,2
0607_w19_qp_43.json,4(a),statistics,high,607,w,Oct/Nov,2019,4,calculator,3,Complete the scatter diagram. The first five points have been plotted for you.,2
0607_w19_qp_43.json,4(b),statistics,high,607,w,Oct/Nov,2019,4,calculator,3,Write down the type of correlation shown by the scatter diagram.,1
0607_w19_qp_43.json,4(c),statistics,high,607,w,Oct/Nov,2019,4,calculator,3,Find the equation of the regression line. Write the answer in the form p = am + b.,2
0607_w19_qp_43.json,4(d),statistics,high,607,w,Oct/Nov,2019,4,calculator,3,A student was absent for the physics examination but gained 56 marks in the mathematics examination. Use your answer to part (c) to estimate a physics mark for this student.,1
0607_w19_qp_43.json,4(e),statistics,high,607,w,Oct/Nov,2019,4,calculator,3,The school decided that the physics examination was too difficult and added 5 marks to each of the physics marks. Write down the new equation of the regression line.,1
0607_w19_qp_43.json,5(a),transformations,high,607,w,Oct/Nov,2019,4,calculator,3,Reflect triangle A in the line y = 1.,2
0607_w19_qp_43.json,5(b),transformations,high,607,w,Oct/Nov,2019,4,calculator,3,"Rotate triangle B through 90° clockwise about (1, 0).",3
0607_w19_qp_43.json,5(c),transformations,high,607,w,Oct/Nov,2019,4,calculator,3,Describe fully the single transformation that maps triangle A onto triangle B.,3
0607_w19_qp_43.json,5(d),transformations,high,607,w,Oct/Nov,2019,4,calculator,3,Describe fully the single transformation that maps triangle B onto triangle C.,3
0607_w19_qp_43.json,6(a),straight lines,high,607,w,Oct/Nov,2019,4,calculator,3,"P is the point (3, 5) and Q is the point (7, -2). Q is the midpoint of PR. Find the co-ordinates of the point R.",2
0607_w19_qp_43.json,6(b)(i),vectors,high,607,w,Oct/Nov,2019,4,calculator,3,"Find vector AB in terms of a and b, in their simplest form.",1
0607_w19_qp_43.json,6(b)(ii),vectors,high,607,w,Oct/Nov,2019,4,calculator,3,"Find vector OC in terms of a and b, in their simplest form.",3
0607_w19_qp_43.json,7(a)(i),mensuration,high,607,w,Oct/Nov,2019,4,calculator,3,Find the volume of the hemisphere.,2
0607_w19_qp_43.json,7(a)(ii),mensuration,high,607,w,Oct/Nov,2019,4,calculator,3,Find the volume of the cone.,2
0607_w19_qp_43.json,7(a)(iii),mensuration,high,607,w,Oct/Nov,2019,4,calculator,3,Each cubic centimetre of the hemisphere has a mass of 7.85 g. Each cubic centimetre of the cone has a mass of 0.65 g. Find the total mass of the toy.,2
0607_w19_qp_43.json,7(b),mensuration,high,607,w,Oct/Nov,2019,4,calculator,3,Find the total surface area of the toy.,5
0607_w19_qp_43.json,7(c),similarity,high,607,w,Oct/Nov,2019,4,calculator,3,The height of the cone on a similar toy is 9 cm. Find the total surface area of this toy.,2
0607_w19_qp_43.json,8(a),sets and Venn diagrams,high,607,w,Oct/Nov,2019,4,calculator,3,Complete the Venn diagram.,2
0607_w19_qp_43.json,8(b),sets and Venn diagrams,high,607,w,Oct/Nov,2019,4,calculator,3,Write down the number of members who do not like any of these three types of dancing.,1
0607_w19_qp_43.json,8(c),probability,high,607,w,Oct/Nov,2019,4,calculator,3,Two of the 90 members are chosen at random. Find the probability that they both like Ballroom and Latin but not Modern.,2
0607_w19_qp_43.json,8(d),probability,high,607,w,Oct/Nov,2019,4,calculator,3,Two of the members who like Ballroom are chosen. Find the probability that one of these members likes Latin but not Modern and the other likes Modern but not Latin.,3
0607_w19_qp_43.json,9(a),trigonometry,high,607,w,Oct/Nov,2019,4,calculator,3,"Show that BC = 12.73 cm, correct to 2 decimal places.",3
0607_w19_qp_43.json,9(b),circle theorems,high,607,w,Oct/Nov,2019,4,calculator,3,Explain why angle BON = 58°.,1
0607_w19_qp_43.json,9(c),trigonometry,high,607,w,Oct/Nov,2019,4,calculator,3,"Calculate OB, the radius of the circle.",3
0607_w19_qp_43.json,9(d),circle theorems,high,607,w,Oct/Nov,2019,4,calculator,3,Calculate the area of the shaded segment.,3
0607_w19_qp_43.json,10(a),expanding and factorising,high,607,w,Oct/Nov,2019,4,calculator,3,"Write down an expression, in terms of x, for the width of the rectangle.",1
0607_w19_qp_43.json,10(b),expanding and factorising,high,607,w,Oct/Nov,2019,4,calculator,3,The perimeter of the rectangle is 118. Show that 2x^2 - 53x + 336 = 0.,3
0607_w19_qp_43.json,10(c),solving quadratic equations,high,607,w,Oct/Nov,2019,4,calculator,3,Solve the equation 2x^2 - 53x + 336 = 0. Show all your working.,3
0607_w19_qp_43.json,10(d),solving quadratic equations,high,607,w,Oct/Nov,2019,4,calculator,3,Find the length and the width of the rectangle.,2
0607_w19_qp_43.json,11(a)(i),exponents and surds,high,607,w,Oct/Nov,2019,4,calculator,3,Simplify (a^5 × a^4) / a^3.,2
0607_w19_qp_43.json,11(a)(ii),logarithms,high,607,w,Oct/Nov,2019,4,calculator,3,Simplify log_5(5^x).,1
0607_w19_qp_43.json,11(a)(iii),logarithms,high,607,w,Oct/Nov,2019,4,calculator,3,Simplify log_9(3^x).,1
0607_w19_qp_43.json,11(b),logarithms,high,607,w,Oct/Nov,2019,4,calculator,3,Solve 3 log 10 - 2 log 5 = log x.,2
0607_w19_qp_43.json,12(a),functions,high,607,w,Oct/Nov,2019,4,calculator,3,"On the diagram, sketch the graph of y = f(x) for values of x between -8 and 8.",3
0607_w19_qp_43.json,12(b),functions,high,607,w,Oct/Nov,2019,4,calculator,3,Write down the equations of the asymptotes.,3
0607_w19_qp_43.json,12(c)(i),functions,high,607,w,Oct/Nov,2019,4,calculator,3,"On the diagram, sketch the graph of y = g(x) for -6 ≤ x ≤ 8.",1
0607_w19_qp_43.json,12(c)(ii),functions,high,607,w,Oct/Nov,2019,4,calculator,3,Solve f(x) = g(x).,3
0607_w19_qp_43.json,12(c)(iii),inequalities,high,607,w,Oct/Nov,2019,4,calculator,3,Solve f(x) > g(x).,3
0607_w19_qp_43.json,13(a),functions,high,607,w,Oct/Nov,2019,4,calculator,3,Find g(-4).,1
0607_w19_qp_43.json,13(b),functions,high,607,w,Oct/Nov,2019,4,calculator,3,Find f^(-1)(-7).,2
0607_w19_qp_43.json,13(c),functions,high,607,w,Oct/Nov,2019,4,calculator,3,Find g(f(3)).,2
0607_w19_qp_43.json,13(d),functions,high,607,w,Oct/Nov,2019,4,calculator,3,Find and simplify f(g(x)).,2
0607_w19_qp_43.json,13(e),functions,high,607,w,Oct/Nov,2019,4,calculator,3,Find and simplify g^(-1)(x).,2
0607_w19_qp_43.json,13(f),functions,high,607,w,Oct/Nov,2019,4,calculator,3,"Write as a single fraction, simplifying your answer: 2 + 3 / f(x).",2
0607_w20_qp_21.json,1,topics in arithmetic,high,607,w,Oct/Nov,2020,2,non_calculator,1,"Work out.
1 + 2 - 3 × 4",1
0607_w20_qp_21.json,2,topics in arithmetic,high,607,w,Oct/Nov,2020,2,non_calculator,1,"Work out.
-48 ÷ -8",1
0607_w20_qp_21.json,3,topics in arithmetic,high,607,w,Oct/Nov,2020,2,non_calculator,1,"Simplify fully.
\frac{5x}{12} × \frac{4}{15x}",2
0607_w20_qp_21.json,4,solving linear equations,high,607,w,Oct/Nov,2020,2,non_calculator,1,"Solve.
-3(1 - 4x) = 9",3
0607_w20_qp_21.json,5,topics in arithmetic,high,607,w,Oct/Nov,2020,2,non_calculator,1,Divide 120 in the ratio 3 : 5.,2
0607_w20_qp_21.json,6,statistics,high,607,w,Oct/Nov,2020,2,non_calculator,1,"The mean of 5 numbers is 12.
The mean of 3 of these numbers is 8.
Find the mean of the other two numbers.",3
0607_w20_qp_21.json,7,variation and proportion,high,607,w,Oct/Nov,2020,2,non_calculator,1,"y varies inversely as x.
When x = 3, y = 16.
Find x when y = 6.",3
0607_w20_qp_21.json,8(a),vectors,high,607,w,Oct/Nov,2020,2,non_calculator,1,"a = \begin{pmatrix} -4 \\ -3 \end{pmatrix}, \quad b = \begin{pmatrix} 2 \\ -1 \end{pmatrix}

Find a - 3b.",2
0607_w20_qp_21.json,8(b),vectors,high,607,w,Oct/Nov,2020,2,non_calculator,1,Find the magnitude of \begin{pmatrix} -4 \\ -3 \end{pmatrix}.,2
0607_w20_qp_21.json,9(a),topics in arithmetic,high,607,w,Oct/Nov,2020,2,non_calculator,1,"A shop has a sale and all prices are reduced by 20%.
The original price of a shirt is $16.
Find the sale price of the shirt.",2
0607_w20_qp_21.json,9(b),topics in arithmetic,high,607,w,Oct/Nov,2020,2,non_calculator,1,"The sale price of a dress is $40.
Find the original price of the dress.",2
0607_w20_qp_21.json,10(a),expanding and factorising,high,607,w,Oct/Nov,2020,2,non_calculator,1,"Factorise.
8x + 14",1
0607_w20_qp_21.json,10(b),expanding and factorising,high,607,w,Oct/Nov,2020,2,non_calculator,1,"Factorise.
8x^2 - 6bx^3",2
0607_w20_qp_21.json,10(c),expanding and factorising,high,607,w,Oct/Nov,2020,2,non_calculator,1,"Factorise.
6ax + 9ay - 8bx - 12by",2
0607_w20_qp_21.json,11,exponents and surds,high,607,w,Oct/Nov,2020,2,non_calculator,1,Work out 4^{-\frac{3}{2}}.,2
0607_w20_qp_21.json,12(a),statistics,high,607,w,Oct/Nov,2020,2,non_calculator,1,"The table shows the marks of 80 students in an examination.
Mark (x): 0 < x ≤ 10 (Frequency: 8)
10 < x ≤ 15 (Frequency: 16)
15 < x ≤ 20 (Frequency: 25)
20 < x ≤ 30 (Frequency: 17)
30 < x ≤ 50 (Frequency: 14)

On the grid, draw a cumulative frequency curve to show this information.",4
0607_w20_qp_21.json,12(b),statistics,high,607,w,Oct/Nov,2020,2,non_calculator,1,Use your graph to estimate the median mark of the students.,1
0607_w20_qp_21.json,13,straight lines,high,607,w,Oct/Nov,2020,2,non_calculator,1,"A is the point (1, 7) and B is the point (4, 1).
Find the equation of the perpendicular bisector of AB in the form y = mx + c.",5
0607_w20_qp_22.json,1,angles,high,607,w,Oct/Nov,2020,2,non_calculator,2,"A quadrilateral has rotational symmetry of order two, two lines of symmetry and its angles are not right angles.
What is the special name of this quadrilateral?",1
0607_w20_qp_22.json,2,topics in arithmetic,high,607,w,Oct/Nov,2020,2,non_calculator,2,Work out the exact value of \sqrt{2\frac{7}{9}}.,2
0607_w20_qp_22.json,3(a),sequences,high,607,w,Oct/Nov,2020,2,non_calculator,2,Write down the next term.,1
0607_w20_qp_22.json,3(b),sequences,high,607,w,Oct/Nov,2020,2,non_calculator,2,"Find an expression, in terms of n, for the nth term of the sequence.",2
0607_w20_qp_22.json,4,exponents and surds,high,607,w,Oct/Nov,2020,2,non_calculator,2,Work out (64)^{-\frac{2}{3}}.,2
0607_w20_qp_22.json,5,solving linear equations,high,607,w,Oct/Nov,2020,2,non_calculator,2,"v = u + at
Find v when u = 5, a = -3 and t = 4.",2
0607_w20_qp_22.json,6,mensuration,high,607,w,Oct/Nov,2020,2,non_calculator,2,"The four vertices of the rectangle each lie on the circle.
Find the shaded area.
Give your answer, in terms of \pi, in its simplest form.",4
0607_w20_qp_22.json,7,statistics,high,607,w,Oct/Nov,2020,2,non_calculator,2,"5 numbers have a mean of 12.
When a 6th number is included the mean is 9.
Work out the 6th number.",2
0607_w20_qp_22.json,8(a),topics in arithmetic,high,607,w,Oct/Nov,2020,2,non_calculator,2,Write 360 as a product of its prime factors.,2
0607_w20_qp_22.json,8(b),topics in arithmetic,high,607,w,Oct/Nov,2020,2,non_calculator,2,Find the highest common factor (HCF) of 540 and 360.,1
0607_w20_qp_22.json,8(c),topics in arithmetic,high,607,w,Oct/Nov,2020,2,non_calculator,2,"540n is a cube number.
Find the smallest possible value of n.",1
0607_w20_qp_22.json,9(a),probability,high,607,w,Oct/Nov,2020,2,non_calculator,2,Write down the relative frequency of a silver car.,1
0607_w20_qp_22.json,9(b),probability,high,607,w,Oct/Nov,2020,2,non_calculator,2,Explain why it is reasonable to use the answer to part (a) as the probability that the next car which passes will be silver.,1
0607_w20_qp_22.json,9(c),probability,high,607,w,Oct/Nov,2020,2,non_calculator,2,"Over the whole day 1200 vehicles pass Pierre's home.
Estimate the number of these cars that are silver.",1
0607_w20_qp_22.json,10(a),expanding and factorising,high,607,w,Oct/Nov,2020,2,non_calculator,2,Factorise x^2 - x - 6.,2
0607_w20_qp_22.json,10(b),expanding and factorising,high,607,w,Oct/Nov,2020,2,non_calculator,2,Factorise 3ax + 2bx - 4by - 6ay.,2
0607_w20_qp_22.json,11(a),sets and Venn diagrams,high,607,w,Oct/Nov,2020,2,non_calculator,2,"In each Venn diagram, shade the given set.",2
0607_w20_qp_22.json,11(b)(i),sets and Venn diagrams,high,607,w,Oct/Nov,2020,2,non_calculator,2,Find n(P \cup (Q \cap R)),1
0607_w20_qp_22.json,11(b)(ii),sets and Venn diagrams,high,607,w,Oct/Nov,2020,2,non_calculator,2,Find n((P \cup Q) \cap R'),1
0607_w20_qp_22.json,12(a),circle theorems,high,607,w,Oct/Nov,2020,2,non_calculator,2,Find angle ADC,1
0607_w20_qp_22.json,12(b),circle theorems,high,607,w,Oct/Nov,2020,2,non_calculator,2,Find angle ACP,1
0607_w20_qp_22.json,12(c),circle theorems,high,607,w,Oct/Nov,2020,2,non_calculator,2,Find angle PCB,1
0607_w20_qp_22.json,13(a),logarithms,high,607,w,Oct/Nov,2020,2,non_calculator,2,Find \log_3 \left(\frac{1}{9}\right),1
0607_w20_qp_22.json,13(b),logarithms,high,607,w,Oct/Nov,2020,2,non_calculator,2,Solve \log x + 2 \log 5 = \log 15,2
0607_w20_qp_22.json,14,variation and proportion,medium,607,w,Oct/Nov,2020,2,non_calculator,2,"A rectangular piece of paper has sides of length a cm and b cm.
The paper is cut in half.
The ratio of the length of the longer side to the length of the shorter side in both pieces of paper is the same.
Find a in terms of b.",3
0607_w20_qp_23.json,1,topics in arithmetic,high,607,w,Oct/Nov,2020,2,non_calculator,3,Work out (0.2)^3.,1
0607_w20_qp_23.json,2,solving linear equations,high,607,w,Oct/Nov,2020,2,non_calculator,3,"Solve the equation.

2x - 7 = -3",2
0607_w20_qp_23.json,3,topics in arithmetic,high,607,w,Oct/Nov,2020,2,non_calculator,3,"Work out 5/6 ÷ 15/16.
Give your answer as a fraction in its lowest terms.",2
0607_w20_qp_23.json,4,inequalities,high,607,w,Oct/Nov,2020,2,non_calculator,3,Find the integer values of x when -1 <= x < 3.,2
0607_w20_qp_23.json,5,simultaneous equations,high,607,w,Oct/Nov,2020,2,non_calculator,3,"Solve the simultaneous equations.
2p - 3q = 7
p + 3q = 2",2
0607_w20_qp_23.json,6,mensuration,high,607,w,Oct/Nov,2020,2,non_calculator,3,"Find the area of the sector.
Give your answer, in terms of π, in its simplest form.",2
0607_w20_qp_23.json,7,trigonometry,high,607,w,Oct/Nov,2020,2,non_calculator,3,"Find, as a fraction, the value of sin y.",3
0607_w20_qp_23.json,8(a),exponents and surds,high,607,w,Oct/Nov,2020,2,non_calculator,3,Find the value of (1/2)^-3,1
0607_w20_qp_23.json,8(b),logarithms,high,607,w,Oct/Nov,2020,2,non_calculator,3,Find the value of log₅ 125.,1
0607_w20_qp_23.json,9,exponents and surds,high,607,w,Oct/Nov,2020,2,non_calculator,3,Simplify 4x⁴ × 5x⁵.,2
0607_w20_qp_23.json,10,solving linear equations,high,607,w,Oct/Nov,2020,2,non_calculator,3,"J = m(k² + h²)
Rearrange the formula to make h the subject.",3
0607_w20_qp_23.json,11,Pythagoras,medium,607,w,Oct/Nov,2020,2,non_calculator,3,Find the value of x².,3
0607_w20_qp_23.json,12,angles,high,607,w,Oct/Nov,2020,2,non_calculator,3,"In the diagram, A, B and C are points on parallel lines.
AC = BC.
Work out the value of y.",3
0607_w20_qp_23.json,13,exponents and surds,high,607,w,Oct/Nov,2020,2,non_calculator,3,"(2√3 - 3√2)² = p + q√6
Find the value of p and the value of q.",3
0607_w20_qp_23.json,14,variation and proportion,high,607,w,Oct/Nov,2020,2,non_calculator,3,"y varies inversely as (x - 3)².
When x = 1, y = 4.
Find y in terms of x.",2
0607_w20_qp_23.json,15,logarithms,high,607,w,Oct/Nov,2020,2,non_calculator,3,"log x = 2 log 3 - 5 log 2
Find the value of x.",2
0607_w20_qp_23.json,16(a),trigonometry,high,607,w,Oct/Nov,2020,2,non_calculator,3,"α is acute and tan α = x.
Find, in terms of x,
tan(180 - α),",1
0607_w20_qp_23.json,16(b),trigonometry,high,607,w,Oct/Nov,2020,2,non_calculator,3,"α is acute and tan α = x.
Find, in terms of x,
tan(90 - α).",1
0607_w20_qp_23.json,17,expanding and factorising,high,607,w,Oct/Nov,2020,2,non_calculator,3,"Simplify.
(3x - 6y - ax + 2ay) / (x³ - 2x²y)",4
0607_w20_qp_41.json,1(a),statistics,high,607,w,Oct/Nov,2020,4,calculator,1,What type of correlation is there between the chemistry mark and the physics mark?,1
0607_w20_qp_41.json,1(b)(i),statistics,high,607,w,Oct/Nov,2020,4,calculator,1,"Find the mean chemistry mark,",1
0607_w20_qp_41.json,1(b)(ii),statistics,high,607,w,Oct/Nov,2020,4,calculator,1,Find the mean physics mark.,1
0607_w20_qp_41.json,1(c)(i),statistics,high,607,w,Oct/Nov,2020,4,calculator,1,Find the equation of the regression line for y in terms of x.,2
0607_w20_qp_41.json,1(c)(ii),statistics,high,607,w,Oct/Nov,2020,4,calculator,1,Another student scored 40 in the chemistry examination but was absent for the physics examination. Estimate a physics mark for this student.,1
0607_w20_qp_41.json,2(a)(i),topics in arithmetic,high,607,w,Oct/Nov,2020,4,calculator,1,"Write the number 25.0467 correct to 1 decimal place,",1
0607_w20_qp_41.json,2(a)(ii),topics in arithmetic,high,607,w,Oct/Nov,2020,4,calculator,1,"Write the number 25.0467 correct to 3 significant figures,",1
0607_w20_qp_41.json,2(a)(iii),topics in arithmetic,high,607,w,Oct/Nov,2020,4,calculator,1,"Write the number 25.0467 correct to the nearest 10,",1
0607_w20_qp_41.json,2(a)(iv),topics in arithmetic,high,607,w,Oct/Nov,2020,4,calculator,1,"Write the number 25.0467 correct to the nearest 0.001,",1
0607_w20_qp_41.json,2(a)(v),topics in arithmetic,high,607,w,Oct/Nov,2020,4,calculator,1,Write the number 25.0467 in standard form.,1
0607_w20_qp_41.json,2(b)(i),topics in arithmetic,high,607,w,Oct/Nov,2020,4,calculator,1,"Change 20 cm into metres,",1
0607_w20_qp_41.json,2(b)(ii),topics in arithmetic,high,607,w,Oct/Nov,2020,4,calculator,1,"Change 20 m^2 into square centimetres,",1
0607_w20_qp_41.json,2(b)(iii),topics in arithmetic,high,607,w,Oct/Nov,2020,4,calculator,1,Change 18 km/h into metres per second.,2
0607_w20_qp_41.json,3(a),simultaneous equations,high,607,w,Oct/Nov,2020,4,calculator,1,"Solve the simultaneous equations. You must show all your working. 2x + 5y = -12, 7x - 3y = -1",4
0607_w20_qp_41.json,3(b),solving quadratic equations,high,607,w,Oct/Nov,2020,4,calculator,1,Solve (4x - 1)(2x + 3) = -5. You must show all your working.,5
0607_w20_qp_41.json,4(a)(i),transformations,high,607,w,Oct/Nov,2020,4,calculator,1,Describe fully the single transformation that maps triangle A onto triangle B.,3
0607_w20_qp_41.json,4(a)(ii),transformations,high,607,w,Oct/Nov,2020,4,calculator,1,Describe fully the single transformation that maps triangle A onto triangle C.,3
0607_w20_qp_41.json,4(a)(iii),transformations,high,607,w,Oct/Nov,2020,4,calculator,1,"On the grid, draw the stretch of triangle A, scale factor 2, y-axis invariant.",2
0607_w20_qp_41.json,4(b)(i),transformations,high,607,w,Oct/Nov,2020,4,calculator,1,"Describe fully the single transformation that is the inverse of a reflection in y = 2,",1
0607_w20_qp_41.json,4(b)(ii),transformations,high,607,w,Oct/Nov,2020,4,calculator,1,"Describe fully the single transformation that is the inverse of a translation with vector (-5, 2).",2
0607_w20_qp_41.json,5(a),circle theorems,high,607,w,Oct/Nov,2020,4,calculator,1,"Find the value of angle OBX,",1
0607_w20_qp_41.json,5(b),circle theorems,high,607,w,Oct/Nov,2020,4,calculator,1,"Find the value of angle AOB,",2
0607_w20_qp_41.json,5(c),circle theorems,high,607,w,Oct/Nov,2020,4,calculator,1,"Find the value of angle CAO,",2
0607_w20_qp_41.json,5(d),circle theorems,high,607,w,Oct/Nov,2020,4,calculator,1,"Find the value of angle CDA,",2
0607_w20_qp_41.json,5(e),circle theorems,high,607,w,Oct/Nov,2020,4,calculator,1,"Find the value of angle DAC,",2
0607_w20_qp_41.json,5(f),circle theorems,high,607,w,Oct/Nov,2020,4,calculator,1,Find the value of angle CTB.,2
0607_w20_qp_41.json,6(a),sequences,high,607,w,Oct/Nov,2020,4,calculator,1,"Find the next term and the nth term in the sequence: 125, 64, 27, 8, 1, ...",3
0607_w20_qp_41.json,6(b),sequences,high,607,w,Oct/Nov,2020,4,calculator,1,"Find the next term and the nth term in the sequence: 6, 12, 20, 30, 42, ...",4
0607_w20_qp_41.json,7(a),functions,high,607,w,Oct/Nov,2020,4,calculator,1,"On the diagram, sketch the graph of y = f(x), for values of x between -1.5 and 1.5.",3
0607_w20_qp_41.json,7(b),functions,high,607,w,Oct/Nov,2020,4,calculator,1,Write down the equation of the asymptote of the graph.,1
0607_w20_qp_41.json,7(c),functions,high,607,w,Oct/Nov,2020,4,calculator,1,Solve the equation f(x) = 2 for values of x between -1.5 and 0.,2
0607_w20_qp_41.json,7(d),inequalities,high,607,w,Oct/Nov,2020,4,calculator,1,Solve the inequality f(x) + x^2 <= 2 for values of x between -1.5 and 1.5.,3
0607_w20_qp_41.json,8(a),trigonometry,high,607,w,Oct/Nov,2020,4,calculator,1,"Find AC,",2
0607_w20_qp_41.json,8(b),trigonometry,high,607,w,Oct/Nov,2020,4,calculator,1,"Find ED,",2
0607_w20_qp_41.json,8(c),trigonometry,high,607,w,Oct/Nov,2020,4,calculator,1,"Find angle EAD,",2
0607_w20_qp_41.json,8(d),trigonometry,high,607,w,Oct/Nov,2020,4,calculator,1,Find angle FAC.,2
0607_w20_qp_41.json,9(a)(i),mensuration,high,607,w,Oct/Nov,2020,4,calculator,1,"Find the volume of the solid,",3
0607_w20_qp_41.json,9(a)(ii),similarity,high,607,w,Oct/Nov,2020,4,calculator,1,Find the volume of a similar solid where the radius of the hemisphere is 3 cm.,2
0607_w20_qp_41.json,9(b)(i),mensuration,high,607,w,Oct/Nov,2020,4,calculator,1,"Find the total surface area of the original solid,",3
0607_w20_qp_41.json,9(b)(ii),similarity,high,607,w,Oct/Nov,2020,4,calculator,1,Find the total surface area of a similar solid where the radius of the hemisphere is 6 cm.,2
0607_w20_qp_41.json,10(a),trigonometry,high,607,w,Oct/Nov,2020,4,calculator,1,Find AC.,3
0607_w20_qp_41.json,10(b),trigonometry,high,607,w,Oct/Nov,2020,4,calculator,1,"Show that angle DAC = 57°, correct to the nearest degree.",3
0607_w20_qp_41.json,10(c),trigonometry,high,607,w,Oct/Nov,2020,4,calculator,1,Find BC.,3
0607_w20_qp_41.json,10(d),trigonometry,high,607,w,Oct/Nov,2020,4,calculator,1,Find the area of quadrilateral ABCD.,4
0607_w20_qp_41.json,11(a)(i),probability,high,607,w,Oct/Nov,2020,4,calculator,1,Find the probability that the ball chosen is not black.,1
0607_w20_qp_41.json,11(a)(ii),probability,high,607,w,Oct/Nov,2020,4,calculator,1,This experiment is carried out 1440 times. Find the expected number of times the ball chosen is not black.,1
0607_w20_qp_41.json,11(b)(i),probability,high,607,w,Oct/Nov,2020,4,calculator,1,"Find the probability that the balls chosen are both white,",2
0607_w20_qp_41.json,11(b)(ii),probability,high,607,w,Oct/Nov,2020,4,calculator,1,"Find the probability that the balls chosen are both the same colour,",3
0607_w20_qp_41.json,11(b)(iii),probability,high,607,w,Oct/Nov,2020,4,calculator,1,Find the probability that the balls chosen are different colours.,1
0607_w20_qp_41.json,11(c)(i),probability,high,607,w,Oct/Nov,2020,4,calculator,1,"Find the probability that the first ball is not black, the second ball is black and the third ball is white.",3
0607_w20_qp_41.json,11(c)(ii),probability,high,607,w,Oct/Nov,2020,4,calculator,1,Find the probability that exactly two of the balls are red.,4
0607_w20_qp_41.json,12(a),solving linear equations,high,607,w,Oct/Nov,2020,4,calculator,1,Solve the equation 6 - (2/x) = -2,3
0607_w20_qp_41.json,12(b),solving linear equations,high,607,w,Oct/Nov,2020,4,calculator,1,Solve the equation 3 + 2(4x + 5) = 1 - 2(x + 8),3
0607_w20_qp_41.json,12(c),logarithms,high,607,w,Oct/Nov,2020,4,calculator,1,Solve the equation 3 log x + 2 log 3 = 2 log 6 + log 2,3
0607_w20_qp_41.json,12(d),logarithms,high,607,w,Oct/Nov,2020,4,calculator,1,Solve the equation 2^x = 10,3
0607_w20_qp_42.json,1(a),topics in arithmetic,high,607,w,Oct/Nov,2020,4,calculator,2,Calculate the price when it was new.,2
0607_w20_qp_42.json,1(b)(i),topics in arithmetic,high,607,w,Oct/Nov,2020,4,calculator,2,"Using Option 1, find how much Asif would pay in total for the car.",3
0607_w20_qp_42.json,1(b)(ii),topics in arithmetic,high,607,w,Oct/Nov,2020,4,calculator,2,By how much is Option 2 cheaper than Option 1?,4
0607_w20_qp_42.json,2(a),transformations,high,607,w,Oct/Nov,2020,4,calculator,2,Describe fully the single transformation that maps triangle A onto triangle B.,2
0607_w20_qp_42.json,2(b),transformations,high,607,w,Oct/Nov,2020,4,calculator,2,Reflect triangle A in the line y = -x. Label the image C.,2
0607_w20_qp_42.json,2(c),transformations,high,607,w,Oct/Nov,2020,4,calculator,2,"Rotate triangle A through 90° clockwise about centre (1, -1). Label the image D.",2
0607_w20_qp_42.json,2(d),transformations,high,607,w,Oct/Nov,2020,4,calculator,2,Describe fully the single transformation that maps triangle C onto triangle D.,2
0607_w20_qp_42.json,2(e),transformations,high,607,w,Oct/Nov,2020,4,calculator,2,Describe fully the single transformation that maps triangle A onto triangle E.,3
0607_w20_qp_42.json,3(a),statistics,high,607,w,Oct/Nov,2020,4,calculator,2,Complete the scatter diagram. The first five points have been plotted for you.,2
0607_w20_qp_42.json,3(b),statistics,high,607,w,Oct/Nov,2020,4,calculator,2,What type of correlation is shown in your scatter diagram?,1
0607_w20_qp_42.json,3(c),statistics,high,607,w,Oct/Nov,2020,4,calculator,2,Find the equation of the regression line for y in terms of x.,2
0607_w20_qp_42.json,3(d),statistics,high,607,w,Oct/Nov,2020,4,calculator,2,Use your answer to part (c) to estimate the fuel consumption for a car with engine capacity 2.8 litres.,1
0607_w20_qp_42.json,4(a),functions,high,607,w,Oct/Nov,2020,4,calculator,2,"On the diagram, sketch the graph of y = f(x).",2
0607_w20_qp_42.json,4(b),functions,high,607,w,Oct/Nov,2020,4,calculator,2,Find the coordinates of the local minimum point.,2
0607_w20_qp_42.json,4(c),functions,high,607,w,Oct/Nov,2020,4,calculator,2,Describe fully the symmetry of the diagram.,3
0607_w20_qp_42.json,4(d)(i),functions,high,607,w,Oct/Nov,2020,4,calculator,2,Solve f(x) = g(x) for -3 <= x <= 3.,3
0607_w20_qp_42.json,4(d)(ii),inequalities,high,607,w,Oct/Nov,2020,4,calculator,2,Use your answers to part(i) to solve f(x) > g(x).,2
0607_w20_qp_42.json,5(a),topics in arithmetic,high,607,w,Oct/Nov,2020,4,calculator,2,Find the average speed of the plane in km/h.,2
0607_w20_qp_42.json,5(b),topics in arithmetic,high,607,w,Oct/Nov,2020,4,calculator,2,The plane leaves London at 13 15. The time in Perth is 8 hours ahead of the time in London. Find the time in Perth when the plane lands.,3
0607_w20_qp_42.json,5(c),topics in arithmetic,high,607,w,Oct/Nov,2020,4,calculator,2,"The cost, in pounds (£), of the flight is £827.75. The exchange rate is 1 Australian dollar = £0.55. Calculate the cost of the flight in Australian dollars.",2
0607_w20_qp_42.json,6(a),trigonometry,high,607,w,Oct/Nov,2020,4,calculator,2,"Show that angle BAC = 31.6°, correct to 1 decimal place.",3
0607_w20_qp_42.json,6(b),trigonometry,high,607,w,Oct/Nov,2020,4,calculator,2,Find the bearing of D from A.,3
0607_w20_qp_42.json,6(c),trigonometry,high,607,w,Oct/Nov,2020,4,calculator,2,Find the shortest distance from B to AC.,2
0607_w20_qp_42.json,6(d),trigonometry,high,607,w,Oct/Nov,2020,4,calculator,2,Find the total area of the field ABCD.,3
0607_w20_qp_42.json,7(a),straight lines,high,607,w,Oct/Nov,2020,4,calculator,2,Find the length AB.,3
0607_w20_qp_42.json,7(b),straight lines,high,607,w,Oct/Nov,2020,4,calculator,2,Find the equation of the line AB. Give your answer in the form y = mx + c.,3
0607_w20_qp_42.json,7(c),straight lines,high,607,w,Oct/Nov,2020,4,calculator,2,"C is the point (8, 2). Find the equation of the line perpendicular to AB which passes through C. Give your answer in the form y = mx + c.",3
0607_w20_qp_42.json,7(d),straight lines,high,607,w,Oct/Nov,2020,4,calculator,2,Find the coordinates of the point where the line in part (c) intersects AB.,2
0607_w20_qp_42.json,7(e)(i),straight lines,high,607,w,Oct/Nov,2020,4,calculator,2,Find the coordinates of D.,2
0607_w20_qp_42.json,7(e)(ii),straight lines,high,607,w,Oct/Nov,2020,4,calculator,2,What is the special name of quadrilateral ACBD?,1
0607_w20_qp_42.json,7(f),straight lines,high,607,w,Oct/Nov,2020,4,calculator,2,Find the area of the quadrilateral ACBD.,3
0607_w20_qp_42.json,8(a),probability,high,607,w,Oct/Nov,2020,4,calculator,2,Gustav picks one ball at random from bag A and replaces it. Write down the probability that the ball Gustav picks is black.,1
0607_w20_qp_42.json,8(b)(i),probability,high,607,w,Oct/Nov,2020,4,calculator,2,"both balls are white,",2
0607_w20_qp_42.json,8(b)(ii),probability,high,607,w,Oct/Nov,2020,4,calculator,2,one ball is black and the other ball is white.,3
0607_w20_qp_42.json,8(c),probability,high,607,w,Oct/Nov,2020,4,calculator,2,The balls are returned to their original bags. Jean picks a ball at random from bag A. He then replaces the ball. He continues to do this until he gets a white ball. Find the probability that the first time he gets a white ball is on the 5th pick.,2
0607_w20_qp_42.json,8(d),probability,high,607,w,Oct/Nov,2020,4,calculator,2,The balls are returned to their original bags. Leanne picks a ball at random from bag B. She continues to do this without replacement until she gets a white ball. The probability that she picks the first white ball on her nth attempt is 5/126. Find the value of n.,3
0607_w20_qp_42.json,9(a)(i),statistics,high,607,w,Oct/Nov,2020,4,calculator,2,"the median,",1
0607_w20_qp_42.json,9(a)(ii),statistics,high,607,w,Oct/Nov,2020,4,calculator,2,the interquartile range.,2
0607_w20_qp_42.json,9(b),statistics,high,607,w,Oct/Nov,2020,4,calculator,2,The top 15% of the students gained a grade A in the examination. Estimate the minimum mark for a grade A.,3
0607_w20_qp_42.json,10(a),variation and proportion,high,607,w,Oct/Nov,2020,4,calculator,2,Find y in terms of x.,2
0607_w20_qp_42.json,10(b),variation and proportion,high,607,w,Oct/Nov,2020,4,calculator,2,Find y when x = 0.25.,1
0607_w20_qp_42.json,10(c),variation and proportion,high,607,w,Oct/Nov,2020,4,calculator,2,Find x when y = 5.,2
0607_w20_qp_42.json,10(d),variation and proportion,high,607,w,Oct/Nov,2020,4,calculator,2,"z is proportional to y + 2. When x = 4, z = 84. Find z in terms of x.",3
0607_w20_qp_42.json,11(a),functions,high,607,w,Oct/Nov,2020,4,calculator,2,Solve f(x) = g(x).,2
0607_w20_qp_42.json,11(b),functions,high,607,w,Oct/Nov,2020,4,calculator,2,Find and simplify g(f(x)).,2
0607_w20_qp_42.json,11(c)(i),functions,high,607,w,Oct/Nov,2020,4,calculator,2,Find f(x^2) + g(x^2) simplifying your answer.,2
0607_w20_qp_42.json,11(c)(ii),functions,high,607,w,Oct/Nov,2020,4,calculator,2,Find (f(x) + g(x))^2 giving your answer in the form ax^2 + bx + c.,3
0607_w20_qp_42.json,11(d),functions,high,607,w,Oct/Nov,2020,4,calculator,2,Find f^{-1}(x).,2
0607_w20_qp_42.json,11(e),functions,high,607,w,Oct/Nov,2020,4,calculator,2,Write as a single fraction in its simplest form. 2 / f(x) - 3 / g(x),3
0607_w20_qp_42.json,12(a)(i),vectors,high,607,w,Oct/Nov,2020,4,calculator,2,2a,1
0607_w20_qp_42.json,12(a)(ii),vectors,high,607,w,Oct/Nov,2020,4,calculator,2,-b,1
0607_w20_qp_42.json,12(a)(iii),vectors,high,607,w,Oct/Nov,2020,4,calculator,2,a - 2b,2
0607_w20_qp_42.json,12(b),vectors,high,607,w,Oct/Nov,2020,4,calculator,2,"By solving a pair of simultaneous equations, find the value of p and the value of q. Show all your working.",4
0607_w21_qp_21.json,1(a),topics in arithmetic,high,607,w,Oct/Nov,2021,2,non_calculator,1,Write 4347849 correct to the nearest ten thousand.,1
0607_w21_qp_21.json,1(b),topics in arithmetic,high,607,w,Oct/Nov,2021,2,non_calculator,1,Write 0.0040243 correct to 2 significant figures.,1
0607_w21_qp_21.json,2(a),topics in arithmetic,high,607,w,Oct/Nov,2021,2,non_calculator,1,"From this list, write down a prime number, (List: 90 91 92 93 94 95 96 97 98 99)",1
0607_w21_qp_21.json,2(b),topics in arithmetic,high,607,w,Oct/Nov,2021,2,non_calculator,1,"From this list, write down a common multiple of 4 and 6. (List: 90 91 92 93 94 95 96 97 98 99)",1
0607_w21_qp_21.json,3,transformations,medium,607,w,Oct/Nov,2021,2,non_calculator,1,Draw all the lines of symmetry on each of these shapes.,2
0607_w21_qp_21.json,4,statistics,high,607,w,Oct/Nov,2021,2,non_calculator,1,"The table shows the percentage of students in each of three classes who study physics, chemistry and biology. (Table data: Class H: P=34, C=28, B=38; Class J: P=24, C=18, B=58; Class K: P=46, C=32, B=22). Complete the compound bar chart to show this information.",3
0607_w21_qp_21.json,5,solving linear equations,high,607,w,Oct/Nov,2021,2,non_calculator,1,Solve. 2(4x - 1) = 3(2x + 1),3
0607_w21_qp_21.json,6(a),topics in arithmetic,high,607,w,Oct/Nov,2021,2,non_calculator,1,Write 0.0000586 in standard form.,1
0607_w21_qp_21.json,6(b)(i),exponents and surds,high,607,w,Oct/Nov,2021,2,non_calculator,1,(2 × 10^a) ÷ (8 × 10^b) = k × 10^n where 1 <= k < 10. Find the value of k.,1
0607_w21_qp_21.json,6(b)(ii),exponents and surds,high,607,w,Oct/Nov,2021,2,non_calculator,1,(2 × 10^a) ÷ (8 × 10^b) = k × 10^n where 1 <= k < 10. Write an expression for n in terms of a and b.,1
0607_w21_qp_21.json,7(a),probability,high,607,w,Oct/Nov,2021,2,non_calculator,1,"Mia carries out a survey in a school to find out what students will do when they leave school. (Table: University 112, Job 43, Training 27, Travelling 18, Total 200). Find the relative frequency of university.",1
0607_w21_qp_21.json,7(b)(i),probability,high,607,w,Oct/Nov,2021,2,non_calculator,1,There are 1600 students in this school. Explain why the result in part (a) is a reasonable estimate of the probability that a student from this school will go to university.,1
0607_w21_qp_21.json,7(b)(ii),probability,high,607,w,Oct/Nov,2021,2,non_calculator,1,There are 1600 students in this school. Calculate an estimate for the number of students in this school who will go travelling.,2
0607_w21_qp_21.json,8,simultaneous equations,high,607,w,Oct/Nov,2021,2,non_calculator,1,"Solve the simultaneous equations. 3x - 2y = 12, 5x + y = 7",3
0607_w21_qp_21.json,9,variation and proportion,high,607,w,Oct/Nov,2021,2,non_calculator,1,"y varies inversely as the square of (x + 2). When x = 4, y = 0.5. Find y in terms of x.",2
0607_w21_qp_21.json,10,mensuration,high,607,w,Oct/Nov,2021,2,non_calculator,1,The diagram shows a sector of a circle with radius 6 cm and sector angle 30°. The area of the shaded segment is (aπ - b) cm^2. Find the value of a and the value of b.,3
0607_w21_qp_21.json,11,exponents and surds,high,607,w,Oct/Nov,2021,2,non_calculator,1,In this question all lengths are in centimetres. Find the value of x^2. Give your answer in the form a + b√3 where a and b are integers.,4
0607_w21_qp_21.json,12(a),inequalities,high,607,w,Oct/Nov,2021,2,non_calculator,1,"The diagram shows the lines y = 1/2 x + 1, y = 3x and 3x + 4y = 12. These lines divide the space into 7 regions, A, B, C, D, E, F, and G. Write down the letter of the region which is defined by y <= 1/2 x + 1, y <= 3x and 3x + 4y <= 12.",1
0607_w21_qp_21.json,12(b),inequalities,high,607,w,Oct/Nov,2021,2,non_calculator,1,"The diagram shows the lines y = 1/2 x + 1, y = 3x and 3x + 4y = 12. These lines divide the space into 7 regions, A, B, C, D, E, F, and G. Write down the letter of the region which is defined by y >= 1/2 x + 1, y >= 3x and 3x + 4y <= 12.",1
0607_w21_qp_21.json,13,solving quadratic equations,medium,607,w,Oct/Nov,2021,2,non_calculator,1,The equation of the curve is y = ax^2 + bx - 12. Find the value of a and the value of b.,3
0607_w21_qp_21.json,14(a),logarithms,high,607,w,Oct/Nov,2021,2,non_calculator,1,Solve. log_3 x = 4,1
0607_w21_qp_21.json,14(b),logarithms,high,607,w,Oct/Nov,2021,2,non_calculator,1,Solve. 2 log x - 3 log 2 = log 50,3
0607_w21_qp_22.json,1,topics in arithmetic,high,607,w,Oct/Nov,2021,2,non_calculator,2,Work out. 3 + 7 x 2 + 5,1
0607_w21_qp_22.json,2,transformations,high,607,w,Oct/Nov,2021,2,non_calculator,2,Complete the statement. A parallelogram has rotational symmetry of order ..................... and ..................... lines of symmetry.,2
0607_w21_qp_22.json,3(a),topics in arithmetic,high,607,w,Oct/Nov,2021,2,non_calculator,2,A number is greater than 1. The number is also both a square number and a cube number. Write down a possible value of this number.,1
0607_w21_qp_22.json,3(b),topics in arithmetic,high,607,w,Oct/Nov,2021,2,non_calculator,2,Write down a prime number between 90 and 100.,1
0607_w21_qp_22.json,4,inequalities,high,607,w,Oct/Nov,2021,2,non_calculator,2,Write down the inequality shown on the number line.,1
0607_w21_qp_22.json,5,topics in arithmetic,high,607,w,Oct/Nov,2021,2,non_calculator,2,Work out. 3/4 / 8/9,2
0607_w21_qp_22.json,6,inequalities,high,607,w,Oct/Nov,2021,2,non_calculator,2,|x| < 2 Write down all the integer values of x.,1
0607_w21_qp_22.json,7,angles,high,607,w,Oct/Nov,2021,2,non_calculator,2,The bearing of P from Q is 110°. Find the bearing of Q from P.,2
0607_w21_qp_22.json,8,functions,high,607,w,Oct/Nov,2021,2,non_calculator,2,"On the diagram, sketch the graph of y = 1/x.",2
0607_w21_qp_22.json,9,mensuration,high,607,w,Oct/Nov,2021,2,non_calculator,2,"The diagram shows an arc of a circle, centre O, radius r cm. The length of the arc is kr cm. Find the value of k. Give your answer as a fraction in its simplest form.",2
0607_w21_qp_22.json,10(a),sets and Venn diagrams,high,607,w,Oct/Nov,2021,2,non_calculator,2,Shade the region (P U Q)'.,1
0607_w21_qp_22.json,10(b),sets and Venn diagrams,high,607,w,Oct/Nov,2021,2,non_calculator,2,The Venn diagram shows the number of elements in each region. Find n(R n T').,1
0607_w21_qp_22.json,10(c),sets and Venn diagrams,high,607,w,Oct/Nov,2021,2,non_calculator,2,Use set notation to describe the shaded region.,1
0607_w21_qp_22.json,11,solving linear equations,high,607,w,Oct/Nov,2021,2,non_calculator,2,y = w^2 / 2 Rearrange the formula to make w the subject.,1
0607_w21_qp_22.json,12,exponents and surds,high,607,w,Oct/Nov,2021,2,non_calculator,2,Work out the value of 32^(2/5).,1
0607_w21_qp_22.json,13,circle theorems,high,607,w,Oct/Nov,2021,2,non_calculator,2,AB is a tangent to the circle at T. Find the value of x.,2
0607_w21_qp_22.json,14,exponents and surds,high,607,w,Oct/Nov,2021,2,non_calculator,2,Simplify. sqrt(125) + sqrt(80),2
0607_w21_qp_22.json,15,solving linear equations,high,607,w,Oct/Nov,2021,2,non_calculator,2,Solve. (8 - x)/3 = (x + 1)/2,3
0607_w21_qp_22.json,16,expanding and factorising,high,607,w,Oct/Nov,2021,2,non_calculator,2,Factorise. 3x + 6 - 2xy - 4y,2
0607_w21_qp_22.json,17,exponents and surds,high,607,w,Oct/Nov,2021,2,non_calculator,2,3^x = 27^(x + 2) Find the value of x.,2
0607_w21_qp_22.json,18,expanding and factorising,high,607,w,Oct/Nov,2021,2,non_calculator,2,Simplify. (w^2 - 9) / (2w^2 + 5w - 3),4
0607_w21_qp_22.json,19,logarithms,high,607,w,Oct/Nov,2021,2,non_calculator,2,log 48 + log 18 - 2 log 24 = log t Find the value of t.,3
0607_w21_qp_22.json,20(a),trigonometry,high,607,w,Oct/Nov,2021,2,non_calculator,2,"tan x = k, 0° < x < 90° Find, in terms of k, tan(180° - x),",1
0607_w21_qp_22.json,20(b),trigonometry,high,607,w,Oct/Nov,2021,2,non_calculator,2,"tan x = k, 0° < x < 90° Find, in terms of k, tan(90° - x).",1
0607_w21_qp_23.json,1(a),topics in arithmetic,high,607,w,Oct/Nov,2021,2,non_calculator,3,Work out (-2) + (-3) - (-4),1
0607_w21_qp_23.json,1(b),topics in arithmetic,high,607,w,Oct/Nov,2021,2,non_calculator,3,Work out (-2) x (-3) x (-4),1
0607_w21_qp_23.json,2,topics in arithmetic,high,607,w,Oct/Nov,2021,2,non_calculator,3,91 93 95 97 99. From this list write down a prime number.,1
0607_w21_qp_23.json,3,topics in arithmetic,high,607,w,Oct/Nov,2021,2,non_calculator,3,$126 is divided into 3 shares in the ratio 1 : 2 : 4. Find the value of the largest share.,2
0607_w21_qp_23.json,4(a),solving linear equations,high,607,w,Oct/Nov,2021,2,non_calculator,3,Solve 5 - 2x = 0,1
0607_w21_qp_23.json,4(b),solving linear equations,high,607,w,Oct/Nov,2021,2,non_calculator,3,Solve -12 + 2x = 5x - 3,2
0607_w21_qp_23.json,5(a),solving linear equations,high,607,w,Oct/Nov,2021,2,non_calculator,3,"There are 640 students in a school. The table shows the favourite colour of each of the students (Blue: 120, Green: 2x, Red: 280, Yellow: x). Find the value of x.",2
0607_w21_qp_23.json,5(b),statistics,high,607,w,Oct/Nov,2021,2,non_calculator,3,Find the relative frequency of students whose favourite colour is red. Give your answer as a fraction in its lowest terms.,2
0607_w21_qp_23.json,6(a),exponents and surds,high,607,w,Oct/Nov,2021,2,non_calculator,3,Simplify \sqrt{75} - \sqrt{27},2
0607_w21_qp_23.json,6(b),exponents and surds,high,607,w,Oct/Nov,2021,2,non_calculator,3,Rationalise the denominator and simplify your answer: \frac{10}{5 - \sqrt{5}},3
0607_w21_qp_23.json,7,Pythagoras,high,607,w,Oct/Nov,2021,2,non_calculator,3,"A is the point (3, 7) and B is the point (9, -1). Calculate the length AB.",3
0607_w21_qp_23.json,8(a),angles,high,607,w,Oct/Nov,2021,2,non_calculator,3,A regular polygon has 12 sides. Work out the sum of the interior angles of the polygon.,2
0607_w21_qp_23.json,8(b),angles,high,607,w,Oct/Nov,2021,2,non_calculator,3,"The interior angle of a regular polygon is x°. Find an expression, in terms of x, for the number of sides of this polygon.",2
0607_w21_qp_23.json,9,expanding and factorising,high,607,w,Oct/Nov,2021,2,non_calculator,3,Expand the brackets and simplify: 5x(2 - 3x) - 3x(3x - 2),2
0607_w21_qp_23.json,10,simultaneous equations,high,607,w,Oct/Nov,2021,2,non_calculator,3,"Solve the simultaneous equations. You must show all your working. 4x + 3y = -10, 3x - 4y = 5",4
0607_w21_qp_23.json,11(a),functions,high,607,w,Oct/Nov,2021,2,non_calculator,3,"f(x) = \frac{1}{2x - 5}, x \neq 2.5. Find f(2).",1
0607_w21_qp_23.json,11(b),functions,high,607,w,Oct/Nov,2021,2,non_calculator,3,Solve f(x) = 5.,2
0607_w21_qp_23.json,12,expanding and factorising,high,607,w,Oct/Nov,2021,2,non_calculator,3,"\frac{2x - 3}{2x + 3} - \frac{2x + 3}{2x - 3} = \frac{ax}{bx^2 - c}. Find the values of a, b and c.",4
0607_w21_qp_23.json,13,probability,high,607,w,Oct/Nov,2021,2,non_calculator,3,"A bag contains 12 discs. There are 2 red discs, 4 blue discs, 5 green discs and 1 yellow disc. A disc is chosen at random and not replaced. A second disc is then chosen at random. Find the probability that both discs are the same colour.",3
0607_w21_qp_41.json,1(a),topics in arithmetic,high,607,w,Oct/Nov,2021,4,calculator,1,"Amir invests his $1500 in an account which pays compound interest. The interest rate is 3% per year for 5 years, after which it is 2% per year. Find the value of Amir’s investment at the end of 11 years.",3
0607_w21_qp_41.json,1(b),topics in arithmetic,high,607,w,Oct/Nov,2021,4,calculator,1,"Bibi invests her $1500 in an account which pays r% per year simple interest. At the end of 11 years, the investment is worth $1962. Calculate the value of r.",3
0607_w21_qp_41.json,1(c),topics in arithmetic,high,607,w,Oct/Nov,2021,4,calculator,1,"Caitlyn invests her $1500 in an account which pays t% per year compound interest. At the end of 11 years, the investment is worth $1968.13. Calculate the value of t.",3
0607_w21_qp_41.json,2(a)(i),transformations,high,607,w,Oct/Nov,2021,4,calculator,1,A transformation maps triangle A onto triangle B. Triangle A is congruent to triangle B. Tick all the possible transformations it could be.,1
0607_w21_qp_41.json,2(a)(ii),transformations,high,607,w,Oct/Nov,2021,4,calculator,1,A transformation maps triangle C onto triangle D. The angles of triangle C are the same as the corresponding angles of triangle D. Tick all the possible transformations it could be.,1
0607_w21_qp_41.json,2(a)(iii),transformations,high,607,w,Oct/Nov,2021,4,calculator,1,A transformation maps triangle E onto triangle F. Triangle F has a larger area than triangle E. Tick all the possible transformations it could be.,1
0607_w21_qp_41.json,2(b)(i),transformations,high,607,w,Oct/Nov,2021,4,calculator,1,Describe fully the single transformation that maps triangle P onto triangle Q.,3
0607_w21_qp_41.json,2(b)(ii),transformations,high,607,w,Oct/Nov,2021,4,calculator,1,Stretch triangle P with the x-axis invariant and scale factor 2.,2
0607_w21_qp_41.json,3(a),statistics,high,607,w,Oct/Nov,2021,4,calculator,1,Complete the scatter diagram. The first five points have been plotted for you.,2
0607_w21_qp_41.json,3(b),statistics,high,607,w,Oct/Nov,2021,4,calculator,1,What type of correlation is shown in the scatter diagram?,1
0607_w21_qp_41.json,3(c),statistics,high,607,w,Oct/Nov,2021,4,calculator,1,Find the equation of the regression line for h in terms of d.,2
0607_w21_qp_41.json,3(d),statistics,high,607,w,Oct/Nov,2021,4,calculator,1,Use your regression line to estimate the height of a plant that was planted 28 days ago.,1
0607_w21_qp_41.json,3(e),statistics,high,607,w,Oct/Nov,2021,4,calculator,1,A plant was planted 140 days ago. Explain why you should not use the equation of the regression line to estimate the height of this plant.,1
0607_w21_qp_41.json,4(a)(i),statistics,high,607,w,Oct/Nov,2021,4,calculator,1,"When x represents the number of emails Essa receives each day, find the median,",1
0607_w21_qp_41.json,4(a)(ii),statistics,high,607,w,Oct/Nov,2021,4,calculator,1,"When x represents the number of emails Essa receives each day, find the range,",1
0607_w21_qp_41.json,4(a)(iii),statistics,high,607,w,Oct/Nov,2021,4,calculator,1,"When x represents the number of emails Essa receives each day, find the upper quartile,",1
0607_w21_qp_41.json,4(a)(iv),statistics,high,607,w,Oct/Nov,2021,4,calculator,1,"When x represents the number of emails Essa receives each day, find the mean.",2
0607_w21_qp_41.json,4(b),statistics,high,607,w,Oct/Nov,2021,4,calculator,1,"When x represents the height of a seedling, correct to the nearest centimetre, explain why you cannot work out the range of the heights.",1
0607_w21_qp_41.json,5(a),functions,high,607,w,Oct/Nov,2021,4,calculator,1,"On the diagram, sketch the graph of y = f(x).",3
0607_w21_qp_41.json,5(b),functions,high,607,w,Oct/Nov,2021,4,calculator,1,Write down the equation of each asymptote parallel to the y-axis.,2
0607_w21_qp_41.json,5(c),functions,high,607,w,Oct/Nov,2021,4,calculator,1,Write down the coordinates of the local minimum.,2
0607_w21_qp_41.json,5(d),functions,high,607,w,Oct/Nov,2021,4,calculator,1,Find the range of values of x for which the gradient of f(x) is negative.,3
0607_w21_qp_41.json,5(e),functions,high,607,w,Oct/Nov,2021,4,calculator,1,Solve f(x) = -x.,1
0607_w21_qp_41.json,6(a),statistics,high,607,w,Oct/Nov,2021,4,calculator,1,Draw a cumulative frequency curve to show these results.,4
0607_w21_qp_41.json,6(b),statistics,high,607,w,Oct/Nov,2021,4,calculator,1,Use your curve to find the interquartile range.,2
0607_w21_qp_41.json,6(c),statistics,high,607,w,Oct/Nov,2021,4,calculator,1,Apples with a mass below 80g are used to make drinks. Find the percentage of the 300 apples that are used to make drinks.,2
0607_w21_qp_41.json,7(a),sequences,high,607,w,Oct/Nov,2021,4,calculator,1,The nth term of a sequence is \frac{n(n+1)(2n+1)}{6}. Find the first three terms of this sequence.,2
0607_w21_qp_41.json,7(b)(i),sequences,high,607,w,Oct/Nov,2021,4,calculator,1,"For the sequence 11, 8, 5, 2: find the next two terms and find an expression for the nth term.",3
0607_w21_qp_41.json,7(b)(ii),sequences,high,607,w,Oct/Nov,2021,4,calculator,1,"For the sequence -2, -2, 0, 4, 10, 18: find the next two terms and find an expression for the nth term.",3
0607_w21_qp_41.json,7(b)(iii),sequences,high,607,w,Oct/Nov,2021,4,calculator,1,"For the sequence 3, 5, 9, 17, 33: find the next two terms and find an expression for the nth term.",3
0607_w21_qp_41.json,8(a),mensuration,high,607,w,Oct/Nov,2021,4,calculator,1,Calculate the volume of the prism.,2
0607_w21_qp_41.json,8(b),mensuration,high,607,w,Oct/Nov,2021,4,calculator,1,Calculate the total surface area of the prism.,4
0607_w21_qp_41.json,8(c),Pythagoras,high,607,w,Oct/Nov,2021,4,calculator,1,Calculate the length AF.,3
0607_w21_qp_41.json,8(d),trigonometry,high,607,w,Oct/Nov,2021,4,calculator,1,Calculate angle FAC.,2
0607_w21_qp_41.json,8(e),similarity,high,607,w,Oct/Nov,2021,4,calculator,1,The volume of a mathematically similar prism is 445.5 cm^3. Calculate the total surface area of this similar prism.,3
0607_w21_qp_41.json,9(a),simultaneous equations,high,607,w,Oct/Nov,2021,4,calculator,1,Use substitution to show that the x-coordinates of the points A and B satisfy the equation 10x^2 + 6x - 15 = 0.,3
0607_w21_qp_41.json,9(b),solving quadratic equations,high,607,w,Oct/Nov,2021,4,calculator,1,Solve the equation 10x^2 + 6x - 15 = 0 to find the coordinates of the points A and B. Show your working and give your answers correct to 2 decimal places.,4
0607_w21_qp_41.json,10(a),functions,high,607,w,Oct/Nov,2021,4,calculator,1,Find f(g(1)).,2
0607_w21_qp_41.json,10(b),functions,high,607,w,Oct/Nov,2021,4,calculator,1,Solve g(x) = 25.,2
0607_w21_qp_41.json,10(c),functions,high,607,w,Oct/Nov,2021,4,calculator,1,Find f^{-1}(4).,2
0607_w21_qp_41.json,10(d),functions,high,607,w,Oct/Nov,2021,4,calculator,1,Write down f(f^{-1}(x)).,1
0607_w21_qp_41.json,11(a),trigonometry,high,607,w,Oct/Nov,2021,4,calculator,1,Show that angle ABC = 107.2° correct to 1 decimal place.,3
0607_w21_qp_41.json,11(b)(i),trigonometry,high,607,w,Oct/Nov,2021,4,calculator,1,"Using the sine rule, show that angle BAC = 44.4° correct to 1 decimal place.",3
0607_w21_qp_41.json,11(b)(ii),trigonometry,high,607,w,Oct/Nov,2021,4,calculator,1,Find the bearing of C from A.,1
0607_w21_qp_41.json,11(c),trigonometry,high,607,w,Oct/Nov,2021,4,calculator,1,"A ship leaves A at 22 50 and sails at a constant speed of 24 km/h towards C. Calculate the time, correct to the nearest minute, when the ship is nearest to B.",5
0607_w21_qp_41.json,12(a)(i),sets and Venn diagrams,high,607,w,Oct/Nov,2021,4,calculator,1,"For each Venn diagram, shade the given set.",2
0607_w21_qp_41.json,12(a)(ii),sets and Venn diagrams,high,607,w,Oct/Nov,2021,4,calculator,1,Use set language to describe the shaded set.,1
0607_w21_qp_41.json,12(b)(i),probability,high,607,w,Oct/Nov,2021,4,calculator,1,Two of the 40 people are chosen at random. Find the probability that they both watch exactly 2 of the 3 programmes.,2
0607_w21_qp_41.json,12(b)(ii),probability,high,607,w,Oct/Nov,2021,4,calculator,1,Two of the people who watch programme P are chosen at random. Find the probability that one of them watches both other programmes and one watches just one of the other programmes.,3
0607_w21_qp_41.json,12(b)(iii),probability,high,607,w,Oct/Nov,2021,4,calculator,1,Three of the 40 people are chosen at random. Find the probability that two of them watch only programme Q and one of them watches only programme R.,3
0607_w21_qp_41.json,13(a),solving linear equations,high,607,w,Oct/Nov,2021,4,calculator,1,Rearrange y = \frac{ax + b}{ex + f} to make x the subject.,4
0607_w21_qp_41.json,13(b)(i),functions,high,607,w,Oct/Nov,2021,4,calculator,1,Write down the amplitude and the period of f(x).,2
0607_w21_qp_41.json,13(b)(ii),transformations,high,607,w,Oct/Nov,2021,4,calculator,1,The graph of y = f(x) is stretched with the x-axis invariant and scale factor 3 to give the graph of y = g(x). Find g(x).,1
0607_w21_qp_41.json,13(b)(iii),transformations,high,607,w,Oct/Nov,2021,4,calculator,1,"The graph of y = f(x) is translated through \begin{pmatrix} -90 \\ 0 \end{pmatrix} to give the graph of y = h(x). Find h(x), giving your answer in its simplest form.",2
0607_w21_qp_42.json,1(a)(i),topics in arithmetic,high,607,w,Oct/Nov,2021,4,calculator,2,Show that Stella receives $88.,1
0607_w21_qp_42.json,1(a)(ii),topics in arithmetic,high,607,w,Oct/Nov,2021,4,calculator,2,Stella invests her $88 at a rate of 1.5% per year simple interest. Calculate the amount of interest Stella has at the end of 6 years.,2
0607_w21_qp_42.json,1(b)(i),topics in arithmetic,high,607,w,Oct/Nov,2021,4,calculator,2,He buys a jacket for $22. The original price of the jacket was $25. Calculate the percentage reduction in the price of the jacket.,3
0607_w21_qp_42.json,1(b)(ii),topics in arithmetic,high,607,w,Oct/Nov,2021,4,calculator,2,Urs buys a shirt for $13.50. This is the price after a reduction of 10% of the original price. Calculate the original price of the shirt.,2
0607_w21_qp_42.json,2(a),functions,high,607,w,Oct/Nov,2021,4,calculator,2,"On the diagram, sketch the graph of y = f(x).",2
0607_w21_qp_42.json,2(b),functions,high,607,w,Oct/Nov,2021,4,calculator,2,Write down the coordinates of the local minimum point on the graph of y = f(x).,1
0607_w21_qp_42.json,2(c),functions,high,607,w,Oct/Nov,2021,4,calculator,2,Write down the period and amplitude of the graph of y = f(x).,2
0607_w21_qp_42.json,2(d),functions,high,607,w,Oct/Nov,2021,4,calculator,2,"On the same diagram, sketch the graph of y = g(x).",2
0607_w21_qp_42.json,2(e)(i),functions,high,607,w,Oct/Nov,2021,4,calculator,2,Write down the range of f(x),1
0607_w21_qp_42.json,2(e)(ii),functions,high,607,w,Oct/Nov,2021,4,calculator,2,Write down the range of g(x),1
0607_w21_qp_42.json,2(f),functions,high,607,w,Oct/Nov,2021,4,calculator,2,"On the diagram, shade the regions where sin x >= (sin x)^2.",1
0607_w21_qp_42.json,3(a)(i),sequences,high,607,w,Oct/Nov,2021,4,calculator,2,Calculate the number of members at the end of 10 months. Give your answer correct to the nearest integer.,3
0607_w21_qp_42.json,3(a)(ii),sequences,high,607,w,Oct/Nov,2021,4,calculator,2,Calculate the number of complete months from the start until the group has 2000 members.,4
0607_w21_qp_42.json,3(b),sequences,high,607,w,Oct/Nov,2021,4,calculator,2,"The mass of a radioactive substance decreases exponentially at a rate of r% per month. At the end of 10 months, its mass has decreased from 500 g to 242 g. Find the value of r.",3
0607_w21_qp_42.json,4(a)(i),statistics,high,607,w,Oct/Nov,2021,4,calculator,2,Write down the mass of the heaviest potato.,1
0607_w21_qp_42.json,4(a)(ii),statistics,high,607,w,Oct/Nov,2021,4,calculator,2,Find the median.,1
0607_w21_qp_42.json,4(a)(iii),statistics,high,607,w,Oct/Nov,2021,4,calculator,2,Find the interquartile range.,2
0607_w21_qp_42.json,4(a)(iv),statistics,high,607,w,Oct/Nov,2021,4,calculator,2,Find the number of potatoes with a mass greater than 170 g.,2
0607_w21_qp_42.json,4(b),statistics,high,607,w,Oct/Nov,2021,4,calculator,2,This frequency table also shows information about the masses of the 200 potatoes. Calculate an estimate of the mean mass.,2
0607_w21_qp_42.json,5(a)(i),transformations,high,607,w,Oct/Nov,2021,4,calculator,2,Reflect shape T in the y-axis.,1
0607_w21_qp_42.json,5(a)(ii),transformations,high,607,w,Oct/Nov,2021,4,calculator,2,"Translate shape T by the vector (-10, 5).",2
0607_w21_qp_42.json,5(a)(iii),transformations,high,607,w,Oct/Nov,2021,4,calculator,2,"Rotate shape T through 90 degrees clockwise about the point (2, 0).",2
0607_w21_qp_42.json,5(a)(iv),transformations,high,607,w,Oct/Nov,2021,4,calculator,2,"Enlarge shape T with scale factor -2 and centre (0, 0).",2
0607_w21_qp_42.json,5(a)(v),transformations,high,607,w,Oct/Nov,2021,4,calculator,2,Describe fully the single transformation that maps shape T onto shape P.,3
0607_w21_qp_42.json,5(b)(i),transformations,high,607,w,Oct/Nov,2021,4,calculator,2,"The graph of y = f(x) is mapped onto the graph of y = g(x) by a translation with vector (0, 2). Find g(x) in terms of x.",1
0607_w21_qp_42.json,5(b)(ii),transformations,high,607,w,Oct/Nov,2021,4,calculator,2,The graph of y = f(x) is mapped onto the graph of y = h(x) by a stretch with factor 2 and the x-axis invariant. Find h(x) in terms of x.,1
0607_w21_qp_42.json,6(a)(i),vectors,high,607,w,Oct/Nov,2021,4,calculator,2,"Work out (3, 5) - 2(-1, -2).",2
0607_w21_qp_42.json,6(a)(ii),vectors,high,607,w,Oct/Nov,2021,4,calculator,2,"A is the point (3, 5) and C is the point (4, 3). Find the column vector that maps the point A onto the point C.",2
0607_w21_qp_42.json,6(a)(iii),vectors,high,607,w,Oct/Nov,2021,4,calculator,2,"D is the point (1, 3) and the vector from D to E is (3, 2). Find the coordinates of E.",1
0607_w21_qp_42.json,6(a)(iv),vectors,high,607,w,Oct/Nov,2021,4,calculator,2,"Find the magnitude of the vector (-3, -4).",2
0607_w21_qp_42.json,6(b)(i),straight lines,high,607,w,Oct/Nov,2021,4,calculator,2,"P is the point (-1, 6) and Q is the point (3, 4). Find the equation of the perpendicular bisector of the line PQ.",5
0607_w21_qp_42.json,6(b)(ii),straight lines,high,607,w,Oct/Nov,2021,4,calculator,2,Find the coordinates of the point where the perpendicular bisector in part(b)(i) crosses the x-axis.,2
0607_w21_qp_42.json,7(a),simultaneous equations,high,607,w,Oct/Nov,2021,4,calculator,2,The cost of a newspaper is $p. The cost of a magazine is $m. The total cost of 3 newspapers and 5 magazines is $13.30. The total cost of 1 newspaper and 7 magazines is $15.90. Find the value of p and the value of m.,5
0607_w21_qp_42.json,7(b),solving quadratic equations,high,607,w,Oct/Nov,2021,4,calculator,2,The area of the rectangle is equal to the area of the square. Find the value of x.,7
0607_w21_qp_42.json,8(a)(i)(a),functions,high,607,w,Oct/Nov,2021,4,calculator,2,Find f(3),1
0607_w21_qp_42.json,8(a)(i)(b),functions,high,607,w,Oct/Nov,2021,4,calculator,2,Find h(f(3)),1
0607_w21_qp_42.json,8(a)(ii),functions,high,607,w,Oct/Nov,2021,4,calculator,2,Find f(g(x)) in its simplest form.,2
0607_w21_qp_42.json,8(a)(iii),functions,high,607,w,Oct/Nov,2021,4,calculator,2,Solve f(x) = g(x).,2
0607_w21_qp_42.json,8(a)(iv),functions,high,607,w,Oct/Nov,2021,4,calculator,2,Find g^(-1)(x).,2
0607_w21_qp_42.json,8(a)(v),functions,high,607,w,Oct/Nov,2021,4,calculator,2,"Simplify 2h(x) + h(x + 1). Give your answer as a single fraction, in terms of x, in its simplest form.",4
0607_w21_qp_42.json,8(b)(i),exponents and surds,high,607,w,Oct/Nov,2021,4,calculator,2,Find the value of x when j(x) = 1 / (5*sqrt(5)).,1
0607_w21_qp_42.json,8(b)(ii),functions,high,607,w,Oct/Nov,2021,4,calculator,2,Find j^(-1)(x).,2
0607_w21_qp_42.json,9(a),sequences,high,607,w,Oct/Nov,2021,4,calculator,2,Complete the table for each sequence.,9
0607_w21_qp_42.json,9(b),variation and proportion,high,607,w,Oct/Nov,2021,4,calculator,2,"y varies inversely as the square root of x and z varies directly as y^3. When x = 36, y = 2 and z = 24. Find z in terms of x.",4
0607_w21_qp_42.json,10(a),probability,high,607,w,Oct/Nov,2021,4,calculator,2,Complete the tree diagram.,3
0607_w21_qp_42.json,10(b),probability,high,607,w,Oct/Nov,2021,4,calculator,2,Find the probability that Manuela arrives in City B on time.,3
0607_w21_qp_42.json,11(a),mensuration,high,607,w,Oct/Nov,2021,4,calculator,2,Calculate the total surface area of the prism.,7
0607_w21_qp_42.json,11(b)(i),trigonometry,high,607,w,Oct/Nov,2021,4,calculator,2,"On the diagram of the prism, draw two straight lines and mark angle PAC.",1
0607_w21_qp_42.json,11(b)(ii),trigonometry,high,607,w,Oct/Nov,2021,4,calculator,2,Angle APC = 73.45°. Calculate angle PAC.,4
0607_w21_qp_43.json,1(a)(i),statistics,high,607,w,Oct/Nov,2021,4,calculator,3,Write down the mode.,1
0607_w21_qp_43.json,1(a)(ii),statistics,high,607,w,Oct/Nov,2021,4,calculator,3,Write down the range.,1
0607_w21_qp_43.json,1(a)(iii),statistics,high,607,w,Oct/Nov,2021,4,calculator,3,Find the median.,1
0607_w21_qp_43.json,1(a)(iv),statistics,high,607,w,Oct/Nov,2021,4,calculator,3,Find the interquartile range.,2
0607_w21_qp_43.json,1(a)(v),statistics,high,607,w,Oct/Nov,2021,4,calculator,3,Calculate the mean.,2
0607_w21_qp_43.json,1(b),statistics,high,607,w,Oct/Nov,2021,4,calculator,3,A different group of 140 students take the same examination. The marks of the two groups are combined and the mean mark of the 320 students is 6.5. Find the mean mark of the 140 students.,2
0607_w21_qp_43.json,2(a),transformations,high,607,w,Oct/Nov,2021,4,calculator,3,"Find the coordinates of the image of the point (5, 2) under transformation P.",1
0607_w21_qp_43.json,2(b),transformations,high,607,w,Oct/Nov,2021,4,calculator,3,"Find the coordinates of the image of the point (5, 2) under transformation Q.",1
0607_w21_qp_43.json,2(c),transformations,high,607,w,Oct/Nov,2021,4,calculator,3,"Find the coordinates of the image of the point (x, y) under transformation P followed by transformation Q.",2
0607_w21_qp_43.json,2(d),transformations,high,607,w,Oct/Nov,2021,4,calculator,3,Describe fully the single transformation that is equivalent to transformation Q followed by transformation P.,2
0607_w21_qp_43.json,3(a)(i),topics in arithmetic,high,607,w,Oct/Nov,2021,4,calculator,3,Calculate the average speed of the plane.,1
0607_w21_qp_43.json,3(a)(ii),topics in arithmetic,high,607,w,Oct/Nov,2021,4,calculator,3,The plane leaves Manchester at 20 45. The local time in Goa is 5 hours 30 minutes ahead of the local time in Manchester. Find the local time in Goa when the plane lands.,2
0607_w21_qp_43.json,3(b)(i),topics in arithmetic,high,607,w,Oct/Nov,2021,4,calculator,3,The cost of the flight is £299. Calculate the cost of the flight in Indian rupees.,1
0607_w21_qp_43.json,3(b)(ii),topics in arithmetic,high,607,w,Oct/Nov,2021,4,calculator,3,Anna returns to Manchester with 4014 Indian rupees. She changes this money into pounds. Calculate this amount in pounds.,1
0607_w21_qp_43.json,4(a),straight lines,high,607,w,Oct/Nov,2021,4,calculator,3,Find the gradient of the line AB.,2
0607_w21_qp_43.json,4(b),straight lines,high,607,w,Oct/Nov,2021,4,calculator,3,Find the equation of the line AB. Give your answer in the form y = mx + c.,2
0607_w21_qp_43.json,4(c),straight lines,high,607,w,Oct/Nov,2021,4,calculator,3,"The point C has coordinates (6, k) where k > 0. The line CA is perpendicular to the line AB and AC = AB. Find k.",3
0607_w21_qp_43.json,4(d),straight lines,high,607,w,Oct/Nov,2021,4,calculator,3,The point D is such that ABDC is a square. Find the coordinates of D.,2
0607_w21_qp_43.json,4(e),straight lines,high,607,w,Oct/Nov,2021,4,calculator,3,Find the area of triangle BCD.,3
0607_w21_qp_43.json,5(a)(i),variation and proportion,high,607,w,Oct/Nov,2021,4,calculator,3,Write down an expression for the amount of money Beau receives.,1
0607_w21_qp_43.json,5(a)(ii),variation and proportion,high,607,w,Oct/Nov,2021,4,calculator,3,Alana and Beau are each given an extra $50. The ratio of the total amount of money that each person now has is 3:1. Find the value of x/y.,5
0607_w21_qp_43.json,5(b)(i),topics in arithmetic,high,607,w,Oct/Nov,2021,4,calculator,3,On 1 January each year Bruno invests $1000 in Bank A. Bank A pays simple interest at a rate of 4% per year. Show that the total value of Bruno's investment in Bank A at the end of 4 years is $4400.,3
0607_w21_qp_43.json,5(b)(ii),topics in arithmetic,high,607,w,Oct/Nov,2021,4,calculator,3,On 1 January each year Bruno also invests $1000 in Bank B. Bank B pays compound interest at a rate of 3.5% per year. Find the total value of Bruno's investment in Bank B at the end of 4 years.,3
0607_w21_qp_43.json,6(a),sets and Venn diagrams,high,607,w,Oct/Nov,2021,4,calculator,3,List the elements of set P and the elements of set F.,2
0607_w21_qp_43.json,6(b),sets and Venn diagrams,high,607,w,Oct/Nov,2021,4,calculator,3,Write each element of U in the correct region of the Venn diagram.,2
0607_w21_qp_43.json,6(c)(i),sets and Venn diagrams,high,607,w,Oct/Nov,2021,4,calculator,3,List the elements of F ∪ M,1
0607_w21_qp_43.json,6(c)(ii),sets and Venn diagrams,high,607,w,Oct/Nov,2021,4,calculator,3,List the elements of P' ∩ M,1
0607_w21_qp_43.json,6(c)(iii),sets and Venn diagrams,high,607,w,Oct/Nov,2021,4,calculator,3,List the elements of (P ∪ F ∪ M)',1
0607_w21_qp_43.json,6(d),sets and Venn diagrams,high,607,w,Oct/Nov,2021,4,calculator,3,Find n((P ∩ F)' ∩ M),1
0607_w21_qp_43.json,7(a)(i),variation and proportion,high,607,w,Oct/Nov,2021,4,calculator,3,Find y in terms of x.,2
0607_w21_qp_43.json,7(a)(ii),variation and proportion,high,607,w,Oct/Nov,2021,4,calculator,3,Find the value of x when y = 20.,2
0607_w21_qp_43.json,7(b),variation and proportion,high,607,w,Oct/Nov,2021,4,calculator,3,z varies directly as the square root of y. z = 12 when y = 9. Use your answer to part (a)(i) to find z in terms of x.,3
0607_w21_qp_43.json,8(a),functions,high,607,w,Oct/Nov,2021,4,calculator,3,"On the diagram, sketch the graph of y = f(x).",2
0607_w21_qp_43.json,8(b),functions,high,607,w,Oct/Nov,2021,4,calculator,3,Find the coordinates of the local maximum.,1
0607_w21_qp_43.json,8(c),functions,high,607,w,Oct/Nov,2021,4,calculator,3,Write down the x-coordinates of the points where the curve meets the x-axis.,2
0607_w21_qp_43.json,8(d)(i),transformations,high,607,w,Oct/Nov,2021,4,calculator,3,Describe fully the single transformation that maps y = f(x) onto y = f(x + 1).,2
0607_w21_qp_43.json,8(d)(ii),functions,high,607,w,Oct/Nov,2021,4,calculator,3,Solve f(x) = f(x + 1) for -2 ⩽ x ⩽ 2.,2
0607_w21_qp_43.json,8(d)(iii),inequalities,high,607,w,Oct/Nov,2021,4,calculator,3,Solve f(x) ⩾ f(x + 1) for -2 ⩽ x ⩽ 2.,2
0607_w21_qp_43.json,9(a),circle theorems,high,607,w,Oct/Nov,2021,4,calculator,3,Write down the size of angle OBP.,1
0607_w21_qp_43.json,9(b)(i),circle theorems,high,607,w,Oct/Nov,2021,4,calculator,3,"Find, in terms of x, angle AOD",1
0607_w21_qp_43.json,9(b)(ii),circle theorems,high,607,w,Oct/Nov,2021,4,calculator,3,"Find, in terms of x, angle ACB",1
0607_w21_qp_43.json,9(b)(iii),circle theorems,high,607,w,Oct/Nov,2021,4,calculator,3,"Find, in terms of x, angle APB",1
0607_w21_qp_43.json,9(c),circle theorems,high,607,w,Oct/Nov,2021,4,calculator,3,Write down the mathematical name of quadrilateral AOBP.,1
0607_w21_qp_43.json,9(d)(i),similarity,high,607,w,Oct/Nov,2021,4,calculator,3,Write down two triangles that are congruent,1
0607_w21_qp_43.json,9(d)(ii),similarity,high,607,w,Oct/Nov,2021,4,calculator,3,Write down two triangles that are similar but not congruent,1
0607_w21_qp_43.json,10(a),mensuration,high,607,w,Oct/Nov,2021,4,calculator,3,Find the volume of the solid.,5
0607_w21_qp_43.json,10(b),mensuration,high,607,w,Oct/Nov,2021,4,calculator,3,Show that the total surface area of the solid is 208π cm².,4
0607_w21_qp_43.json,10(c),similarity,high,607,w,Oct/Nov,2021,4,calculator,3,A mathematically similar solid has a total surface area of 468π cm². Find the radius of the cylinder in this solid.,3
0607_w21_qp_43.json,11(a),trigonometry,high,607,w,Oct/Nov,2021,4,calculator,3,Show that AC = 95.9 m correct to the nearest 0.1 metre.,3
0607_w21_qp_43.json,11(b),trigonometry,high,607,w,Oct/Nov,2021,4,calculator,3,Find angle ACD.,4
0607_w21_qp_43.json,11(c),trigonometry,high,607,w,Oct/Nov,2021,4,calculator,3,The area of triangle ABD is 5137 m². Calculate the area of triangle BCD.,4
0607_w21_qp_43.json,12(a)(i),solving linear equations,high,607,w,Oct/Nov,2021,4,calculator,3,Solve 9 = 5 - 2/x,3
0607_w21_qp_43.json,12(a)(ii),inequalities,high,607,w,Oct/Nov,2021,4,calculator,3,Solve 6 / (x - 4) > 3,3
0607_w21_qp_43.json,12(b)(i),solving quadratic equations,high,607,w,Oct/Nov,2021,4,calculator,3,"Solve the equation, giving your answers correct to 3 significant figures: 2x² - 5x + 1 = 0",3
0607_w21_qp_43.json,12(b)(ii),trigonometry,high,607,w,Oct/Nov,2021,4,calculator,3,Use your answers to part (b)(i) to solve 2(tan y)² - 5(tan y) + 1 = 0 for 0° ⩽ y ⩽ 180°.,2
0607_w21_qp_43.json,13(a),probability,high,607,w,Oct/Nov,2021,4,calculator,3,Find the probability that the ball chosen is blue.,1
0607_w21_qp_43.json,13(b)(i),probability,high,607,w,Oct/Nov,2021,4,calculator,3,Find the probability that both balls chosen are red.,2
0607_w21_qp_43.json,13(b)(ii),probability,high,607,w,Oct/Nov,2021,4,calculator,3,Find the probability that one of the balls chosen is red and the other is blue.,3
0607_w21_qp_43.json,13(b)(iii),probability,high,607,w,Oct/Nov,2021,4,calculator,3,Find the probability that there are now exactly 7 blue balls in Bag 1.,3
0607_w22_qp_21.json,1(a),topics in arithmetic,high,607,w,Oct/Nov,2022,2,non_calculator,1,Work out 1 + 2 - 3 x 4,1
0607_w22_qp_21.json,1(b),topics in arithmetic,high,607,w,Oct/Nov,2022,2,non_calculator,1,Work out 1 + 2 x 3 - 4,1
0607_w22_qp_21.json,2(a),topics in arithmetic,high,607,w,Oct/Nov,2022,2,non_calculator,1,Write 2 1/4 as an improper fraction.,1
0607_w22_qp_21.json,2(b),topics in arithmetic,high,607,w,Oct/Nov,2022,2,non_calculator,1,Work out 7/8 - 3/4,1
0607_w22_qp_21.json,3,expanding and factorising,high,607,w,Oct/Nov,2022,2,non_calculator,1,Expand 3(x - 2y),1
0607_w22_qp_21.json,4,mensuration,high,607,w,Oct/Nov,2022,2,non_calculator,1,Change 0.2 m^2 into cm^2.,1
0607_w22_qp_21.json,5,exponents and surds,high,607,w,Oct/Nov,2022,2,non_calculator,1,Work out 4^(3/2),1
0607_w22_qp_21.json,6(a),exponents and surds,high,607,w,Oct/Nov,2022,2,non_calculator,1,Work out (1.5 x 10^1) x (7 x 10^-3). Give your answer in standard form.,2
0607_w22_qp_21.json,6(b),exponents and surds,high,607,w,Oct/Nov,2022,2,non_calculator,1,Work out (6.5 x 10^-2) + (7.8 x 10^-3). Give your answer in standard form.,2
0607_w22_qp_21.json,7(a),statistics,high,607,w,Oct/Nov,2022,2,non_calculator,1,"These are the scores of 10 students in a test: 15, 5, 20, 25, 7, 13, 15, 11, 17, 12. Find the range.",1
0607_w22_qp_21.json,7(b),statistics,high,607,w,Oct/Nov,2022,2,non_calculator,1,"These are the scores of 10 students in a test: 15, 5, 20, 25, 7, 13, 15, 11, 17, 12. Find the mean.",2
0607_w22_qp_21.json,8(a),sequences,high,607,w,Oct/Nov,2022,2,non_calculator,1,"Find an expression for the nth term of the sequence: 1, 7, 13, 19, 25, ...",2
0607_w22_qp_21.json,8(b),sequences,high,607,w,Oct/Nov,2022,2,non_calculator,1,"Find an expression for the nth term of the sequence: 1, -2, 3, -4, 5, ...",2
0607_w22_qp_21.json,9(a),angles,high,607,w,Oct/Nov,2022,2,non_calculator,1,BD is parallel to FAE. Find angle BAE.,1
0607_w22_qp_21.json,9(b),angles,high,607,w,Oct/Nov,2022,2,non_calculator,1,BD is parallel to FAE. Find angle FAC.,2
0607_w22_qp_21.json,10,straight lines,high,607,w,Oct/Nov,2022,2,non_calculator,1,"A is the point (1, 11) and B is the point (4, 5). Find the equation of the perpendicular bisector of AB. Give your answer in the form y = mx + c.",5
0607_w22_qp_21.json,11(a),solving quadratic equations,high,607,w,Oct/Nov,2022,2,non_calculator,1,Solve 4x^2 - 5x - 6 = 0,3
0607_w22_qp_21.json,11(b),solving linear equations,high,607,w,Oct/Nov,2022,2,non_calculator,1,Solve |2x + 1| = 3,2
0607_w22_qp_21.json,12,probability,high,607,w,Oct/Nov,2022,2,non_calculator,1,"Bag A contains balls numbered 2, 4, 4, 4. Bag B contains balls numbered 1, 1, 2, 3, 4, 4. Bag C contains balls numbered 1, 2, 3, 4. One of these three bags is chosen at random. A ball is chosen at random from this bag. Find the probability that the ball chosen is numbered 4. Give your answer as a fraction.",3
0607_w22_qp_21.json,13,logarithms,high,607,w,Oct/Nov,2022,2,non_calculator,1,Solve log_2 x = 5,2
0607_w22_qp_21.json,14,mensuration,high,607,w,Oct/Nov,2022,2,non_calculator,1,A sector of a circle with radius 6 cm has a sector angle of 150°. Find the exact value of the area of the shaded region. Give your answer in its simplest form.,4
0607_w22_qp_22.json,1(a),statistics,high,607,w,Oct/Nov,2022,2,non_calculator,2,"These are the scores of 10 students in a test. 7, 15, 9, 4, 16, 6, 8, 11, 12, 10. Find the median,",2
0607_w22_qp_22.json,1(b),statistics,high,607,w,Oct/Nov,2022,2,non_calculator,2,"These are the scores of 10 students in a test. 7, 15, 9, 4, 16, 6, 8, 11, 12, 10. Find the mean.",2
0607_w22_qp_22.json,2,angles,high,607,w,Oct/Nov,2022,2,non_calculator,2,A regular polygon has 24 sides. Find the size of each interior angle of the polygon.,3
0607_w22_qp_22.json,3,topics in arithmetic,high,607,w,Oct/Nov,2022,2,non_calculator,2,"P = 2a + b^2 - 3c. Find P when a = 5, b = -4 and c = -3.",2
0607_w22_qp_22.json,4(a),exponents and surds,high,607,w,Oct/Nov,2022,2,non_calculator,2,"You are given that sqrt(7) = 2.65 and sqrt(70) = 8.37, each correct to 2 decimal places. Use this information to find the value of sqrt(700),",1
0607_w22_qp_22.json,4(b),exponents and surds,high,607,w,Oct/Nov,2022,2,non_calculator,2,"You are given that sqrt(7) = 2.65 and sqrt(70) = 8.37, each correct to 2 decimal places. Use this information to find the value of sqrt(280).",1
0607_w22_qp_22.json,5(a),probability,high,607,w,Oct/Nov,2022,2,non_calculator,2,"A biased 5-sided spinner is spun 200 times. The results are shown in the table: (Number: 1, 2, 3, 4, 5 | Frequency: 24, 48, 63, 38, 27). Find the relative frequency of the spinner landing on 2.",1
0607_w22_qp_22.json,5(b),probability,high,607,w,Oct/Nov,2022,2,non_calculator,2,"A biased 5-sided spinner is spun 200 times. The results are shown in the table: (Number: 1, 2, 3, 4, 5 | Frequency: 24, 48, 63, 38, 27). The spinner is spun 1000 times. Find the expected number of times that the spinner lands on 2.",1
0607_w22_qp_22.json,6,inequalities,high,607,w,Oct/Nov,2022,2,non_calculator,2,Solve 2x + 6 > 5x - 10.,2
0607_w22_qp_22.json,7(a),transformations,high,607,w,Oct/Nov,2022,2,non_calculator,2,"Describe fully the inverse of each transformation. Translation by vector (-2, 5)",2
0607_w22_qp_22.json,7(b),transformations,high,607,w,Oct/Nov,2022,2,non_calculator,2,"Describe fully the inverse of each transformation. Enlargement with centre (2, 3) and scale factor 2.",2
0607_w22_qp_22.json,8,exponents and surds,high,607,w,Oct/Nov,2022,2,non_calculator,2,Find the value of 125^(-1/3).,1
0607_w22_qp_22.json,9,variation and proportion,high,607,w,Oct/Nov,2022,2,non_calculator,2,"y is inversely proportional to x^3. When x = 5, y = 2. Find y when x = 10.",3
0607_w22_qp_22.json,10,trigonometry,high,607,w,Oct/Nov,2022,2,non_calculator,2,"A right-angled triangle with a base of x cm, a vertical height of 2*sqrt(3) cm, and an angle of 60° opposite the base at the top vertex. Find the value of x.",3
0607_w22_qp_22.json,11,expanding and factorising,high,607,w,Oct/Nov,2022,2,non_calculator,2,Simplify (ax^2 + 5ax + bx + 5b) / (x^2 - 25),3
0607_w22_qp_22.json,12(a),functions,high,607,w,Oct/Nov,2022,2,non_calculator,2,"f(x) = 11x + 2, g(x) = sin(x°). Find f^(-1)(x).",2
0607_w22_qp_22.json,12(b),functions,high,607,w,Oct/Nov,2022,2,non_calculator,2,"f(x) = 11x + 2, g(x) = sin(x°). Find g(f(8)).",2
0607_w22_qp_22.json,13(a),circle theorems,high,607,w,Oct/Nov,2022,2,non_calculator,2,"A, B, C and D are points on the circle. PQ is a tangent to the circle at D. Angle BDQ = 55°. Complete these statements giving a reason for each answer. Angle BAD = [...] because ...",2
0607_w22_qp_22.json,13(b),circle theorems,high,607,w,Oct/Nov,2022,2,non_calculator,2,"A, B, C and D are points on the circle. PQ is a tangent to the circle at D. Angle BDQ = 55°. Complete these statements giving a reason for each answer. Angle BCD = [...] because ...",2
0607_w22_qp_22.json,14,logarithms,high,607,w,Oct/Nov,2022,2,non_calculator,2,4 log y + 3 log x = 2. Find y in terms of x.,3
0607_w22_qp_23.json,1,angles,high,607,w,Oct/Nov,2022,2,non_calculator,3,The diagram shows a straight line intersecting two parallel lines. Find the value of k and the value of m.,2
0607_w22_qp_23.json,2,solving linear equations,high,607,w,Oct/Nov,2022,2,non_calculator,3,Solve the equation. 2q - 7 = 2 - 7q,2
0607_w22_qp_23.json,3,topics in arithmetic,high,607,w,Oct/Nov,2022,2,non_calculator,3,1 m^2 = 10^n cm^2. Find the value of n.,1
0607_w22_qp_23.json,4,topics in arithmetic,high,607,w,Oct/Nov,2022,2,non_calculator,3,Work out 1 1/3 - 5/6.,2
0607_w22_qp_23.json,5(a),probability,high,607,w,Oct/Nov,2022,2,non_calculator,3,"An unbiased six-sided die is numbered 1, 2, 3, 4, 5, 6. The die is rolled. Find the probability that it shows 6,",1
0607_w22_qp_23.json,5(b),probability,high,607,w,Oct/Nov,2022,2,non_calculator,3,"An unbiased six-sided die is numbered 1, 2, 3, 4, 5, 6. The die is rolled. Find the probability that it shows a number greater than 6.",1
0607_w22_qp_23.json,6,mensuration,high,607,w,Oct/Nov,2022,2,non_calculator,3,A cone has base radius 5 cm and height 5/4 cm. A hemisphere has radius r cm. The volume of the hemisphere is equal to the volume of the cone. Find the value of r.,3
0607_w22_qp_23.json,7,exponents and surds,high,607,w,Oct/Nov,2022,2,non_calculator,3,Simplify. 30t^30 / 5t^5,2
0607_w22_qp_23.json,8(a),similarity,high,607,w,Oct/Nov,2022,2,non_calculator,3,"The diagram shows two triangles formed by two parallel lines and two intersecting lines. Use one of these words to complete the statement: alternate, congruent, similar, cyclic, parallel. The triangles are ...",1
0607_w22_qp_23.json,8(b),similarity,high,607,w,Oct/Nov,2022,2,non_calculator,3,The area of the smaller triangle is 24 cm^2. Calculate the area of the larger triangle.,2
0607_w22_qp_23.json,9(a),sets and Venn diagrams,high,607,w,Oct/Nov,2022,2,non_calculator,3,"U = {a, b, c, d, e, f, g, h, i, j}. Complete each statement: (P U Q)' = {..........................................}",1
0607_w22_qp_23.json,9(b),sets and Venn diagrams,high,607,w,Oct/Nov,2022,2,non_calculator,3,"U = {a, b, c, d, e, f, g, h, i, j}. Complete each statement: {a, e} = P ....... Q",1
0607_w22_qp_23.json,9(c),sets and Venn diagrams,high,607,w,Oct/Nov,2022,2,non_calculator,3,"U = {a, b, c, d, e, f, g, h, i, j}. Complete each statement: n(P U Q)' = ................",1
0607_w22_qp_23.json,10,solving linear equations,medium,607,w,Oct/Nov,2022,2,non_calculator,3,Rearrange the formula to write x in terms of a and y. y = \sqrt{x^2 + 2a^2},3
0607_w22_qp_23.json,11(a),circle theorems,high,607,w,Oct/Nov,2022,2,non_calculator,3,"A, B, C and D are four points on a circle. AC and BD meet at E. XAY is a tangent to the circle at A. Find angle CDB,",1
0607_w22_qp_23.json,11(b),circle theorems,high,607,w,Oct/Nov,2022,2,non_calculator,3,"A, B, C and D are four points on a circle. AC and BD meet at E. XAY is a tangent to the circle at A. Find angle ACB,",1
0607_w22_qp_23.json,11(c),circle theorems,high,607,w,Oct/Nov,2022,2,non_calculator,3,"A, B, C and D are four points on a circle. AC and BD meet at E. XAY is a tangent to the circle at A. Find angle DCE,",1
0607_w22_qp_23.json,11(d),circle theorems,high,607,w,Oct/Nov,2022,2,non_calculator,3,"A, B, C and D are four points on a circle. AC and BD meet at E. XAY is a tangent to the circle at A. Find angle YAD.",1
0607_w22_qp_23.json,12,topics in arithmetic,high,607,w,Oct/Nov,2022,2,non_calculator,3,Simplify (3 x 10^85) x (7 x 10^15). Give your answer in standard form.,2
0607_w22_qp_23.json,13(a),expanding and factorising,high,607,w,Oct/Nov,2022,2,non_calculator,3,Factorise. 49 - 16u^2,1
0607_w22_qp_23.json,13(b),expanding and factorising,high,607,w,Oct/Nov,2022,2,non_calculator,3,Factorise. 1 + 4xy - 2x - 2y,2
0607_w22_qp_23.json,14,exponents and surds,high,607,w,Oct/Nov,2022,2,non_calculator,3,Rationalise the denominator. 5 / (\sqrt{3} - \sqrt{2}),2
0607_w22_qp_23.json,15,logarithms,high,607,w,Oct/Nov,2022,2,non_calculator,3,"log y = log h + log p - log x. Find y in terms of h, p and x.",1
0607_w22_qp_23.json,16,exponents and surds,high,607,w,Oct/Nov,2022,2,non_calculator,3,8^(4/3) = 32^x. Find the value of x.,2
0607_w22_qp_23.json,17,expanding and factorising,medium,607,w,Oct/Nov,2022,2,non_calculator,3,Simplify. 2 - (4 - 3x) / (x - 2). Write your answer as a single fraction in its simplest form.,3
0607_w22_qp_41.json,1(a),transformations,high,607,w,Oct/Nov,2022,4,calculator,1,Describe fully the single transformation that maps triangle A onto triangle B.,3
0607_w22_qp_41.json,1(b),transformations,high,607,w,Oct/Nov,2022,4,calculator,1,Translate triangle A by vector \begin{pmatrix} 3 \\ -6 \end{pmatrix}. Label the image C.,2
0607_w22_qp_41.json,1(c),transformations,high,607,w,Oct/Nov,2022,4,calculator,1,"Rotate triangle B through 90\u00b0 clockwise about (3, 6). Label the image D.",2
0607_w22_qp_41.json,1(d),transformations,high,607,w,Oct/Nov,2022,4,calculator,1,Reflect triangle B in the line y = 1. Label the image E.,2
0607_w22_qp_41.json,2(a)(i),statistics,high,607,w,Oct/Nov,2022,4,calculator,1,Complete the scatter diagram. The first four points have been plotted for you.,2
0607_w22_qp_41.json,2(a)(ii),statistics,high,607,w,Oct/Nov,2022,4,calculator,1,What type of correlation is shown by the scatter diagram?,1
0607_w22_qp_41.json,2(b),statistics,high,607,w,Oct/Nov,2022,4,calculator,1,Find the mean price of one barrel of oil.,1
0607_w22_qp_41.json,2(c),straight lines,high,607,w,Oct/Nov,2022,4,calculator,1,Find the equation of the regression line for y in terms of x.,2
0607_w22_qp_41.json,2(d)(i),straight lines,high,607,w,Oct/Nov,2022,4,calculator,1,"Use your answer to part (c) to estimate the price of one barrel of oil when the number of barrels produced is 90 million,",1
0607_w22_qp_41.json,2(d)(ii),straight lines,high,607,w,Oct/Nov,2022,4,calculator,1,Use your answer to part (c) to estimate the price of one barrel of oil when the number of barrels produced is 120 million.,1
0607_w22_qp_41.json,2(e),statistics,high,607,w,Oct/Nov,2022,4,calculator,1,Which of your two answers to part (d) is likely to be more reliable? Give a reason for your answer.,1
0607_w22_qp_41.json,3(a),topics in arithmetic,high,607,w,Oct/Nov,2022,4,calculator,1,"The total amount of money they earn is shared in the ratio of the time each person works. During one week Alana works for 16 hours 40 minutes, Bev works for 30 hours and Cara works for 1200 minutes. They earn a total of $1680.80. Change all the times into minutes and find the amount of money each person earns.",4
0607_w22_qp_41.json,3(b)(i),topics in arithmetic,high,607,w,Oct/Nov,2022,4,calculator,1,Alana pays a weekly rent of $255 for her apartment. The price of this weekly rent is 2% higher than one year ago. Find the price of her weekly rent one year ago.,2
0607_w22_qp_41.json,3(b)(ii),topics in arithmetic,high,607,w,Oct/Nov,2022,4,calculator,1,Alana can pay one full year's rent in advance. One year is 52 weeks. She will receive a discount of 3% on each weekly rent of $255. Calculate the cost of paying the full year's rent in advance.,2
0607_w22_qp_41.json,3(c),solving linear equations,high,607,w,Oct/Nov,2022,4,calculator,1,One week Bev earns $x. She spends \frac{1}{4} of these earnings on rent and \frac{2}{9} on food. She spends \frac{1}{3} of the remaining money on clothes and saves the rest. She saves $152. Find the value of x.,3
0607_w22_qp_41.json,3(d),topics in arithmetic,high,607,w,Oct/Nov,2022,4,calculator,1,Cara invests $500 for 5 years at a rate of y% per year simple interest. The value of Cara's investment at the end of 5 years is $530.75. Find the value of y.,3
0607_w22_qp_41.json,4(a),circle theorems,high,607,w,Oct/Nov,2022,4,calculator,1,Complete the statement. Angle OAP = 90\u00b0 because,1
0607_w22_qp_41.json,4(b)(i),circle theorems,high,607,w,Oct/Nov,2022,4,calculator,1,"Find angle AOB,",1
0607_w22_qp_41.json,4(b)(ii),circle theorems,high,607,w,Oct/Nov,2022,4,calculator,1,"Find angle OAB,",1
0607_w22_qp_41.json,4(b)(iii),circle theorems,high,607,w,Oct/Nov,2022,4,calculator,1,Find angle ACB.,1
0607_w22_qp_41.json,4(c)(i),similarity,high,607,w,Oct/Nov,2022,4,calculator,1,ABCD is a trapezium with AB parallel to DC. Write down a triangle that is similar to triangle ABX.,1
0607_w22_qp_41.json,4(c)(ii),similarity,high,607,w,Oct/Nov,2022,4,calculator,1,The length CD = 4 cm and the length AB = 12 cm. Find the ratio area CDX : area ABX.,1
0607_w22_qp_41.json,5(a),functions,high,607,w,Oct/Nov,2022,4,calculator,1,"On the diagram, sketch the graph of y = f(x), where f(x) = \frac{1}{(x-1)(x-2)(x-3)} for values of x between -1 and 5.",3
0607_w22_qp_41.json,5(b),functions,high,607,w,Oct/Nov,2022,4,calculator,1,Write down the y-coordinate of the point where the curve meets the y-axis.,1
0607_w22_qp_41.json,5(c),functions,high,607,w,Oct/Nov,2022,4,calculator,1,Write down the equations of all the asymptotes to the graph of y = f(x).,3
0607_w22_qp_41.json,5(d),functions,high,607,w,Oct/Nov,2022,4,calculator,1,"On the diagram, sketch the graph of y = g(x), where g(x) = x - 1, for values of x between -1 and 5.",1
0607_w22_qp_41.json,5(e),functions,high,607,w,Oct/Nov,2022,4,calculator,1,Find the x-coordinate of each point of intersection of the two graphs.,2
0607_w22_qp_41.json,5(f),inequalities,high,607,w,Oct/Nov,2022,4,calculator,1,Solve the inequality f(x) > g(x).,3
0607_w22_qp_41.json,6(a),variation and proportion,high,607,w,Oct/Nov,2022,4,calculator,1,y varies inversely as (2x - 1)^2. y = 4 when x = 3. Find the value of y when x = 2.5.,3
0607_w22_qp_41.json,6(b),variation and proportion,high,607,w,Oct/Nov,2022,4,calculator,1,Find the values of x when y = 16.,4
0607_w22_qp_41.json,7(a),simultaneous equations,high,607,w,Oct/Nov,2022,4,calculator,1,"Solve the simultaneous equations. You must show all your working. 4x + 3y = -21, 6x - 2y = 1",4
0607_w22_qp_41.json,7(b)(i),functions,high,607,w,Oct/Nov,2022,4,calculator,1,"f(x) = 5x - 2, g(x) = \frac{1}{2x - 1}, x \neq 0.5, h(x) = (x - 1)^3. Find f(3).",1
0607_w22_qp_41.json,7(b)(ii),functions,high,607,w,Oct/Nov,2022,4,calculator,1,Find h(f(2)).,2
0607_w22_qp_41.json,7(b)(iii),functions,high,607,w,Oct/Nov,2022,4,calculator,1,Solve f(h(x)) = -7.,3
0607_w22_qp_41.json,7(b)(iv),functions,high,607,w,Oct/Nov,2022,4,calculator,1,Find g(g(x)) in terms of x. Give your answer in its simplest form.,3
0607_w22_qp_41.json,8(a),statistics,high,607,w,Oct/Nov,2022,4,calculator,1,"On the grid below, draw a cumulative frequency curve.",3
0607_w22_qp_41.json,8(b)(i),statistics,high,607,w,Oct/Nov,2022,4,calculator,1,"Use your curve to estimate the median mass,",1
0607_w22_qp_41.json,8(b)(ii),statistics,high,607,w,Oct/Nov,2022,4,calculator,1,Use your curve to estimate the interquartile range.,2
0607_w22_qp_41.json,8(c),statistics,high,607,w,Oct/Nov,2022,4,calculator,1,Find the percentage of potatoes that have a mass of at least 280 grams.,2
0607_w22_qp_41.json,8(d),statistics,high,607,w,Oct/Nov,2022,4,calculator,1,Complete the table to show the masses of the 1200 potatoes.,1
0607_w22_qp_41.json,8(e),statistics,high,607,w,Oct/Nov,2022,4,calculator,1,Calculate an estimate of the mean mass of a potato.,2
0607_w22_qp_41.json,9(a)(i),expanding and factorising,high,607,w,Oct/Nov,2022,4,calculator,1,"Find an expression, in terms of a and x, for the area of the shaded region. Give your answer in the form px^2 + qax, where p and q are integers.",2
0607_w22_qp_41.json,9(a)(ii),expanding and factorising,high,607,w,Oct/Nov,2022,4,calculator,1,Calculate the area of the shaded region when a = 6 and x = 1.,1
0607_w22_qp_41.json,9(b),expanding and factorising,high,607,w,Oct/Nov,2022,4,calculator,1,"Find an expression, in terms of a and x, for the total perimeter of the shaded region. Give your answer in its simplest form.",2
0607_w22_qp_41.json,9(c),solving quadratic equations,high,607,w,Oct/Nov,2022,4,calculator,1,The numerical value of the shaded area is equal to the numerical value of the perimeter of the shaded region. Find x when a = 10. You must show all your working.,4
0607_w22_qp_41.json,10(a)(i),probability,high,607,w,Oct/Nov,2022,4,calculator,1,"Rosa chooses a ball at random from the bag, notes its colour and replaces it. She then chooses a ball at random from the bag a second time, notes its colour and replaces it. Find the probability that the two balls chosen are both green,",2
0607_w22_qp_41.json,10(a)(ii),probability,high,607,w,Oct/Nov,2022,4,calculator,1,Find the probability that the two balls chosen are the same colour.,2
0607_w22_qp_41.json,10(b),probability,high,607,w,Oct/Nov,2022,4,calculator,1,Savio chooses a ball at random from the bag and does not replace it. He then chooses another ball from the bag. Find the probability that the two balls chosen are different colours.,3
0607_w22_qp_41.json,11(a),trigonometry,high,607,w,Oct/Nov,2022,4,calculator,1,Calculate angle CDE.,2
0607_w22_qp_41.json,11(b),trigonometry,high,607,w,Oct/Nov,2022,4,calculator,1,Calculate AC.,2
0607_w22_qp_41.json,11(c),trigonometry,high,607,w,Oct/Nov,2022,4,calculator,1,Calculate angle CXA.,5
0607_w22_qp_41.json,11(d),trigonometry,high,607,w,Oct/Nov,2022,4,calculator,1,Calculate the area of triangle CXA.,2
0607_w22_qp_41.json,12(a)(i),exponents and surds,high,607,w,Oct/Nov,2022,4,calculator,1,"a^b = 1 where a > 0. When b = 13, write down the value of a.",1
0607_w22_qp_41.json,12(a)(ii),exponents and surds,high,607,w,Oct/Nov,2022,4,calculator,1,"When a = 17, write down the value of b.",1
0607_w22_qp_41.json,12(b)(i),exponents and surds,high,607,w,Oct/Nov,2022,4,calculator,1,Write down the solution to each equation. 3^{x-5} = 1,1
0607_w22_qp_41.json,12(b)(ii),solving linear equations,high,607,w,Oct/Nov,2022,4,calculator,1,Write down the solution to each equation. (x - 5)^3 = 1,1
0607_w22_qp_41.json,12(c)(i),exponents and surds,high,607,w,Oct/Nov,2022,4,calculator,1,Use part (a) to find all the solutions to the following equations. (4x - 1)^{(x-3)} = 1,3
0607_w22_qp_41.json,12(c)(ii),exponents and surds,high,607,w,Oct/Nov,2022,4,calculator,1,Use part (a) to find all the solutions to the following equations. (x^2 - 4x + 4)^{(x^2 - 9x + 20)} = 1,4
0607_w22_qp_42.json,1(a),topics in arithmetic,high,607,w,Oct/Nov,2022,4,calculator,2,She changes 8500 euros (€) to USA dollars ($). She receives $9520. Calculate the exchange rate.,1
0607_w22_qp_42.json,1(b)(i),topics in arithmetic,high,607,w,Oct/Nov,2022,4,calculator,2,The aircraft leaves at 1035 local time and the flight takes 9 hours 30 minutes. The time in Atlanta is 6 hours behind the time in Paris. Find the local time in Atlanta when the aircraft lands.,2
0607_w22_qp_42.json,1(b)(ii),topics in arithmetic,high,607,w,Oct/Nov,2022,4,calculator,2,On the return flight the aircraft leaves Atlanta at 2308 local time and arrives in Paris the next day at 13 25 local time. The distance from Atlanta to Paris is 7072km. Find the average speed for the flight from Atlanta to Paris.,4
0607_w22_qp_42.json,2(a),statistics,high,607,w,Oct/Nov,2022,4,calculator,2,Complete the scatter diagram. The first seven points have been plotted for you.,2
0607_w22_qp_42.json,2(b),statistics,high,607,w,Oct/Nov,2022,4,calculator,2,What type of correlation is shown on the scatter diagram?,1
0607_w22_qp_42.json,2(c),straight lines,high,607,w,Oct/Nov,2022,4,calculator,2,Find the equation of the regression line. Give your answer in the form t = ax + b.,2
0607_w22_qp_42.json,2(d),straight lines,high,607,w,Oct/Nov,2022,4,calculator,2,Use your regression equation to estimate the time it would take a person aged 48 to do the task.,1
0607_w22_qp_42.json,2(e),statistics,high,607,w,Oct/Nov,2022,4,calculator,2,Give a reason why you should not use the regression equation to estimate the time it would take a person aged 12 to do the task.,1
0607_w22_qp_42.json,3(a),topics in arithmetic,high,607,w,Oct/Nov,2022,4,calculator,2,Sachin earns $63000 per year before paying tax. He pays tax on his earnings at a rate of 16%. Calculate the amount Sachin has after paying tax.,2
0607_w22_qp_42.json,3(b),topics in arithmetic,high,607,w,Oct/Nov,2022,4,calculator,2,Britte has $60480 per year after paying tax at a rate of 16%. Calculate the amount that Britte earns before paying tax.,2
0607_w22_qp_42.json,3(c)(i),topics in arithmetic,high,607,w,Oct/Nov,2022,4,calculator,2,Sachin opens a savings account with $1500 on 1 January. The account pays 1.8% per year simple interest. Show that the amount in Sachin’s account at the end of 3 years is $1581.,2
0607_w22_qp_42.json,3(c)(ii),topics in arithmetic,high,607,w,Oct/Nov,2022,4,calculator,2,Britte also opens a savings account on 1 January. The account pays 2% per year compound interest. Britte pays $500 into her account on 1 January every year. Find who has the greater amount in their account at the end of 3 years. Give the difference correct to the nearest cent.,4
0607_w22_qp_42.json,4(a),straight lines,high,607,w,Oct/Nov,2022,4,calculator,2,Find the length of AB.,3
0607_w22_qp_42.json,4(b),straight lines,high,607,w,Oct/Nov,2022,4,calculator,2,Find the equation of the perpendicular bisector of AB.,5
0607_w22_qp_42.json,4(c),straight lines,high,607,w,Oct/Nov,2022,4,calculator,2,C is a point on AB. C divides AB in the ratio 2 : 1. Find the coordinates of C.,2
0607_w22_qp_42.json,5(a)(i),statistics,high,607,w,Oct/Nov,2022,4,calculator,2,"Use the curve to estimate the median,",1
0607_w22_qp_42.json,5(a)(ii),statistics,high,607,w,Oct/Nov,2022,4,calculator,2,Use the curve to estimate the interquartile range.,2
0607_w22_qp_42.json,5(b),statistics,high,607,w,Oct/Nov,2022,4,calculator,2,Use the curve to complete the frequency table.,2
0607_w22_qp_42.json,5(c),statistics,high,607,w,Oct/Nov,2022,4,calculator,2,Write down the modal class.,1
0607_w22_qp_42.json,5(d),statistics,high,607,w,Oct/Nov,2022,4,calculator,2,Calculate an estimate for the mean.,2
0607_w22_qp_42.json,6(a)(i),expanding and factorising,high,607,w,Oct/Nov,2022,4,calculator,2,Simplify 5(2a + 3) - 3(a - 7),2
0607_w22_qp_42.json,6(a)(ii),expanding and factorising,high,607,w,Oct/Nov,2022,4,calculator,2,Simplify (2x / 3) - ((x - 1) / 2),2
0607_w22_qp_42.json,6(b)(i),solving linear equations,high,607,w,Oct/Nov,2022,4,calculator,2,"Rearrange the formula x = (ab + 3) / (b - 2) to make a the subject,",3
0607_w22_qp_42.json,6(b)(ii),solving linear equations,high,607,w,Oct/Nov,2022,4,calculator,2,Rearrange the formula x = (ab + 3) / (b - 2) to make b the subject.,2
0607_w22_qp_42.json,6(c)(i),exponents and surds,high,607,w,Oct/Nov,2022,4,calculator,2,Solve x^12 = 1200,1
0607_w22_qp_42.json,6(c)(ii),logarithms,high,607,w,Oct/Nov,2022,4,calculator,2,Solve 1.2^x = 12,2
0607_w22_qp_42.json,6(c)(iii),solving linear equations,high,607,w,Oct/Nov,2022,4,calculator,2,Solve |x + 3| = 7,2
0607_w22_qp_42.json,6(d),solving quadratic equations,high,607,w,Oct/Nov,2022,4,calculator,2,Solve by factorising. 6x^2 - 11x - 10 = 0,3
0607_w22_qp_42.json,7(a),mensuration,high,607,w,Oct/Nov,2022,4,calculator,2,The diagram shows a sector of a circle with sector angle 60° and radius 10 cm. Calculate the area of the shaded segment.,3
0607_w22_qp_42.json,7(b)(i),mensuration,high,607,w,Oct/Nov,2022,4,calculator,2,The diagram shows a circle with radius 10 cm and centre O. A and B are at opposite ends of a diameter. COD is an arc of a circle centre A. EOF is an arc of a circle centre B. Calculate the area of the shaded region.,4
0607_w22_qp_42.json,7(b)(ii),mensuration,high,607,w,Oct/Nov,2022,4,calculator,2,Calculate the perimeter of the shaded region.,2
0607_w22_qp_42.json,8(a),sets and Venn diagrams,high,607,w,Oct/Nov,2022,4,calculator,2,Use set notation to describe the shaded regions.,2
0607_w22_qp_42.json,8(b)(i),sets and Venn diagrams,high,607,w,Oct/Nov,2022,4,calculator,2,"U = {Integers 3 <= x <= 15}, A = {Multiples of 3}, B = {Integers 6 <= x <= 12}, C = {Factors of 24}. Write all the elements of U in the correct parts of the Venn diagram.",3
0607_w22_qp_42.json,8(b)(ii),sets and Venn diagrams,high,607,w,Oct/Nov,2022,4,calculator,2,List the members of the set A intersect B intersect C'.,1
0607_w22_qp_42.json,8(b)(iii),sets and Venn diagrams,high,607,w,Oct/Nov,2022,4,calculator,2,List the members of the set (A union C)' intersect B.,1
0607_w22_qp_42.json,8(b)(iv),sets and Venn diagrams,high,607,w,Oct/Nov,2022,4,calculator,2,Find n((B union C) intersect A').,1
0607_w22_qp_42.json,9(a),probability,high,607,w,Oct/Nov,2022,4,calculator,2,The table gives some information about a group of 200 people. Complete the table.,2
0607_w22_qp_42.json,9(b),probability,high,607,w,Oct/Nov,2022,4,calculator,2,Find the probability that one of these people chosen at random has blue eyes.,1
0607_w22_qp_42.json,9(c),probability,high,607,w,Oct/Nov,2022,4,calculator,2,Two of these people are chosen at random. Find the probability that they are both left-handed.,2
0607_w22_qp_42.json,9(d),probability,high,607,w,Oct/Nov,2022,4,calculator,2,Two of the left-handed people are chosen at random. Find the probability that they both have brown eyes.,2
0607_w22_qp_42.json,9(e),probability,high,607,w,Oct/Nov,2022,4,calculator,2,Two of the people with blue eyes are chosen at random. Find the probability that one is right-handed and the other is left-handed.,3
0607_w22_qp_42.json,10(a),trigonometry,high,607,w,Oct/Nov,2022,4,calculator,2,"Triangle ABC is the cross-section of a prism of length 15 cm. AB = 5 cm, AC = 8 cm and BC = 11 cm. Show that the area of triangle ABC = 18.33 cm^2 correct to 2 decimal places.",4
0607_w22_qp_42.json,10(b),mensuration,high,607,w,Oct/Nov,2022,4,calculator,2,Find the volume of the prism.,1
0607_w22_qp_42.json,10(c),mensuration,high,607,w,Oct/Nov,2022,4,calculator,2,Find the total surface area of the prism.,2
0607_w22_qp_42.json,10(d),similarity,high,607,w,Oct/Nov,2022,4,calculator,2,A mathematically similar prism has a volume of 500 cm^3. Calculate the total surface area of this similar prism. Give your answer correct to 2 significant figures.,3
0607_w22_qp_42.json,11(a),functions,high,607,w,Oct/Nov,2022,4,calculator,2,"Sketch the graph of y = f(x) for values of x between -5 and 5, where f(x) = x + (5 / ((x - 2)(x + 3))).",4
0607_w22_qp_42.json,11(b),functions,high,607,w,Oct/Nov,2022,4,calculator,2,Write down the equations of the asymptotes parallel to the y-axis.,2
0607_w22_qp_42.json,11(c)(i),functions,high,607,w,Oct/Nov,2022,4,calculator,2,Find the coordinates of the local maximum.,2
0607_w22_qp_42.json,11(c)(ii),functions,high,607,w,Oct/Nov,2022,4,calculator,2,Find the coordinates of the local minimum.,2
0607_w22_qp_42.json,11(c)(iii),functions,high,607,w,Oct/Nov,2022,4,calculator,2,Write down the range of values of k for which f(x) = k has exactly one solution.,2
0607_w22_qp_42.json,11(d)(i),functions,high,607,w,Oct/Nov,2022,4,calculator,2,g(x) = -4 - x. Solve the equation f(x) = g(x).,3
0607_w22_qp_42.json,11(d)(ii),inequalities,high,607,w,Oct/Nov,2022,4,calculator,2,Find the solutions to the inequality f(x) > g(x).,3
0607_w22_qp_42.json,12(a),expanding and factorising,high,607,w,Oct/Nov,2022,4,calculator,2,P = 2n + 1 where n is a positive integer. Show that P^2 is always an odd number.,2
0607_w22_qp_42.json,12(b)(i),sequences,high,607,w,Oct/Nov,2022,4,calculator,2,"P and Q are consecutive odd numbers where Q > P. Write down an expression for Q, in terms of n.",1
0607_w22_qp_42.json,12(b)(ii),expanding and factorising,high,607,w,Oct/Nov,2022,4,calculator,2,Show that Q^2 - P^2 is always a multiple of 8.,3
0607_w22_qp_43.json,1(a),transformations,high,607,w,Oct/Nov,2022,4,calculator,3,"Rotate triangle T through 90° clockwise about the point (9, 6).",2
0607_w22_qp_43.json,1(b),transformations,high,607,w,Oct/Nov,2022,4,calculator,3,"Enlarge triangle T with scale factor 1/2, centre (0, 0).",2
0607_w22_qp_43.json,1(c),transformations,high,607,w,Oct/Nov,2022,4,calculator,3,Describe fully the single transformation that maps triangle T onto triangle P.,2
0607_w22_qp_43.json,1(d),transformations,high,607,w,Oct/Nov,2022,4,calculator,3,Describe fully the single transformation that maps triangle T onto triangle Q.,3
0607_w22_qp_43.json,2(a),functions,high,607,w,Oct/Nov,2022,4,calculator,3,"On the diagram, sketch the graph of y = f(x) for values of x between -5 and 5.",2
0607_w22_qp_43.json,2(b),functions,high,607,w,Oct/Nov,2022,4,calculator,3,Find f(-2).,1
0607_w22_qp_43.json,2(c),functions,high,607,w,Oct/Nov,2022,4,calculator,3,Solve the equation f(x) = 0.,1
0607_w22_qp_43.json,2(d),functions,high,607,w,Oct/Nov,2022,4,calculator,3,Find the maximum value of f(x).,1
0607_w22_qp_43.json,2(e),functions,high,607,w,Oct/Nov,2022,4,calculator,3,Write down the equation of each asymptote.,2
0607_w22_qp_43.json,2(f)(i),solving quadratic equations,medium,607,w,Oct/Nov,2022,4,calculator,3,Solve the equation 1/x - 1/x^2 = x^2 - 2.,3
0607_w22_qp_43.json,2(f)(ii),expanding and factorising,high,607,w,Oct/Nov,2022,4,calculator,3,"The equation 1/x - 1/x^2 = x^2 - 2 can be rearranged to the form x^4 + ax^2 + bx + c = 0. Find the values of a, b and c.",2
0607_w22_qp_43.json,3(a),solving linear equations,high,607,w,Oct/Nov,2022,4,calculator,3,Amira buys a magazine that costs $n and a book that costs $(2n + 5). She pays with a $20 note and receives $1.62 change. Find the cost of a magazine.,3
0607_w22_qp_43.json,3(b),simultaneous equations,high,607,w,Oct/Nov,2022,4,calculator,3,The cost of a bar of chocolate is $x and the cost of a bag of sweets is $y. Bruce buys 2 bars of chocolate and 1 bag of sweets for a total of $3.60. Charlie buys 3 bars of chocolate and 2 bags of sweets for a total of $6.05. Find the total cost of 1 bar of chocolate and 3 bags of sweets. You must show all your working.,5
0607_w22_qp_43.json,4,sequences,high,607,w,Oct/Nov,2022,4,calculator,3,Complete the table for the 5th term and the nth term of each sequence.,11
0607_w22_qp_43.json,5(a)(i),topics in arithmetic,high,607,w,Oct/Nov,2022,4,calculator,3,Show that Kris receives $80.,1
0607_w22_qp_43.json,5(a)(ii),topics in arithmetic,high,607,w,Oct/Nov,2022,4,calculator,3,Kris spends 30.8% of his $80 on a book. Calculate the cost of the book.,2
0607_w22_qp_43.json,5(a)(iii),topics in arithmetic,high,607,w,Oct/Nov,2022,4,calculator,3,Laila invests her $120 at a rate of 1.16% per year simple interest. Calculate the total amount Laila has at the end of 5 years.,3
0607_w22_qp_43.json,5(b)(i),topics in arithmetic,high,607,w,Oct/Nov,2022,4,calculator,3,Calculate the amount Sangita invested on 1 January 2020.,2
0607_w22_qp_43.json,5(b)(ii),topics in arithmetic,high,607,w,Oct/Nov,2022,4,calculator,3,Calculate the value of the investment on 1 January 2025.,2
0607_w22_qp_43.json,5(c),topics in arithmetic,high,607,w,Oct/Nov,2022,4,calculator,3,Tomas invests an amount of money at a rate of 1.4% per year compound interest. Find the number of complete years it takes for the value of his investment to increase by 50%.,4
0607_w22_qp_43.json,6(a)(i),vectors,high,607,w,Oct/Nov,2022,4,calculator,3,Find 2p.,1
0607_w22_qp_43.json,6(a)(ii),vectors,high,607,w,Oct/Nov,2022,4,calculator,3,Find 1/4 p - r.,2
0607_w22_qp_43.json,6(a)(iii),vectors,high,607,w,Oct/Nov,2022,4,calculator,3,Find the magnitude of p.,2
0607_w22_qp_43.json,6(b)(i),vectors,high,607,w,Oct/Nov,2022,4,calculator,3,The vector from K to L is (-1/1). Find the coordinates of L.,1
0607_w22_qp_43.json,6(b)(ii),vectors,high,607,w,Oct/Nov,2022,4,calculator,3,The vector from J to K is (5/-2). Find the coordinates of J.,1
0607_w22_qp_43.json,6(c),straight lines,high,607,w,Oct/Nov,2022,4,calculator,3,"A is the point (-1, 3) and B is the point (5, 7). The perpendicular bisector of the line AB meets the x-axis at C. Find the coordinates of C.",7
0607_w22_qp_43.json,7(a)(i),statistics,high,607,w,Oct/Nov,2022,4,calculator,3,Calculate the sector angle for the number of students who spend more than 30 hours watching television.,2
0607_w22_qp_43.json,7(a)(ii),statistics,high,607,w,Oct/Nov,2022,4,calculator,3,Calculate an estimate of the mean.,2
0607_w22_qp_43.json,7(b)(i),statistics,high,607,w,Oct/Nov,2022,4,calculator,3,Write down the type of correlation shown in the table.,1
0607_w22_qp_43.json,7(b)(ii),statistics,high,607,w,Oct/Nov,2022,4,calculator,3,"Find the equation of the regression line, giving n in terms of t.",2
0607_w22_qp_43.json,7(b)(iii),statistics,high,607,w,Oct/Nov,2022,4,calculator,3,Use your answer to part(b)(ii) to find the number of ice creams expected to be sold when the midday temperature is 22°C.,1
0607_w22_qp_43.json,7(b)(iv),statistics,high,607,w,Oct/Nov,2022,4,calculator,3,"During this week, the shopkeeper sells 700 ice creams. She estimates that she will sell a total of 9800 ice creams during the next 14 weeks. Give a reason why this may not be a good estimate.",1
0607_w22_qp_43.json,7(c)(i),probability,high,607,w,Oct/Nov,2022,4,calculator,3,Complete the tree diagram.,2
0607_w22_qp_43.json,7(c)(ii),probability,high,607,w,Oct/Nov,2022,4,calculator,3,Find the probability that Lance goes cycling.,3
0607_w22_qp_43.json,8(a)(i),trigonometry,high,607,w,Oct/Nov,2022,4,calculator,3,Calculate angle BCD.,1
0607_w22_qp_43.json,8(a)(ii),trigonometry,high,607,w,Oct/Nov,2022,4,calculator,3,Calculate BC.,3
0607_w22_qp_43.json,8(b),trigonometry,high,607,w,Oct/Nov,2022,4,calculator,3,Calculate angle EBD.,3
0607_w22_qp_43.json,8(c),trigonometry,high,607,w,Oct/Nov,2022,4,calculator,3,Calculate the area of the pentagon ABCDE.,4
0607_w22_qp_43.json,8(d),trigonometry,high,607,w,Oct/Nov,2022,4,calculator,3,Calculate the shortest distance from C to AE.,4
0607_w22_qp_43.json,9(a)(i),functions,high,607,w,Oct/Nov,2022,4,calculator,3,Find f(-2).,1
0607_w22_qp_43.json,9(a)(ii),functions,high,607,w,Oct/Nov,2022,4,calculator,3,Find f^(-1)(x).,2
0607_w22_qp_43.json,9(a)(iii),functions,high,607,w,Oct/Nov,2022,4,calculator,3,Find x when g(x) = 2f(x).,3
0607_w22_qp_43.json,9(a)(iv),functions,high,607,w,Oct/Nov,2022,4,calculator,3,"Find g(f(x)), giving your answer in the form ax^2 + bx + c.",3
0607_w22_qp_43.json,9(a)(v),functions,high,607,w,Oct/Nov,2022,4,calculator,3,Find the amplitude and period of h(x).,2
0607_w22_qp_43.json,9(a)(vi),trigonometry,high,607,w,Oct/Nov,2022,4,calculator,3,Solve the equation h(x) = sqrt(3) for 0° <= x <= 180°.,2
0607_w22_qp_43.json,9(b)(i),functions,high,607,w,Oct/Nov,2022,4,calculator,3,Find the value of j(cuberoot(a)).,1
0607_w22_qp_43.json,9(b)(ii),functions,high,607,w,Oct/Nov,2022,4,calculator,3,Find j^(-1)(x).,2
0607_w22_qp_43.json,10(a),variation and proportion,high,607,w,Oct/Nov,2022,4,calculator,3,A machine lays a pipe of length 2.5 km in 18 hours. The machine always works at the same rate. Calculate the time it takes to lay a pipe of length 4 km.,2
0607_w22_qp_43.json,10(b),variation and proportion,high,607,w,Oct/Nov,2022,4,calculator,3,"t varies inversely as the square root of x. x varies directly as the square of y. When x = 4, t = 3. When y = 4, x = 81. ty = h. Find the value of h.",5
0607_w23_qp_21.json,1,angles,high,607,w,Oct/Nov,2023,2,non_calculator,1,The diagram shows a straight line crossing two parallel lines. Find the value of x.,1
0607_w23_qp_21.json,2(a),statistics,high,607,w,Oct/Nov,2023,2,non_calculator,1,"Priya rolls a die 10 times. The table shows the results. Score: 1, 2, 3, 4, 5, 6. Frequency: 2, 1, 0, 2, 0, 5. Find the mode.",1
0607_w23_qp_21.json,2(b),statistics,high,607,w,Oct/Nov,2023,2,non_calculator,1,"Priya rolls a die 10 times. The table shows the results. Score: 1, 2, 3, 4, 5, 6. Frequency: 2, 1, 0, 2, 0, 5. Find the interquartile range.",2
0607_w23_qp_21.json,3,straight lines,high,607,w,Oct/Nov,2023,2,non_calculator,1,"A is the point (0, 7) and B is the point (-2, 1). M is the mid-point of AB. Find the coordinates of M.",2
0607_w23_qp_21.json,4(a),topics in arithmetic,high,607,w,Oct/Nov,2023,2,non_calculator,1,Write 1.8796 correct to 4 significant figures.,1
0607_w23_qp_21.json,4(b),exponents and surds,high,607,w,Oct/Nov,2023,2,non_calculator,1,Work out (\sqrt{5})^4.,1
0607_w23_qp_21.json,4(c),inequalities,high,607,w,Oct/Nov,2023,2,non_calculator,1,x is an integer and |x| <= 1. Write down the values of x.,1
0607_w23_qp_21.json,4(d),topics in arithmetic,high,607,w,Oct/Nov,2023,2,non_calculator,1,Find the highest common factor (HCF) of 24 and 42.,1
0607_w23_qp_21.json,5,solving linear equations,high,607,w,Oct/Nov,2023,2,non_calculator,1,"A taxi fare, $F, consists of a fixed charge of $x plus $0.65 per kilometre travelled. Find a formula for F for a journey of y kilometres.",2
0607_w23_qp_21.json,6,sequences,high,607,w,Oct/Nov,2023,2,non_calculator,1,"Find the next term and the nth term of this sequence: 0, 1, 4, 9, 16, ....",3
0607_w23_qp_21.json,7(a),topics in arithmetic,high,607,w,Oct/Nov,2023,2,non_calculator,1,J = h^3 + k^3. Find the value of J when h = 3 and k = 4.,2
0607_w23_qp_21.json,7(b),solving linear equations,high,607,w,Oct/Nov,2023,2,non_calculator,1,J = h^3 + k^3. Rearrange the formula to write h in terms of J and k.,2
0607_w23_qp_21.json,8,Pythagoras,high,607,w,Oct/Nov,2023,2,non_calculator,1,The length of the diagonal of the rectangle is 10 cm. The length of the rectangle is 8 cm. Work out the width of the rectangle.,3
0607_w23_qp_21.json,9,probability,high,607,w,Oct/Nov,2023,2,non_calculator,1,"Ulrich has these cards: A, A, B, C, C, C, D. He picks 2 cards at random without replacement. Find the probability that both cards have the letter A.",2
0607_w23_qp_21.json,10,exponents and surds,high,607,w,Oct/Nov,2023,2,non_calculator,1,5^w / 5^13 = 25. Find the value of w.,1
0607_w23_qp_21.json,11,mensuration,high,607,w,Oct/Nov,2023,2,non_calculator,1,The volume of a cone is 18\pi cm^3. The height of the cone is the same as the diameter of its base. Find the radius of the base.,3
0607_w23_qp_21.json,12,circle theorems,high,607,w,Oct/Nov,2023,2,non_calculator,1,ABCD is a cyclic quadrilateral. ABV is a straight line and TU is a tangent to the circle at C. Find the value of x and the value of y.,2
0607_w23_qp_21.json,13,variation and proportion,high,607,w,Oct/Nov,2023,2,non_calculator,1,"y varies inversely as the square root of (x + 1). When x = 8, y = 5. Find y in terms of x.",2
0607_w23_qp_21.json,14,straight lines,high,607,w,Oct/Nov,2023,2,non_calculator,1,"The line L is perpendicular to the line 2y = 5 - x and passes through the point (2, 3). Find the equation of line L. Give your answer in the form y = mx + c.",4
0607_w23_qp_21.json,15,exponents and surds,high,607,w,Oct/Nov,2023,2,non_calculator,1,Rationalise the denominator: \sqrt{5} / (\sqrt{5} - 1),2
0607_w23_qp_21.json,16,logarithms,high,607,w,Oct/Nov,2023,2,non_calculator,1,log 20 + log x = 2. Find the value of x.,2
0607_w23_qp_22.json,1,topics in arithmetic,high,607,w,Oct/Nov,2023,2,non_calculator,2,Work out -45 ÷ -15.,1
0607_w23_qp_22.json,2,topics in arithmetic,high,607,w,Oct/Nov,2023,2,non_calculator,2,Write 4049 correct to 2 significant figures.,1
0607_w23_qp_22.json,3,solving linear equations,high,607,w,Oct/Nov,2023,2,non_calculator,2,Solve 7x - 5 = 37.,2
0607_w23_qp_22.json,4,topics in arithmetic,high,607,w,Oct/Nov,2023,2,non_calculator,2,Find 2% of $400.,1
0607_w23_qp_22.json,5(a),statistics,high,607,w,Oct/Nov,2023,2,non_calculator,2,"This is a list of test grades:
7 7 5 3 4 3 3 7 1 7 2 7
Find the mode.",1
0607_w23_qp_22.json,5(b),statistics,high,607,w,Oct/Nov,2023,2,non_calculator,2,"This is a list of test grades:
7 7 5 3 4 3 3 7 1 7 2 7
Find the range.",1
0607_w23_qp_22.json,6(a),topics in arithmetic,high,607,w,Oct/Nov,2023,2,non_calculator,2,Work out 3/4 - 1/5.,2
0607_w23_qp_22.json,6(b),topics in arithmetic,high,607,w,Oct/Nov,2023,2,non_calculator,2,"Work out 2 3/4 × 2 2/3.
Give your answer as a mixed number in its simplest form.",3
0607_w23_qp_22.json,7,exponents and surds,high,607,w,Oct/Nov,2023,2,non_calculator,2,Write down an irrational number between 3 and 4.,1
0607_w23_qp_22.json,8,topics in arithmetic,high,607,w,Oct/Nov,2023,2,non_calculator,2,Work out the highest common factor (HCF) of 60 and 42.,1
0607_w23_qp_22.json,9,expanding and factorising,high,607,w,Oct/Nov,2023,2,non_calculator,2,Expand 3p^2(4 - 3p).,2
0607_w23_qp_22.json,10(a),straight lines,high,607,w,Oct/Nov,2023,2,non_calculator,2,"P is the point (-5, 3) and Q is the point (2, -1).
Find the coordinates of the mid-point of PQ.",2
0607_w23_qp_22.json,10(b),straight lines,high,607,w,Oct/Nov,2023,2,non_calculator,2,"Line L is perpendicular to the line y = 3x - 2.
The point (6, 1) is on line L.
Find the equation of line L.
Give your answer in the form y = mx + c.",3
0607_w23_qp_22.json,11(a),sets and Venn diagrams,high,607,w,Oct/Nov,2023,2,non_calculator,2,"On the Venn diagram, shade (A ∪ B)'.",1
0607_w23_qp_22.json,11(b),sets and Venn diagrams,high,607,w,Oct/Nov,2023,2,non_calculator,2,Use set notation to describe the shaded region.,1
0607_w23_qp_22.json,11(c),sets and Venn diagrams,high,607,w,Oct/Nov,2023,2,non_calculator,2,"There are 35 students in a class.
The students are asked if they like athletics (A) or cricket (C).
n(A) = 15
n(C) = 14
n(A ∩ C) = 5
Complete the Venn diagram below by writing the number of elements in each subset.",2
0607_w23_qp_22.json,12,solving quadratic equations,high,607,w,Oct/Nov,2023,2,non_calculator,2,"Solve x^2 - 2x - 6 = 0.
Give your answer in the form a ± ∙b where a and b are integers.",3
0607_w23_qp_22.json,13,vectors,high,607,w,Oct/Nov,2023,2,non_calculator,2,"Find the magnitude of the vector (-6, 8).",2
0607_w23_qp_22.json,14,solving linear equations,high,607,w,Oct/Nov,2023,2,non_calculator,2,Solve (x + 1)/(x - 1) - 1/3 = 0.,3
0607_w23_qp_22.json,15(a),functions,high,607,w,Oct/Nov,2023,2,non_calculator,2,"The graph shows f(x) = a cos(bx)°.
Find the value of a and the value of b.",2
0607_w23_qp_22.json,15(b),functions,high,607,w,Oct/Nov,2023,2,non_calculator,2,"The graph shows f(x) = a cos(bx)°.
Write down the period of f(x).",1
0607_w23_qp_22.json,16(a),logarithms,high,607,w,Oct/Nov,2023,2,non_calculator,2,"log_a 64 = 2
Write down the value of a.",1
0607_w23_qp_22.json,16(b),logarithms,high,607,w,Oct/Nov,2023,2,non_calculator,2,Simplify log 3 + 3 log 2 - log 12.,3
0607_w23_qp_23.json,1(a),topics in arithmetic,high,607,w,Oct/Nov,2023,2,non_calculator,3,Write 0.0301497 correct to 3 decimal places,1
0607_w23_qp_23.json,1(b),topics in arithmetic,high,607,w,Oct/Nov,2023,2,non_calculator,3,Write 0.0301497 correct to 4 significant figures.,1
0607_w23_qp_23.json,2,angles,high,607,w,Oct/Nov,2023,2,non_calculator,3,Write down the number of lines of symmetry of a kite.,1
0607_w23_qp_23.json,3,topics in arithmetic,high,607,w,Oct/Nov,2023,2,non_calculator,3,Work out 5/6 - 5/8.,2
0607_w23_qp_23.json,4(a),inequalities,high,607,w,Oct/Nov,2023,2,non_calculator,3,Solve 11 + 2x > 5.,2
0607_w23_qp_23.json,4(b),inequalities,high,607,w,Oct/Nov,2023,2,non_calculator,3,Show your solution to part (a) on this number line.,1
0607_w23_qp_23.json,5(a),statistics,high,607,w,Oct/Nov,2023,2,non_calculator,3,One day Hassan surveys the number of people in the cars passing his house. The results for the first 100 cars are shown in the table. Complete the table.,2
0607_w23_qp_23.json,5(b),statistics,high,607,w,Oct/Nov,2023,2,non_calculator,3,A total of 1200 cars pass Hassan's house that day. Calculate an estimate of the number of these cars with 5 people.,1
0607_w23_qp_23.json,6,angles,high,607,w,Oct/Nov,2023,2,non_calculator,3,The angles of a triangle are in the ratio 2:3:7. Find each angle.,3
0607_w23_qp_23.json,7,exponents and surds,high,607,w,Oct/Nov,2023,2,non_calculator,3,p = 5 x 10^7. Work out p^3. Give your answer in standard form.,2
0607_w23_qp_23.json,8(a),sequences,high,607,w,Oct/Nov,2023,2,non_calculator,3,"For this sequence 1, 6, 11, 16, 21 ... find the next term",1
0607_w23_qp_23.json,8(b),sequences,high,607,w,Oct/Nov,2023,2,non_calculator,3,"For this sequence 1, 6, 11, 16, 21 ... find an expression for the nth term.",2
0607_w23_qp_23.json,9,similarity,high,607,w,Oct/Nov,2023,2,non_calculator,3,The two bottles are mathematically similar. The height of the large bottle is 30 cm. The height of the small bottle is 24 cm. The volume of the large bottle is 250 cm^3. Calculate the volume of the small bottle.,3
0607_w23_qp_23.json,10(a),circle theorems,high,607,w,Oct/Nov,2023,2,non_calculator,3,"A, B, C and D are points on the circle centre O. PDQ is a tangent to the circle at D. Angle BAD = 51° and angle PDA = 64°. Find angle BCD",1
0607_w23_qp_23.json,10(b),circle theorems,high,607,w,Oct/Nov,2023,2,non_calculator,3,"A, B, C and D are points on the circle centre O. PDQ is a tangent to the circle at D. Angle BAD = 51° and angle PDA = 64°. Find angle ABD",1
0607_w23_qp_23.json,10(c),circle theorems,high,607,w,Oct/Nov,2023,2,non_calculator,3,"A, B, C and D are points on the circle centre O. PDQ is a tangent to the circle at D. Angle BAD = 51° and angle PDA = 64°. Find the obtuse angle BOD.",1
0607_w23_qp_23.json,11,expanding and factorising,high,607,w,Oct/Nov,2023,2,non_calculator,3,Expand and simplify. (4 + 2∓3)(5 - ∓3),2
0607_w23_qp_23.json,12,variation and proportion,high,607,w,Oct/Nov,2023,2,non_calculator,3,"y is inversely proportional to x^2. When x = 2, y = 10. Find y in terms of x.",2
0607_w23_qp_23.json,13,mensuration,high,607,w,Oct/Nov,2023,2,non_calculator,3,The area of the shaded segment is (a͠ + b) cm^2. Find the value of a and the value of b.,4
0607_w23_qp_23.json,14,logarithms,high,607,w,Oct/Nov,2023,2,non_calculator,3,Solve 2 log x - 3 log 2 + log 5 = 3.,4
0607_w23_qp_23.json,15,expanding and factorising,high,607,w,Oct/Nov,2023,2,non_calculator,3,Write as a single fraction in its simplest form. 3 / (x - 1) - 2 / (2x + 5),3
0607_w23_qp_41.json,1(a),topics in arithmetic,high,607,w,Oct/Nov,2023,4,calculator,1,Find $2.40 as a percentage of $1.60.,1
0607_w23_qp_41.json,1(b),topics in arithmetic,high,607,w,Oct/Nov,2023,4,calculator,1,Calculate 7.2% of 2.5g.,2
0607_w23_qp_41.json,1(c),topics in arithmetic,high,607,w,Oct/Nov,2023,4,calculator,1,Amir invests $400 at a rate of 1.8% per year compound interest. Calculate the value of this investment at the end of 6 years.,2
0607_w23_qp_41.json,1(d)(i),topics in arithmetic,high,607,w,Oct/Nov,2023,4,calculator,1,Each year the population of a small town increases by 4% of its value in the previous year. The population is now 29640. Calculate the population last year.,2
0607_w23_qp_41.json,1(d)(ii),logarithms,medium,607,w,Oct/Nov,2023,4,calculator,1,Calculate the number of complete years it will take for the population of 29640 to be first greater than 40000.,4
0607_w23_qp_41.json,2(a),functions,high,607,w,Oct/Nov,2023,4,calculator,1,"On the diagram, sketch the graph of y = f(x).",3
0607_w23_qp_41.json,2(b),functions,high,607,w,Oct/Nov,2023,4,calculator,1,Find the coordinates of the local minimum point.,1
0607_w23_qp_41.json,2(c),functions,high,607,w,Oct/Nov,2023,4,calculator,1,Write down the equations of the three asymptotes of the graph of y = f(x).,2
0607_w23_qp_41.json,2(d),functions,high,607,w,Oct/Nov,2023,4,calculator,1,The equation f(x) = k has no solutions. Write down the range of values of k.,2
0607_w23_qp_41.json,2(e),functions,high,607,w,Oct/Nov,2023,4,calculator,1,"By sketching another graph on the diagram, solve the equation \frac{1}{\sin x^{\circ}} = 5 \sin \left(\frac{x}{2}\right)^{\circ} for 0 \leqslant x \leqslant 360.",3
0607_w23_qp_41.json,3(a)(i),statistics,high,607,w,Oct/Nov,2023,4,calculator,1,Use the cumulative frequency curve to find the median,1
0607_w23_qp_41.json,3(a)(ii),statistics,high,607,w,Oct/Nov,2023,4,calculator,1,Use the cumulative frequency curve to find the interquartile range,2
0607_w23_qp_41.json,3(a)(iii),statistics,high,607,w,Oct/Nov,2023,4,calculator,1,Use the cumulative frequency curve to find the number of students with a height greater than 150 cm.,2
0607_w23_qp_41.json,3(b),statistics,high,607,w,Oct/Nov,2023,4,calculator,1,Use the cumulative frequency curve to complete the frequency table.,2
0607_w23_qp_41.json,3(c),statistics,high,607,w,Oct/Nov,2023,4,calculator,1,Use the frequency table to calculate an estimate of the mean height.,2
0607_w23_qp_41.json,4(a)(i),vectors,high,607,w,Oct/Nov,2023,4,calculator,1,Work out p + 2q.,2
0607_w23_qp_41.json,4(a)(ii),vectors,high,607,w,Oct/Nov,2023,4,calculator,1,"A is the point (2, 6) and B is the image of point A after a translation by the vector p. Find the coordinates of B.",1
0607_w23_qp_41.json,4(a)(iii),vectors,high,607,w,Oct/Nov,2023,4,calculator,1,Find the magnitude of q.,2
0607_w23_qp_41.json,4(b),vectors,high,607,w,Oct/Nov,2023,4,calculator,1,"Find the vector that translates the point (1, 5) to the point (-1, 7).",2
0607_w23_qp_41.json,4(c)(i),transformations,high,607,w,Oct/Nov,2023,4,calculator,1,Describe fully the single transformation that maps triangle T onto triangle A.,2
0607_w23_qp_41.json,4(c)(ii),transformations,high,607,w,Oct/Nov,2023,4,calculator,1,Describe fully the single transformation that maps triangle T onto triangle B.,3
0607_w23_qp_41.json,4(c)(iii),transformations,high,607,w,Oct/Nov,2023,4,calculator,1,Reflect triangle T in the y-axis.,1
0607_w23_qp_41.json,4(c)(iv),transformations,high,607,w,Oct/Nov,2023,4,calculator,1,Stretch triangle T with factor 3 and invariant line y = 3.,2
0607_w23_qp_41.json,5(a),functions,high,607,w,Oct/Nov,2023,4,calculator,1,The domain of f(x) is 0 \leqslant x \leqslant 10. Find the range of f(x).,2
0607_w23_qp_41.json,5(b)(i),functions,high,607,w,Oct/Nov,2023,4,calculator,1,Solve f(x) = -2,2
0607_w23_qp_41.json,5(b)(ii),functions,high,607,w,Oct/Nov,2023,4,calculator,1,Solve g(x) = 3 - x,3
0607_w23_qp_41.json,5(c),functions,high,607,w,Oct/Nov,2023,4,calculator,1,Find g(f(4)).,2
0607_w23_qp_41.json,5(d),functions,high,607,w,Oct/Nov,2023,4,calculator,1,Find h(2) - j(2).,2
0607_w23_qp_41.json,5(e),functions,high,607,w,Oct/Nov,2023,4,calculator,1,Find h^{-1}(x).,1
0607_w23_qp_41.json,5(f),functions,high,607,w,Oct/Nov,2023,4,calculator,1,Find j^{-1}(x).,2
0607_w23_qp_41.json,6(a),topics in arithmetic,high,607,w,Oct/Nov,2023,4,calculator,1,Jade and Kim share $160. Jade receives $8 more than Kim. Find the ratio Jade's money : Kim's money. Give your answer in its simplest form.,2
0607_w23_qp_41.json,6(b),topics in arithmetic,high,607,w,Oct/Nov,2023,4,calculator,1,Each year the height of a bush increases by x% of its height at the start of the year. It takes 6 years for the bush to grow from 1.2 m to 1.664 m. Find the value of x.,3
0607_w23_qp_41.json,6(c)(i),exponents and surds,high,607,w,Oct/Nov,2023,4,calculator,1,"Work out (4.5 \times 10^{85}) \times (3 \times 10^{36}), giving each answer in standard form.",2
0607_w23_qp_41.json,6(c)(ii),exponents and surds,high,607,w,Oct/Nov,2023,4,calculator,1,"Work out (2 \times 10^{n}) + (2 \times 10^{n-2}), giving each answer in standard form.",2
0607_w23_qp_41.json,7(a),solving linear equations,high,607,w,Oct/Nov,2023,4,calculator,1,Marcus runs for 1 hour at x km/h and then walks for 2 hours at (x - 5) km/h. He travels a total distance of 14 km. Find his running speed.,3
0607_w23_qp_41.json,7(b)(i),solving quadratic equations,high,607,w,Oct/Nov,2023,4,calculator,1,Nina runs 5 km at y km/h and then walks 7 km at (y - 7) km/h. She takes a total of 2 hours. Show that 2y^2 - 26y + 35 = 0.,3
0607_w23_qp_41.json,7(b)(ii),solving quadratic equations,high,607,w,Oct/Nov,2023,4,calculator,1,Solve 2y^2 - 26y + 35 = 0.,3
0607_w23_qp_41.json,7(b)(iii),solving quadratic equations,high,607,w,Oct/Nov,2023,4,calculator,1,Find Nina's walking speed.,1
0607_w23_qp_41.json,8(a),mensuration,high,607,w,Oct/Nov,2023,4,calculator,1,Calculate the length of the arc PQ.,2
0607_w23_qp_41.json,8(b),mensuration,high,607,w,Oct/Nov,2023,4,calculator,1,Calculate the area of the sector.,2
0607_w23_qp_41.json,8(c),mensuration,high,607,w,Oct/Nov,2023,4,calculator,1,The sector is the cross-section of a solid of length 20 cm. Calculate the total surface area of the solid.,4
0607_w23_qp_41.json,8(d),similarity,high,607,w,Oct/Nov,2023,4,calculator,1,Another solid is mathematically similar to the solid in part (c). The radius of the sector in this solid is 10 cm. Calculate the total surface area of this solid.,2
0607_w23_qp_41.json,9(a),probability,high,607,w,Oct/Nov,2023,4,calculator,1,Find the number of days Samira is expected to cycle to school in a school term of 54 days.,1
0607_w23_qp_41.json,9(b),probability,high,607,w,Oct/Nov,2023,4,calculator,1,Complete the tree diagram.,2
0607_w23_qp_41.json,9(c),probability,high,607,w,Oct/Nov,2023,4,calculator,1,Calculate the probability that on any day Samira arrives at school on time.,3
0607_w23_qp_41.json,9(d),probability,high,607,w,Oct/Nov,2023,4,calculator,1,"In a school week of 5 days, find the probability that Samira cycles to school on exactly 1 day.",3
0607_w23_qp_41.json,10(a)(i),expanding and factorising,high,607,w,Oct/Nov,2023,4,calculator,1,Simplify \frac{k}{2p} \times \frac{t}{3},1
0607_w23_qp_41.json,10(a)(ii),expanding and factorising,high,607,w,Oct/Nov,2023,4,calculator,1,Simplify \frac{u}{7} + \frac{2u}{21},2
0607_w23_qp_41.json,10(b),expanding and factorising,high,607,w,Oct/Nov,2023,4,calculator,1,Simplify \frac{x^2 - x - 42}{2x^2 - 98},4
0607_w23_qp_41.json,10(c),expanding and factorising,high,607,w,Oct/Nov,2023,4,calculator,1,Write as a single fraction in its simplest form: \frac{g - 1}{g + 1} - \frac{2g}{5} + 4,3
0607_w23_qp_41.json,11(a),trigonometry,high,607,w,Oct/Nov,2023,4,calculator,1,Calculate the area of triangle ABC.,2
0607_w23_qp_41.json,11(b),trigonometry,high,607,w,Oct/Nov,2023,4,calculator,1,Calculate the shortest distance from C to AB.,3
0607_w23_qp_41.json,11(c),trigonometry,high,607,w,Oct/Nov,2023,4,calculator,1,Show that BC = 7.41 cm correct to 2 decimal places.,3
0607_w23_qp_41.json,11(d),circle theorems,high,607,w,Oct/Nov,2023,4,calculator,1,"In triangle ABC, O is the centre of the circle that passes through A, B and C. Calculate the radius of this circle.",4
0607_w23_qp_42.json,1(a),transformations,high,607,w,Oct/Nov,2023,4,calculator,2,Reflect triangle T in the line x = -1. Label the image A.,2
0607_w23_qp_42.json,1(b),transformations,high,607,w,Oct/Nov,2023,4,calculator,2,Translate triangle T using the vector \begin{pmatrix} 1 \\ 4 \end{pmatrix}. Label the image B.,2
0607_w23_qp_42.json,1(c),transformations,high,607,w,Oct/Nov,2023,4,calculator,2,Describe fully the single transformation that maps triangle T onto triangle V.,3
0607_w23_qp_42.json,1(d),transformations,high,607,w,Oct/Nov,2023,4,calculator,2,Stretch triangle V with factor \frac{1}{2} and invariant line x = 2. Label the image C.,2
0607_w23_qp_42.json,2(a)(i),functions,high,607,w,Oct/Nov,2023,4,calculator,2,f(3),1
0607_w23_qp_42.json,2(a)(ii),functions,high,607,w,Oct/Nov,2023,4,calculator,2,h(7),1
0607_w23_qp_42.json,2(b),functions,high,607,w,Oct/Nov,2023,4,calculator,2,Find the value of x when g(x) = -6.,1
0607_w23_qp_42.json,2(c),functions,high,607,w,Oct/Nov,2023,4,calculator,2,Find f^{-1}(x).,2
0607_w23_qp_42.json,2(d),functions,high,607,w,Oct/Nov,2023,4,calculator,2,Simplify f(x) \times g(x) + 1.,2
0607_w23_qp_42.json,2(e),functions,high,607,w,Oct/Nov,2023,4,calculator,2,Solve h(g(x)) = 0.,3
0607_w23_qp_42.json,3(a),variation and proportion,high,607,w,Oct/Nov,2023,4,calculator,2,"When x = 5, y = 1. Find y in terms of x.",2
0607_w23_qp_42.json,3(b),variation and proportion,high,607,w,Oct/Nov,2023,4,calculator,2,Find y when x = 3.,2
0607_w23_qp_42.json,3(c),variation and proportion,high,607,w,Oct/Nov,2023,4,calculator,2,Find the value of x when y = (x + 1).,3
0607_w23_qp_42.json,4(a)(i),statistics,high,607,w,Oct/Nov,2023,4,calculator,2,Complete the scatter diagram. The first six points have been plotted for you.,2
0607_w23_qp_42.json,4(a)(ii),statistics,high,607,w,Oct/Nov,2023,4,calculator,2,Find the median time spent reading the news on Monday.,1
0607_w23_qp_42.json,4(a)(iii),straight lines,high,607,w,Oct/Nov,2023,4,calculator,2,Find the equation of the line of regression. Give your answer in the form y = mx + c.,2
0607_w23_qp_42.json,4(a)(iv),straight lines,high,607,w,Oct/Nov,2023,4,calculator,2,"On Tuesday, each person spends the same time listening to the news as they did on Monday. They each spend 5 minutes longer reading the news than they did on Monday. Write down the equation of the line of regression for Tuesday.",1
0607_w23_qp_42.json,4(b),topics in arithmetic,high,607,w,Oct/Nov,2023,4,calculator,2,In February Sancho read the news for a total of 8 hours. This was a reduction of 36% from January. Work out how long Sancho read the news in January.,2
0607_w23_qp_42.json,4(c),statistics,high,607,w,Oct/Nov,2023,4,calculator,2,The bar chart shows the number of news articles read one day by each of 23 people. Calculate the mean number of articles read.,2
0607_w23_qp_42.json,5(a)(i),straight lines,high,607,w,Oct/Nov,2023,4,calculator,2,"On the diagram sketch the lines y = -\frac{1}{2}x + 3, 2y = x + 5 and y = x for -6 \le x \le 7.",4
0607_w23_qp_42.json,5(a)(ii),inequalities,high,607,w,Oct/Nov,2023,4,calculator,2,"Show, by shading, the region that satisfies these inequalities: y > -\frac{1}{2}x + 3, 2y < x + 5, y > x.",2
0607_w23_qp_42.json,5(b)(i),functions,high,607,w,Oct/Nov,2023,4,calculator,2,"On the diagram, sketch the graph of y = f(x).",2
0607_w23_qp_42.json,5(b)(ii),functions,high,607,w,Oct/Nov,2023,4,calculator,2,Write down the coordinates of the local maximum.,2
0607_w23_qp_42.json,5(b)(iii),functions,high,607,w,Oct/Nov,2023,4,calculator,2,The equation (x - 2)^3 - 5x + 12 = k has exactly 2 solutions. Find the values of k.,2
0607_w23_qp_42.json,5(b)(iv),functions,high,607,w,Oct/Nov,2023,4,calculator,2,"g(x) = -(x - 1)^2 for -1 \le x \le 4.7. On the diagram, sketch the graph of y = g(x).",2
0607_w23_qp_42.json,5(b)(v),functions,high,607,w,Oct/Nov,2023,4,calculator,2,Solve f(x) = g(x).,1
0607_w23_qp_42.json,6(a)(i),angles,high,607,w,Oct/Nov,2023,4,calculator,2,Kayla walks from A to B on a bearing of 105°. She then walks back to A. Calculate the bearing Kayla walks from B to A.,2
0607_w23_qp_42.json,6(a)(ii)(a),topics in arithmetic,high,607,w,Oct/Nov,2023,4,calculator,2,It takes Kayla 24 minutes to walk from A to B. Calculate her average speed in km/h.,2
0607_w23_qp_42.json,6(a)(ii)(b),topics in arithmetic,high,607,w,Oct/Nov,2023,4,calculator,2,Kayla has a map with a scale of 1 : 25000 showing A and B. Work out the length of AB on the map. Give your answer in centimetres.,2
0607_w23_qp_42.json,6(b),topics in arithmetic,high,607,w,Oct/Nov,2023,4,calculator,2,A train is 770 m long. The train takes 2 minutes and 36 seconds to travel completely through a tunnel. Its speed through the tunnel is 120 km/h. Work out the length of the tunnel. Give your answer in metres.,4
0607_w23_qp_42.json,7(a),trigonometry,high,607,w,Oct/Nov,2023,4,calculator,2,Show that angle ABD = 77.0° correct to 1 decimal place.,3
0607_w23_qp_42.json,7(b),trigonometry,high,607,w,Oct/Nov,2023,4,calculator,2,Calculate the area of triangle ABD.,2
0607_w23_qp_42.json,7(c),trigonometry,high,607,w,Oct/Nov,2023,4,calculator,2,Calculate BC.,4
0607_w23_qp_42.json,8(a)(i),Pythagoras,high,607,w,Oct/Nov,2023,4,calculator,2,Calculate the length AC.,2
0607_w23_qp_42.json,8(a)(ii),Pythagoras,high,607,w,Oct/Nov,2023,4,calculator,2,"Calculate EM, the height of the pyramid.",3
0607_w23_qp_42.json,8(a)(iii),trigonometry,high,607,w,Oct/Nov,2023,4,calculator,2,F is the mid-point of BC. Find the angle between EF and the base of the pyramid.,3
0607_w23_qp_42.json,8(b)(i),mensuration,high,607,w,Oct/Nov,2023,4,calculator,2,Find the height of cone B.,3
0607_w23_qp_42.json,8(b)(ii),mensuration,high,607,w,Oct/Nov,2023,4,calculator,2,A sphere also has volume 66 cm^3. Calculate the radius of the sphere.,2
0607_w23_qp_42.json,9(a)(i),probability,high,607,w,Oct/Nov,2023,4,calculator,2,Complete the tree diagram for the first and second discs.,3
0607_w23_qp_42.json,9(a)(ii),probability,high,607,w,Oct/Nov,2023,4,calculator,2,Jani takes a third disc from the bag at random. Find the probability that he takes 2 black discs and 1 white disc.,4
0607_w23_qp_42.json,9(b)(i),solving linear equations,high,607,w,Oct/Nov,2023,4,calculator,2,Write down an expression for the number of green discs.,1
0607_w23_qp_42.json,9(b)(ii)(a),solving linear equations,high,607,w,Oct/Nov,2023,4,calculator,2,The probability of taking a red disc from the bag is \frac{1}{3}. Show that 3x = 10 + y.,1
0607_w23_qp_42.json,9(b)(ii)(b),simultaneous equations,high,607,w,Oct/Nov,2023,4,calculator,2,The probability of taking a green disc is \frac{2}{9}. Write another equation in x and y and find the number of red discs and the number of blue discs.,5
0607_w23_qp_42.json,10(a),circle theorems,high,607,w,Oct/Nov,2023,4,calculator,2,"P, Q, R and S are points on the circle centre O. Find angle PQR.",1
0607_w23_qp_42.json,10(b),circle theorems,high,607,w,Oct/Nov,2023,4,calculator,2,"A, B, C, D and E are points on the circle centre O. AC is parallel to ED. Find the obtuse angle BOD.",2
0607_w23_qp_42.json,10(c)(i),trigonometry,high,607,w,Oct/Nov,2023,4,calculator,2,Show that the length of one side of the pentagon is 10.9 cm correct to 3 significant figures.,4
0607_w23_qp_42.json,10(c)(ii),mensuration,high,607,w,Oct/Nov,2023,4,calculator,2,Calculate the shaded area.,4
0607_w23_qp_42.json,11(a),exponents and surds,high,607,w,Oct/Nov,2023,4,calculator,2,Simplify fully (64x^6y^3)^{\frac{2}{3}}.,3
0607_w23_qp_42.json,11(b),logarithms,high,607,w,Oct/Nov,2023,4,calculator,2,3^x \times 2^x = 279936. Find the value of x.,2
0607_w23_qp_42.json,11(c)(i),expanding and factorising,high,607,w,Oct/Nov,2023,4,calculator,2,"In triangle ABC, AB = BC. The perimeter of triangle ABC is 16 cm. Show that 4x^2 - 1 = 0.",5
0607_w23_qp_42.json,11(c)(ii),solving quadratic equations,high,607,w,Oct/Nov,2023,4,calculator,2,Find the length of AB.,2
0607_w23_qp_43.json,1(a),topics in arithmetic,high,607,w,Oct/Nov,2023,4,calculator,3,In 1911 the men's world record for the triple jump was 15.52m. In 2021 the record was 18.29m. Find 15.52m as a percentage of 18.29m.,1
0607_w23_qp_43.json,1(b),topics in arithmetic,high,607,w,Oct/Nov,2023,4,calculator,3,In 2021 the women's world record for running 800m was 1 minute 53 seconds. Find the average speed for this run in m/s.,2
0607_w23_qp_43.json,1(c),topics in arithmetic,high,607,w,Oct/Nov,2023,4,calculator,3,"In 2021 the men's world record speed for running 100m was 37.58 km/h. Find the time taken, in seconds, for this run.",3
0607_w23_qp_43.json,2(a)(i),statistics,high,607,w,Oct/Nov,2023,4,calculator,3,"These are Sunni's last 12 scores in a game. 7, 17, 4, 20, 15, 12, 11, 16, 6, 18, 9, 20. Find the mode",1
0607_w23_qp_43.json,2(a)(ii),statistics,high,607,w,Oct/Nov,2023,4,calculator,3,"These are Sunni's last 12 scores in a game. 7, 17, 4, 20, 15, 12, 11, 16, 6, 18, 9, 20. Find the median",1
0607_w23_qp_43.json,2(a)(iii),statistics,high,607,w,Oct/Nov,2023,4,calculator,3,"These are Sunni's last 12 scores in a game. 7, 17, 4, 20, 15, 12, 11, 16, 6, 18, 9, 20. Find the mean",1
0607_w23_qp_43.json,2(a)(iv),statistics,high,607,w,Oct/Nov,2023,4,calculator,3,"These are Sunni's last 12 scores in a game. 7, 17, 4, 20, 15, 12, 11, 16, 6, 18, 9, 20. Find the range",1
0607_w23_qp_43.json,2(a)(v),statistics,high,607,w,Oct/Nov,2023,4,calculator,3,"These are Sunni's last 12 scores in a game. 7, 17, 4, 20, 15, 12, 11, 16, 6, 18, 9, 20. Find the upper quartile.",1
0607_w23_qp_43.json,2(b),statistics,high,607,w,Oct/Nov,2023,4,calculator,3,Explain why the mode is not the best measure of average to represent Sunni's scores.,1
0607_w23_qp_43.json,3(a),transformations,high,607,w,Oct/Nov,2023,4,calculator,3,Translate triangle A by the vector \begin{pmatrix} -5 \\ 2 \end{pmatrix}. Label the image B.,2
0607_w23_qp_43.json,3(b),transformations,high,607,w,Oct/Nov,2023,4,calculator,3,Describe fully the single transformation that maps triangle A onto triangle C.,3
0607_w23_qp_43.json,3(c)(i),transformations,high,607,w,Oct/Nov,2023,4,calculator,3,"Triangle D is the image of triangle A after a reflection in the line y = -1 followed by a rotation, 90° clockwise, about the point (1, -1). Draw and label triangle D.",4
0607_w23_qp_43.json,3(c)(ii),transformations,high,607,w,Oct/Nov,2023,4,calculator,3,Describe fully the single transformation that maps triangle A onto triangle D.,2
0607_w23_qp_43.json,4(a),functions,high,607,w,Oct/Nov,2023,4,calculator,3,Sketch the graph of y = f(x) where f(x) = 2x^3 - 3x^2 - 12x + 7 for -3 \leqslant x \leqslant 4.,2
0607_w23_qp_43.json,4(b),solving quadratic equations,medium,607,w,Oct/Nov,2023,4,calculator,3,Solve f(x) = 0.,3
0607_w23_qp_43.json,4(c),functions,high,607,w,Oct/Nov,2023,4,calculator,3,Find the values of k for which f(x) = k has exactly two solutions.,2
0607_w23_qp_43.json,4(d),functions,high,607,w,Oct/Nov,2023,4,calculator,3,Find the range of values of x for which the gradient of f(x) is negative.,2
0607_w23_qp_43.json,5(a),topics in arithmetic,high,607,w,Oct/Nov,2023,4,calculator,3,A museum records the value of a picture every 5 years. The picture increases in value by 60% every 5 years. The value the museum recorded in 2020 was $20000. Calculate the value recorded in 2015.,2
0607_w23_qp_43.json,5(b),topics in arithmetic,high,607,w,Oct/Nov,2023,4,calculator,3,A museum records the value of a picture every 5 years. The picture increases in value by 60% every 5 years. The value the museum recorded in 2020 was $20000. Show that the value recorded in 2040 will be $131072.,1
0607_w23_qp_43.json,5(c),logarithms,medium,607,w,Oct/Nov,2023,4,calculator,3,A museum records the value of a picture every 5 years. The picture increases in value by 60% every 5 years. The value the museum recorded in 2020 was $20000. Calculate the year in which the value recorded will first be over $1000000.,4
0607_w23_qp_43.json,6(a)(i),mensuration,high,607,w,Oct/Nov,2023,4,calculator,3,VABCD is a square-based pyramid. V is vertically above the centre of the base O. AD = 10 cm and VO = 12 cm. Calculate the volume of the pyramid.,2
0607_w23_qp_43.json,6(a)(ii),Pythagoras,high,607,w,Oct/Nov,2023,4,calculator,3,VABCD is a square-based pyramid. V is vertically above the centre of the base O. AD = 10 cm and VO = 12 cm. M is the mid-point of CD. Show that VM = 13 cm.,2
0607_w23_qp_43.json,6(b)(i),similarity,high,607,w,Oct/Nov,2023,4,calculator,3,"A pyramid VPQRS is cut from the larger pyramid so that the face PQRS is parallel to the face ABCD. QR = 8 cm. Calculate the volume of the remaining solid, ABCDPQRS.",4
0607_w23_qp_43.json,6(b)(ii),mensuration,high,607,w,Oct/Nov,2023,4,calculator,3,A pyramid VPQRS is cut from the larger pyramid so that the face PQRS is parallel to the face ABCD. QR = 8 cm. Calculate the total surface area of the remaining solid.,4
0607_w23_qp_43.json,7(a)(i),statistics,high,607,w,Oct/Nov,2023,4,calculator,3,"240 people take part in a marathon race. The times, t minutes, they took for the race are shown in the cumulative frequency curve. Use the curve to estimate the median time",1
0607_w23_qp_43.json,7(a)(ii),statistics,high,607,w,Oct/Nov,2023,4,calculator,3,"240 people take part in a marathon race. The times, t minutes, they took for the race are shown in the cumulative frequency curve. Use the curve to estimate the interquartile range.",2
0607_w23_qp_43.json,7(b),statistics,high,607,w,Oct/Nov,2023,4,calculator,3,The fastest 20% of the runners are awarded a medal. Use the curve to estimate the longest time taken by a runner who received a medal.,2
0607_w23_qp_43.json,7(c),statistics,high,607,w,Oct/Nov,2023,4,calculator,3,"Use the curve to complete the frequency table for time t minutes (intervals: 150 < t \leqslant 160, 160 < t \leqslant 170, 170 < t \leqslant 180, 180 < t \leqslant 190, 190 < t \leqslant 200, 200 < t \leqslant 210, 210 < t \leqslant 220).",2
0607_w23_qp_43.json,7(d),statistics,high,607,w,Oct/Nov,2023,4,calculator,3,Use the table in part (c) to calculate an estimate of the mean time.,2
0607_w23_qp_43.json,8(a),solving linear equations,high,607,w,Oct/Nov,2023,4,calculator,3,"v = u + at. Find v when u = 60, a = -32 and t = 3.",2
0607_w23_qp_43.json,8(b)(i),solving linear equations,high,607,w,Oct/Nov,2023,4,calculator,3,Solve 6x + 2 = 9 - 4x.,2
0607_w23_qp_43.json,8(b)(ii),solving linear equations,high,607,w,Oct/Nov,2023,4,calculator,3,Solve |2x - 3| = 7.,3
0607_w23_qp_43.json,8(c),solving quadratic equations,high,607,w,Oct/Nov,2023,4,calculator,3,Solve by factorisation: 3x^2 - 11x + 6 = 0.,2
0607_w23_qp_43.json,8(d),solving linear equations,high,607,w,Oct/Nov,2023,4,calculator,3,Rearrange y = \frac{ax + 3b}{5x} to make x the subject.,3
0607_w23_qp_43.json,8(e),expanding and factorising,high,607,w,Oct/Nov,2023,4,calculator,3,Simplify \frac{ax - 2bx + 3ay - 6by}{x^2 - 9y^2}.,4
0607_w23_qp_43.json,9(a),sets and Venn diagrams,high,607,w,Oct/Nov,2023,4,calculator,3,"For each Venn diagram, shade the given set: A \cap B and P' \cup Q'.",2
0607_w23_qp_43.json,9(b)(i),sets and Venn diagrams,high,607,w,Oct/Nov,2023,4,calculator,3,"There are 120 students in a year group. The Venn diagram shows the number of students who study History (H), Geography (G) and Economics (E). Find the value of x.",1
0607_w23_qp_43.json,9(b)(ii),probability,high,607,w,Oct/Nov,2023,4,calculator,3,One of the 120 students is chosen at random. Find the probability that this student studies both History and Geography.,1
0607_w23_qp_43.json,9(b)(iii),probability,high,607,w,Oct/Nov,2023,4,calculator,3,Two of the students who study Economics are chosen at random. Find the probability that one of these students also studies Geography but not History and the other student also studies History but not Geography.,3
0607_w23_qp_43.json,9(b)(iv),probability,high,607,w,Oct/Nov,2023,4,calculator,3,Three of the 120 students are chosen at random. Find the probability that two students study exactly two of the subjects and the other student studies all three subjects.,3
0607_w23_qp_43.json,10(a)(i),functions,high,607,w,Oct/Nov,2023,4,calculator,3,"f(x) = 4x - 1, g(x) = 3 - 2x, h(x) = 4(2 - x). Find g(-3).",1
0607_w23_qp_43.json,10(a)(ii),functions,high,607,w,Oct/Nov,2023,4,calculator,3,"f(x) = 4x - 1, g(x) = 3 - 2x, h(x) = 4(2 - x). Find f(h(4)).",2
0607_w23_qp_43.json,10(a)(iii),functions,high,607,w,Oct/Nov,2023,4,calculator,3,"f(x) = 4x - 1, g(x) = 3 - 2x, h(x) = 4(2 - x). Find g(f(x)). Give your answer in its simplest form.",2
0607_w23_qp_43.json,10(a)(iv),functions,high,607,w,Oct/Nov,2023,4,calculator,3,"f(x) = 4x - 1, g(x) = 3 - 2x, h(x) = 4(2 - x). Find h^{-1}(x).",2
0607_w23_qp_43.json,10(b)(i),functions,high,607,w,Oct/Nov,2023,4,calculator,3,Sketch the graph of y = \frac{f(x)}{g(x)} for values of x between -2 and 4.,3
0607_w23_qp_43.json,10(b)(ii),functions,high,607,w,Oct/Nov,2023,4,calculator,3,Write down the equation of the asymptote which is parallel to the y-axis.,1
0607_w23_qp_43.json,10(b)(iii),functions,high,607,w,Oct/Nov,2023,4,calculator,3,Use the graph to solve h(x) = \frac{f(x)}{g(x)}.,3
0607_w23_qp_43.json,10(b)(iv),functions,high,607,w,Oct/Nov,2023,4,calculator,3,"h(x) = \frac{f(x)}{g(x)} can be rearranged to the form ax^2 + bx + c = 0. Find the value of a, the value of b and the value of c.",3
0607_w23_qp_43.json,11(a),trigonometry,high,607,w,Oct/Nov,2023,4,calculator,3,Calculate the value of p for the right-angled triangle with opposite 12 cm and adjacent 18 cm.,2
0607_w23_qp_43.json,11(b)(i),trigonometry,high,607,w,Oct/Nov,2023,4,calculator,3,"Show that angle ABC = 67.0° correct to 1 decimal place given sides AB = 190m, BC = 230m, CD = 150m, AD = 180m and angle ADC = 90°.",4
0607_w23_qp_43.json,11(b)(ii),trigonometry,high,607,w,Oct/Nov,2023,4,calculator,3,Calculate the shortest distance from A to the side BC.,3
0607_w23_qp_43.json,12(a)(i),straight lines,high,607,w,Oct/Nov,2023,4,calculator,3,Find the coordinates of the point where the line y = 3x + 7 crosses the y-axis,1
0607_w23_qp_43.json,12(a)(ii),straight lines,high,607,w,Oct/Nov,2023,4,calculator,3,Find the coordinates of the point where the line y = 3x + 7 crosses the line y = 2.,2
0607_w23_qp_43.json,12(b),straight lines,high,607,w,Oct/Nov,2023,4,calculator,3,"A is the point (-5, 8) and B is the point (1, -2). Find the equation of the perpendicular bisector of AB.",5
0607_w24_qp_21.json,1,topics in arithmetic,high,607,w,Oct/Nov,2024,2,non_calculator,1,Work out (0.01)^2,1
0607_w24_qp_21.json,2(a),topics in arithmetic,high,607,w,Oct/Nov,2024,2,non_calculator,1,Write 24/60 in its lowest terms.,1
0607_w24_qp_21.json,2(b),topics in arithmetic,high,607,w,Oct/Nov,2024,2,non_calculator,1,Work out 5/7 - 1/14.,2
0607_w24_qp_21.json,3(a),statistics,high,607,w,Oct/Nov,2024,2,non_calculator,1,"This is a list of ten numbers: 19, 24, 16, 17, 22, 14, 28, 34, 20, 18. Find the range.",1
0607_w24_qp_21.json,3(b),statistics,high,607,w,Oct/Nov,2024,2,non_calculator,1,"This is a list of ten numbers: 19, 24, 16, 17, 22, 14, 28, 34, 20, 18. Find the median.",2
0607_w24_qp_21.json,4,expanding and factorising,high,607,w,Oct/Nov,2024,2,non_calculator,1,Expand x^3(8x - x^2).,2
0607_w24_qp_21.json,5,exponents and surds,high,607,w,Oct/Nov,2024,2,non_calculator,1,Simplify (9x^9y^4)^0.5.,2
0607_w24_qp_21.json,6,angles,high,607,w,Oct/Nov,2024,2,non_calculator,1,A regular polygon has 12 sides. Find the size of an exterior angle of this polygon.,2
0607_w24_qp_21.json,7,variation and proportion,high,607,w,Oct/Nov,2024,2,non_calculator,1,"y varies as the square of (x + 1). When y = 18, x = 2. Find y when x = 3.",3
0607_w24_qp_21.json,8(a),expanding and factorising,high,607,w,Oct/Nov,2024,2,non_calculator,1,Factorise 6ax - 8by - 3ay + 16bx.,2
0607_w24_qp_21.json,8(b),expanding and factorising,high,607,w,Oct/Nov,2024,2,non_calculator,1,Factorise 5x^2 - 7x - 6.,2
0607_w24_qp_21.json,9(a),topics in arithmetic,high,607,w,Oct/Nov,2024,2,non_calculator,1,Write in standard form: 760 900,1
0607_w24_qp_21.json,9(b),topics in arithmetic,high,607,w,Oct/Nov,2024,2,non_calculator,1,Write in standard form: 0.08007,1
0607_w24_qp_21.json,10(a),circle theorems,high,607,w,Oct/Nov,2024,2,non_calculator,1,"A, B, C, and D lie on a circle, centre O. Angle ADC = 124°. Find angle ABC.",1
0607_w24_qp_21.json,10(b),circle theorems,high,607,w,Oct/Nov,2024,2,non_calculator,1,"A, B, C, and D lie on a circle, centre O. Angle ADC = 124°. Find obtuse angle AOC.",1
0607_w24_qp_21.json,10(c),circle theorems,high,607,w,Oct/Nov,2024,2,non_calculator,1,"A, B, C, and D lie on a circle, centre O. Angle ADC = 124°. Find angle OCA.",1
0607_w24_qp_21.json,11(a),exponents and surds,high,607,w,Oct/Nov,2024,2,non_calculator,1,Simplify \sqrt{2}(5\sqrt{8} - 7\sqrt{2}),2
0607_w24_qp_21.json,11(b),exponents and surds,high,607,w,Oct/Nov,2024,2,non_calculator,1,Rationalise the denominator: \frac{21}{3 - \sqrt{2}},2
0607_w24_qp_21.json,12(a),probability,high,607,w,Oct/Nov,2024,2,non_calculator,1,"Vlad has two unbiased dice, each numbered 1, 2, 3, 4, 5, 6. Vlad rolls the two dice and records the total score. Find the probability that the total score is 13",1
0607_w24_qp_21.json,12(b),probability,high,607,w,Oct/Nov,2024,2,non_calculator,1,"Vlad has two unbiased dice, each numbered 1, 2, 3, 4, 5, 6. Vlad rolls the two dice and records the total score. Find the probability that the total score is 11.",2
0607_w24_qp_21.json,13,straight lines,high,607,w,Oct/Nov,2024,2,non_calculator,1,"The point A has coordinates (4, -1) and the point B has coordinates (8, -3). Find the equation of the perpendicular bisector of the line AB. Give your answer in the form y = mx + c.",5
0607_w24_qp_21.json,14,expanding and factorising,high,607,w,Oct/Nov,2024,2,non_calculator,1,Write as a single fraction in its simplest form: \frac{8}{4x - 1} - \frac{3}{2x + 1},3
0607_w24_qp_22.json,1,topics in arithmetic,high,607,w,Oct/Nov,2024,2,non_calculator,2,Complete the statement. The common factors of 24 and 45 are 1 and .............................................,1
0607_w24_qp_22.json,2,topics in arithmetic,high,607,w,Oct/Nov,2024,2,non_calculator,2,Work out 2 \div 0.04 .,1
0607_w24_qp_22.json,3,expanding and factorising,high,607,w,Oct/Nov,2024,2,non_calculator,2,Expand. x^3(x - 2),2
0607_w24_qp_22.json,4,topics in arithmetic,high,607,w,Oct/Nov,2024,2,non_calculator,2,Alex invests $200 at a rate of 2% per year simple interest. Work out the total interest earned at the end of 4 years.,2
0607_w24_qp_22.json,5,expanding and factorising,high,607,w,Oct/Nov,2024,2,non_calculator,2,"Didi buys 2 books at $b each and p magazines at $m each. Find an expression, in terms of b, p and m, for the total amount Didi pays.",2
0607_w24_qp_22.json,6(a),topics in arithmetic,high,607,w,Oct/Nov,2024,2,non_calculator,2,Rodrigo runs at an average speed of 10 km/h. Work out the number of minutes he takes to run 5 km.,1
0607_w24_qp_22.json,6(b),topics in arithmetic,high,607,w,Oct/Nov,2024,2,non_calculator,2,Roberta takes 1 hour 30 minutes to run 12 km. Work out Roberta's average speed.,1
0607_w24_qp_22.json,7(a),statistics,high,607,w,Oct/Nov,2024,2,non_calculator,2,Each of 100 students records the time taken to walk one kilometre. The cumulative frequency curve shows the results. Find the median,1
0607_w24_qp_22.json,7(b),statistics,high,607,w,Oct/Nov,2024,2,non_calculator,2,Each of 100 students records the time taken to walk one kilometre. The cumulative frequency curve shows the results. Find the lower quartile,1
0607_w24_qp_22.json,7(c),statistics,high,607,w,Oct/Nov,2024,2,non_calculator,2,Each of 100 students records the time taken to walk one kilometre. The cumulative frequency curve shows the results. Find the number of students who took more than 20 minutes to walk one kilometre.,2
0607_w24_qp_22.json,8,topics in arithmetic,high,607,w,Oct/Nov,2024,2,non_calculator,2,Work out \frac{3}{11} \div \frac{1}{2} .,2
0607_w24_qp_22.json,9,angles,high,607,w,Oct/Nov,2024,2,non_calculator,2,The interior angle of a regular polygon is 160°. Work out the number of sides for this polygon.,3
0607_w24_qp_22.json,10,statistics,high,607,w,Oct/Nov,2024,2,non_calculator,2,"The mean of five numbers is 7. The five numbers are 3, 5, 10, 11 and x. Find the value of x.",2
0607_w24_qp_22.json,11,exponents and surds,high,607,w,Oct/Nov,2024,2,non_calculator,2,Simplify (64x^{18})^{\frac{2}{3}}.,2
0607_w24_qp_22.json,12(a),circle theorems,high,607,w,Oct/Nov,2024,2,non_calculator,2,"A, B and C lie on the circle centre O. Work out the value of x.",2
0607_w24_qp_22.json,12(b),circle theorems,high,607,w,Oct/Nov,2024,2,non_calculator,2,Y is a point on the minor arc BYC. Work out angle BYC.,1
0607_w24_qp_22.json,13,exponents and surds,high,607,w,Oct/Nov,2024,2,non_calculator,2,Simplify fully. \sqrt{20} + \sqrt{45} + \sqrt{80},2
0607_w24_qp_22.json,14,similarity,high,607,w,Oct/Nov,2024,2,non_calculator,2,The triangles ABC and PQR are similar. The area of triangle ABC is 24 cm^2. \frac{PQ}{AB} = \frac{1}{2}. Work out the area of triangle PQR.,2
0607_w24_qp_22.json,15,expanding and factorising,high,607,w,Oct/Nov,2024,2,non_calculator,2,x^2 + 18x + 2 = (x + p)^2 + t. Find the value of p and the value of t.,3
0607_w24_qp_22.json,16,variation and proportion,high,607,w,Oct/Nov,2024,2,non_calculator,2,"y varies inversely as \sqrt{x}. When x = 4, y = 8. Find y in terms of x.",2
0607_w24_qp_22.json,17,trigonometry,high,607,w,Oct/Nov,2024,2,non_calculator,2,\cos x = -\frac{\sqrt{3}}{2} and 0° \leqslant x \leqslant 360°. Find the values of x.,2
0607_w24_qp_22.json,18,logarithms,high,607,w,Oct/Nov,2024,2,non_calculator,2,\log 4 + 2 \log x = 2. Find the value of x.,3
0607_w24_qp_23.json,1(a),transformations,high,607,w,Oct/Nov,2024,2,non_calculator,3,Draw the line of symmetry on the diagram.,1
0607_w24_qp_23.json,1(b),transformations,high,607,w,Oct/Nov,2024,2,non_calculator,3,Shade four small squares so that the diagram has rotational symmetry of order 4.,1
0607_w24_qp_23.json,2,topics in arithmetic,high,607,w,Oct/Nov,2024,2,non_calculator,3,"Write these in order of size starting with the smallest.

0.329    \frac{9}{27}    30%    \frac{3}{8}",2
0607_w24_qp_23.json,3,topics in arithmetic,high,607,w,Oct/Nov,2024,2,non_calculator,3,"By writing each number correct to 1 significant figure, work out an estimate for

\frac{6.98 \times 5.86}{29.7 - 8.85}",2
0607_w24_qp_23.json,4,solving linear equations,high,607,w,Oct/Nov,2024,2,non_calculator,3,"|x| = 9

Write down the values of x.",1
0607_w24_qp_23.json,5(a),topics in arithmetic,high,607,w,Oct/Nov,2024,2,non_calculator,3,Write 67200000 in standard form.,1
0607_w24_qp_23.json,5(b),topics in arithmetic,high,607,w,Oct/Nov,2024,2,non_calculator,3,"Work out (3 \times 10^4) \times 100.
Give your answer in standard form.",2
0607_w24_qp_23.json,6(a),angles,high,607,w,Oct/Nov,2024,2,non_calculator,3,"A regular polygon has 8 sides.
Write down the mathematical name of this polygon.",1
0607_w24_qp_23.json,6(b),angles,high,607,w,Oct/Nov,2024,2,non_calculator,3,Find the size of one exterior angle of the polygon.,2
0607_w24_qp_23.json,7,solving quadratic equations,high,607,w,Oct/Nov,2024,2,non_calculator,3,"f(x) = x^2 + bx + c
The solutions to f(x) = 0 are x = -2 and x = 5.

Find the value of b and the value of c.",2
0607_w24_qp_23.json,8,exponents and surds,high,607,w,Oct/Nov,2024,2,non_calculator,3,Simplify \sqrt{18}.,1
0607_w24_qp_23.json,9,circle theorems,high,607,w,Oct/Nov,2024,2,non_calculator,3,"A, B, C, D and E are points on the circle centre O. AD is a diameter and EC is a straight line.

Find angle EOD.",2
0607_w24_qp_23.json,10,solving linear equations,high,607,w,Oct/Nov,2024,2,non_calculator,3,"Rearrange the formula to make d the subject.

3d - 2e = 1 + ed",3
0607_w24_qp_23.json,11(a),probability,high,607,w,Oct/Nov,2024,2,non_calculator,3,"A bag contains blue pens and green pens. Zoe takes a pen from the bag at random, records the colour and replaces the pen. She then takes a second pen from the bag at random. The probabilities are shown in the tree diagram.

There are 40 pens in the bag.
Find the number of blue pens.",1
0607_w24_qp_23.json,11(b),probability,high,607,w,Oct/Nov,2024,2,non_calculator,3,Find the probability that Zoe takes a blue pen and then a green pen.,2
0607_w24_qp_23.json,11(c),probability,high,607,w,Oct/Nov,2024,2,non_calculator,3,Find the probability that Zoe takes at least one blue pen.,2
0607_w24_qp_23.json,12(a),exponents and surds,high,607,w,Oct/Nov,2024,2,non_calculator,3,"Simplify fully.

(2\sqrt{2})^4",2
0607_w24_qp_23.json,12(b),exponents and surds,high,607,w,Oct/Nov,2024,2,non_calculator,3,(2a^3b)^5,2
0607_w24_qp_23.json,13,expanding and factorising,high,607,w,Oct/Nov,2024,2,non_calculator,3,"Factorise fully.

9x^4 - 81y^2",3
0607_w24_qp_23.json,14(a),logarithms,high,607,w,Oct/Nov,2024,2,non_calculator,3,"log x = 4
Write down the value of x.",1
0607_w24_qp_23.json,14(b),logarithms,high,607,w,Oct/Nov,2024,2,non_calculator,3,Find the value of y when log y = 3 log 2 + log 3.,2
0607_w24_qp_23.json,15,solving quadratic equations,high,607,w,Oct/Nov,2024,2,non_calculator,3,"\frac{1}{x - 1} - \frac{x}{2x + 4} = \frac{1}{2}

Show that x^2 - x - 3 = 0.",4
0607_w24_qp_41.json,1(a)(i),solving linear equations,high,607,w,Oct/Nov,2024,4,calculator,1,Solve the equations. 6x + 5 = -19,2
0607_w24_qp_41.json,1(a)(ii),solving linear equations,high,607,w,Oct/Nov,2024,4,calculator,1,Solve the equations. 8x - 13 = 11 - 4x,2
0607_w24_qp_41.json,1(a)(iii),solving linear equations,high,607,w,Oct/Nov,2024,4,calculator,1,Solve the equations. 8 / (2x - 3) = -5,3
0607_w24_qp_41.json,1(b),solving quadratic equations,high,607,w,Oct/Nov,2024,4,calculator,1,Solve the equation 6x^2 - 2x - 1 = 0. Give your answers correct to 2 decimal places. You must show all your working.,3
0607_w24_qp_41.json,2(a)(i),topics in arithmetic,high,607,w,Oct/Nov,2024,4,calculator,1,Younous wants to calculate (78.8 / 2.46^2) + (153 + 9.81^2 / sqrt(9.47)). He finds an estimate for the answer by rounding each number correct to 1 significant figure. Find this estimate. You must show all your working.,2
0607_w24_qp_41.json,2(a)(ii),topics in arithmetic,high,607,w,Oct/Nov,2024,4,calculator,1,Explain why his answer to part (i) is greater than the actual answer.,1
0607_w24_qp_41.json,2(a)(iii),topics in arithmetic,high,607,w,Oct/Nov,2024,4,calculator,1,Work out (78.8 / 2.46^2) + (153 + 9.81^2 / sqrt(9.47)).,1
0607_w24_qp_41.json,2(b),topics in arithmetic,high,607,w,Oct/Nov,2024,4,calculator,1,Work out 3 1/4 * 8/39.,1
0607_w24_qp_41.json,2(c)(i),topics in arithmetic,high,607,w,Oct/Nov,2024,4,calculator,1,Write 506 grams in kilograms.,1
0607_w24_qp_41.json,2(c)(ii),topics in arithmetic,high,607,w,Oct/Nov,2024,4,calculator,1,Write 2000 m^2 in km^2.,1
0607_w24_qp_41.json,2(d),topics in arithmetic,high,607,w,Oct/Nov,2024,4,calculator,1,An athlete runs 20km in 100 minutes and then walks at 8km/h for 50 minutes. Find the athlete's average speed in km/h.,3
0607_w24_qp_41.json,3(a)(i),statistics,high,607,w,Oct/Nov,2024,4,calculator,1,Complete the scatter diagram. The first six points have been plotted for you.,2
0607_w24_qp_41.json,3(a)(ii),statistics,high,607,w,Oct/Nov,2024,4,calculator,1,What type of correlation is shown by the scatter diagram?,1
0607_w24_qp_41.json,3(b),statistics,high,607,w,Oct/Nov,2024,4,calculator,1,Find the mean fuel consumption.,1
0607_w24_qp_41.json,3(c)(i),straight lines,high,607,w,Oct/Nov,2024,4,calculator,1,Find the equation of the regression line for y in terms of x.,2
0607_w24_qp_41.json,3(c)(ii),straight lines,high,607,w,Oct/Nov,2024,4,calculator,1,Use your regression line to estimate the fuel consumption when the average speed is 80 km/h.,1
0607_w24_qp_41.json,3(c)(iii),statistics,high,607,w,Oct/Nov,2024,4,calculator,1,Paulo drives his next journey at an average speed of 30 km/h. Give a reason why the regression line is unlikely to give a reliable estimate of the fuel consumption for this journey.,1
0607_w24_qp_41.json,4(a)(i),topics in arithmetic,high,607,w,Oct/Nov,2024,4,calculator,1,"Alan, Beth and Imran share an amount of money in the ratio 3x : 2x : (x + 1) where x is an integer. Find the amount Beth receives when x = 4 and they share $400 in total.",3
0607_w24_qp_41.json,4(a)(ii),topics in arithmetic,high,607,w,Oct/Nov,2024,4,calculator,1,Find the amount that Alan receives when Beth receives $66.,2
0607_w24_qp_41.json,4(a)(iii),topics in arithmetic,high,607,w,Oct/Nov,2024,4,calculator,1,Find the value of x when Alan receives 2.5 times the amount Imran receives.,2
0607_w24_qp_41.json,4(b)(i),topics in arithmetic,high,607,w,Oct/Nov,2024,4,calculator,1,"In a sale, a shop reduces the price of all furniture by 12%. Find the sale price of a chair that has an original price of $90.",2
0607_w24_qp_41.json,4(b)(ii),topics in arithmetic,high,607,w,Oct/Nov,2024,4,calculator,1,Find the original price of a table that has a sale price of $440.,2
0607_w24_qp_41.json,4(c),topics in arithmetic,high,607,w,Oct/Nov,2024,4,calculator,1,Kurt invests $X in a bank which pays simple interest at a rate of 4% each year. The total amount of money that Kurt has in the bank at the end of 6 years is $930. Show that X = 750.,2
0607_w24_qp_41.json,4(d),topics in arithmetic,high,607,w,Oct/Nov,2024,4,calculator,1,Ivana invests $750 in a bank which pays compound interest at a rate of y% each year. The total amount of money that Ivana has in the bank at the end of 6 years is $921.94. Find the value of y.,3
0607_w24_qp_41.json,5(a),trigonometry,high,607,w,Oct/Nov,2024,4,calculator,1,"The area of triangle ABC is 262 cm^2. Show that AC = 22.0 cm, correct to 1 decimal place.",2
0607_w24_qp_41.json,5(b),trigonometry,high,607,w,Oct/Nov,2024,4,calculator,1,Find BC.,3
0607_w24_qp_41.json,5(c),trigonometry,high,607,w,Oct/Nov,2024,4,calculator,1,Use the sine rule to find angle ABC.,3
0607_w24_qp_41.json,5(d),trigonometry,high,607,w,Oct/Nov,2024,4,calculator,1,Find the length of the perpendicular line from A to the line BC.,2
0607_w24_qp_41.json,6(a)(i),transformations,high,607,w,Oct/Nov,2024,4,calculator,1,Draw the image of triangle A after a reflection in the line y = -x. Label the image B.,2
0607_w24_qp_41.json,6(a)(ii),transformations,high,607,w,Oct/Nov,2024,4,calculator,1,Draw the image of triangle B after a reflection in the y-axis. Label the image C.,1
0607_w24_qp_41.json,6(a)(iii),transformations,high,607,w,Oct/Nov,2024,4,calculator,1,Describe fully the single transformation that maps triangle C onto triangle A.,3
0607_w24_qp_41.json,6(b)(i),transformations,high,607,w,Oct/Nov,2024,4,calculator,1,The transformation P is a translation with vector (-1 / 3). Describe the transformation that is the inverse of P.,2
0607_w24_qp_41.json,6(b)(ii),transformations,high,607,w,Oct/Nov,2024,4,calculator,1,"The transformation Q is a stretch, factor 3 with invariant line y = 2. Describe the transformation that is the inverse of Q.",2
0607_w24_qp_41.json,7(a)(i),sets and Venn diagrams,high,607,w,Oct/Nov,2024,4,calculator,1,"There are 49 students in a year group. Each student studies at least one of the sciences, biology (B), chemistry (C) and physics (P). x students study all 3 sciences. y students study chemistry only. 12 students study physics only. 6 students study biology and chemistry but not physics. 11 students study biology and physics but not chemistry. 2 students study physics and chemistry but not biology. 25 students study only one science. Show this information on the Venn diagram.",2
0607_w24_qp_41.json,7(a)(ii),sets and Venn diagrams,high,607,w,Oct/Nov,2024,4,calculator,1,Find the number of students who study all 3 sciences.,2
0607_w24_qp_41.json,7(a)(iii)(a),sets and Venn diagrams,high,607,w,Oct/Nov,2024,4,calculator,1,The number of students that study biology is two times the number of students that study chemistry. Find the number of students who study chemistry only,2
0607_w24_qp_41.json,7(a)(iii)(b),sets and Venn diagrams,high,607,w,Oct/Nov,2024,4,calculator,1,The number of students that study biology is two times the number of students that study chemistry. Find the number of students who study biology only.,1
0607_w24_qp_41.json,7(b),probability,high,607,w,Oct/Nov,2024,4,calculator,1,"A bag contains 7 red balls and 3 blue balls. In an experiment, three balls are chosen at random without replacement. Find the probability that at least two of the balls chosen are red.",4
0607_w24_qp_41.json,8(a),sequences,high,607,w,Oct/Nov,2024,4,calculator,1,"Find the next term and the nth term in each of the following sequences. 16, 9, 2, -5, -12, ...",3
0607_w24_qp_41.json,8(b),sequences,high,607,w,Oct/Nov,2024,4,calculator,1,"Find the next term and the nth term in each of the following sequences. 2, 8, 18, 32, 50, ...",3
0607_w24_qp_41.json,8(c),sequences,high,607,w,Oct/Nov,2024,4,calculator,1,"Find the next term and the nth term in each of the following sequences. 1, -3, 5, -7, 9, ...",3
0607_w24_qp_41.json,8(d),sequences,high,607,w,Oct/Nov,2024,4,calculator,1,"Find the next term and the nth term in each of the following sequences. 6, 9, 10, 9, 6, ...",3
0607_w24_qp_41.json,9(a),functions,high,607,w,Oct/Nov,2024,4,calculator,1,"On the diagram, sketch the graph of y = f(x) for values of x between -2 and 4, where f(x) = 1 / ((2x - 3)(2x + 1)).",3
0607_w24_qp_41.json,9(b),functions,high,607,w,Oct/Nov,2024,4,calculator,1,Write down the equations of the asymptotes parallel to the y-axis.,2
0607_w24_qp_41.json,9(c),functions,high,607,w,Oct/Nov,2024,4,calculator,1,Write down the coordinates of the local maximum.,2
0607_w24_qp_41.json,9(d),functions,high,607,w,Oct/Nov,2024,4,calculator,1,The line y = x - 2 intersects the curve y = f(x) three times. Find the x-coordinate of each point of intersection.,3
0607_w24_qp_41.json,9(e),inequalities,high,607,w,Oct/Nov,2024,4,calculator,1,Solve the inequality f(x) >= x - 2.,3
0607_w24_qp_41.json,10(a),mensuration,high,607,w,Oct/Nov,2024,4,calculator,1,A solid cone has radius r and vertical height h. A solid hemisphere also has radius r. The curved surface area of the cone is the same as the curved surface area of the hemisphere. Show that h = r*sqrt(3).,4
0607_w24_qp_41.json,10(b),mensuration,high,607,w,Oct/Nov,2024,4,calculator,1,The cone is placed directly on top of the hemisphere. Show that the volume of this solid is (1/3)*pi*r^3*(2 + sqrt(3)).,2
0607_w24_qp_41.json,10(c)(i),similarity,high,607,w,Oct/Nov,2024,4,calculator,1,"A larger solid is mathematically similar to the solid in part (b). The larger solid has volume 243*pi*r^3*(2 + sqrt(3)). Find, in terms of r, the radius of the hemisphere of the larger solid.",2
0607_w24_qp_41.json,10(c)(ii),similarity,high,607,w,Oct/Nov,2024,4,calculator,1,The surface area of the larger solid is 5000 cm^2. Find the volume of this solid.,4
0607_w24_qp_41.json,11(a),logarithms,high,607,w,Oct/Nov,2024,4,calculator,1,"Solve the equation 2*log 5 - 5*log 2 = 3*log 4 - 2*log x. Give your answer in the form (a*sqrt(b)) / c, where a, b and c are integers.",4
0607_w24_qp_41.json,11(b),functions,high,607,w,Oct/Nov,2024,4,calculator,1,Make x the subject of the formula y = sqrt(x / (2x + 1)).,4
0607_w24_qp_42.json,1(a),straight lines,high,607,w,Oct/Nov,2024,4,calculator,2,The line 2x + 3y = 12 crosses the x-axis at P and the y-axis at Q. Find the coordinates of P and the coordinates of Q.,2
0607_w24_qp_42.json,1(b)(i),vectors,high,607,w,Oct/Nov,2024,4,calculator,2,"A is the point (-2, 5) and B is the point (4, -1). Find the column vector of the translation from point A to point B.",1
0607_w24_qp_42.json,1(b)(ii),straight lines,high,607,w,Oct/Nov,2024,4,calculator,2,Find the coordinates of the mid-point of AB.,2
0607_w24_qp_42.json,1(c),vectors,high,607,w,Oct/Nov,2024,4,calculator,2,Find the magnitude of \(\begin{pmatrix} 7 \\ 9 \end{pmatrix}\).,2
0607_w24_qp_42.json,1(d),straight lines,high,607,w,Oct/Nov,2024,4,calculator,2,"The line L has gradient 3 and passes through the point (-2, 7). Find the equation of line L. Give your answer in the form y = mx + c.",2
0607_w24_qp_42.json,2(a),functions,high,607,w,Oct/Nov,2024,4,calculator,2,"On the diagram, sketch the graph of y = f(x) for values of x between -5 and 3.",2
0607_w24_qp_42.json,2(b),functions,high,607,w,Oct/Nov,2024,4,calculator,2,"On the diagram, draw the asymptote to the graph of y = f(x).",1
0607_w24_qp_42.json,2(c),functions,high,607,w,Oct/Nov,2024,4,calculator,2,Solve the equation f(x) = -1.,2
0607_w24_qp_42.json,2(d)(i),functions,high,607,w,Oct/Nov,2024,4,calculator,2,Solve the equation f(x) = x^2 - 1.,2
0607_w24_qp_42.json,2(d)(ii),inequalities,high,607,w,Oct/Nov,2024,4,calculator,2,Solve the inequality f(x) < x^2 - 1.,2
0607_w24_qp_42.json,3(a),topics in arithmetic,high,607,w,Oct/Nov,2024,4,calculator,2,Write 1 1/25 as a percentage.,1
0607_w24_qp_42.json,3(b),topics in arithmetic,high,607,w,Oct/Nov,2024,4,calculator,2,"In a sale, all prices are reduced by 15%. Lola buys a jacket which has an original price of $64. Calculate the sale price of this jacket.",2
0607_w24_qp_42.json,3(c),topics in arithmetic,high,607,w,Oct/Nov,2024,4,calculator,2,"Nina invests $x at a rate of 1.8% per year compound interest. At the end of 3 years the value of this investment is $3375.93, correct to the nearest cent. Calculate the value of x.",2
0607_w24_qp_42.json,3(d),topics in arithmetic,high,607,w,Oct/Nov,2024,4,calculator,2,Olav buys a car for $13000. Each year the value of the car decreases by 12% of its value in the previous year. Calculate the number of complete years it takes for the value of Olav’s car to first become less than $5000.,4
0607_w24_qp_42.json,4(a)(i),mensuration,high,607,w,Oct/Nov,2024,4,calculator,2,"Show that the total volume of the shape is 537 cm^3, correct to 3 significant figures.",3
0607_w24_qp_42.json,4(a)(ii),mensuration,high,607,w,Oct/Nov,2024,4,calculator,2,The shape is melted and all the metal is used to make 600 identical small cubes. Calculate the side length of one of these cubes. Give your answer in millimetres.,3
0607_w24_qp_42.json,4(b),mensuration,high,607,w,Oct/Nov,2024,4,calculator,2,The diagram shows a sector OAB with radius r cm and centre O. The sector angle is 120°. The shaded segment has an area of 18.4 cm^2. Calculate the length of the arc AB.,5
0607_w24_qp_42.json,5(a)(i),solving linear equations,high,607,w,Oct/Nov,2024,4,calculator,2,"Find the value of v when u = 7, a = 1.5 and s = 10.",2
0607_w24_qp_42.json,5(a)(ii),solving linear equations,high,607,w,Oct/Nov,2024,4,calculator,2,"Rearrange the formula to write u in terms of v, a and s.",2
0607_w24_qp_42.json,5(b),sequences,high,607,w,Oct/Nov,2024,4,calculator,2,"Complete the table for sequences A, B and C.",8
0607_w24_qp_42.json,6(a)(i),transformations,high,607,w,Oct/Nov,2024,4,calculator,2,Describe fully the single transformation that maps triangle T onto triangle P,3
0607_w24_qp_42.json,6(a)(ii),transformations,high,607,w,Oct/Nov,2024,4,calculator,2,Describe fully the single transformation that maps triangle T onto triangle Q.,3
0607_w24_qp_42.json,6(b),transformations,high,607,w,Oct/Nov,2024,4,calculator,2,Stretch triangle T by factor 2 with invariant line x = 5.,2
0607_w24_qp_42.json,7(a),inequalities,high,607,w,Oct/Nov,2024,4,calculator,2,Show this inequality on the number line.,2
0607_w24_qp_42.json,7(b)(i),inequalities,high,607,w,Oct/Nov,2024,4,calculator,2,Solve the inequality -7 <= 2x + 1 < 5.,2
0607_w24_qp_42.json,7(b)(ii),inequalities,high,607,w,Oct/Nov,2024,4,calculator,2,Write down the integers that satisfy the inequality -7 <= 2x + 1 < 5.,2
0607_w24_qp_42.json,7(c),solving linear equations,high,607,w,Oct/Nov,2024,4,calculator,2,Solve 7(x - 3) - 3(2x + 1) = 1,3
0607_w24_qp_42.json,7(d)(i),expanding and factorising,high,607,w,Oct/Nov,2024,4,calculator,2,Show that y^2 - 4y - 5 = 0.,3
0607_w24_qp_42.json,7(d)(ii),solving quadratic equations,high,607,w,Oct/Nov,2024,4,calculator,2,Solve by factorisation y^2 - 4y - 5 = 0,3
0607_w24_qp_42.json,8(a),trigonometry,high,607,w,Oct/Nov,2024,4,calculator,2,Calculate AD.,2
0607_w24_qp_42.json,8(b),trigonometry,high,607,w,Oct/Nov,2024,4,calculator,2,Calculate angle DAB.,2
0607_w24_qp_42.json,8(c),trigonometry,high,607,w,Oct/Nov,2024,4,calculator,2,Calculate CD.,3
0607_w24_qp_42.json,8(d),trigonometry,high,607,w,Oct/Nov,2024,4,calculator,2,The point P lies on BC and is the nearest point to D. Calculate BP.,3
0607_w24_qp_42.json,8(e),trigonometry,high,607,w,Oct/Nov,2024,4,calculator,2,D is due north of B. Calculate the bearing of C from A.,5
0607_w24_qp_42.json,9(a),functions,high,607,w,Oct/Nov,2024,4,calculator,2,Find f(-2).,1
0607_w24_qp_42.json,9(b),functions,high,607,w,Oct/Nov,2024,4,calculator,2,Find the exact value of g(120).,1
0607_w24_qp_42.json,9(c),functions,high,607,w,Oct/Nov,2024,4,calculator,2,"On the diagram, sketch the graph of y = g(x) for values of x between 0° and 180°.",2
0607_w24_qp_42.json,9(d),functions,high,607,w,Oct/Nov,2024,4,calculator,2,Find x when h(x) = 82.,2
0607_w24_qp_42.json,9(e),functions,high,607,w,Oct/Nov,2024,4,calculator,2,Find h^(-1)(x).,2
0607_w24_qp_42.json,9(f),expanding and factorising,high,607,w,Oct/Nov,2024,4,calculator,2,Simplify fully f(x) - 1/f(x). Give your answer as a single fraction.,3
0607_w24_qp_42.json,10(a)(i),statistics,high,607,w,Oct/Nov,2024,4,calculator,2,Calculate an estimate of the mean.,2
0607_w24_qp_42.json,10(a)(ii),probability,high,607,w,Oct/Nov,2024,4,calculator,2,One of the plants is chosen at random. Find the probability that the plant has a height greater than 15 cm.,1
0607_w24_qp_42.json,10(a)(iii),probability,high,607,w,Oct/Nov,2024,4,calculator,2,Two of the 100 plants are chosen at random without replacement. Find the probability that one plant has a height of 15 cm or less and one has a height greater than 30 cm.,3
0607_w24_qp_42.json,10(b)(i),sets and Venn diagrams,high,607,w,Oct/Nov,2024,4,calculator,2,Complete the Venn diagram.,2
0607_w24_qp_42.json,10(b)(ii),sets and Venn diagrams,high,607,w,Oct/Nov,2024,4,calculator,2,Write down the number of students who like football and swimming.,1
0607_w24_qp_42.json,10(b)(iii),sets and Venn diagrams,high,607,w,Oct/Nov,2024,4,calculator,2,One of the 50 students is chosen at random. Find the probability that this student likes football or swimming but not both.,1
0607_w24_qp_42.json,10(b)(iv),probability,high,607,w,Oct/Nov,2024,4,calculator,2,Two of the students who like swimming are chosen at random. Find the probability that they both like football.,2
0607_w24_qp_42.json,11(a),exponents and surds,high,607,w,Oct/Nov,2024,4,calculator,2,a is a positive integer. Rationalise the denominator 3 / (\sqrt{a} - 1),2
0607_w24_qp_42.json,11(b),exponents and surds,high,607,w,Oct/Nov,2024,4,calculator,2,(g + h\sqrt{3})(h - g\sqrt{3}) = p + q\sqrt{3}. Find p and q in terms of g and h.,3
0607_w24_qp_42.json,11(c)(i),exponents and surds,high,607,w,Oct/Nov,2024,4,calculator,2,"d is an integer. Work out 3 \times 10^d + 3 \times 10^{d-2}, giving your answer in standard form.",2
0607_w24_qp_42.json,11(c)(ii),exponents and surds,high,607,w,Oct/Nov,2024,4,calculator,2,Find \sqrt[3]{8 \times 10^{2000}}. Give your answer in standard form.,2
0607_w24_qp_43.json,1(a),statistics,high,607,w,Oct/Nov,2024,4,calculator,3,Calculate an estimate for the mean height of the sunflower plants.,2
0607_w24_qp_43.json,1(b),statistics,high,607,w,Oct/Nov,2024,4,calculator,3,Complete the cumulative frequency table for the heights of the sunflower plants.,2
0607_w24_qp_43.json,1(c),statistics,high,607,w,Oct/Nov,2024,4,calculator,3,"On the grid, draw a cumulative frequency curve to show this information.",3
0607_w24_qp_43.json,1(d),statistics,high,607,w,Oct/Nov,2024,4,calculator,3,Use your cumulative frequency curve to estimate the number of sunflower plants that are more than 180 cm in height.,2
0607_w24_qp_43.json,2(a),topics in arithmetic,high,607,w,Oct/Nov,2024,4,calculator,3,Work out 24% of $15.50.,2
0607_w24_qp_43.json,2(b),topics in arithmetic,high,607,w,Oct/Nov,2024,4,calculator,3,The price of a bookcase is $123. This price is increased by 7%. Calculate the new price.,2
0607_w24_qp_43.json,2(c),topics in arithmetic,high,607,w,Oct/Nov,2024,4,calculator,3,"An amount of money is shared between Ali, Kat and Lena in the ratio 5 : 3 : 4. Lena's share is $76. Work out the total amount of money.",3
0607_w24_qp_43.json,2(d),solving linear equations,high,607,w,Oct/Nov,2024,4,calculator,3,A library has 32 800 books. Each year the number of books in the library increases by 300. Calculate the number of years it takes until there are 40 000 books in the library.,2
0607_w24_qp_43.json,2(e)(i),topics in arithmetic,high,607,w,Oct/Nov,2024,4,calculator,3,A different library has 32 695 books at the end of 2024. Each year the number of books increases by 0.6% of the number of books in the library at the end of the previous year. Calculate the number of books the library had at the end of 2023.,2
0607_w24_qp_43.json,2(e)(ii),logarithms,medium,607,w,Oct/Nov,2024,4,calculator,3,Calculate the number of complete years from 2024 that it takes for the number of books to first be greater than 40 000.,4
0607_w24_qp_43.json,3(a)(i),straight lines,high,607,w,Oct/Nov,2024,4,calculator,3,"AC is a straight line. B is the mid-point of AC. A is the point (-1, 11) and B is the point (3, 8). Find the length of AB.",3
0607_w24_qp_43.json,3(a)(ii),straight lines,high,607,w,Oct/Nov,2024,4,calculator,3,Find the coordinates of C.,2
0607_w24_qp_43.json,3(a)(iii),straight lines,high,607,w,Oct/Nov,2024,4,calculator,3,Find the equation of the perpendicular bisector of AC.,4
0607_w24_qp_43.json,3(b),straight lines,high,607,w,Oct/Nov,2024,4,calculator,3,"PQR is a straight line. P is the point (-6, -1) and Q is the point (-3, 1). Q divides the line PR in the ratio PQ : QR = 1 : 2. Find the coordinates of R.",2
0607_w24_qp_43.json,4(a),functions,high,607,w,Oct/Nov,2024,4,calculator,3,"On the diagram, sketch the graph of y = f(x) for values of x between -3 and 3.",2
0607_w24_qp_43.json,4(b),functions,high,607,w,Oct/Nov,2024,4,calculator,3,Find the solutions of f(x) = 0.,3
0607_w24_qp_43.json,4(c),functions,high,607,w,Oct/Nov,2024,4,calculator,3,"On the diagram, sketch the graph of y = g(x) for values of x between -3 and 3.",3
0607_w24_qp_43.json,4(d),functions,high,607,w,Oct/Nov,2024,4,calculator,3,Write down the equation of the asymptote of the graph of y = g(x).,1
0607_w24_qp_43.json,4(e),inequalities,high,607,w,Oct/Nov,2024,4,calculator,3,Solve f(x) ⩽ g(x).,4
0607_w24_qp_43.json,5(a),transformations,high,607,w,Oct/Nov,2024,4,calculator,3,"Describe fully the single transformation that is the inverse of an enlargement with scale factor 3 and centre (2, 2).",2
0607_w24_qp_43.json,5(b)(i),transformations,high,607,w,Oct/Nov,2024,4,calculator,3,"Draw the image of shape A after a rotation of 90° anticlockwise with centre (0, 0).",2
0607_w24_qp_43.json,5(b)(ii),transformations,high,607,w,Oct/Nov,2024,4,calculator,3,"Draw the image of shape A after a translation with vector (-5, -4) followed by an enlargement with scale factor -2 and centre (0, 0).",4
0607_w24_qp_43.json,5(c),transformations,high,607,w,Oct/Nov,2024,4,calculator,3,Describe fully the single transformation that maps shape A onto shape B.,3
0607_w24_qp_43.json,6(a),functions,high,607,w,Oct/Nov,2024,4,calculator,3,Find f(3).,1
0607_w24_qp_43.json,6(b),functions,high,607,w,Oct/Nov,2024,4,calculator,3,Find the range of f(x).,1
0607_w24_qp_43.json,6(c),functions,high,607,w,Oct/Nov,2024,4,calculator,3,Find g(f(4)).,2
0607_w24_qp_43.json,6(d),functions,high,607,w,Oct/Nov,2024,4,calculator,3,Find h⁻¹(x).,2
0607_w24_qp_43.json,6(e),functions,high,607,w,Oct/Nov,2024,4,calculator,3,Simplify fully 10h(x) / (f(x) - 4).,3
0607_w24_qp_43.json,7(a)(i),sequences,high,607,w,Oct/Nov,2024,4,calculator,3,"Find the next term and the nth term for the sequence: 19, 16, 11, 4.",3
0607_w24_qp_43.json,7(a)(ii),sequences,high,607,w,Oct/Nov,2024,4,calculator,3,"Find the next term and the nth term for the sequence: 20, 10, 5, 2.5.",3
0607_w24_qp_43.json,7(b),solving quadratic equations,high,607,w,Oct/Nov,2024,4,calculator,3,The nth term of a sequence is 2n² - 3n + 1. The kth term is 465. Work out the value of k.,3
0607_w24_qp_43.json,8(a),solving linear equations,high,607,w,Oct/Nov,2024,4,calculator,3,The amount charged for electricity in one month is $E. $E is the sum of a fixed charge $f and a cost of $d for each unit of electricity used. Find a formula for the amount charged in one month when u units of electricity are used.,2
0607_w24_qp_43.json,8(b),topics in arithmetic,high,607,w,Oct/Nov,2024,4,calculator,3,Write as a single fraction in its simplest form: x/2 - 2x/3 + 5x/18.,2
0607_w24_qp_43.json,8(c),inequalities,high,607,w,Oct/Nov,2024,4,calculator,3,Solve 7n - 9 > 21 + 2n.,2
0607_w24_qp_43.json,8(d),simultaneous equations,high,607,w,Oct/Nov,2024,4,calculator,3,"Solve the simultaneous equations. You must show all your working. 2x + 15y = -57, 20x + 3y = 18",3
0607_w24_qp_43.json,8(e),variation and proportion,high,607,w,Oct/Nov,2024,4,calculator,3,y is proportional to the square of (x - 3). y = 5 when x = 7. Find the value of y when x = 27.,3
0607_w24_qp_43.json,9(a),trigonometry,high,607,w,Oct/Nov,2024,4,calculator,3,Triangle ABC is isosceles with AB = BC. Show that AC = 13.5 cm correct to 3 significant figures.,3
0607_w24_qp_43.json,9(b),trigonometry,high,607,w,Oct/Nov,2024,4,calculator,3,Calculate the length AB.,3
0607_w24_qp_43.json,9(c),mensuration,high,607,w,Oct/Nov,2024,4,calculator,3,Find the area of ABCD.,3
0607_w24_qp_43.json,10(a)(i),mensuration,high,607,w,Oct/Nov,2024,4,calculator,3,A metal sphere has a volume of 9203 cm³. The sphere is inside a cube and touches each face of the cube. Find the volume of the cube.,4
0607_w24_qp_43.json,10(a)(ii),mensuration,high,607,w,Oct/Nov,2024,4,calculator,3,The sphere is melted and poured into the cube. Find the depth of the metal.,2
0607_w24_qp_43.json,10(b)(i),Pythagoras,high,607,w,Oct/Nov,2024,4,calculator,3,ABCDEFGH is a cuboid. Calculate the length DF.,4
0607_w24_qp_43.json,10(b)(ii),trigonometry,high,607,w,Oct/Nov,2024,4,calculator,3,Calculate the angle that the diagonal DF makes with the base EFGH.,2
0607_w24_qp_43.json,11(a),sets and Venn diagrams,high,607,w,Oct/Nov,2024,4,calculator,3,One of these students is chosen at random. Complete the sentence. This student is most likely to belong in {students who like ...}.,1
0607_w24_qp_43.json,11(b),sets and Venn diagrams,high,607,w,Oct/Nov,2024,4,calculator,3,Write down the number of students who like all three activities.,1
0607_w24_qp_43.json,11(c),sets and Venn diagrams,high,607,w,Oct/Nov,2024,4,calculator,3,Find n((S ∪ C)' ∩ W').,1
0607_w24_qp_43.json,11(d),probability,high,607,w,Oct/Nov,2024,4,calculator,3,A student is chosen at random from the class. Find the probability that this student likes both walking and swimming.,1
0607_w24_qp_43.json,11(e),probability,high,607,w,Oct/Nov,2024,4,calculator,3,Two of the students who like swimming are chosen at random. Find the probability that one of these students likes walking but not cycling and the other student only likes swimming.,3
0607_w24_qp_43.json,11(f),probability,high,607,w,Oct/Nov,2024,4,calculator,3,Three of the 32 students are chosen at random. Find the probability that one student likes exactly one of the activities and the other two students like exactly two of the activities.,3
0607_w25_qp_21.json,1,topics in arithmetic,high,607,w,Oct/Nov,2025,2,non_calculator,1,"Complete the table.

Fraction | Decimal | Percentage
3/10 | 0.3 | 30
 | 0.09 | 
7/20 | | ",2
0607_w25_qp_21.json,2,topics in arithmetic,high,607,w,Oct/Nov,2025,2,non_calculator,1,Find the reciprocal of 1 3/5.,2
0607_w25_qp_21.json,3,topics in arithmetic,high,607,w,Oct/Nov,2025,2,non_calculator,1,"By writing each number correct to 1 significant figure, estimate the value of (\sqrt{8.76} \times 43.82) / 0.592.",2
0607_w25_qp_21.json,4(a)(i),angles,high,607,w,Oct/Nov,2025,2,non_calculator,1,Find the value of x.,1
0607_w25_qp_21.json,4(a)(ii),angles,high,607,w,Oct/Nov,2025,2,non_calculator,1,Find the value of y.,2
0607_w25_qp_21.json,4(b),angles,high,607,w,Oct/Nov,2025,2,non_calculator,1,Give a reason why BE is not parallel to CF.,1
0607_w25_qp_21.json,5,vectors,high,607,w,Oct/Nov,2025,2,non_calculator,1,"a = (5 / -2), b = (-3 / 4)
Find the vector 2a - 3b.",2
0607_w25_qp_21.json,6(a),statistics,high,607,w,Oct/Nov,2025,2,non_calculator,1,Complete the table.,2
0607_w25_qp_21.json,6(b),statistics,high,607,w,Oct/Nov,2025,2,non_calculator,1,"One day 5000 vehicles use the road.
Work out an estimate for the number of trucks that use the road that day.",1
0607_w25_qp_21.json,7,angles,high,607,w,Oct/Nov,2025,2,non_calculator,1,"A quadrilateral has exactly one line of symmetry.
It has no pairs of parallel sides.
Write down the mathematical name for this quadrilateral.",1
0607_w25_qp_21.json,8(a),solving linear equations,high,607,w,Oct/Nov,2025,2,non_calculator,1,"Rearrange each formula to make b the subject.
c = \sqrt{5ab}",2
0607_w25_qp_21.json,8(b),solving linear equations,high,607,w,Oct/Nov,2025,2,non_calculator,1,"Rearrange each formula to make b the subject.
P = (3a + 2b) / (5a - b)",3
0607_w25_qp_21.json,9,mensuration,high,607,w,Oct/Nov,2025,2,non_calculator,1,"In the diagram, angle ABC = 90\u00b0.
AB = BC and AC = 10 cm.
Calculate the area of triangle ABC.",3
0607_w25_qp_21.json,10,variation and proportion,high,607,w,Oct/Nov,2025,2,non_calculator,1,"Samina has two pieces of string.
The lengths of the two pieces of string are in the ratio 5 : 3.
Samina cuts 4 cm off each piece of string.
The lengths of the two remaining pieces of string are in the ratio 2 : 1.
Find the original lengths of Samina's pieces of string.",4
0607_w25_qp_21.json,11(a),sets and Venn diagrams,high,607,w,Oct/Nov,2025,2,non_calculator,1,List the elements of A \u2229 B.,1
0607_w25_qp_21.json,11(b)(i),sets and Venn diagrams,high,607,w,Oct/Nov,2025,2,non_calculator,1,Find n(A \u222a C),1
0607_w25_qp_21.json,11(b)(ii),sets and Venn diagrams,high,607,w,Oct/Nov,2025,2,non_calculator,1,Find n((A \u222a B)' \u2229 C),1
0607_w25_qp_21.json,11(c)(i),probability,high,607,w,Oct/Nov,2025,2,non_calculator,1,"Two of the 20 numbers are picked at random without replacement.
Find the probability that both numbers are in (A \u222a B)' \u2229 C",2
0607_w25_qp_21.json,11(c)(ii),probability,high,607,w,Oct/Nov,2025,2,non_calculator,1,"Two of the 20 numbers are picked at random without replacement.
Find the probability that one number is in A but not B and the other number is in B but not A.",3
0607_w25_qp_21.json,12,trigonometry,high,607,w,Oct/Nov,2025,2,non_calculator,1,"In triangle ABC, AB = 5 cm, BC = 7 cm and AC = 10 cm.
Show by calculation that angle ABC is obtuse.",3
0607_w25_qp_21.json,13(a),exponents and surds,high,607,w,Oct/Nov,2025,2,non_calculator,1,"(2^5 \times 2^p) / 2^3 = 2^6
Find the value of p.",1
0607_w25_qp_21.json,13(b),exponents and surds,high,607,w,Oct/Nov,2025,2,non_calculator,1,Find the value of 64^(-2/3).,2
0607_w25_qp_21.json,14(a),inequalities,high,607,w,Oct/Nov,2025,2,non_calculator,1,"The lines with equations x = 2, y = 1/2 x and x + y = 5 are shown on the diagram.
These lines divide the space into 7 different regions A, B, C, D, E, F and G.
Write down the inequalities which define region A",1
0607_w25_qp_21.json,14(b),inequalities,high,607,w,Oct/Nov,2025,2,non_calculator,1,"The lines with equations x = 2, y = 1/2 x and x + y = 5 are shown on the diagram.
These lines divide the space into 7 different regions A, B, C, D, E, F and G.
Write down the inequalities which define region C",1
0607_w25_qp_21.json,14(c),inequalities,high,607,w,Oct/Nov,2025,2,non_calculator,1,"The lines with equations x = 2, y = 1/2 x and x + y = 5 are shown on the diagram.
These lines divide the space into 7 different regions A, B, C, D, E, F and G.
Write down the inequalities which define region E.",2
0607_w25_qp_21.json,15(a),functions,high,607,w,Oct/Nov,2025,2,non_calculator,1,"f(x) = 3x - 1, g(x) = 3 - 2x, h(x) = x^2 - 2x + 3
Find f(-3).",1
0607_w25_qp_21.json,15(b),functions,high,607,w,Oct/Nov,2025,2,non_calculator,1,Find f^(-1)(10).,2
0607_w25_qp_21.json,15(c),functions,high,607,w,Oct/Nov,2025,2,non_calculator,1,Find and simplify gh(x).,2
0607_w25_qp_21.json,15(d),functions,high,607,w,Oct/Nov,2025,2,non_calculator,1,Find g^(-1)(x).,2
0607_w25_qp_21.json,15(e),solving quadratic equations,high,607,w,Oct/Nov,2025,2,non_calculator,1,Solve h(x) = f(x).,4
0607_w25_qp_21.json,16(a),angles,high,607,w,Oct/Nov,2025,2,non_calculator,1,Show that the interior angle of a regular hexagon is 120\u00b0.,1
0607_w25_qp_21.json,16(b),trigonometry,high,607,w,Oct/Nov,2025,2,non_calculator,1,"The diagram shows a container in the shape of a prism.
The cross-section of the prism is a regular hexagon with side length 10 cm.
The height of the prism is 15 cm.
A stick has one end at A and rests against B.
The stick makes an angle of x with the base.
Find tan x.",4
0607_w25_qp_21.json,17,exponents and surds,high,607,w,Oct/Nov,2025,2,non_calculator,1,Write (5 - 2\sqrt{3})^2 in the form a + b\sqrt{3}.,2
0607_w25_qp_21.json,18(a),circle theorems,high,607,w,Oct/Nov,2025,2,non_calculator,1,"C, E and F are points on a circle.
ABCD is a tangent to the circle at C.
EB is parallel to FC.
Show that triangle CEB is similar to triangle FCE.",3
0607_w25_qp_21.json,18(b),similarity,high,607,w,Oct/Nov,2025,2,non_calculator,1,"CB = 6 cm, FE = 8 cm and EB = 5 cm.
Calculate CE.",2
0607_w25_qp_21.json,18(c),similarity,high,607,w,Oct/Nov,2025,2,non_calculator,1,Find (Area of triangle CEB) / (Area of triangle FCE).,1
0607_w25_qp_21.json,19,expanding and factorising,high,607,w,Oct/Nov,2025,2,non_calculator,1,Simplify (4a^2 + 4ab - 15b^2) / (2a^2 + 2ac - 3ab - 3bc).,5
0607_w25_qp_22.json,1(a),topics in arithmetic,high,607,w,Oct/Nov,2025,2,non_calculator,2,Work out. 5 - 4 x 3,1
0607_w25_qp_22.json,1(b),topics in arithmetic,high,607,w,Oct/Nov,2025,2,non_calculator,2,Work out. (0.3)^4,1
0607_w25_qp_22.json,1(c),exponents and surds,high,607,w,Oct/Nov,2025,2,non_calculator,2,Work out. \sqrt{7/9},2
0607_w25_qp_22.json,2,expanding and factorising,high,607,w,Oct/Nov,2025,2,non_calculator,2,Factorise. 9xy - 2x^2 y^3,2
0607_w25_qp_22.json,3,topics in arithmetic,high,607,w,Oct/Nov,2025,2,non_calculator,2,Convert 390 mm into m.,1
0607_w25_qp_22.json,4,topics in arithmetic,high,607,w,Oct/Nov,2025,2,non_calculator,2,Write 10.0283 correct to 3 significant figures.,1
0607_w25_qp_22.json,5(a),statistics,high,607,w,Oct/Nov,2025,2,non_calculator,2,"The table shows the favourite sports of 40 students. (Sport: Football 8, Netball 5, Running 11, Swimming 10, Tennis 6). Write down the modal sport.",1
0607_w25_qp_22.json,5(b),statistics,high,607,w,Oct/Nov,2025,2,non_calculator,2,Find the relative frequency of football.,1
0607_w25_qp_22.json,5(c),statistics,high,607,w,Oct/Nov,2025,2,non_calculator,2,The information in the table is to be shown on a pie chart. Find the sector angle for tennis.,2
0607_w25_qp_22.json,6,solving linear equations,high,607,w,Oct/Nov,2025,2,non_calculator,2,The cost of 5 burgers and 4 packets of fries is $20.40. The cost of 1 packet of fries is $1.10. Find the cost of 1 burger.,3
0607_w25_qp_22.json,7,sequences,high,607,w,Oct/Nov,2025,2,non_calculator,2,"Find the next term and the nth term in this sequence. 82, 74, 66, 58, 50, ...",3
0607_w25_qp_22.json,8,Pythagoras,high,607,w,Oct/Nov,2025,2,non_calculator,2,"A right-angled triangle has sides 6 cm, 12 cm and x cm. Find the possible values of x. Give your answers in simplest surd form.",4
0607_w25_qp_22.json,9,topics in arithmetic,high,607,w,Oct/Nov,2025,2,non_calculator,2,Mia walks 11 km in 1 1/2 hours. She then runs at an average speed of 12 km/h for 15 minutes. Work out Mia's average speed for the whole journey. Give your answer in km/h.,3
0607_w25_qp_22.json,10(a),transformations,high,607,w,Oct/Nov,2025,2,non_calculator,2,Reflect triangle A in the line x = -1. Label the image C.,2
0607_w25_qp_22.json,10(b),transformations,high,607,w,Oct/Nov,2025,2,non_calculator,2,Translate triangle B by the vector \begin{pmatrix} -8 \\ -4 \end{pmatrix}. Label the image D.,2
0607_w25_qp_22.json,10(c),transformations,high,607,w,Oct/Nov,2025,2,non_calculator,2,Describe fully the single transformation that maps triangle A onto triangle B.,3
0607_w25_qp_22.json,11,topics in arithmetic,high,607,w,Oct/Nov,2025,2,non_calculator,2,Write 0.01002 in standard form.,1
0607_w25_qp_22.json,12(a),statistics,high,607,w,Oct/Nov,2025,2,non_calculator,2,"The cumulative frequency table shows the marks, x, of 200 students in a mathematics exam. On the grid, draw a cumulative frequency diagram to represent the data.",3
0607_w25_qp_22.json,12(b),statistics,high,607,w,Oct/Nov,2025,2,non_calculator,2,Use your graph in part (a) to find an estimate for the interquartile range.,2
0607_w25_qp_22.json,12(c),statistics,high,607,w,Oct/Nov,2025,2,non_calculator,2,14% of students are graded A. Find the minimum mark for a student to be graded A.,2
0607_w25_qp_22.json,13,simultaneous equations,high,607,w,Oct/Nov,2025,2,non_calculator,2,"Solve the simultaneous equations. (1/2)x - 3y = 27, 3x + 2y = 2",4
0607_w25_qp_22.json,14(a)(i),circle theorems,high,607,w,Oct/Nov,2025,2,non_calculator,2,"A, B, C, D and E lie on a circle, centre O. AC and BD are diameters of the circle. Angle AED = 132°. Find angle ABD",1
0607_w25_qp_22.json,14(a)(ii),circle theorems,high,607,w,Oct/Nov,2025,2,non_calculator,2,Find angle AOD,1
0607_w25_qp_22.json,14(a)(iii),circle theorems,high,607,w,Oct/Nov,2025,2,non_calculator,2,Find angle ADB,1
0607_w25_qp_22.json,14(a)(iv),circle theorems,high,607,w,Oct/Nov,2025,2,non_calculator,2,Find angle DCA,1
0607_w25_qp_22.json,14(b),circle theorems,high,607,w,Oct/Nov,2025,2,non_calculator,2,Write down two triangles that are congruent.,1
0607_w25_qp_22.json,15,functions,high,607,w,Oct/Nov,2025,2,non_calculator,2,"The graph of y = (x + h)^2 + k has a vertex at (-3, -2). Find the value of h and the value of k.",2
0607_w25_qp_22.json,16,exponents and surds,high,607,w,Oct/Nov,2025,2,non_calculator,2,Rationalise the denominator. Give your answer in its simplest form. 12 / (\sqrt{7} + 2),3
0607_w25_qp_22.json,17,trigonometry,high,607,w,Oct/Nov,2025,2,non_calculator,2,"Write the list of numbers in order, starting with the smallest. \cos 60°, \frac{\pi}{2}, \tan 45°, \sqrt{0.81}",2
0607_w25_qp_22.json,18,straight lines,high,607,w,Oct/Nov,2025,2,non_calculator,2,"The point A has coordinates (-2, 7) and the point B has coordinates (6, 3). Find the equation of the perpendicular bisector of the line AB. Give your answer in the form y = mx + c.",5
0607_w25_qp_22.json,19,exponents and surds,high,607,w,Oct/Nov,2025,2,non_calculator,2,f(x) = 4^{2x}. Solve the equation f(x) = 1.,1
0607_w25_qp_22.json,20(a),expanding and factorising,high,607,w,Oct/Nov,2025,2,non_calculator,2,Factorise 4x^2 - 4x - 3.,2
0607_w25_qp_22.json,20(b),solving quadratic equations,high,607,w,Oct/Nov,2025,2,non_calculator,2,Solve 4x^2 - 4x - 3 = 0.,1
0607_w25_qp_22.json,20(c),trigonometry,high,607,w,Oct/Nov,2025,2,non_calculator,2,Solve 4(\cos x)^2 - 4 \cos x - 3 = 0 for 0° < x < 360°.,3
0607_w25_qp_22.json,21,expanding and factorising,high,607,w,Oct/Nov,2025,2,non_calculator,2,Simplify. (9 - 3x) / (x^2 - 9),3
0607_w25_qp_22.json,22,solving quadratic equations,high,607,w,Oct/Nov,2025,2,non_calculator,2,Make r the subject of A + 4r = r^2 + 4.,4
0607_w25_qp_23.json,1(a),angles,high,607,w,Oct/Nov,2025,2,non_calculator,3,Write down the mathematical name of this quadrilateral.,1
0607_w25_qp_23.json,1(b),transformations,high,607,w,Oct/Nov,2025,2,non_calculator,3,Draw any lines of symmetry in the quadrilateral.,1
0607_w25_qp_23.json,2,solving linear equations,high,607,w,Oct/Nov,2025,2,non_calculator,3,"Solve.
7x + 3 = 3",2
0607_w25_qp_23.json,3(a),topics in arithmetic,high,607,w,Oct/Nov,2025,2,non_calculator,3,"A train journey starts at 2235 and takes 2 hours 30 minutes.
Find the time this train journey ends.",1
0607_w25_qp_23.json,3(b),topics in arithmetic,high,607,w,Oct/Nov,2025,2,non_calculator,3,"The distance of the journey is 200km.
Work out the average speed of the train.",2
0607_w25_qp_23.json,4,expanding and factorising,high,607,w,Oct/Nov,2025,2,non_calculator,3,"Factorise.
5t - 15t^2",2
0607_w25_qp_23.json,5,topics in arithmetic,high,607,w,Oct/Nov,2025,2,non_calculator,3,"Work out.
5(1/2) * 1(1/11)",2
0607_w25_qp_23.json,6(a),sequences,high,607,w,Oct/Nov,2025,2,non_calculator,3,"These are the first 5 terms of a sequence.
T_1 = 29, T_2 = 23, T_3 = 17, T_4 = 11, T_5 = 5
Find T_6.",1
0607_w25_qp_23.json,6(b),sequences,high,607,w,Oct/Nov,2025,2,non_calculator,3,Find T_n.,2
0607_w25_qp_23.json,7(a),sets and Venn diagrams,high,607,w,Oct/Nov,2025,2,non_calculator,3,"U = {1, 2, 3, 4, 5, 6, 7, 8, 9, 10}
A = {odd numbers}
B = {square numbers}
Find A ∩ B.",1
0607_w25_qp_23.json,7(b),sets and Venn diagrams,high,607,w,Oct/Nov,2025,2,non_calculator,3,Find n(B').,1
0607_w25_qp_23.json,8,angles,high,607,w,Oct/Nov,2025,2,non_calculator,3,"The interior angle of a regular polygon is 168°.
Work out the number of sides of this polygon.",2
0607_w25_qp_23.json,9,exponents and surds,high,607,w,Oct/Nov,2025,2,non_calculator,3,Find the value of 81^(-3/4).,2
0607_w25_qp_23.json,10(a),circle theorems,high,607,w,Oct/Nov,2025,2,non_calculator,3,"A, B, C, and D lie on the circle.
BC = CD.
Work out angle CDB.",2
0607_w25_qp_23.json,10(b),circle theorems,high,607,w,Oct/Nov,2025,2,non_calculator,3,Explain why the line AC bisects angle BAD.,2
0607_w25_qp_23.json,11(a),topics in arithmetic,high,607,w,Oct/Nov,2025,2,non_calculator,3,"Work out (5.7 × 10^(17)) × (2 × 10^(19)).
Give your answer in standard form.",2
0607_w25_qp_23.json,11(b),topics in arithmetic,high,607,w,Oct/Nov,2025,2,non_calculator,3,"Work out (5.7 × 10^(17)) + (2 × 10^(19)).
Give your answer in standard form.",2
0607_w25_qp_23.json,12(a),exponents and surds,high,607,w,Oct/Nov,2025,2,non_calculator,3,Simplify (x^3)^3.,1
0607_w25_qp_23.json,12(b),exponents and surds,high,607,w,Oct/Nov,2025,2,non_calculator,3,Find the value of y when 2^(7-y) = 4^(3-y).,2
0607_w25_qp_23.json,13(a),transformations,high,607,w,Oct/Nov,2025,2,non_calculator,3,"Translate triangle T by the vector 
(-5 
-3).",2
0607_w25_qp_23.json,13(b),transformations,high,607,w,Oct/Nov,2025,2,non_calculator,3,Describe fully the single transformation that maps triangle T onto triangle P.,3
0607_w25_qp_23.json,14(a),Pythagoras,high,607,w,Oct/Nov,2025,2,non_calculator,3,"A is the point (3, 1) and B is the point (9, 9).
Find the length of AB.",3
0607_w25_qp_23.json,14(b),straight lines,high,607,w,Oct/Nov,2025,2,non_calculator,3,"C is the point (5, -3).
Line L passes through A and the midpoint of BC.
Find the equation of line L.
Give your answer in the form y = mx + c.",4
0607_w25_qp_23.json,15(a),solving quadratic equations,high,607,w,Oct/Nov,2025,2,non_calculator,3,"The areas of the two rectangles are equal.
Show that x^2 - 3x - 18 = 0.",2
0607_w25_qp_23.json,15(b),expanding and factorising,high,607,w,Oct/Nov,2025,2,non_calculator,3,Factorise x^2 - 3x - 18.,2
0607_w25_qp_23.json,15(c),mensuration,high,607,w,Oct/Nov,2025,2,non_calculator,3,Find the difference between the perimeters of the two rectangles.,3
0607_w25_qp_23.json,16(a),exponents and surds,high,607,w,Oct/Nov,2025,2,non_calculator,3,"Rationalise the denominators.
5 / √7",1
0607_w25_qp_23.json,16(b),exponents and surds,high,607,w,Oct/Nov,2025,2,non_calculator,3,"Rationalise the denominators.
1 / (2 - √2)",2
0607_w25_qp_23.json,17,solving quadratic equations,high,607,w,Oct/Nov,2025,2,non_calculator,3,"The solutions to the equation x^2 + bx + c = 0 are -1 ± √5.
Find the value of b and the value of c.",3
0607_w25_qp_23.json,18(a),functions,high,607,w,Oct/Nov,2025,2,non_calculator,3,"f(x) = 5 - 3x
g(x) = log x
Find f(3).",1
0607_w25_qp_23.json,18(b),functions,high,607,w,Oct/Nov,2025,2,non_calculator,3,Find f^(-1)(x).,2
0607_w25_qp_23.json,18(c),functions,high,607,w,Oct/Nov,2025,2,non_calculator,3,Find gf(-3/5).,2
0607_w25_qp_23.json,19,expanding and factorising,high,607,w,Oct/Nov,2025,2,non_calculator,3,"Write as a single fraction in its simplest form.
5 / (2x - 3) - x / (x + 1)",3
0607_w25_qp_23.json,20(a),probability,high,607,w,Oct/Nov,2025,2,non_calculator,3,"Janette travels to school by train.
The probability that the train is late on any day is 1/5.
Work out the number of days the train is expected to be late during a school term of 50 days.",1
0607_w25_qp_23.json,20(b),probability,high,607,w,Oct/Nov,2025,2,non_calculator,3,"The train is not late for n consecutive days and is late on the next day.
The probability that this happens is 64/625.
Find the value of n.",2
0607_w25_qp_23.json,20(c),probability,high,607,w,Oct/Nov,2025,2,non_calculator,3,Work out the probability that the train is late on only one day during a week of 5 school days.,2
0607_w25_qp_23.json,20(d),probability,high,607,w,Oct/Nov,2025,2,non_calculator,3,"On any day, when the train is late, the probability that Janette is late for school is 3/4.
Find the probability that the train is late and Janette is not late for school.",2
0607_w25_qp_23.json,21,mensuration,high,607,w,Oct/Nov,2025,2,non_calculator,3,"The diagram shows a cube of side length 2x.
M is the midpoint of PQ.
The perimeter of triangle AMB = kx.
Find the value of k.",4
0607_w25_qp_41.json,1(a),statistics,high,607,w,Oct/Nov,2025,4,calculator,1,Complete the scatter diagram. The first 6 points have been plotted for you.,2
0607_w25_qp_41.json,1(b),statistics,high,607,w,Oct/Nov,2025,4,calculator,1,What type of correlation is shown on the scatter diagram?,1
0607_w25_qp_41.json,1(c),statistics,high,607,w,Oct/Nov,2025,4,calculator,1,Find the equation of the regression line. Give your answer in the form y = mx + c.,2
0607_w25_qp_41.json,1(d),statistics,high,607,w,Oct/Nov,2025,4,calculator,1,Bruno scored 57 in the practical test. Use your answer to part (c) to estimate Bruno's score for the theory test.,1
0607_w25_qp_41.json,2,topics in arithmetic,high,607,w,Oct/Nov,2025,4,calculator,1,Work out \frac{5.3^2 - \sqrt{4.56}}{1.27}.,1
0607_w25_qp_41.json,3,topics in arithmetic,high,607,w,Oct/Nov,2025,4,calculator,1,"In France, the price of a phone is 310 euros. In Dubai, the price of the same phone is 1185 dirhams. The exchange rate is 1 euro = 3.95 dirhams. Find the difference between the two prices. Give your answer in euros.",2
0607_w25_qp_41.json,4,topics in arithmetic,high,607,w,Oct/Nov,2025,4,calculator,1,Aisha is paid $17.50 per hour. Aisha's pay is increased to $19.30 per hour. Calculate the percentage increase in Aisha's pay.,2
0607_w25_qp_41.json,5,inequalities,high,607,w,Oct/Nov,2025,4,calculator,1,Solve. 5 - 2x > 3x + 7,2
0607_w25_qp_41.json,6(a),topics in arithmetic,high,607,w,Oct/Nov,2025,4,calculator,1,Jeanne invests $2000 at a rate of 3.5% per year simple interest. Calculate the interest earned at the end of 8 years.,2
0607_w25_qp_41.json,6(b),topics in arithmetic,high,607,w,Oct/Nov,2025,4,calculator,1,Karim invests $2000 at a rate of 2.8% per year compound interest. Calculate the interest earned at the end of 10 years.,3
0607_w25_qp_41.json,6(c),logarithms,medium,607,w,Oct/Nov,2025,4,calculator,1,"Lauren invests $2000 at a rate of 3.1% per year compound interest. At the end of n years, the value of the investment is $3066.56 correct to the nearest cent. Calculate the value of n.",4
0607_w25_qp_41.json,7(a),mensuration,high,607,w,Oct/Nov,2025,4,calculator,1,"The diagram shows a trapezium, ABCD. AD = DC = CB and AB = 23cm. The perimeter of the trapezium is 62cm. Calculate the area of the trapezium.",5
0607_w25_qp_41.json,7(b),trigonometry,high,607,w,Oct/Nov,2025,4,calculator,1,Calculate angle BAD.,2
0607_w25_qp_41.json,8(a),functions,high,607,w,Oct/Nov,2025,4,calculator,1,"f(x) = \frac{2^x}{x+2}. On the diagram, sketch the graph of y = f(x) for values of x between -5 and 5.",3
0607_w25_qp_41.json,8(b),functions,high,607,w,Oct/Nov,2025,4,calculator,1,Find the coordinates of the local minimum.,2
0607_w25_qp_41.json,8(c),functions,high,607,w,Oct/Nov,2025,4,calculator,1,Solve f(x) = 3.,2
0607_w25_qp_41.json,8(d),functions,high,607,w,Oct/Nov,2025,4,calculator,1,Write down a value of k for which f(x) = k has only one solution.,1
0607_w25_qp_41.json,8(e),functions,high,607,w,Oct/Nov,2025,4,calculator,1,Find the range of values of k for which f(x) = k has no solutions.,2
0607_w25_qp_41.json,9(a),trigonometry,high,607,w,Oct/Nov,2025,4,calculator,1,ABC is a field on level ground. B is 178m due east of A. The bearing of C from A is 158°. The bearing of C from B is 237°. Calculate the length of CB.,4
0607_w25_qp_41.json,9(b),trigonometry,high,607,w,Oct/Nov,2025,4,calculator,1,Calculate the area of the field ABC.,2
0607_w25_qp_41.json,10(a),variation and proportion,high,607,w,Oct/Nov,2025,4,calculator,1,"y is inversely proportional to x^3. When x = 2, y = 2.5. Find y in terms of x.",2
0607_w25_qp_41.json,10(b),variation and proportion,high,607,w,Oct/Nov,2025,4,calculator,1,Find the value of x when y = 20000.,2
0607_w25_qp_41.json,10(c),variation and proportion,high,607,w,Oct/Nov,2025,4,calculator,1,"p is directly proportional to y^2. When x = \sqrt[3]{2}, p = 1200. Find p in terms of x.",3
0607_w25_qp_41.json,11,statistics,high,607,w,Oct/Nov,2025,4,calculator,1,"The table shows some information about the heights, in cm, of 120 plants. All of these plants have a height greater than 12 cm. Use this information to draw a cumulative frequency diagram. The first point has been plotted for you.",3
0607_w25_qp_41.json,12,transformations,high,607,w,Oct/Nov,2025,4,calculator,1,Transformation A is a rotation 90° clockwise about the origin. Transformation B is a translation by the vector \begin{pmatrix} 3 \\ -1 \end{pmatrix}. Describe fully the single transformation equivalent to transformation A followed by transformation B.,3
0607_w25_qp_41.json,13(a),straight lines,high,607,w,Oct/Nov,2025,4,calculator,1,"A is the point (-3, 2) and B is the point (7, -3). Find the equation of the line AB.",3
0607_w25_qp_41.json,13(b),straight lines,high,607,w,Oct/Nov,2025,4,calculator,1,"C is a point on AB, and the ratio AC : CB = 3 : 2. Find the coordinates of C.",2
0607_w25_qp_41.json,14(a),mensuration,high,607,w,Oct/Nov,2025,4,calculator,1,OAD and OBC are sectors of circles each with centre O. The sector angle is 35°. The radius of the smaller circle is 15 m. The radius of the larger circle is 25 m. Calculate the area of the shaded region.,3
0607_w25_qp_41.json,14(b),mensuration,high,607,w,Oct/Nov,2025,4,calculator,1,Calculate the perimeter of the shaded region.,4
0607_w25_qp_41.json,15(a),expanding and factorising,high,607,w,Oct/Nov,2025,4,calculator,1,"The diagram shows a sketch of the graph of a quadratic function y = f(x). The graph passes through (-1, 0), (3, 0) and (0, -6). Find f(x).",3
0607_w25_qp_41.json,15(b),functions,high,607,w,Oct/Nov,2025,4,calculator,1,The graph of y = f(x) is mapped onto the graph of y = g(x) by a translation vector \begin{pmatrix} 1 \\ 0 \end{pmatrix}. Find g(x) in terms of x.,2
0607_w25_qp_42.json,1(a),topics in arithmetic,high,607,w,Oct/Nov,2025,4,calculator,2,"By writing each number correct to 1 significant figure, find an estimate for
$$\frac{44.9}{\sqrt{140}} - \frac{2.09^2}{(3.7 - 1.85)}$$
You must show your working.",2
0607_w25_qp_42.json,1(b),topics in arithmetic,high,607,w,Oct/Nov,2025,4,calculator,2,"Calculate.
$$\frac{44.9}{\sqrt{140}} - \frac{2.09^2}{(3.7 - 1.85)}$$",1
0607_w25_qp_42.json,2(a),probability,high,607,w,Oct/Nov,2025,4,calculator,2,"One of these students is chosen at random.
Find the probability that this student scored more than 90 marks.",1
0607_w25_qp_42.json,2(b),statistics,high,607,w,Oct/Nov,2025,4,calculator,2,Write down the group that contains the median.,1
0607_w25_qp_42.json,2(c),statistics,high,607,w,Oct/Nov,2025,4,calculator,2,Calculate an estimate for the mean.,2
0607_w25_qp_42.json,3,expanding and factorising,high,607,w,Oct/Nov,2025,4,calculator,2,"Simplify.
$$3x - 4y + x - 5y$$",2
0607_w25_qp_42.json,4,angles,high,607,w,Oct/Nov,2025,4,calculator,2,"The interior angles of a quadrilateral are $67^{\circ}$, $112^{\circ}$, $x^{\circ}$ and $(x - 7)^{\circ}$.
Find the value of $x$.",2
0607_w25_qp_42.json,5,mensuration,high,607,w,Oct/Nov,2025,4,calculator,2,Calculate the area of a circle which has a diameter of $6.4\text{ cm}$.,2
0607_w25_qp_42.json,6,topics in arithmetic,high,607,w,Oct/Nov,2025,4,calculator,2,Share $630$ in the ratio $5 : 7$.,2
0607_w25_qp_42.json,7,expanding and factorising,high,607,w,Oct/Nov,2025,4,calculator,2,"Factorise.
$$3ax + 4by - 3ay - 4bx$$",2
0607_w25_qp_42.json,8(a)(i),functions,high,607,w,Oct/Nov,2025,4,calculator,2,"On the diagram, sketch the graph of $y = \text{f}(x)$ for values of $x$ between $-4$ and $4$, where $\text{f}(x) = \frac{1}{(2x - 1)(x + 1)} - 1$.",3
0607_w25_qp_42.json,8(a)(ii),functions,high,607,w,Oct/Nov,2025,4,calculator,2,Write down the $x$-intercepts.,2
0607_w25_qp_42.json,8(a)(iii),functions,high,607,w,Oct/Nov,2025,4,calculator,2,Write down the equations of the asymptotes parallel to the $y$-axis.,2
0607_w25_qp_42.json,8(b),functions,high,607,w,Oct/Nov,2025,4,calculator,2,"On the diagram, sketch the graph of $y = \text{g}(x)$ for values of $x$ between $-4$ and $4$, where $\text{g}(x) = 0.5(x + 1)$.",1
0607_w25_qp_42.json,8(c),inequalities,high,607,w,Oct/Nov,2025,4,calculator,2,Solve the inequality $\text{f}(x) \ge \text{g}(x)$.,3
0607_w25_qp_42.json,9,probability,high,607,w,Oct/Nov,2025,4,calculator,2,"A bag contains $5$ black balls and $7$ white balls.
One ball is chosen at random and not replaced.
A second ball is then chosen at random.
Find the probability that both balls are black.",2
0607_w25_qp_42.json,10(a),statistics,high,607,w,Oct/Nov,2025,4,calculator,2,Find the equation of the regression line for $y$ in terms of $x$.,2
0607_w25_qp_42.json,10(b),statistics,high,607,w,Oct/Nov,2025,4,calculator,2,Use your equation to estimate the Spanish mark when the French mark is $5$.,1
0607_w25_qp_42.json,10(c),statistics,high,607,w,Oct/Nov,2025,4,calculator,2,"Is your answer to part (b) likely to be a reliable estimate of the Spanish mark?
Give a reason for your answer.",1
0607_w25_qp_42.json,11,trigonometry,high,607,w,Oct/Nov,2025,4,calculator,2,"Angle $ABC = 90^{\circ}$ and angle $BAC = 65^{\circ}$.
Calculate $BC$.",2
0607_w25_qp_42.json,12,solving linear equations,high,607,w,Oct/Nov,2025,4,calculator,2,"Solve.
$$\frac{2x - 5}{3} - \frac{5}{6} = \frac{1 - 4x}{2}$$",4
0607_w25_qp_42.json,13,expanding and factorising,high,607,w,Oct/Nov,2025,4,calculator,2,"Factorise.
$$3x(2x - y)^2 + 4(2x - y)^3$$",3
0607_w25_qp_42.json,14(a),trigonometry,high,607,w,Oct/Nov,2025,4,calculator,2,Find $AC$.,3
0607_w25_qp_42.json,14(b),trigonometry,high,607,w,Oct/Nov,2025,4,calculator,2,"Show that angle $DAC = 41.6^{\circ}$, correct to $1$ decimal place.",3
0607_w25_qp_42.json,14(c),mensuration,high,607,w,Oct/Nov,2025,4,calculator,2,"$BC = 16.1\text{ cm}$.
Find the area of the shaded quadrilateral $ABCD$.",4
0607_w25_qp_42.json,15(a)(i),topics in arithmetic,high,607,w,Oct/Nov,2025,4,calculator,2,"At the end of $5$ years, the value of Erik's investment is $\$11485$.
Show that $x = 8000$ correct to the nearest dollar.",3
0607_w25_qp_42.json,15(a)(ii),topics in arithmetic,high,607,w,Oct/Nov,2025,4,calculator,2,Find the number of complete years it takes for the total value of his investment of $\$8000$ to be first greater than $\$16000$.,4
0607_w25_qp_42.json,15(b),topics in arithmetic,high,607,w,Oct/Nov,2025,4,calculator,2,"The compound interest rate of $7.5\%$ each year is equivalent to a compound interest rate of $y\%$ each month.
Find the value of $y$.",3
0607_w25_qp_42.json,16,probability,high,607,w,Oct/Nov,2025,4,calculator,2,"A spinner has $24$ equal sections.
Each section is coloured red or blue.
There are $x$ red sections and all other sections are blue.
The spinner is equally likely to land on any of its sections.
The spinner is spun twice and the colour that the spinner lands on each time is recorded.
The probability that the spinner lands on blue exactly once is $\frac{4}{9}$.
Find the possible values of $x$.",5
0607_w25_qp_42.json,17(a),mensuration,high,607,w,Oct/Nov,2025,4,calculator,2,"A solid cone has base radius $r$ and vertical height $3r$.
The total surface area of the cone is $209.22\text{ cm}^2$.
Find $r$.",4
0607_w25_qp_42.json,17(b),similarity,high,607,w,Oct/Nov,2025,4,calculator,2,"A mathematically similar cone has a total surface area of $1882.98\text{ cm}^2$.
Find the radius of this cone.",3
0607_w25_qp_43.json,1,angles,high,607,w,Oct/Nov,2025,4,calculator,3,The diagram shows a straight line intersecting 2 parallel lines. Find the value of x and the value of y.,2
0607_w25_qp_43.json,2,topics in arithmetic,high,607,w,Oct/Nov,2025,4,calculator,3,Calculate \frac{\sqrt[3]{20.2} - 1.7^{\frac{1}{2}}}{5.1}. Give your answer correct to 4 decimal places.,2
0607_w25_qp_43.json,3,topics in arithmetic,high,607,w,Oct/Nov,2025,4,calculator,3,The exchange rate between pounds and rupees is 1 pound = 350.4 rupees. Convert 84 000 rupees into pounds.,1
0607_w25_qp_43.json,4(a),functions,high,607,w,Oct/Nov,2025,4,calculator,3,"f(x) = x^4 + 4x^3 for values of x between -4.5 and 2. On the diagram, sketch the graph of y = f(x).",2
0607_w25_qp_43.json,4(b),functions,high,607,w,Oct/Nov,2025,4,calculator,3,Write down the zeros of f(x).,2
0607_w25_qp_43.json,4(c),functions,high,607,w,Oct/Nov,2025,4,calculator,3,Write down the coordinates of the local minimum point.,1
0607_w25_qp_43.json,4(d),functions,high,607,w,Oct/Nov,2025,4,calculator,3,The equation f(x) = k has no solutions. Find the range of values of k.,1
0607_w25_qp_43.json,4(e),functions,high,607,w,Oct/Nov,2025,4,calculator,3,Solve the equation f(x) = 20 + 10x.,3
0607_w25_qp_43.json,4(f)(i),straight lines,high,607,w,Oct/Nov,2025,4,calculator,3,"On the diagram, sketch the line x = -2.",1
0607_w25_qp_43.json,4(f)(ii),inequalities,high,607,w,Oct/Nov,2025,4,calculator,3,"Shade and label the region R where x \le -2, y \ge f(x) and y \le 20 + 10x.",1
0607_w25_qp_43.json,5,simultaneous equations,high,607,w,Oct/Nov,2025,4,calculator,3,"Solve the simultaneous equations. You must show all your working. 3x - y = 1, 5x + 2y = -24",3
0607_w25_qp_43.json,6,topics in arithmetic,high,607,w,Oct/Nov,2025,4,calculator,3,The price of a computer is reduced by 10%. The price of the computer is then reduced by a further 15%. Calculate the overall percentage reduction in the price of the computer.,2
0607_w25_qp_43.json,7(a)(i),statistics,high,607,w,Oct/Nov,2025,4,calculator,3,"The heights of 100 plants are measured. The results are shown in the cumulative frequency table. On the grid, draw the cumulative frequency diagram.",3
0607_w25_qp_43.json,7(a)(ii)(a),statistics,high,607,w,Oct/Nov,2025,4,calculator,3,Use your cumulative frequency diagram to find an estimate of the median,1
0607_w25_qp_43.json,7(a)(ii)(b),statistics,high,607,w,Oct/Nov,2025,4,calculator,3,Use your cumulative frequency diagram to find an estimate of the number of plants with a height greater than 30 cm.,2
0607_w25_qp_43.json,7(b)(i),statistics,high,607,w,Oct/Nov,2025,4,calculator,3,Complete the frequency table for the 100 plants.,1
0607_w25_qp_43.json,7(b)(ii),statistics,high,607,w,Oct/Nov,2025,4,calculator,3,Calculate an estimate of the mean.,2
0607_w25_qp_43.json,8,vectors,high,607,w,Oct/Nov,2025,4,calculator,3,"v = \begin{pmatrix} k \\ 4.35 \end{pmatrix}, |v| = 5.33. Find the value of k.",3
0607_w25_qp_43.json,9,mensuration,high,607,w,Oct/Nov,2025,4,calculator,3,"The diagram shows a solid made with a cone, a cylinder and a hemisphere. The radius of each of the cone, the cylinder and the hemisphere is 12 cm. The height of the cone is 15 cm. The height of the cylinder is 10 cm. Calculate the total surface area of the solid.",5
0607_w25_qp_43.json,10,mensuration,high,607,w,Oct/Nov,2025,4,calculator,3,The diagram shows a sector of a circle. The perimeter of the sector is 48.4 cm. Calculate the area of the sector.,4
0607_w25_qp_43.json,11,solving linear equations,high,607,w,Oct/Nov,2025,4,calculator,3,y = x^3 - a. Rearrange the formula to make x the subject.,2
0607_w25_qp_43.json,12,variation and proportion,high,607,w,Oct/Nov,2025,4,calculator,3,"y \propto \frac{1}{\sqrt{x + 1}}. When x = 8, y = 5. Find y when x = 24.",3
0607_w25_qp_43.json,13(a),topics in arithmetic,high,607,w,Oct/Nov,2025,4,calculator,3,Rob and Sal each have $500 to invest. Rob invests his $500 at a rate of 2.5% per year simple interest. Calculate the total value of Rob's investment at the end of 4 years.,3
0607_w25_qp_43.json,13(b)(i),topics in arithmetic,high,607,w,Oct/Nov,2025,4,calculator,3,Sal invests her $500 at a rate of 1.95% per year compound interest. Calculate the value of Sal's investment at the end of 4 years.,2
0607_w25_qp_43.json,13(b)(ii),logarithms,high,607,w,Oct/Nov,2025,4,calculator,3,Find the number of complete years it takes for the total value of Sal's investment of $500 to be first greater than $800.,4
0607_w25_qp_43.json,14(a),trigonometry,high,607,w,Oct/Nov,2025,4,calculator,3,The diagram shows a quadrilateral ABCD with diagonal BD. Calculate AB.,3
0607_w25_qp_43.json,14(b),trigonometry,high,607,w,Oct/Nov,2025,4,calculator,3,Calculate angle CBD.,3
0607_w25_qp_43.json,14(c),trigonometry,high,607,w,Oct/Nov,2025,4,calculator,3,Calculate the area of triangle ABC.,2
0607_w25_qp_43.json,15,Pythagoras,high,607,w,Oct/Nov,2025,4,calculator,3,The diagram shows a right-angled triangle. Calculate the value of w.,3
0607_w25_qp_43.json,16,expanding and factorising,high,607,w,Oct/Nov,2025,4,calculator,3,Simplify. \frac{1 - 2x}{ab - 2abx + 2x - 1},3
0607_w25_qp_43.json,17,similarity,high,607,w,Oct/Nov,2025,4,calculator,3,Solid A is mathematically similar to solid B. The surface area of solid A is 383 cm^2. The surface area of solid B is 792 cm^2. The volume of solid B is 1810 cm^3. Find the volume of solid A.,3
0607_w25_qp_43.json,18,trigonometry,high,607,w,Oct/Nov,2025,4,calculator,3,Solve 1 + \tan x = -1 for 0^\circ \le x \le 180^\circ.,2
0607_s23_qp_43.json,1(a),transformations,high,607,s,May/Jun,2023,4,calculator,3,"Translate triangle A by vector (-6, 4). Label the image C.",2
0607_s23_qp_43.json,1(b),transformations,high,607,s,May/Jun,2023,4,calculator,3,Describe fully the single transformation that maps triangle A onto triangle B.,3
0607_s23_qp_43.json,1(c),transformations,high,607,s,May/Jun,2023,4,calculator,3,Reflect triangle A in the line x = -2. Label the image D.,2
0607_s23_qp_43.json,1(d),transformations,high,607,s,May/Jun,2023,4,calculator,3,"Enlarge triangle A by scale factor -1, centre (0, 0). Label the image E.",2
0607_s23_qp_43.json,2(a),topics in arithmetic,high,607,s,May/Jun,2023,4,calculator,3,"John swims the 1500m in 25 minutes. Find his average speed, in km/h, for this swim.",2
0607_s23_qp_43.json,2(b),topics in arithmetic,high,607,s,May/Jun,2023,4,calculator,3,"John completes the 40 km bike ride at an average speed of 32 km/h. Find the time, in minutes, for John to complete this bike ride.",2
0607_s23_qp_43.json,2(c),topics in arithmetic,high,607,s,May/Jun,2023,4,calculator,3,"John completes the whole race at an average speed of 20.6 km/h. Find the average speed, in km/h, for John to complete his 10 km run.",3
0607_s23_qp_43.json,3(a),statistics,high,607,s,May/Jun,2023,4,calculator,3,Find the median Spanish mark.,1
0607_s23_qp_43.json,3(b),statistics,high,607,s,May/Jun,2023,4,calculator,3,Find the mean French mark.,1
0607_s23_qp_43.json,3(c),statistics,high,607,s,May/Jun,2023,4,calculator,3,Find the equation of the regression line for y in terms of x.,2
0607_s23_qp_43.json,3(d)(i),statistics,high,607,s,May/Jun,2023,4,calculator,3,Use your equation to estimate the Spanish mark when the French mark is 50,1
0607_s23_qp_43.json,3(d)(ii),statistics,high,607,s,May/Jun,2023,4,calculator,3,Use your equation to estimate the Spanish mark when the French mark is 6.,1
0607_s23_qp_43.json,3(e),statistics,high,607,s,May/Jun,2023,4,calculator,3,"Which French mark, 50 or 6, is likely to give the most reliable Spanish mark? Give a reason for your answer.",1
0607_s23_qp_43.json,4(a),topics in arithmetic,high,607,s,May/Jun,2023,4,calculator,3,$x is divided in the ratio 3:5. The larger share is $42. Find the value of x.,2
0607_s23_qp_43.json,4(b)(i),topics in arithmetic,high,607,s,May/Jun,2023,4,calculator,3,Increase 124 by 16%.,2
0607_s23_qp_43.json,4(b)(ii),topics in arithmetic,high,607,s,May/Jun,2023,4,calculator,3,The price of a coat is reduced by 2/9 in a sale. The new price of the coat is $73.50. Find the original price of the coat.,2
0607_s23_qp_43.json,4(c),topics in arithmetic,high,607,s,May/Jun,2023,4,calculator,3,Xiong invests $2000 in Bank A which pays simple interest at a rate of 3% each year. Find the total amount of interest Xiong receives at the end of 5 years.,2
0607_s23_qp_43.json,4(d),topics in arithmetic,high,607,s,May/Jun,2023,4,calculator,3,Wendi invests $400 in Bank B which pays compound interest at a rate of 1.6% each year. Find the total amount of interest Wendi receives at the end of 3 years.,3
0607_s23_qp_43.json,4(e)(i),solving linear equations,medium,607,s,May/Jun,2023,4,calculator,3,Pedro invests $1000 in Bank C for 18 years. Pedro also invests $1000 in Bank D for 18 years. Bank C pays simple interest at a rate of x% each year. Bank D pays compound interest at a rate of 0.7x% each year. At the end of 18 years Pedro has exactly the same amount of money in Bank C and Bank D. Show that 1 + 18x/100 = (1 + 0.7x/100)^18.,2
0607_s23_qp_43.json,4(e)(ii),solving quadratic equations,medium,607,s,May/Jun,2023,4,calculator,3,"Given that 5 < x < 7, use a graphical method to find x.",3
0607_s23_qp_43.json,5(a),trigonometry,high,607,s,May/Jun,2023,4,calculator,3,"In the diagram, AB is parallel to ED. ACD and BCE are straight lines. AB = 50 cm, BC = 55 cm and AC = 64 cm. Show that angle ACB = 49.0° correct to one decimal place.",3
0607_s23_qp_43.json,5(b),trigonometry,high,607,s,May/Jun,2023,4,calculator,3,Use the sine rule to calculate angle CAB.,3
0607_s23_qp_43.json,5(c),trigonometry,high,607,s,May/Jun,2023,4,calculator,3,Calculate the area of triangle ABC.,2
0607_s23_qp_43.json,5(d),similarity,high,607,s,May/Jun,2023,4,calculator,3,AC = 2/3 AD. Calculate the area of triangle CDE.,2
0607_s23_qp_43.json,6(a),solving linear equations,high,607,s,May/Jun,2023,4,calculator,3,Solve. 7x - 5 = 3x + 13,2
0607_s23_qp_43.json,6(b),solving linear equations,high,607,s,May/Jun,2023,4,calculator,3,Solve. 4(2x - 3) = 3(1 - 2x),3
0607_s23_qp_43.json,6(c),solving linear equations,high,607,s,May/Jun,2023,4,calculator,3,Solve. (3x + 2)/8 = 2/(3x + 2),3
0607_s23_qp_43.json,6(d),solving quadratic equations,high,607,s,May/Jun,2023,4,calculator,3,Solve. 1 - 2x^2 = 5x - 1. Give your answer correct to two decimal places.,3
0607_s23_qp_43.json,6(e),logarithms,high,607,s,May/Jun,2023,4,calculator,3,log x = 1 + 4 log y. Find x in terms of y.,3
0607_s23_qp_43.json,6(f),probability,high,607,s,May/Jun,2023,4,calculator,3,"There are 12 balls in a bag, n of them are blue. A ball is taken from the bag at random and replaced. The probability that the ball is blue is p. 6 more blue balls are added to the bag. A ball is taken from the bag at random. The probability that this ball is blue is 2p. Find the value of p.",4
0607_s23_qp_43.json,7(a),functions,high,607,s,May/Jun,2023,4,calculator,3,"On the diagram, sketch the graph of y = f(x) where f(x) = |2 cos(x - 45)°| - 1 for values of x between -90 and 90.",3
0607_s23_qp_43.json,7(b),functions,high,607,s,May/Jun,2023,4,calculator,3,Write down the x-coordinates of the points where the curve meets the x-axis.,2
0607_s23_qp_43.json,7(c),functions,high,607,s,May/Jun,2023,4,calculator,3,Write down the coordinates of the local maximum point.,1
0607_s23_qp_43.json,7(d)(i),functions,high,607,s,May/Jun,2023,4,calculator,3,The line y = 0.005x intersects the curve y = |2 cos(x - 45)°| - 1 three times. Find the x-coordinates of the points of intersection.,3
0607_s23_qp_43.json,7(d)(ii),inequalities,high,607,s,May/Jun,2023,4,calculator,3,Solve the inequality |2 cos(x - 45)°| - 1 > 0.005x,2
0607_s23_qp_43.json,8(a),simultaneous equations,high,607,s,May/Jun,2023,4,calculator,3,Solve the simultaneous equations 5x - 4y = 13 and 3x + 2y = -1. You must show all your working.,3
0607_s23_qp_43.json,8(b)(i),functions,high,607,s,May/Jun,2023,4,calculator,3,"f(x) = 3x + 1, g(x) = 1/(2x - 3), x != 1.5. Find f(-2).",1
0607_s23_qp_43.json,8(b)(ii),functions,high,607,s,May/Jun,2023,4,calculator,3,"Find f(f(x)), giving your answer in its simplest form.",2
0607_s23_qp_43.json,8(b)(iii),functions,high,607,s,May/Jun,2023,4,calculator,3,Solve g(f(x)) = 1/5.,3
0607_s23_qp_43.json,9(a)(i),probability,high,607,s,May/Jun,2023,4,calculator,3,"There are 80 students in a school year, 44 boys and 36 girls. Each student chooses their favourite sport. Find the probability that the student chosen is a girl whose favourite sport is athletics",1
0607_s23_qp_43.json,9(a)(ii),probability,high,607,s,May/Jun,2023,4,calculator,3,Find the probability that the student chosen is a boy whose favourite sport is not football.,1
0607_s23_qp_43.json,9(b),probability,high,607,s,May/Jun,2023,4,calculator,3,One of the girls is chosen at random. Find the probability that her favourite sport is hockey.,2
0607_s23_qp_43.json,9(c)(i),probability,high,607,s,May/Jun,2023,4,calculator,3,"Three of the boys are chosen at random. Find the probability that one of the boys chooses athletics, one of them chooses football and the other chooses swimming.",1
0607_s23_qp_43.json,9(c)(ii),probability,high,607,s,May/Jun,2023,4,calculator,3,Calculate the probability that the three boys each have a different favourite sport.,3
0607_s23_qp_43.json,10(a),circle theorems,high,607,s,May/Jun,2023,4,calculator,3,"A, B, C and D lie on a circle, centre O. DE is a tangent to the circle at D. ACE is a straight line. Angle ABC = 78°, Angle DEC = 20°. Find angle AOC",1
0607_s23_qp_43.json,10(b),circle theorems,high,607,s,May/Jun,2023,4,calculator,3,Find angle OAC,2
0607_s23_qp_43.json,10(c),circle theorems,high,607,s,May/Jun,2023,4,calculator,3,Find angle ADC,1
0607_s23_qp_43.json,10(d),circle theorems,high,607,s,May/Jun,2023,4,calculator,3,Find angle CAD.,3
0607_s23_qp_43.json,11(a),mensuration,high,607,s,May/Jun,2023,4,calculator,3,"The diagram shows a cuboid with base ABCD. AB = 20 cm, BC = 34 cm and CE = 16 cm. Water is poured into the cuboid to a height of 8 cm. Find the volume of water in the cuboid.",2
0607_s23_qp_43.json,11(b),mensuration,high,607,s,May/Jun,2023,4,calculator,3,A sphere of radius 4 cm is placed so that it rests on the base of the cuboid. The water level is now q cm above the base of the cuboid. Find the value of q.,4
0607_s23_qp_43.json,11(c)(i),mensuration,high,607,s,May/Jun,2023,4,calculator,3,The sphere is removed from the cuboid. 15 identical cubes of side x cm are placed so that they rest on the base of the cuboid. Find the maximum value of x.,3
0607_s23_qp_43.json,11(c)(ii),mensuration,high,607,s,May/Jun,2023,4,calculator,3,The water level is now p cm above the base of the cuboid. Find the maximum value of p.,3
0607_s23_qp_43.json,12,trigonometry,high,607,s,May/Jun,2023,4,calculator,3,"The diagram shows two right-angled triangles ABC and CBD. AB = BC, AC = sqrt(200) cm and angle BDC = 30°. Find the perimeter of triangle ACD.",6
0607_w16_qp_42.json,1(a),statistics,high,607,w,Oct/Nov,2016,4,calculator,2,Write down the modal number of matches.,1
0607_w16_qp_42.json,1(b),statistics,high,607,w,Oct/Nov,2016,4,calculator,2,Write down the range.,1
0607_w16_qp_42.json,1(c),statistics,high,607,w,Oct/Nov,2016,4,calculator,2,Find the median.,1
0607_w16_qp_42.json,1(d),statistics,high,607,w,Oct/Nov,2016,4,calculator,2,Find the inter-quartile range.,2
0607_w16_qp_42.json,1(e),statistics,high,607,w,Oct/Nov,2016,4,calculator,2,Calculate the mean. Give your answer correct to one decimal place.,2
0607_w16_qp_42.json,2(a),trigonometry,high,607,w,Oct/Nov,2016,4,calculator,2,Find the distance AE.,3
0607_w16_qp_42.json,2(b),trigonometry,high,607,w,Oct/Nov,2016,4,calculator,2,Find the bearing of E from A.,2
0607_w16_qp_42.json,2(c),mensuration,high,607,w,Oct/Nov,2016,4,calculator,2,Find the area ABCDE.,2
0607_w16_qp_42.json,3(a),statistics,high,607,w,Oct/Nov,2016,4,calculator,2,What type of correlation is there between the number of hours spent revising and the examination mark?,1
0607_w16_qp_42.json,3(b)(i),statistics,high,607,w,Oct/Nov,2016,4,calculator,2,"Find the mean number of hours spent revising,",1
0607_w16_qp_42.json,3(b)(ii),statistics,high,607,w,Oct/Nov,2016,4,calculator,2,Find the mean examination mark.,1
0607_w16_qp_42.json,3(c)(i),statistics,high,607,w,Oct/Nov,2016,4,calculator,2,Find the equation of the regression line for y in terms of x.,2
0607_w16_qp_42.json,3(c)(ii),statistics,high,607,w,Oct/Nov,2016,4,calculator,2,Estimate the examination mark for a student who spent 19 hours revising.,1
0607_w16_qp_42.json,4(a),circle theorems,high,607,w,Oct/Nov,2016,4,calculator,2,"Find the value of angle OAB,",1
0607_w16_qp_42.json,4(b),circle theorems,high,607,w,Oct/Nov,2016,4,calculator,2,"Find the value of angle AOB,",2
0607_w16_qp_42.json,4(c),circle theorems,high,607,w,Oct/Nov,2016,4,calculator,2,"Find the value of angle BCA,",1
0607_w16_qp_42.json,4(d),circle theorems,high,607,w,Oct/Nov,2016,4,calculator,2,"Find the value of angle CBP,",2
0607_w16_qp_42.json,4(e),circle theorems,high,607,w,Oct/Nov,2016,4,calculator,2,Find the value of angle CPB.,2
0607_w16_qp_42.json,5(a),statistics,high,607,w,Oct/Nov,2016,4,calculator,2,Calculate an estimate of the mean age of a passenger.,2
0607_w16_qp_42.json,5(b),statistics,high,607,w,Oct/Nov,2016,4,calculator,2,Complete the frequency density column in this table.,3
0607_w16_qp_42.json,6(a),transformations,high,607,w,Oct/Nov,2016,4,calculator,2,"Describe fully the single transformation that is the inverse of a reflection in the line y = x,",2
0607_w16_qp_42.json,6(b),transformations,high,607,w,Oct/Nov,2016,4,calculator,2,"Describe fully the single transformation that is the inverse of a rotation of 90° clockwise, centre (2, 3),",2
0607_w16_qp_42.json,6(c),transformations,high,607,w,Oct/Nov,2016,4,calculator,2,"Describe fully the single transformation that is the inverse of a translation with vector (4 / -3),",2
0607_w16_qp_42.json,6(d),transformations,high,607,w,Oct/Nov,2016,4,calculator,2,"Describe fully the single transformation that is the inverse of an enlargement scale factor 3, centre (0, 0).",2
0607_w16_qp_42.json,7,simultaneous equations,high,607,w,Oct/Nov,2016,4,calculator,2,"Solve the simultaneous equations. You must show all your working. 3x + 4y = -8, 5x - 6y = -7",4
0607_w16_qp_42.json,8(a),trigonometry,high,607,w,Oct/Nov,2016,4,calculator,2,cos x = 1/3 for 0° < x < 90°. Find the exact value of sin x. Give your answer as a surd.,3
0607_w16_qp_42.json,8(b)(i),trigonometry,high,607,w,Oct/Nov,2016,4,calculator,2,Show that cos B = 1/3.,2
0607_w16_qp_42.json,8(b)(ii),trigonometry,high,607,w,Oct/Nov,2016,4,calculator,2,"Using your answer to part (a), show that the exact value of the area of triangle ABC is 30√2 cm².",3
0607_w16_qp_42.json,9(a),mensuration,high,607,w,Oct/Nov,2016,4,calculator,2,Work out the shaded area.,2
0607_w16_qp_42.json,9(b)(i),mensuration,high,607,w,Oct/Nov,2016,4,calculator,2,Find the value of x.,2
0607_w16_qp_42.json,9(b)(ii),mensuration,high,607,w,Oct/Nov,2016,4,calculator,2,Work out the length of a side of the equilateral triangle ABC.,2
0607_w16_qp_42.json,9(b)(iii),mensuration,high,607,w,Oct/Nov,2016,4,calculator,2,Calculate the area outside the square but inside triangle ABC.,4
0607_w16_qp_42.json,10(a),functions,high,607,w,Oct/Nov,2016,4,calculator,2,"On the diagram, sketch the graph of y = f(x) for values of x between -6 and 6.",3
0607_w16_qp_42.json,10(b),functions,high,607,w,Oct/Nov,2016,4,calculator,2,Write down the equations of the asymptotes of the graph of y = f(x).,2
0607_w16_qp_42.json,10(c),functions,high,607,w,Oct/Nov,2016,4,calculator,2,Solve the equation f(x) = -x.,2
0607_w16_qp_42.json,10(d),inequalities,high,607,w,Oct/Nov,2016,4,calculator,2,Solve the inequality f(x) + x < 0.,3
0607_w16_qp_42.json,10(e)(i),transformations,high,607,w,Oct/Nov,2016,4,calculator,2,"Describe fully the single transformation that maps y = 3 - (6/x) onto y = 3 - (6 / (x - 2)),",2
0607_w16_qp_42.json,10(e)(ii),transformations,high,607,w,Oct/Nov,2016,4,calculator,2,Describe fully the single transformation that maps y = - (6 / (x - 2)) onto y = 3 - (6 / (x - 2)).,2
0607_w16_qp_42.json,11(a),sequences,high,607,w,Oct/Nov,2016,4,calculator,2,"Find the next term and the nth term in the sequence: 1, 8, 27, 64, 125, ...",2
0607_w16_qp_42.json,11(b),sequences,high,607,w,Oct/Nov,2016,4,calculator,2,"Find the next term and the nth term in the sequence: 3, 7, 13, 21, 31, ...",4
0607_w16_qp_42.json,11(c),sequences,high,607,w,Oct/Nov,2016,4,calculator,2,"Find the next term and the nth term in the sequence: -2, 1, 14, 43, 94, ...",4
0607_w16_qp_42.json,12(a)(i),mensuration,high,607,w,Oct/Nov,2016,4,calculator,2,"Find, in terms of pi, the volume of the hemisphere,",2
0607_w16_qp_42.json,12(a)(ii),mensuration,high,607,w,Oct/Nov,2016,4,calculator,2,"Find, in terms of pi, the total surface area of the hemisphere.",2
0607_w16_qp_42.json,12(b)(i),mensuration,high,607,w,Oct/Nov,2016,4,calculator,2,Find the radius of the sphere.,3
0607_w16_qp_42.json,12(b)(ii),mensuration,high,607,w,Oct/Nov,2016,4,calculator,2,Find the ratio surface area of the sphere : total surface area of the 16 hemispheres. Give your answer in its simplest form.,3
0607_w16_qp_42.json,13(a),logarithms,high,607,w,Oct/Nov,2016,4,calculator,2,3 log p + 2 log q - log 6 = log x. Find x in terms of p and q.,3
0607_w16_qp_42.json,13(b)(i),logarithms,high,607,w,Oct/Nov,2016,4,calculator,2,Solve the equation 4^x = 6.,3
0607_w16_qp_42.json,13(b)(ii),solving quadratic equations,high,607,w,Oct/Nov,2016,4,calculator,2,Solve the equation (3x + 2)(2x - 3) = 1. You must show all your working.,5
0607_w16_qp_42.json,14(a),functions,high,607,w,Oct/Nov,2016,4,calculator,2,"On the diagram, sketch the graph of y = f(x), for values of x between -2 and 8.",4
0607_w16_qp_42.json,14(b),functions,high,607,w,Oct/Nov,2016,4,calculator,2,Write down the y co-ordinates of the local minimum points.,2
0607_w16_qp_42.json,14(c),functions,high,607,w,Oct/Nov,2016,4,calculator,2,Write down the co-ordinates of the local maximum point.,2
0607_w16_qp_42.json,14(d),functions,high,607,w,Oct/Nov,2016,4,calculator,2,"Solve the equation 2^x - (1/3)x^3 = 2(1 - x), for all real values of x.",4
