,filename,syllabus,session_code,session_name,year,paper_number,paper_type,variant,question_number,marks,topic
0,0607_m21_qp_22.json,607,m,Mar/May,2021,2,non_calculator,2,1(a),3,statistics
1,0607_m21_qp_22.json,607,m,Mar/May,2021,2,non_calculator,2,1(b),1,statistics
2,0607_m21_qp_22.json,607,m,Mar/May,2021,2,non_calculator,2,2,2,vectors
3,0607_m21_qp_22.json,607,m,Mar/May,2021,2,non_calculator,2,3,1,topics in arithmetic
4,0607_m21_qp_22.json,607,m,Mar/May,2021,2,non_calculator,2,4,1,solving linear equations
5,0607_m21_qp_22.json,607,m,Mar/May,2021,2,non_calculator,2,5(a),2,straight lines
6,0607_m21_qp_22.json,607,m,Mar/May,2021,2,non_calculator,2,5(b),3,Pythagoras
7,0607_m21_qp_22.json,607,m,Mar/May,2021,2,non_calculator,2,6,3,exponents and surds
8,0607_m21_qp_22.json,607,m,Mar/May,2021,2,non_calculator,2,7(a),2,probability
9,0607_m21_qp_22.json,607,m,Mar/May,2021,2,non_calculator,2,7(b),2,probability
10,0607_m21_qp_22.json,607,m,Mar/May,2021,2,non_calculator,2,8,2,expanding and factorising
11,0607_m21_qp_22.json,607,m,Mar/May,2021,2,non_calculator,2,9(a),1,circle theorems
12,0607_m21_qp_22.json,607,m,Mar/May,2021,2,non_calculator,2,9(b)(i),1,circle theorems
13,0607_m21_qp_22.json,607,m,Mar/May,2021,2,non_calculator,2,9(b)(ii),1,circle theorems
14,0607_m21_qp_22.json,607,m,Mar/May,2021,2,non_calculator,2,10,3,statistics
15,0607_m21_qp_22.json,607,m,Mar/May,2021,2,non_calculator,2,11,3,sequences
16,0607_m21_qp_22.json,607,m,Mar/May,2021,2,non_calculator,2,12,3,solving linear equations
17,0607_m21_qp_22.json,607,m,Mar/May,2021,2,non_calculator,2,13,3,exponents and surds
18,0607_m21_qp_22.json,607,m,Mar/May,2021,2,non_calculator,2,14,3,topics in arithmetic
19,0607_m21_qp_42.json,607,m,Mar/May,2021,4,calculator,2,1(a)(i),2,transformations
20,0607_m21_qp_42.json,607,m,Mar/May,2021,4,calculator,2,1(a)(ii),1,transformations
21,0607_m21_qp_42.json,607,m,Mar/May,2021,4,calculator,2,1(a)(iii),2,transformations
22,0607_m21_qp_42.json,607,m,Mar/May,2021,4,calculator,2,1(b),3,transformations
23,0607_m21_qp_42.json,607,m,Mar/May,2021,4,calculator,2,2(a),1,topics in arithmetic
24,0607_m21_qp_42.json,607,m,Mar/May,2021,4,calculator,2,2(b),1,exponents and surds
25,0607_m21_qp_42.json,607,m,Mar/May,2021,4,calculator,2,2(c),2,exponents and surds
26,0607_m21_qp_42.json,607,m,Mar/May,2021,4,calculator,2,2(d)(i),2,topics in arithmetic
27,0607_m21_qp_42.json,607,m,Mar/May,2021,4,calculator,2,2(d)(ii),1,topics in arithmetic
28,0607_m21_qp_42.json,607,m,Mar/May,2021,4,calculator,2,2(e)(i),3,topics in arithmetic
29,0607_m21_qp_42.json,607,m,Mar/May,2021,4,calculator,2,2(e)(ii),3,topics in arithmetic
30,0607_m21_qp_42.json,607,m,Mar/May,2021,4,calculator,2,2(f),3,topics in arithmetic
31,0607_m21_qp_42.json,607,m,Mar/May,2021,4,calculator,2,3(a)(i),1,straight lines
32,0607_m21_qp_42.json,607,m,Mar/May,2021,4,calculator,2,3(a)(ii),1,straight lines
33,0607_m21_qp_42.json,607,m,Mar/May,2021,4,calculator,2,3(b),1,straight lines
34,0607_m21_qp_42.json,607,m,Mar/May,2021,4,calculator,2,3(c),3,straight lines
35,0607_m21_qp_42.json,607,m,Mar/May,2021,4,calculator,2,3(d),4,straight lines
36,0607_m21_qp_42.json,607,m,Mar/May,2021,4,calculator,2,3(e)(i),3,inequalities
37,0607_m21_qp_42.json,607,m,Mar/May,2021,4,calculator,2,3(e)(ii),1,inequalities
38,0607_m21_qp_42.json,607,m,Mar/May,2021,4,calculator,2,4(a)(i),1,statistics
39,0607_m21_qp_42.json,607,m,Mar/May,2021,4,calculator,2,4(a)(ii),2,statistics
40,0607_m21_qp_42.json,607,m,Mar/May,2021,4,calculator,2,4(b)(i),2,statistics
41,0607_m21_qp_42.json,607,m,Mar/May,2021,4,calculator,2,4(b)(ii),3,statistics
42,0607_m21_qp_42.json,607,m,Mar/May,2021,4,calculator,2,4(b)(iii)(a),1,statistics
43,0607_m21_qp_42.json,607,m,Mar/May,2021,4,calculator,2,4(b)(iii)(b),2,statistics
44,0607_m21_qp_42.json,607,m,Mar/May,2021,4,calculator,2,5(a),2,Pythagoras
45,0607_m21_qp_42.json,607,m,Mar/May,2021,4,calculator,2,5(b),2,mensuration
46,0607_m21_qp_42.json,607,m,Mar/May,2021,4,calculator,2,5(c),2,mensuration
47,0607_m21_qp_42.json,607,m,Mar/May,2021,4,calculator,2,5(d)(i),3,mensuration
48,0607_m21_qp_42.json,607,m,Mar/May,2021,4,calculator,2,5(d)(ii),2,expanding and factorising
49,0607_m21_qp_42.json,607,m,Mar/May,2021,4,calculator,2,5(d)(iii),1,solving quadratic equations
50,0607_m21_qp_42.json,607,m,Mar/May,2021,4,calculator,2,5(d)(iv),1,mensuration
51,0607_m21_qp_42.json,607,m,Mar/May,2021,4,calculator,2,6(a)(i),2,variation and proportion
52,0607_m21_qp_42.json,607,m,Mar/May,2021,4,calculator,2,6(a)(ii),1,variation and proportion
53,0607_m21_qp_42.json,607,m,Mar/May,2021,4,calculator,2,6(a)(iii),2,variation and proportion
54,0607_m21_qp_42.json,607,m,Mar/May,2021,4,calculator,2,6(b),3,variation and proportion
55,0607_m21_qp_42.json,607,m,Mar/May,2021,4,calculator,2,7(a),3,graphing functions
56,0607_m21_qp_42.json,607,m,Mar/May,2021,4,calculator,2,7(b),2,graphing functions
57,0607_m21_qp_42.json,607,m,Mar/May,2021,4,calculator,2,7(c),4,inequalities
58,0607_m21_qp_42.json,607,m,Mar/May,2021,4,calculator,2,8(a),1,trigonometry
59,0607_m21_qp_42.json,607,m,Mar/May,2021,4,calculator,2,8(b),3,trigonometry
60,0607_m21_qp_42.json,607,m,Mar/May,2021,4,calculator,2,8(c),3,trigonometry
61,0607_m21_qp_42.json,607,m,Mar/May,2021,4,calculator,2,8(d),3,topics in arithmetic
62,0607_m21_qp_42.json,607,m,Mar/May,2021,4,calculator,2,9(a)(i),3,sets and Venn diagrams
63,0607_m21_qp_42.json,607,m,Mar/May,2021,4,calculator,2,9(a)(ii),1,sets and Venn diagrams
64,0607_m21_qp_42.json,607,m,Mar/May,2021,4,calculator,2,9(a)(iii),1,sets and Venn diagrams
65,0607_m21_qp_42.json,607,m,Mar/May,2021,4,calculator,2,9(b)(i),1,probability
66,0607_m21_qp_42.json,607,m,Mar/May,2021,4,calculator,2,9(b)(ii),4,probability
67,0607_m21_qp_42.json,607,m,Mar/May,2021,4,calculator,2,10(a),3,similarity
68,0607_m21_qp_42.json,607,m,Mar/May,2021,4,calculator,2,10(b),8,mensuration
69,0607_m21_qp_42.json,607,m,Mar/May,2021,4,calculator,2,11(a),1,functions
70,0607_m21_qp_42.json,607,m,Mar/May,2021,4,calculator,2,11(b),2,functions
71,0607_m21_qp_42.json,607,m,Mar/May,2021,4,calculator,2,11(c),2,functions
72,0607_m21_qp_42.json,607,m,Mar/May,2021,4,calculator,2,11(d),3,functions
73,0607_m21_qp_42.json,607,m,Mar/May,2021,4,calculator,2,11(e),2,functions
74,0607_m22_qp_22.json,607,m,Mar/May,2022,2,non_calculator,2,1,1,topics in arithmetic
75,0607_m22_qp_22.json,607,m,Mar/May,2022,2,non_calculator,2,2,1,topics in arithmetic
76,0607_m22_qp_22.json,607,m,Mar/May,2022,2,non_calculator,2,3,1,topics in arithmetic
77,0607_m22_qp_22.json,607,m,Mar/May,2022,2,non_calculator,2,4(a),2,vectors
78,0607_m22_qp_22.json,607,m,Mar/May,2022,2,non_calculator,2,4(b),1,vectors
79,0607_m22_qp_22.json,607,m,Mar/May,2022,2,non_calculator,2,5,2,topics in arithmetic
80,0607_m22_qp_22.json,607,m,Mar/May,2022,2,non_calculator,2,6,2,topics in arithmetic
81,0607_m22_qp_22.json,607,m,Mar/May,2022,2,non_calculator,2,7,2,mensuration
82,0607_m22_qp_22.json,607,m,Mar/May,2022,2,non_calculator,2,8,1,exponents and surds
83,0607_m22_qp_22.json,607,m,Mar/May,2022,2,non_calculator,2,9,2,topics in arithmetic
84,0607_m22_qp_22.json,607,m,Mar/May,2022,2,non_calculator,2,10(a),2,similarity
85,0607_m22_qp_22.json,607,m,Mar/May,2022,2,non_calculator,2,10(b),3,similarity
86,0607_m22_qp_22.json,607,m,Mar/May,2022,2,non_calculator,2,11,2,expanding and factorising
87,0607_m22_qp_22.json,607,m,Mar/May,2022,2,non_calculator,2,12(a),3,transformations
88,0607_m22_qp_22.json,607,m,Mar/May,2022,2,non_calculator,2,12(b),2,transformations
89,0607_m22_qp_22.json,607,m,Mar/May,2022,2,non_calculator,2,13,1,exponents and surds
90,0607_m22_qp_22.json,607,m,Mar/May,2022,2,non_calculator,2,14(a),1,exponents and surds
91,0607_m22_qp_22.json,607,m,Mar/May,2022,2,non_calculator,2,14(b),1,exponents and surds
92,0607_m22_qp_22.json,607,m,Mar/May,2022,2,non_calculator,2,15,2,expanding and factorising
93,0607_m22_qp_22.json,607,m,Mar/May,2022,2,non_calculator,2,16,3,solving quadratic equations
94,0607_m22_qp_22.json,607,m,Mar/May,2022,2,non_calculator,2,17,2,expanding and factorising
95,0607_m22_qp_22.json,607,m,Mar/May,2022,2,non_calculator,2,18,3,logarithms
96,0607_m22_qp_42.json,607,m,Mar/May,2022,4,calculator,2,1(a),3,straight lines
97,0607_m22_qp_42.json,607,m,Mar/May,2022,4,calculator,2,1(b)(i),3,straight lines
98,0607_m22_qp_42.json,607,m,Mar/May,2022,4,calculator,2,1(b)(ii),2,straight lines
99,0607_m22_qp_42.json,607,m,Mar/May,2022,4,calculator,2,2(a),1,topics in arithmetic
100,0607_m22_qp_42.json,607,m,Mar/May,2022,4,calculator,2,2(b),2,topics in arithmetic
101,0607_m22_qp_42.json,607,m,Mar/May,2022,4,calculator,2,2(c),3,topics in arithmetic
102,0607_m22_qp_42.json,607,m,Mar/May,2022,4,calculator,2,2(d)(i),3,topics in arithmetic
103,0607_m22_qp_42.json,607,m,Mar/May,2022,4,calculator,2,2(d)(ii),4,topics in arithmetic
104,0607_m22_qp_42.json,607,m,Mar/May,2022,4,calculator,2,2(e),3,topics in arithmetic
105,0607_m22_qp_42.json,607,m,Mar/May,2022,4,calculator,2,3(a)(i),1,statistics
106,0607_m22_qp_42.json,607,m,Mar/May,2022,4,calculator,2,3(a)(ii),1,statistics
107,0607_m22_qp_42.json,607,m,Mar/May,2022,4,calculator,2,3(a)(iii),1,statistics
108,0607_m22_qp_42.json,607,m,Mar/May,2022,4,calculator,2,3(a)(iv),1,statistics
109,0607_m22_qp_42.json,607,m,Mar/May,2022,4,calculator,2,3(b),2,statistics
110,0607_m22_qp_42.json,607,m,Mar/May,2022,4,calculator,2,3(c),4,statistics
111,0607_m22_qp_42.json,607,m,Mar/May,2022,4,calculator,2,4(a),3,angles
112,0607_m22_qp_42.json,607,m,Mar/May,2022,4,calculator,2,4(b),6,circle theorems
113,0607_m22_qp_42.json,607,m,Mar/May,2022,4,calculator,2,5(a)(i),2,expanding and factorising
114,0607_m22_qp_42.json,607,m,Mar/May,2022,4,calculator,2,5(a)(ii),1,solving quadratic equations
115,0607_m22_qp_42.json,607,m,Mar/May,2022,4,calculator,2,5(a)(iii),2,solving quadratic equations
116,0607_m22_qp_42.json,607,m,Mar/May,2022,4,calculator,2,5(b)(i),2,variation and proportion
117,0607_m22_qp_42.json,607,m,Mar/May,2022,4,calculator,2,5(b)(ii),1,variation and proportion
118,0607_m22_qp_42.json,607,m,Mar/May,2022,4,calculator,2,5(b)(iii),3,variation and proportion
119,0607_m22_qp_42.json,607,m,Mar/May,2022,4,calculator,2,6(a),4,solving quadratic equations
120,0607_m22_qp_42.json,607,m,Mar/May,2022,4,calculator,2,6(b),2,expanding and factorising
121,0607_m22_qp_42.json,607,m,Mar/May,2022,4,calculator,2,6(c),2,mensuration
122,0607_m22_qp_42.json,607,m,Mar/May,2022,4,calculator,2,7(a),2,graphing functions
123,0607_m22_qp_42.json,607,m,Mar/May,2022,4,calculator,2,7(b),2,graphing functions
124,0607_m22_qp_42.json,607,m,Mar/May,2022,4,calculator,2,7(c),1,graphing functions
125,0607_m22_qp_42.json,607,m,Mar/May,2022,4,calculator,2,7(d),1,graphing functions
126,0607_m22_qp_42.json,607,m,Mar/May,2022,4,calculator,2,7(e)(i),1,graphing functions
127,0607_m22_qp_42.json,607,m,Mar/May,2022,4,calculator,2,7(e)(ii),2,solving quadratic equations
128,0607_m22_qp_42.json,607,m,Mar/May,2022,4,calculator,2,7(e)(iii),2,inequalities
129,0607_m22_qp_42.json,607,m,Mar/May,2022,4,calculator,2,8(a)(i),1,functions
130,0607_m22_qp_42.json,607,m,Mar/May,2022,4,calculator,2,8(a)(ii),1,functions
131,0607_m22_qp_42.json,607,m,Mar/May,2022,4,calculator,2,8(b),2,functions
132,0607_m22_qp_42.json,607,m,Mar/May,2022,4,calculator,2,8(c),2,functions
133,0607_m22_qp_42.json,607,m,Mar/May,2022,4,calculator,2,8(d),2,functions
134,0607_m22_qp_42.json,607,m,Mar/May,2022,4,calculator,2,8(e),2,functions
135,0607_m22_qp_42.json,607,m,Mar/May,2022,4,calculator,2,8(f),2,functions
136,0607_m22_qp_42.json,607,m,Mar/May,2022,4,calculator,2,9(a),3,trigonometry
137,0607_m22_qp_42.json,607,m,Mar/May,2022,4,calculator,2,9(b)(i),3,trigonometry
138,0607_m22_qp_42.json,607,m,Mar/May,2022,4,calculator,2,9(b)(ii),3,trigonometry
139,0607_m22_qp_42.json,607,m,Mar/May,2022,4,calculator,2,9(c),5,trigonometry
140,0607_m22_qp_42.json,607,m,Mar/May,2022,4,calculator,2,10(a),3,probability
141,0607_m22_qp_42.json,607,m,Mar/May,2022,4,calculator,2,10(b)(i),2,probability
142,0607_m22_qp_42.json,607,m,Mar/May,2022,4,calculator,2,10(b)(ii),2,probability
143,0607_m22_qp_42.json,607,m,Mar/May,2022,4,calculator,2,10(c)(i),2,probability
144,0607_m22_qp_42.json,607,m,Mar/May,2022,4,calculator,2,10(c)(ii),3,probability
145,0607_m22_qp_42.json,607,m,Mar/May,2022,4,calculator,2,11(a),3,mensuration
146,0607_m22_qp_42.json,607,m,Mar/May,2022,4,calculator,2,11(b)(i),2,mensuration
147,0607_m22_qp_42.json,607,m,Mar/May,2022,4,calculator,2,11(b)(ii),1,mensuration
148,0607_m22_qp_42.json,607,m,Mar/May,2022,4,calculator,2,11(b)(iii),3,graphing functions
149,0607_m23_qp_22.json,607,m,Mar/May,2023,2,non_calculator,2,1(a),1,topics in arithmetic
150,0607_m23_qp_22.json,607,m,Mar/May,2023,2,non_calculator,2,1(b),1,topics in arithmetic
151,0607_m23_qp_22.json,607,m,Mar/May,2023,2,non_calculator,2,2,1,topics in arithmetic
152,0607_m23_qp_22.json,607,m,Mar/May,2023,2,non_calculator,2,3(a),1,topics in arithmetic
153,0607_m23_qp_22.json,607,m,Mar/May,2023,2,non_calculator,2,3(b),1,topics in arithmetic
154,0607_m23_qp_22.json,607,m,Mar/May,2023,2,non_calculator,2,4,2,angles
155,0607_m23_qp_22.json,607,m,Mar/May,2023,2,non_calculator,2,5,1,probability
156,0607_m23_qp_22.json,607,m,Mar/May,2023,2,non_calculator,2,6,2,solving linear equations
157,0607_m23_qp_22.json,607,m,Mar/May,2023,2,non_calculator,2,7,2,inequalities
158,0607_m23_qp_22.json,607,m,Mar/May,2023,2,non_calculator,2,8(a),2,exponents and surds
159,0607_m23_qp_22.json,607,m,Mar/May,2023,2,non_calculator,2,8(b),2,exponents and surds
160,0607_m23_qp_22.json,607,m,Mar/May,2023,2,non_calculator,2,9,2,angles
161,0607_m23_qp_22.json,607,m,Mar/May,2023,2,non_calculator,2,10,3,Pythagoras
162,0607_m23_qp_22.json,607,m,Mar/May,2023,2,non_calculator,2,11,3,simultaneous equations
163,0607_m23_qp_22.json,607,m,Mar/May,2023,2,non_calculator,2,12,2,expanding and factorising
164,0607_m23_qp_22.json,607,m,Mar/May,2023,2,non_calculator,2,13(a),1,sets and Venn diagrams
165,0607_m23_qp_22.json,607,m,Mar/May,2023,2,non_calculator,2,13(b),1,sets and Venn diagrams
166,0607_m23_qp_22.json,607,m,Mar/May,2023,2,non_calculator,2,14,3,functions
167,0607_m23_qp_22.json,607,m,Mar/May,2023,2,non_calculator,2,15,2,expanding and factorising
168,0607_m23_qp_22.json,607,m,Mar/May,2023,2,non_calculator,2,16,3,mensuration
169,0607_m23_qp_22.json,607,m,Mar/May,2023,2,non_calculator,2,17,4,probability
170,0607_m23_qp_42.json,607,m,Mar/May,2023,4,calculator,2,1(a),1,statistics
171,0607_m23_qp_42.json,607,m,Mar/May,2023,4,calculator,2,1(b),1,statistics
172,0607_m23_qp_42.json,607,m,Mar/May,2023,4,calculator,2,1(c),1,statistics
173,0607_m23_qp_42.json,607,m,Mar/May,2023,4,calculator,2,1(d),1,statistics
174,0607_m23_qp_42.json,607,m,Mar/May,2023,4,calculator,2,1(e),2,statistics
175,0607_m23_qp_42.json,607,m,Mar/May,2023,4,calculator,2,2(a),2,transformations
176,0607_m23_qp_42.json,607,m,Mar/May,2023,4,calculator,2,2(b),3,transformations
177,0607_m23_qp_42.json,607,m,Mar/May,2023,4,calculator,2,2(c),2,transformations
178,0607_m23_qp_42.json,607,m,Mar/May,2023,4,calculator,2,2(d),2,transformations
179,0607_m23_qp_42.json,607,m,Mar/May,2023,4,calculator,2,3(a),1,circle theorems
180,0607_m23_qp_42.json,607,m,Mar/May,2023,4,calculator,2,3(b)(i),1,circle theorems
181,0607_m23_qp_42.json,607,m,Mar/May,2023,4,calculator,2,3(b)(ii),1,circle theorems
182,0607_m23_qp_42.json,607,m,Mar/May,2023,4,calculator,2,3(b)(iii),1,circle theorems
183,0607_m23_qp_42.json,607,m,Mar/May,2023,4,calculator,2,3(b)(iv),1,circle theorems
184,0607_m23_qp_42.json,607,m,Mar/May,2023,4,calculator,2,3(b)(v),1,circle theorems
185,0607_m23_qp_42.json,607,m,Mar/May,2023,4,calculator,2,3(c),1,circle theorems
186,0607_m23_qp_42.json,607,m,Mar/May,2023,4,calculator,2,4(a),2,statistics
187,0607_m23_qp_42.json,607,m,Mar/May,2023,4,calculator,2,4(b),1,statistics
188,0607_m23_qp_42.json,607,m,Mar/May,2023,4,calculator,2,4(c),3,statistics
189,0607_m23_qp_42.json,607,m,Mar/May,2023,4,calculator,2,4(d)(i),1,statistics
190,0607_m23_qp_42.json,607,m,Mar/May,2023,4,calculator,2,4(d)(ii),2,statistics
191,0607_m23_qp_42.json,607,m,Mar/May,2023,4,calculator,2,5(a),2,solving linear equations
192,0607_m23_qp_42.json,607,m,Mar/May,2023,4,calculator,2,5(b),3,solving linear equations
193,0607_m23_qp_42.json,607,m,Mar/May,2023,4,calculator,2,5(c),3,solving linear equations
194,0607_m23_qp_42.json,607,m,Mar/May,2023,4,calculator,2,5(d),4,logarithms
195,0607_m23_qp_42.json,607,m,Mar/May,2023,4,calculator,2,5(e),3,solving quadratic equations
196,0607_m23_qp_42.json,607,m,Mar/May,2023,4,calculator,2,6(a),4,graphing functions
197,0607_m23_qp_42.json,607,m,Mar/May,2023,4,calculator,2,6(b),2,graphing functions
198,0607_m23_qp_42.json,607,m,Mar/May,2023,4,calculator,2,6(c),1,graphing functions
199,0607_m23_qp_42.json,607,m,Mar/May,2023,4,calculator,2,6(d),1,graphing functions
200,0607_m23_qp_42.json,607,m,Mar/May,2023,4,calculator,2,6(e)(i),2,functions
201,0607_m23_qp_42.json,607,m,Mar/May,2023,4,calculator,2,6(e)(ii),3,inequalities
202,0607_m23_qp_42.json,607,m,Mar/May,2023,4,calculator,2,7(a),3,variation and proportion
203,0607_m23_qp_42.json,607,m,Mar/May,2023,4,calculator,2,7(b),2,variation and proportion
204,0607_m23_qp_42.json,607,m,Mar/May,2023,4,calculator,2,7(c),4,variation and proportion
205,0607_m23_qp_42.json,607,m,Mar/May,2023,4,calculator,2,8(a),3,Pythagoras
206,0607_m23_qp_42.json,607,m,Mar/May,2023,4,calculator,2,8(b),3,trigonometry
207,0607_m23_qp_42.json,607,m,Mar/May,2023,4,calculator,2,8(c)(i),2,trigonometry
208,0607_m23_qp_42.json,607,m,Mar/May,2023,4,calculator,2,8(c)(ii),1,trigonometry
209,0607_m23_qp_42.json,607,m,Mar/May,2023,4,calculator,2,8(d),3,trigonometry
210,0607_m23_qp_42.json,607,m,Mar/May,2023,4,calculator,2,9(a)(i),2,topics in arithmetic
211,0607_m23_qp_42.json,607,m,Mar/May,2023,4,calculator,2,9(a)(ii),4,topics in arithmetic
212,0607_m23_qp_42.json,607,m,Mar/May,2023,4,calculator,2,9(b)(i),3,topics in arithmetic
213,0607_m23_qp_42.json,607,m,Mar/May,2023,4,calculator,2,9(b)(ii),2,topics in arithmetic
214,0607_m23_qp_42.json,607,m,Mar/May,2023,4,calculator,2,9(c),4,topics in arithmetic
215,0607_m23_qp_42.json,607,m,Mar/May,2023,4,calculator,2,10(a),3,trigonometry
216,0607_m23_qp_42.json,607,m,Mar/May,2023,4,calculator,2,10(b),5,trigonometry
217,0607_m23_qp_42.json,607,m,Mar/May,2023,4,calculator,2,11(a)(i),4,mensuration
218,0607_m23_qp_42.json,607,m,Mar/May,2023,4,calculator,2,11(a)(ii),1,mensuration
219,0607_m23_qp_42.json,607,m,Mar/May,2023,4,calculator,2,11(b),3,mensuration
220,0607_m23_qp_42.json,607,m,Mar/May,2023,4,calculator,2,11(c),2,similarity
221,0607_m23_qp_42.json,607,m,Mar/May,2023,4,calculator,2,12(a)(i),2,probability
222,0607_m23_qp_42.json,607,m,Mar/May,2023,4,calculator,2,12(a)(ii),2,probability
223,0607_m23_qp_42.json,607,m,Mar/May,2023,4,calculator,2,12(b),3,probability
224,0607_m24_qp_22.json,607,m,Mar/May,2024,2,non_calculator,2,1,1,topics in arithmetic
225,0607_m24_qp_22.json,607,m,Mar/May,2024,2,non_calculator,2,2,1,topics in arithmetic
226,0607_m24_qp_22.json,607,m,Mar/May,2024,2,non_calculator,2,3(a),1,transformations
227,0607_m24_qp_22.json,607,m,Mar/May,2024,2,non_calculator,2,3(b),1,transformations
228,0607_m24_qp_22.json,607,m,Mar/May,2024,2,non_calculator,2,4,1,exponents and surds
229,0607_m24_qp_22.json,607,m,Mar/May,2024,2,non_calculator,2,5(a),2,topics in arithmetic
230,0607_m24_qp_22.json,607,m,Mar/May,2024,2,non_calculator,2,5(b),2,topics in arithmetic
231,0607_m24_qp_22.json,607,m,Mar/May,2024,2,non_calculator,2,6,4,angles
232,0607_m24_qp_22.json,607,m,Mar/May,2024,2,non_calculator,2,7(a),1,probability
233,0607_m24_qp_22.json,607,m,Mar/May,2024,2,non_calculator,2,7(b),2,probability
234,0607_m24_qp_22.json,607,m,Mar/May,2024,2,non_calculator,2,8,3,simultaneous equations
235,0607_m24_qp_22.json,607,m,Mar/May,2024,2,non_calculator,2,9(a),1,topics in arithmetic
236,0607_m24_qp_22.json,607,m,Mar/May,2024,2,non_calculator,2,9(b),2,topics in arithmetic
237,0607_m24_qp_22.json,607,m,Mar/May,2024,2,non_calculator,2,10,1,exponents and surds
238,0607_m24_qp_22.json,607,m,Mar/May,2024,2,non_calculator,2,11,3,Pythagoras
239,0607_m24_qp_22.json,607,m,Mar/May,2024,2,non_calculator,2,12,3,solving linear equations
240,0607_m24_qp_22.json,607,m,Mar/May,2024,2,non_calculator,2,13(a),2,exponents and surds
241,0607_m24_qp_22.json,607,m,Mar/May,2024,2,non_calculator,2,13(b),2,exponents and surds
242,0607_m24_qp_22.json,607,m,Mar/May,2024,2,non_calculator,2,14,3,variation and proportion
243,0607_m24_qp_22.json,607,m,Mar/May,2024,2,non_calculator,2,15,4,logarithms
244,0607_m24_qp_42.json,607,m,Mar/May,2024,4,calculator,2,1(a),2,graphing functions
245,0607_m24_qp_42.json,607,m,Mar/May,2024,4,calculator,2,1(b),2,graphing functions
246,0607_m24_qp_42.json,607,m,Mar/May,2024,4,calculator,2,1(c)(i),2,graphing functions
247,0607_m24_qp_42.json,607,m,Mar/May,2024,4,calculator,2,1(c)(ii),4,graphing functions
248,0607_m24_qp_42.json,607,m,Mar/May,2024,4,calculator,2,1(c)(iii),2,inequalities
249,0607_m24_qp_42.json,607,m,Mar/May,2024,4,calculator,2,2(a),2,topics in arithmetic
250,0607_m24_qp_42.json,607,m,Mar/May,2024,4,calculator,2,2(b),3,topics in arithmetic
251,0607_m24_qp_42.json,607,m,Mar/May,2024,4,calculator,2,2(c)(i),1,variation and proportion
252,0607_m24_qp_42.json,607,m,Mar/May,2024,4,calculator,2,2(c)(ii),3,solving quadratic equations
253,0607_m24_qp_42.json,607,m,Mar/May,2024,4,calculator,2,2(c)(iii),2,solving quadratic equations
254,0607_m24_qp_42.json,607,m,Mar/May,2024,4,calculator,2,2(c)(iv),2,variation and proportion
255,0607_m24_qp_42.json,607,m,Mar/May,2024,4,calculator,2,3(a),2,transformations
256,0607_m24_qp_42.json,607,m,Mar/May,2024,4,calculator,2,3(b),3,transformations
257,0607_m24_qp_42.json,607,m,Mar/May,2024,4,calculator,2,3(c)(i),2,transformations
258,0607_m24_qp_42.json,607,m,Mar/May,2024,4,calculator,2,3(c)(ii),2,transformations
259,0607_m24_qp_42.json,607,m,Mar/May,2024,4,calculator,2,3(c)(iii),2,transformations
260,0607_m24_qp_42.json,607,m,Mar/May,2024,4,calculator,2,4(a),2,statistics
261,0607_m24_qp_42.json,607,m,Mar/May,2024,4,calculator,2,4(b),1,statistics
262,0607_m24_qp_42.json,607,m,Mar/May,2024,4,calculator,2,4(c),2,statistics
263,0607_m24_qp_42.json,607,m,Mar/May,2024,4,calculator,2,4(d),1,statistics
264,0607_m24_qp_42.json,607,m,Mar/May,2024,4,calculator,2,4(e),1,statistics
265,0607_m24_qp_42.json,607,m,Mar/May,2024,4,calculator,2,5(a),3,angles
266,0607_m24_qp_42.json,607,m,Mar/May,2024,4,calculator,2,5(b),3,trigonometry
267,0607_m24_qp_42.json,607,m,Mar/May,2024,4,calculator,2,5(c),5,mensuration
268,0607_m24_qp_42.json,607,m,Mar/May,2024,4,calculator,2,6(a)(i),2,sets and Venn diagrams
269,0607_m24_qp_42.json,607,m,Mar/May,2024,4,calculator,2,6(a)(ii),1,sets and Venn diagrams
270,0607_m24_qp_42.json,607,m,Mar/May,2024,4,calculator,2,6(a)(iii),1,sets and Venn diagrams
271,0607_m24_qp_42.json,607,m,Mar/May,2024,4,calculator,2,6(b)(i),1,probability
272,0607_m24_qp_42.json,607,m,Mar/May,2024,4,calculator,2,6(b)(ii),2,probability
273,0607_m24_qp_42.json,607,m,Mar/May,2024,4,calculator,2,6(b)(iii),3,probability
274,0607_m24_qp_42.json,607,m,Mar/May,2024,4,calculator,2,7(a)(i),2,angles
275,0607_m24_qp_42.json,607,m,Mar/May,2024,4,calculator,2,7(a)(ii),1,angles
276,0607_m24_qp_42.json,607,m,Mar/May,2024,4,calculator,2,7(a)(iii),2,angles
277,0607_m24_qp_42.json,607,m,Mar/May,2024,4,calculator,2,7(b)(i),2,similarity
278,0607_m24_qp_42.json,607,m,Mar/May,2024,4,calculator,2,7(b)(ii),3,similarity
279,0607_m24_qp_42.json,607,m,Mar/May,2024,4,calculator,2,8(a),4,statistics
280,0607_m24_qp_42.json,607,m,Mar/May,2024,4,calculator,2,8(b)(i),1,statistics
281,0607_m24_qp_42.json,607,m,Mar/May,2024,4,calculator,2,8(b)(ii),2,statistics
282,0607_m24_qp_42.json,607,m,Mar/May,2024,4,calculator,2,8(c),3,statistics
283,0607_m24_qp_42.json,607,m,Mar/May,2024,4,calculator,2,9(a),2,straight lines
284,0607_m24_qp_42.json,607,m,Mar/May,2024,4,calculator,2,9(b),3,straight lines
285,0607_m24_qp_42.json,607,m,Mar/May,2024,4,calculator,2,9(c),3,straight lines
286,0607_m24_qp_42.json,607,m,Mar/May,2024,4,calculator,2,9(d),1,straight lines
287,0607_m24_qp_42.json,607,m,Mar/May,2024,4,calculator,2,9(e),4,mensuration
288,0607_m24_qp_42.json,607,m,Mar/May,2024,4,calculator,2,10(a)(i),1,functions
289,0607_m24_qp_42.json,607,m,Mar/May,2024,4,calculator,2,10(a)(ii),3,functions
290,0607_m24_qp_42.json,607,m,Mar/May,2024,4,calculator,2,10(a)(iii),2,functions
291,0607_m24_qp_42.json,607,m,Mar/May,2024,4,calculator,2,10(b)(i),3,graphing functions
292,0607_m24_qp_42.json,607,m,Mar/May,2024,4,calculator,2,10(b)(ii),1,graphing functions
293,0607_m24_qp_42.json,607,m,Mar/May,2024,4,calculator,2,10(b)(iii),3,graphing functions
294,0607_m24_qp_42.json,607,m,Mar/May,2024,4,calculator,2,11(a),2,inequalities
295,0607_m24_qp_42.json,607,m,Mar/May,2024,4,calculator,2,11(b),2,expanding and factorising
296,0607_m24_qp_42.json,607,m,Mar/May,2024,4,calculator,2,11(c)(i),2,expanding and factorising
297,0607_m24_qp_42.json,607,m,Mar/May,2024,4,calculator,2,11(c)(ii),4,expanding and factorising
298,0607_m25_qp_22.json,607,m,Mar/May,2025,2,non_calculator,2,1,1,topics in arithmetic
299,0607_m25_qp_22.json,607,m,Mar/May,2025,2,non_calculator,2,2,2,inequalities
300,0607_m25_qp_22.json,607,m,Mar/May,2025,2,non_calculator,2,3,1,angles
301,0607_m25_qp_22.json,607,m,Mar/May,2025,2,non_calculator,2,4,1,statistics
302,0607_m25_qp_22.json,607,m,Mar/May,2025,2,non_calculator,2,5,2,vectors
303,0607_m25_qp_22.json,607,m,Mar/May,2025,2,non_calculator,2,6(a),2,sets and Venn diagrams
304,0607_m25_qp_22.json,607,m,Mar/May,2025,2,non_calculator,2,6(b),1,sets and Venn diagrams
305,0607_m25_qp_22.json,607,m,Mar/May,2025,2,non_calculator,2,7,2,topics in arithmetic
306,0607_m25_qp_22.json,607,m,Mar/May,2025,2,non_calculator,2,8,2,topics in arithmetic
307,0607_m25_qp_22.json,607,m,Mar/May,2025,2,non_calculator,2,9(a),3,simultaneous equations
308,0607_m25_qp_22.json,607,m,Mar/May,2025,2,non_calculator,2,9(b),2,straight lines
309,0607_m25_qp_22.json,607,m,Mar/May,2025,2,non_calculator,2,10(a),1,probability
310,0607_m25_qp_22.json,607,m,Mar/May,2025,2,non_calculator,2,10(b)(i),1,probability
311,0607_m25_qp_22.json,607,m,Mar/May,2025,2,non_calculator,2,10(b)(ii),1,probability
312,0607_m25_qp_22.json,607,m,Mar/May,2025,2,non_calculator,2,11,2,sequences
313,0607_m25_qp_22.json,607,m,Mar/May,2025,2,non_calculator,2,12(a)(i),2,transformations
314,0607_m25_qp_22.json,607,m,Mar/May,2025,2,non_calculator,2,12(a)(ii),3,transformations
315,0607_m25_qp_22.json,607,m,Mar/May,2025,2,non_calculator,2,12(b),2,transformations
316,0607_m25_qp_22.json,607,m,Mar/May,2025,2,non_calculator,2,13,4,inequalities
317,0607_m25_qp_22.json,607,m,Mar/May,2025,2,non_calculator,2,14(a),1,exponents and surds
318,0607_m25_qp_22.json,607,m,Mar/May,2025,2,non_calculator,2,14(b),2,exponents and surds
319,0607_m25_qp_22.json,607,m,Mar/May,2025,2,non_calculator,2,14(c),2,exponents and surds
320,0607_m25_qp_22.json,607,m,Mar/May,2025,2,non_calculator,2,15,2,expanding and factorising
321,0607_m25_qp_22.json,607,m,Mar/May,2025,2,non_calculator,2,16,4,mensuration
322,0607_m25_qp_22.json,607,m,Mar/May,2025,2,non_calculator,2,17,4,straight lines
323,0607_m25_qp_22.json,607,m,Mar/May,2025,2,non_calculator,2,18(a),2,solving linear equations
324,0607_m25_qp_22.json,607,m,Mar/May,2025,2,non_calculator,2,18(b),3,solving linear equations
325,0607_m25_qp_22.json,607,m,Mar/May,2025,2,non_calculator,2,19,3,similarity
326,0607_m25_qp_22.json,607,m,Mar/May,2025,2,non_calculator,2,20,2,probability
327,0607_m25_qp_22.json,607,m,Mar/May,2025,2,non_calculator,2,21(a),3,exponents and surds
328,0607_m25_qp_22.json,607,m,Mar/May,2025,2,non_calculator,2,21(b),3,exponents and surds
329,0607_m25_qp_22.json,607,m,Mar/May,2025,2,non_calculator,2,22,4,functions
330,0607_m25_qp_22.json,607,m,Mar/May,2025,2,non_calculator,2,23(a),2,graphing functions
331,0607_m25_qp_22.json,607,m,Mar/May,2025,2,non_calculator,2,23(b),3,trigonometry
332,0607_m25_qp_42.json,607,m,Mar/May,2025,4,calculator,2,1(a),2,mensuration
333,0607_m25_qp_42.json,607,m,Mar/May,2025,4,calculator,2,1(b),2,mensuration
334,0607_m25_qp_42.json,607,m,Mar/May,2025,4,calculator,2,2,2,topics in arithmetic
335,0607_m25_qp_42.json,607,m,Mar/May,2025,4,calculator,2,3,1,topics in arithmetic
336,0607_m25_qp_42.json,607,m,Mar/May,2025,4,calculator,2,4(a),2,vectors
337,0607_m25_qp_42.json,607,m,Mar/May,2025,4,calculator,2,4(b),2,vectors
338,0607_m25_qp_42.json,607,m,Mar/May,2025,4,calculator,2,5,1,topics in arithmetic
339,0607_m25_qp_42.json,607,m,Mar/May,2025,4,calculator,2,6,1,circle theorems
340,0607_m25_qp_42.json,607,m,Mar/May,2025,4,calculator,2,7,1,topics in arithmetic
341,0607_m25_qp_42.json,607,m,Mar/May,2025,4,calculator,2,8(a),2,graphing functions
342,0607_m25_qp_42.json,607,m,Mar/May,2025,4,calculator,2,8(b),4,inequalities
343,0607_m25_qp_42.json,607,m,Mar/May,2025,4,calculator,2,9(a),2,statistics
344,0607_m25_qp_42.json,607,m,Mar/May,2025,4,calculator,2,9(b),2,statistics
345,0607_m25_qp_42.json,607,m,Mar/May,2025,4,calculator,2,10,3,statistics
346,0607_m25_qp_42.json,607,m,Mar/May,2025,4,calculator,2,11,4,topics in arithmetic
347,0607_m25_qp_42.json,607,m,Mar/May,2025,4,calculator,2,12(a),2,mensuration
348,0607_m25_qp_42.json,607,m,Mar/May,2025,4,calculator,2,12(b)(i),3,topics in arithmetic
349,0607_m25_qp_42.json,607,m,Mar/May,2025,4,calculator,2,12(b)(ii),3,topics in arithmetic
350,0607_m25_qp_42.json,607,m,Mar/May,2025,4,calculator,2,13(a),1,functions
351,0607_m25_qp_42.json,607,m,Mar/May,2025,4,calculator,2,13(b),2,functions
352,0607_m25_qp_42.json,607,m,Mar/May,2025,4,calculator,2,13(c),2,functions
353,0607_m25_qp_42.json,607,m,Mar/May,2025,4,calculator,2,13(d),1,functions
354,0607_m25_qp_42.json,607,m,Mar/May,2025,4,calculator,2,14(a),2,trigonometry
355,0607_m25_qp_42.json,607,m,Mar/May,2025,4,calculator,2,14(b),3,trigonometry
356,0607_m25_qp_42.json,607,m,Mar/May,2025,4,calculator,2,14(c),6,trigonometry
357,0607_m25_qp_42.json,607,m,Mar/May,2025,4,calculator,2,15(a),1,circle theorems
358,0607_m25_qp_42.json,607,m,Mar/May,2025,4,calculator,2,15(b),3,mensuration
359,0607_m25_qp_42.json,607,m,Mar/May,2025,4,calculator,2,15(c),3,circle theorems
360,0607_m25_qp_42.json,607,m,Mar/May,2025,4,calculator,2,16,2,probability
361,0607_m25_qp_42.json,607,m,Mar/May,2025,4,calculator,2,17,3,exponents and surds
362,0607_m25_qp_42.json,607,m,Mar/May,2025,4,calculator,2,18(a),4,solving linear equations
363,0607_m25_qp_42.json,607,m,Mar/May,2025,4,calculator,2,18(b),3,solving quadratic equations
364,0607_s14_qp_21.json,607,s,May/Jun,2014,2,non_calculator,1,1(a),1,expanding and factorising
365,0607_s14_qp_21.json,607,s,May/Jun,2014,2,non_calculator,1,1(b),1,expanding and factorising
366,0607_s14_qp_21.json,607,s,May/Jun,2014,2,non_calculator,1,2(a),1,exponents and surds
367,0607_s14_qp_21.json,607,s,May/Jun,2014,2,non_calculator,1,2(b),1,trigonometry
368,0607_s14_qp_21.json,607,s,May/Jun,2014,2,non_calculator,1,2(c),2,trigonometry
369,0607_s14_qp_21.json,607,s,May/Jun,2014,2,non_calculator,1,3(a),1,topics in arithmetic
370,0607_s14_qp_21.json,607,s,May/Jun,2014,2,non_calculator,1,3(b),2,exponents and surds
371,0607_s14_qp_21.json,607,s,May/Jun,2014,2,non_calculator,1,4,3,topics in arithmetic
372,0607_s14_qp_21.json,607,s,May/Jun,2014,2,non_calculator,1,5(a),1,topics in arithmetic
373,0607_s14_qp_21.json,607,s,May/Jun,2014,2,non_calculator,1,5(b),2,topics in arithmetic
374,0607_s14_qp_21.json,607,s,May/Jun,2014,2,non_calculator,1,6(a),2,exponents and surds
375,0607_s14_qp_21.json,607,s,May/Jun,2014,2,non_calculator,1,6(b),2,exponents and surds
376,0607_s14_qp_21.json,607,s,May/Jun,2014,2,non_calculator,1,7(a),5,inequalities
377,0607_s14_qp_21.json,607,s,May/Jun,2014,2,non_calculator,1,7(b),1,inequalities
378,0607_s14_qp_21.json,607,s,May/Jun,2014,2,non_calculator,1,7(c)(i),1,inequalities
379,0607_s14_qp_21.json,607,s,May/Jun,2014,2,non_calculator,1,7(c)(ii),1,inequalities
380,0607_s14_qp_21.json,607,s,May/Jun,2014,2,non_calculator,1,8(a),2,probability
381,0607_s14_qp_21.json,607,s,May/Jun,2014,2,non_calculator,1,8(b)(i),2,probability
382,0607_s14_qp_21.json,607,s,May/Jun,2014,2,non_calculator,1,8(b)(ii),3,probability
383,0607_s14_qp_21.json,607,s,May/Jun,2014,2,non_calculator,1,9(a),1,statistics
384,0607_s14_qp_21.json,607,s,May/Jun,2014,2,non_calculator,1,9(b),2,statistics
385,0607_s14_qp_21.json,607,s,May/Jun,2014,2,non_calculator,1,10,3,solving linear equations
386,0607_s14_qp_22.json,607,s,May/Jun,2014,2,non_calculator,2,1(a),1,vectors
387,0607_s14_qp_22.json,607,s,May/Jun,2014,2,non_calculator,2,1(b),2,vectors
388,0607_s14_qp_22.json,607,s,May/Jun,2014,2,non_calculator,2,2(a),1,transformations
389,0607_s14_qp_22.json,607,s,May/Jun,2014,2,non_calculator,2,2(b),2,transformations
390,0607_s14_qp_22.json,607,s,May/Jun,2014,2,non_calculator,2,2(c),2,transformations
391,0607_s14_qp_22.json,607,s,May/Jun,2014,2,non_calculator,2,3,3,statistics
392,0607_s14_qp_22.json,607,s,May/Jun,2014,2,non_calculator,2,4(a),2,topics in arithmetic
393,0607_s14_qp_22.json,607,s,May/Jun,2014,2,non_calculator,2,4(b),2,exponents and surds
394,0607_s14_qp_22.json,607,s,May/Jun,2014,2,non_calculator,2,5(a),2,expanding and factorising
395,0607_s14_qp_22.json,607,s,May/Jun,2014,2,non_calculator,2,5(b),3,expanding and factorising
396,0607_s14_qp_22.json,607,s,May/Jun,2014,2,non_calculator,2,6(a)(i),1,exponents and surds
397,0607_s14_qp_22.json,607,s,May/Jun,2014,2,non_calculator,2,6(a)(ii),1,exponents and surds
398,0607_s14_qp_22.json,607,s,May/Jun,2014,2,non_calculator,2,6(b)(i),1,topics in arithmetic
399,0607_s14_qp_22.json,607,s,May/Jun,2014,2,non_calculator,2,6(b)(ii),2,topics in arithmetic
400,0607_s14_qp_22.json,607,s,May/Jun,2014,2,non_calculator,2,7(a),2,probability
401,0607_s14_qp_22.json,607,s,May/Jun,2014,2,non_calculator,2,7(b),1,probability
402,0607_s14_qp_22.json,607,s,May/Jun,2014,2,non_calculator,2,7(c),1,probability
403,0607_s14_qp_22.json,607,s,May/Jun,2014,2,non_calculator,2,8(a),2,variation and proportion
404,0607_s14_qp_22.json,607,s,May/Jun,2014,2,non_calculator,2,8(b),2,variation and proportion
405,0607_s14_qp_22.json,607,s,May/Jun,2014,2,non_calculator,2,9(a),2,exponents and surds
406,0607_s14_qp_22.json,607,s,May/Jun,2014,2,non_calculator,2,9(b),2,exponents and surds
407,0607_s14_qp_22.json,607,s,May/Jun,2014,2,non_calculator,2,10,3,expanding and factorising
408,0607_s14_qp_23.json,607,s,May/Jun,2014,2,non_calculator,3,1,2,topics in arithmetic
409,0607_s14_qp_23.json,607,s,May/Jun,2014,2,non_calculator,3,2(a),1,exponents and surds
410,0607_s14_qp_23.json,607,s,May/Jun,2014,2,non_calculator,3,2(b),2,exponents and surds
411,0607_s14_qp_23.json,607,s,May/Jun,2014,2,non_calculator,3,3(a),1,sequences
412,0607_s14_qp_23.json,607,s,May/Jun,2014,2,non_calculator,3,3(b),1,sequences
413,0607_s14_qp_23.json,607,s,May/Jun,2014,2,non_calculator,3,3(c),1,sequences
414,0607_s14_qp_23.json,607,s,May/Jun,2014,2,non_calculator,3,4(a),2,mensuration
415,0607_s14_qp_23.json,607,s,May/Jun,2014,2,non_calculator,3,4(b),3,solving linear equations
416,0607_s14_qp_23.json,607,s,May/Jun,2014,2,non_calculator,3,5(a),1,exponents and surds
417,0607_s14_qp_23.json,607,s,May/Jun,2014,2,non_calculator,3,5(b),2,exponents and surds
418,0607_s14_qp_23.json,607,s,May/Jun,2014,2,non_calculator,3,6(a),1,circle theorems
419,0607_s14_qp_23.json,607,s,May/Jun,2014,2,non_calculator,3,6(b),1,circle theorems
420,0607_s14_qp_23.json,607,s,May/Jun,2014,2,non_calculator,3,7,3,variation and proportion
421,0607_s14_qp_23.json,607,s,May/Jun,2014,2,non_calculator,3,8(a),3,exponents and surds
422,0607_s14_qp_23.json,607,s,May/Jun,2014,2,non_calculator,3,8(b),2,exponents and surds
423,0607_s14_qp_23.json,607,s,May/Jun,2014,2,non_calculator,3,9(a),1,transformations
424,0607_s14_qp_23.json,607,s,May/Jun,2014,2,non_calculator,3,9(b),1,transformations
425,0607_s14_qp_23.json,607,s,May/Jun,2014,2,non_calculator,3,10,3,trigonometry
426,0607_s14_qp_23.json,607,s,May/Jun,2014,2,non_calculator,3,11(a),1,sets and Venn diagrams
427,0607_s14_qp_23.json,607,s,May/Jun,2014,2,non_calculator,3,11(b),1,sets and Venn diagrams
428,0607_s14_qp_23.json,607,s,May/Jun,2014,2,non_calculator,3,11(c),1,sets and Venn diagrams
429,0607_s14_qp_23.json,607,s,May/Jun,2014,2,non_calculator,3,11(d),1,sets and Venn diagrams
430,0607_s14_qp_23.json,607,s,May/Jun,2014,2,non_calculator,3,12(a),2,functions
431,0607_s14_qp_23.json,607,s,May/Jun,2014,2,non_calculator,3,12(b),1,functions
432,0607_s14_qp_41.json,607,s,May/Jun,2014,4,calculator,1,1(a),1,transformations
433,0607_s14_qp_41.json,607,s,May/Jun,2014,4,calculator,1,1(b),1,transformations
434,0607_s14_qp_41.json,607,s,May/Jun,2014,4,calculator,1,1(c),2,transformations
435,0607_s14_qp_41.json,607,s,May/Jun,2014,4,calculator,1,1(d),2,transformations
436,0607_s14_qp_41.json,607,s,May/Jun,2014,4,calculator,1,2(a),1,vectors
437,0607_s14_qp_41.json,607,s,May/Jun,2014,4,calculator,1,2(b),1,straight lines
438,0607_s14_qp_41.json,607,s,May/Jun,2014,4,calculator,1,2(c),2,straight lines
439,0607_s14_qp_41.json,607,s,May/Jun,2014,4,calculator,1,2(d),2,vectors
440,0607_s14_qp_41.json,607,s,May/Jun,2014,4,calculator,1,2(e),2,vectors
441,0607_s14_qp_41.json,607,s,May/Jun,2014,4,calculator,1,2(f),1,straight lines
442,0607_s14_qp_41.json,607,s,May/Jun,2014,4,calculator,1,3(a),1,similarity
443,0607_s14_qp_41.json,607,s,May/Jun,2014,4,calculator,1,3(b),3,similarity
444,0607_s14_qp_41.json,607,s,May/Jun,2014,4,calculator,1,3(c),2,similarity
445,0607_s14_qp_41.json,607,s,May/Jun,2014,4,calculator,1,4(a)(i),1,angles
446,0607_s14_qp_41.json,607,s,May/Jun,2014,4,calculator,1,4(a)(ii),1,angles
447,0607_s14_qp_41.json,607,s,May/Jun,2014,4,calculator,1,4(b),2,trigonometry
448,0607_s14_qp_41.json,607,s,May/Jun,2014,4,calculator,1,4(c),3,trigonometry
449,0607_s14_qp_41.json,607,s,May/Jun,2014,4,calculator,1,4(d),4,angles
450,0607_s14_qp_41.json,607,s,May/Jun,2014,4,calculator,1,5(a),3,logarithms
451,0607_s14_qp_41.json,607,s,May/Jun,2014,4,calculator,1,5(b),4,simultaneous equations
452,0607_s14_qp_41.json,607,s,May/Jun,2014,4,calculator,1,6(a),2,graphing functions
453,0607_s14_qp_41.json,607,s,May/Jun,2014,4,calculator,1,6(b),1,graphing functions
454,0607_s14_qp_41.json,607,s,May/Jun,2014,4,calculator,1,6(c),2,graphing functions
455,0607_s14_qp_41.json,607,s,May/Jun,2014,4,calculator,1,6(d)(i),1,graphing functions
456,0607_s14_qp_41.json,607,s,May/Jun,2014,4,calculator,1,6(d)(ii),2,graphing functions
457,0607_s14_qp_41.json,607,s,May/Jun,2014,4,calculator,1,7(a),1,statistics
458,0607_s14_qp_41.json,607,s,May/Jun,2014,4,calculator,1,7(b),1,statistics
459,0607_s14_qp_41.json,607,s,May/Jun,2014,4,calculator,1,7(c),1,statistics
460,0607_s14_qp_41.json,607,s,May/Jun,2014,4,calculator,1,7(d),2,statistics
461,0607_s14_qp_41.json,607,s,May/Jun,2014,4,calculator,1,7(e),2,statistics
462,0607_s14_qp_41.json,607,s,May/Jun,2014,4,calculator,1,7(f),2,probability
463,0607_s14_qp_41.json,607,s,May/Jun,2014,4,calculator,1,8(a),1,sets and Venn diagrams
464,0607_s14_qp_41.json,607,s,May/Jun,2014,4,calculator,1,8(b),3,sets and Venn diagrams
465,0607_s14_qp_41.json,607,s,May/Jun,2014,4,calculator,1,8(c),1,sets and Venn diagrams
466,0607_s14_qp_41.json,607,s,May/Jun,2014,4,calculator,1,8(d),1,sets and Venn diagrams
467,0607_s14_qp_41.json,607,s,May/Jun,2014,4,calculator,1,9(a)(i),2,sequences
468,0607_s14_qp_41.json,607,s,May/Jun,2014,4,calculator,1,9(a)(ii),3,sequences
469,0607_s14_qp_41.json,607,s,May/Jun,2014,4,calculator,1,9(b),3,sequences
470,0607_s14_qp_41.json,607,s,May/Jun,2014,4,calculator,1,10(a),3,topics in arithmetic
471,0607_s14_qp_41.json,607,s,May/Jun,2014,4,calculator,1,10(b),3,topics in arithmetic
472,0607_s14_qp_41.json,607,s,May/Jun,2014,4,calculator,1,11(a)(i),2,mensuration
473,0607_s14_qp_41.json,607,s,May/Jun,2014,4,calculator,1,11(a)(ii),1,mensuration
474,0607_s14_qp_41.json,607,s,May/Jun,2014,4,calculator,1,11(a)(iii),2,mensuration
475,0607_s14_qp_41.json,607,s,May/Jun,2014,4,calculator,1,11(b)(i),3,mensuration
476,0607_s14_qp_41.json,607,s,May/Jun,2014,4,calculator,1,11(b)(ii),3,mensuration
477,0607_s14_qp_41.json,607,s,May/Jun,2014,4,calculator,1,12(a),2,expanding and factorising
478,0607_s14_qp_41.json,607,s,May/Jun,2014,4,calculator,1,12(b)(i),2,solving quadratic equations
479,0607_s14_qp_41.json,607,s,May/Jun,2014,4,calculator,1,12(b)(ii),3,solving quadratic equations
480,0607_s14_qp_41.json,607,s,May/Jun,2014,4,calculator,1,12(b)(iii),1,solving quadratic equations
481,0607_s14_qp_41.json,607,s,May/Jun,2014,4,calculator,1,12(b)(iv),2,mensuration
482,0607_s14_qp_41.json,607,s,May/Jun,2014,4,calculator,1,13(a)(i),3,statistics
483,0607_s14_qp_41.json,607,s,May/Jun,2014,4,calculator,1,13(a)(ii),1,statistics
484,0607_s14_qp_41.json,607,s,May/Jun,2014,4,calculator,1,13(b)(i),1,statistics
485,0607_s14_qp_41.json,607,s,May/Jun,2014,4,calculator,1,13(b)(ii),1,statistics
486,0607_s14_qp_41.json,607,s,May/Jun,2014,4,calculator,1,13(c)(i),2,straight lines
487,0607_s14_qp_41.json,607,s,May/Jun,2014,4,calculator,1,13(c)(ii),1,statistics
488,0607_s14_qp_41.json,607,s,May/Jun,2014,4,calculator,1,13(c)(iii),1,statistics
489,0607_s14_qp_41.json,607,s,May/Jun,2014,4,calculator,1,14(a)(i),4,graphing functions
490,0607_s14_qp_41.json,607,s,May/Jun,2014,4,calculator,1,14(a)(ii),3,graphing functions
491,0607_s14_qp_41.json,607,s,May/Jun,2014,4,calculator,1,14(a)(iii),1,graphing functions
492,0607_s14_qp_41.json,607,s,May/Jun,2014,4,calculator,1,14(a)(iv),2,graphing functions
493,0607_s14_qp_41.json,607,s,May/Jun,2014,4,calculator,1,14(b),3,inequalities
494,0607_s14_qp_42.json,607,s,May/Jun,2014,4,calculator,2,1(a),1,topics in arithmetic
495,0607_s14_qp_42.json,607,s,May/Jun,2014,4,calculator,2,1(b),2,topics in arithmetic
496,0607_s14_qp_42.json,607,s,May/Jun,2014,4,calculator,2,1(c),3,topics in arithmetic
497,0607_s14_qp_42.json,607,s,May/Jun,2014,4,calculator,2,1(d),3,topics in arithmetic
498,0607_s14_qp_42.json,607,s,May/Jun,2014,4,calculator,2,1(e),3,topics in arithmetic
499,0607_s14_qp_42.json,607,s,May/Jun,2014,4,calculator,2,2(a),3,graphing functions
500,0607_s14_qp_42.json,607,s,May/Jun,2014,4,calculator,2,2(b),3,graphing functions
501,0607_s14_qp_42.json,607,s,May/Jun,2014,4,calculator,2,2(c),1,graphing functions
502,0607_s14_qp_42.json,607,s,May/Jun,2014,4,calculator,2,2(d),2,graphing functions
503,0607_s14_qp_42.json,607,s,May/Jun,2014,4,calculator,2,3(a),2,transformations
504,0607_s14_qp_42.json,607,s,May/Jun,2014,4,calculator,2,3(b),5,transformations
505,0607_s14_qp_42.json,607,s,May/Jun,2014,4,calculator,2,4(a),4,mensuration
506,0607_s14_qp_42.json,607,s,May/Jun,2014,4,calculator,2,4(b),1,mensuration
507,0607_s14_qp_42.json,607,s,May/Jun,2014,4,calculator,2,4(c),3,similarity
508,0607_s14_qp_42.json,607,s,May/Jun,2014,4,calculator,2,5(a),2,statistics
509,0607_s14_qp_42.json,607,s,May/Jun,2014,4,calculator,2,5(b),1,statistics
510,0607_s14_qp_42.json,607,s,May/Jun,2014,4,calculator,2,5(c)(i),1,statistics
511,0607_s14_qp_42.json,607,s,May/Jun,2014,4,calculator,2,5(c)(ii),1,statistics
512,0607_s14_qp_42.json,607,s,May/Jun,2014,4,calculator,2,5(d),2,statistics
513,0607_s14_qp_42.json,607,s,May/Jun,2014,4,calculator,2,5(e),1,statistics
514,0607_s14_qp_42.json,607,s,May/Jun,2014,4,calculator,2,5(f),2,statistics
515,0607_s14_qp_42.json,607,s,May/Jun,2014,4,calculator,2,5(g),1,statistics
516,0607_s14_qp_42.json,607,s,May/Jun,2014,4,calculator,2,6(a),1,straight lines
517,0607_s14_qp_42.json,607,s,May/Jun,2014,4,calculator,2,6(b),1,straight lines
518,0607_s14_qp_42.json,607,s,May/Jun,2014,4,calculator,2,6(c),3,straight lines
519,0607_s14_qp_42.json,607,s,May/Jun,2014,4,calculator,2,7(a),2,sets and Venn diagrams
520,0607_s14_qp_42.json,607,s,May/Jun,2014,4,calculator,2,7(b),1,sets and Venn diagrams
521,0607_s14_qp_42.json,607,s,May/Jun,2014,4,calculator,2,7(c),1,probability
522,0607_s14_qp_42.json,607,s,May/Jun,2014,4,calculator,2,7(d),3,probability
523,0607_s14_qp_42.json,607,s,May/Jun,2014,4,calculator,2,7(e),3,probability
524,0607_s14_qp_42.json,607,s,May/Jun,2014,4,calculator,2,8(a),3,graphing functions
525,0607_s14_qp_42.json,607,s,May/Jun,2014,4,calculator,2,8(b),3,graphing functions
526,0607_s14_qp_42.json,607,s,May/Jun,2014,4,calculator,2,8(c),3,inequalities
527,0607_s14_qp_42.json,607,s,May/Jun,2014,4,calculator,2,8(d),2,functions
528,0607_s14_qp_42.json,607,s,May/Jun,2014,4,calculator,2,9(a)(i),1,statistics
529,0607_s14_qp_42.json,607,s,May/Jun,2014,4,calculator,2,9(a)(ii),1,statistics
530,0607_s14_qp_42.json,607,s,May/Jun,2014,4,calculator,2,9(a)(iii),1,statistics
531,0607_s14_qp_42.json,607,s,May/Jun,2014,4,calculator,2,9(a)(iv),2,statistics
532,0607_s14_qp_42.json,607,s,May/Jun,2014,4,calculator,2,9(a)(v),1,statistics
533,0607_s14_qp_42.json,607,s,May/Jun,2014,4,calculator,2,9(b)(i),1,statistics
534,0607_s14_qp_42.json,607,s,May/Jun,2014,4,calculator,2,9(b)(ii),1,statistics
535,0607_s14_qp_42.json,607,s,May/Jun,2014,4,calculator,2,10(a),2,simultaneous equations
536,0607_s14_qp_42.json,607,s,May/Jun,2014,4,calculator,2,10(b),3,simultaneous equations
537,0607_s14_qp_42.json,607,s,May/Jun,2014,4,calculator,2,10(c)(i),2,solving quadratic equations
538,0607_s14_qp_42.json,607,s,May/Jun,2014,4,calculator,2,10(c)(ii),1,graphing functions
539,0607_s14_qp_42.json,607,s,May/Jun,2014,4,calculator,2,10(c)(iii),1,graphing functions
540,0607_s14_qp_42.json,607,s,May/Jun,2014,4,calculator,2,11(a)(i),2,circle theorems
541,0607_s14_qp_42.json,607,s,May/Jun,2014,4,calculator,2,11(a)(ii),2,circle theorems
542,0607_s14_qp_42.json,607,s,May/Jun,2014,4,calculator,2,11(a)(iii),1,circle theorems
543,0607_s14_qp_42.json,607,s,May/Jun,2014,4,calculator,2,11(b)(i),2,circle theorems
544,0607_s14_qp_42.json,607,s,May/Jun,2014,4,calculator,2,11(b)(ii),1,circle theorems
545,0607_s14_qp_42.json,607,s,May/Jun,2014,4,calculator,2,11(b)(iii),4,mensuration
546,0607_s14_qp_42.json,607,s,May/Jun,2014,4,calculator,2,12(a),3,Pythagoras
547,0607_s14_qp_42.json,607,s,May/Jun,2014,4,calculator,2,12(b),3,trigonometry
548,0607_s14_qp_42.json,607,s,May/Jun,2014,4,calculator,2,12(c),4,trigonometry
549,0607_s14_qp_42.json,607,s,May/Jun,2014,4,calculator,2,13(a),1,variation and proportion
550,0607_s14_qp_42.json,607,s,May/Jun,2014,4,calculator,2,13(b)(i),3,solving linear equations
551,0607_s14_qp_42.json,607,s,May/Jun,2014,4,calculator,2,13(b)(ii),2,solving linear equations
552,0607_s14_qp_42.json,607,s,May/Jun,2014,4,calculator,2,13(c),2,topics in arithmetic
553,0607_s14_qp_43.json,607,s,May/Jun,2014,4,calculator,3,1(a),3,topics in arithmetic
554,0607_s14_qp_43.json,607,s,May/Jun,2014,4,calculator,3,1(b),3,topics in arithmetic
555,0607_s14_qp_43.json,607,s,May/Jun,2014,4,calculator,3,1(c),3,topics in arithmetic
556,0607_s14_qp_43.json,607,s,May/Jun,2014,4,calculator,3,2(a)(i),3,topics in arithmetic
557,0607_s14_qp_43.json,607,s,May/Jun,2014,4,calculator,3,2(a)(ii),2,topics in arithmetic
558,0607_s14_qp_43.json,607,s,May/Jun,2014,4,calculator,3,2(a)(iii),2,topics in arithmetic
559,0607_s14_qp_43.json,607,s,May/Jun,2014,4,calculator,3,2(b),2,topics in arithmetic
560,0607_s14_qp_43.json,607,s,May/Jun,2014,4,calculator,3,2(c),2,topics in arithmetic
561,0607_s14_qp_43.json,607,s,May/Jun,2014,4,calculator,3,3(a),2,inequalities
562,0607_s14_qp_43.json,607,s,May/Jun,2014,4,calculator,3,3(b),3,inequalities
563,0607_s14_qp_43.json,607,s,May/Jun,2014,4,calculator,3,3(c),3,solving quadratic equations
564,0607_s14_qp_43.json,607,s,May/Jun,2014,4,calculator,3,4(a)(i),1,vectors
565,0607_s14_qp_43.json,607,s,May/Jun,2014,4,calculator,3,4(a)(ii),1,vectors
566,0607_s14_qp_43.json,607,s,May/Jun,2014,4,calculator,3,4(b)(i),2,straight lines
567,0607_s14_qp_43.json,607,s,May/Jun,2014,4,calculator,3,4(b)(ii),4,straight lines
568,0607_s14_qp_43.json,607,s,May/Jun,2014,4,calculator,3,5(a),3,statistics
569,0607_s14_qp_43.json,607,s,May/Jun,2014,4,calculator,3,5(b),2,statistics
570,0607_s14_qp_43.json,607,s,May/Jun,2014,4,calculator,3,5(c),2,statistics
571,0607_s14_qp_43.json,607,s,May/Jun,2014,4,calculator,3,5(d)(i),1,statistics
572,0607_s14_qp_43.json,607,s,May/Jun,2014,4,calculator,3,5(d)(ii),1,statistics
573,0607_s14_qp_43.json,607,s,May/Jun,2014,4,calculator,3,6(a),2,graphing functions
574,0607_s14_qp_43.json,607,s,May/Jun,2014,4,calculator,3,6(b),2,graphing functions
575,0607_s14_qp_43.json,607,s,May/Jun,2014,4,calculator,3,6(c),1,graphing functions
576,0607_s14_qp_43.json,607,s,May/Jun,2014,4,calculator,3,6(d),2,functions
577,0607_s14_qp_43.json,607,s,May/Jun,2014,4,calculator,3,6(e),1,graphing functions
578,0607_s14_qp_43.json,607,s,May/Jun,2014,4,calculator,3,7(a),3,angles
579,0607_s14_qp_43.json,607,s,May/Jun,2014,4,calculator,3,7(b),3,circle theorems
580,0607_s14_qp_43.json,607,s,May/Jun,2014,4,calculator,3,7(c),3,similarity
581,0607_s14_qp_43.json,607,s,May/Jun,2014,4,calculator,3,8(a)(i),3,mensuration
582,0607_s14_qp_43.json,607,s,May/Jun,2014,4,calculator,3,8(a)(ii),5,mensuration
583,0607_s14_qp_43.json,607,s,May/Jun,2014,4,calculator,3,8(b),2,mensuration
584,0607_s14_qp_43.json,607,s,May/Jun,2014,4,calculator,3,9(a),3,graphing functions
585,0607_s14_qp_43.json,607,s,May/Jun,2014,4,calculator,3,9(b),4,graphing functions
586,0607_s14_qp_43.json,607,s,May/Jun,2014,4,calculator,3,10(a),3,trigonometry
587,0607_s14_qp_43.json,607,s,May/Jun,2014,4,calculator,3,10(b),3,trigonometry
588,0607_s14_qp_43.json,607,s,May/Jun,2014,4,calculator,3,10(c)(i),2,trigonometry
589,0607_s14_qp_43.json,607,s,May/Jun,2014,4,calculator,3,10(c)(ii),2,trigonometry
590,0607_s14_qp_43.json,607,s,May/Jun,2014,4,calculator,3,10(d)(i),1,angles
591,0607_s14_qp_43.json,607,s,May/Jun,2014,4,calculator,3,10(d)(ii),1,angles
592,0607_s14_qp_43.json,607,s,May/Jun,2014,4,calculator,3,11(a),3,expanding and factorising
593,0607_s14_qp_43.json,607,s,May/Jun,2014,4,calculator,3,11(b),5,expanding and factorising
594,0607_s14_qp_43.json,607,s,May/Jun,2014,4,calculator,3,12(a),2,statistics
595,0607_s14_qp_43.json,607,s,May/Jun,2014,4,calculator,3,12(b),3,statistics
596,0607_s14_qp_43.json,607,s,May/Jun,2014,4,calculator,3,13(a)(i),1,probability
597,0607_s14_qp_43.json,607,s,May/Jun,2014,4,calculator,3,13(a)(ii),1,probability
598,0607_s14_qp_43.json,607,s,May/Jun,2014,4,calculator,3,13(b)(i),2,probability
599,0607_s14_qp_43.json,607,s,May/Jun,2014,4,calculator,3,13(b)(ii),3,probability
600,0607_s14_qp_43.json,607,s,May/Jun,2014,4,calculator,3,13(b)(iii),2,probability
601,0607_s14_qp_43.json,607,s,May/Jun,2014,4,calculator,3,14(a),2,trigonometry
602,0607_s14_qp_43.json,607,s,May/Jun,2014,4,calculator,3,14(b),3,Pythagoras
603,0607_s14_qp_43.json,607,s,May/Jun,2014,4,calculator,3,14(c),2,trigonometry
604,0607_s15_qp_21.json,607,s,May/Jun,2015,2,non_calculator,1,1(a),1,topics in arithmetic
605,0607_s15_qp_21.json,607,s,May/Jun,2015,2,non_calculator,1,1(b),1,topics in arithmetic
606,0607_s15_qp_21.json,607,s,May/Jun,2015,2,non_calculator,1,2(a),2,expanding and factorising
607,0607_s15_qp_21.json,607,s,May/Jun,2015,2,non_calculator,1,2(b),3,expanding and factorising
608,0607_s15_qp_21.json,607,s,May/Jun,2015,2,non_calculator,1,3,2,exponents and surds
609,0607_s15_qp_21.json,607,s,May/Jun,2015,2,non_calculator,1,4,2,exponents and surds
610,0607_s15_qp_21.json,607,s,May/Jun,2015,2,non_calculator,1,5(a),2,exponents and surds
611,0607_s15_qp_21.json,607,s,May/Jun,2015,2,non_calculator,1,5(b),3,exponents and surds
612,0607_s15_qp_21.json,607,s,May/Jun,2015,2,non_calculator,1,6,3,logarithms
613,0607_s15_qp_21.json,607,s,May/Jun,2015,2,non_calculator,1,7,4,topics in arithmetic
614,0607_s15_qp_21.json,607,s,May/Jun,2015,2,non_calculator,1,8(a),1,trigonometry
615,0607_s15_qp_21.json,607,s,May/Jun,2015,2,non_calculator,1,8(b),2,trigonometry
616,0607_s15_qp_21.json,607,s,May/Jun,2015,2,non_calculator,1,9(a),1,functions
617,0607_s15_qp_21.json,607,s,May/Jun,2015,2,non_calculator,1,9(b),2,functions
618,0607_s15_qp_21.json,607,s,May/Jun,2015,2,non_calculator,1,9(c),3,functions
619,0607_s15_qp_21.json,607,s,May/Jun,2015,2,non_calculator,1,10(a),2,vectors
620,0607_s15_qp_21.json,607,s,May/Jun,2015,2,non_calculator,1,10(b),2,vectors
621,0607_s15_qp_21.json,607,s,May/Jun,2015,2,non_calculator,1,11,4,straight lines
622,0607_s15_qp_22.json,607,s,May/Jun,2015,2,non_calculator,2,1(a),1,exponents and surds
623,0607_s15_qp_22.json,607,s,May/Jun,2015,2,non_calculator,2,1(b),1,solving linear equations
624,0607_s15_qp_22.json,607,s,May/Jun,2015,2,non_calculator,2,2(a)(i),1,exponents and surds
625,0607_s15_qp_22.json,607,s,May/Jun,2015,2,non_calculator,2,2(a)(ii),1,exponents and surds
626,0607_s15_qp_22.json,607,s,May/Jun,2015,2,non_calculator,2,2(b),1,exponents and surds
627,0607_s15_qp_22.json,607,s,May/Jun,2015,2,non_calculator,2,3,3,vectors
628,0607_s15_qp_22.json,607,s,May/Jun,2015,2,non_calculator,2,4(a),2,probability
629,0607_s15_qp_22.json,607,s,May/Jun,2015,2,non_calculator,2,4(b),1,probability
630,0607_s15_qp_22.json,607,s,May/Jun,2015,2,non_calculator,2,4(c),1,probability
631,0607_s15_qp_22.json,607,s,May/Jun,2015,2,non_calculator,2,5(a),1,straight lines
632,0607_s15_qp_22.json,607,s,May/Jun,2015,2,non_calculator,2,5(b),2,straight lines
633,0607_s15_qp_22.json,607,s,May/Jun,2015,2,non_calculator,2,6,2,exponents and surds
634,0607_s15_qp_22.json,607,s,May/Jun,2015,2,non_calculator,2,7,3,inequalities
635,0607_s15_qp_22.json,607,s,May/Jun,2015,2,non_calculator,2,8,3,mensuration
636,0607_s15_qp_22.json,607,s,May/Jun,2015,2,non_calculator,2,9,4,simultaneous equations
637,0607_s15_qp_22.json,607,s,May/Jun,2015,2,non_calculator,2,10(a),1,logarithms
638,0607_s15_qp_22.json,607,s,May/Jun,2015,2,non_calculator,2,10(b),1,logarithms
639,0607_s15_qp_22.json,607,s,May/Jun,2015,2,non_calculator,2,10(c),3,logarithms
640,0607_s15_qp_22.json,607,s,May/Jun,2015,2,non_calculator,2,11(a),2,circle theorems
641,0607_s15_qp_22.json,607,s,May/Jun,2015,2,non_calculator,2,11(b),1,circle theorems
642,0607_s15_qp_22.json,607,s,May/Jun,2015,2,non_calculator,2,11(c),1,circle theorems
643,0607_s15_qp_22.json,607,s,May/Jun,2015,2,non_calculator,2,12,4,graphing functions
644,0607_s15_qp_23.json,607,s,May/Jun,2015,2,non_calculator,3,1(a),1,topics in arithmetic
645,0607_s15_qp_23.json,607,s,May/Jun,2015,2,non_calculator,3,1(b),1,topics in arithmetic
646,0607_s15_qp_23.json,607,s,May/Jun,2015,2,non_calculator,3,2,2,topics in arithmetic
647,0607_s15_qp_23.json,607,s,May/Jun,2015,2,non_calculator,3,3(a)(i),1,topics in arithmetic
648,0607_s15_qp_23.json,607,s,May/Jun,2015,2,non_calculator,3,3(a)(ii),1,exponents and surds
649,0607_s15_qp_23.json,607,s,May/Jun,2015,2,non_calculator,3,3(b),1,exponents and surds
650,0607_s15_qp_23.json,607,s,May/Jun,2015,2,non_calculator,3,4(a),3,mensuration
651,0607_s15_qp_23.json,607,s,May/Jun,2015,2,non_calculator,3,4(b),2,transformations
652,0607_s15_qp_23.json,607,s,May/Jun,2015,2,non_calculator,3,5,3,inequalities
653,0607_s15_qp_23.json,607,s,May/Jun,2015,2,non_calculator,3,6(a),1,statistics
654,0607_s15_qp_23.json,607,s,May/Jun,2015,2,non_calculator,3,6(b)(i),1,probability
655,0607_s15_qp_23.json,607,s,May/Jun,2015,2,non_calculator,3,6(b)(ii),1,probability
656,0607_s15_qp_23.json,607,s,May/Jun,2015,2,non_calculator,3,7(a),3,simultaneous equations
657,0607_s15_qp_23.json,607,s,May/Jun,2015,2,non_calculator,3,7(b)(i),1,inequalities
658,0607_s15_qp_23.json,607,s,May/Jun,2015,2,non_calculator,3,7(b)(ii),1,inequalities
659,0607_s15_qp_23.json,607,s,May/Jun,2015,2,non_calculator,3,8(a),1,circle theorems
660,0607_s15_qp_23.json,607,s,May/Jun,2015,2,non_calculator,3,8(b),1,circle theorems
661,0607_s15_qp_23.json,607,s,May/Jun,2015,2,non_calculator,3,8(c),2,circle theorems
662,0607_s15_qp_23.json,607,s,May/Jun,2015,2,non_calculator,3,9,3,sets and Venn diagrams
663,0607_s15_qp_23.json,607,s,May/Jun,2015,2,non_calculator,3,10(a),2,expanding and factorising
664,0607_s15_qp_23.json,607,s,May/Jun,2015,2,non_calculator,3,10(b),2,exponents and surds
665,0607_s15_qp_23.json,607,s,May/Jun,2015,2,non_calculator,3,11(a),1,logarithms
666,0607_s15_qp_23.json,607,s,May/Jun,2015,2,non_calculator,3,11(b)(i),1,logarithms
667,0607_s15_qp_23.json,607,s,May/Jun,2015,2,non_calculator,3,11(b)(ii),1,logarithms
668,0607_s15_qp_23.json,607,s,May/Jun,2015,2,non_calculator,3,12,3,graphing functions
669,0607_s15_qp_41.json,607,s,May/Jun,2015,4,calculator,1,1(a),1,statistics
670,0607_s15_qp_41.json,607,s,May/Jun,2015,4,calculator,1,1(b),1,statistics
671,0607_s15_qp_41.json,607,s,May/Jun,2015,4,calculator,1,1(c),1,statistics
672,0607_s15_qp_41.json,607,s,May/Jun,2015,4,calculator,1,1(d),2,statistics
673,0607_s15_qp_41.json,607,s,May/Jun,2015,4,calculator,1,1(e),1,statistics
674,0607_s15_qp_41.json,607,s,May/Jun,2015,4,calculator,1,2,4,simultaneous equations
675,0607_s15_qp_41.json,607,s,May/Jun,2015,4,calculator,1,3(a),1,topics in arithmetic
676,0607_s15_qp_41.json,607,s,May/Jun,2015,4,calculator,1,3(b),2,topics in arithmetic
677,0607_s15_qp_41.json,607,s,May/Jun,2015,4,calculator,1,4(a),2,transformations
678,0607_s15_qp_41.json,607,s,May/Jun,2015,4,calculator,1,4(b),3,transformations
679,0607_s15_qp_41.json,607,s,May/Jun,2015,4,calculator,1,4(c),2,transformations
680,0607_s15_qp_41.json,607,s,May/Jun,2015,4,calculator,1,5(a)(i),2,variation and proportion
681,0607_s15_qp_41.json,607,s,May/Jun,2015,4,calculator,1,5(a)(ii),2,variation and proportion
682,0607_s15_qp_41.json,607,s,May/Jun,2015,4,calculator,1,5(a)(iii),2,variation and proportion
683,0607_s15_qp_41.json,607,s,May/Jun,2015,4,calculator,1,5(b),3,graphing functions
684,0607_s15_qp_41.json,607,s,May/Jun,2015,4,calculator,1,6(a),2,sets and Venn diagrams
685,0607_s15_qp_41.json,607,s,May/Jun,2015,4,calculator,1,6(b),3,sets and Venn diagrams
686,0607_s15_qp_41.json,607,s,May/Jun,2015,4,calculator,1,6(c)(i),1,sets and Venn diagrams
687,0607_s15_qp_41.json,607,s,May/Jun,2015,4,calculator,1,6(c)(ii),1,sets and Venn diagrams
688,0607_s15_qp_41.json,607,s,May/Jun,2015,4,calculator,1,6(c)(iii),1,sets and Venn diagrams
689,0607_s15_qp_41.json,607,s,May/Jun,2015,4,calculator,1,6(d)(i),1,sets and Venn diagrams
690,0607_s15_qp_41.json,607,s,May/Jun,2015,4,calculator,1,6(d)(ii),1,sets and Venn diagrams
691,0607_s15_qp_41.json,607,s,May/Jun,2015,4,calculator,1,7(a),1,mensuration
692,0607_s15_qp_41.json,607,s,May/Jun,2015,4,calculator,1,7(b),2,mensuration
693,0607_s15_qp_41.json,607,s,May/Jun,2015,4,calculator,1,7(c),1,mensuration
694,0607_s15_qp_41.json,607,s,May/Jun,2015,4,calculator,1,7(d),1,exponents and surds
695,0607_s15_qp_41.json,607,s,May/Jun,2015,4,calculator,1,7(e),2,mensuration
696,0607_s15_qp_41.json,607,s,May/Jun,2015,4,calculator,1,8(a)(i),1,circle theorems
697,0607_s15_qp_41.json,607,s,May/Jun,2015,4,calculator,1,8(a)(ii),1,circle theorems
698,0607_s15_qp_41.json,607,s,May/Jun,2015,4,calculator,1,8(a)(iii),1,circle theorems
699,0607_s15_qp_41.json,607,s,May/Jun,2015,4,calculator,1,8(b),1,angles
700,0607_s15_qp_41.json,607,s,May/Jun,2015,4,calculator,1,8(c)(i),1,similarity
701,0607_s15_qp_41.json,607,s,May/Jun,2015,4,calculator,1,8(c)(ii),1,similarity
702,0607_s15_qp_41.json,607,s,May/Jun,2015,4,calculator,1,9(a)(i),2,statistics
703,0607_s15_qp_41.json,607,s,May/Jun,2015,4,calculator,1,9(a)(ii),1,statistics
704,0607_s15_qp_41.json,607,s,May/Jun,2015,4,calculator,1,9(b)(i),1,statistics
705,0607_s15_qp_41.json,607,s,May/Jun,2015,4,calculator,1,9(b)(ii),1,statistics
706,0607_s15_qp_41.json,607,s,May/Jun,2015,4,calculator,1,9(c)(i),2,straight lines
707,0607_s15_qp_41.json,607,s,May/Jun,2015,4,calculator,1,9(c)(ii),1,straight lines
708,0607_s15_qp_41.json,607,s,May/Jun,2015,4,calculator,1,10(a),2,trigonometry
709,0607_s15_qp_41.json,607,s,May/Jun,2015,4,calculator,1,10(b),3,trigonometry
710,0607_s15_qp_41.json,607,s,May/Jun,2015,4,calculator,1,10(c),4,trigonometry
711,0607_s15_qp_41.json,607,s,May/Jun,2015,4,calculator,1,11(a)(i),2,topics in arithmetic
712,0607_s15_qp_41.json,607,s,May/Jun,2015,4,calculator,1,11(a)(ii),3,topics in arithmetic
713,0607_s15_qp_41.json,607,s,May/Jun,2015,4,calculator,1,11(b)(i),1,topics in arithmetic
714,0607_s15_qp_41.json,607,s,May/Jun,2015,4,calculator,1,11(b)(ii),1,topics in arithmetic
715,0607_s15_qp_41.json,607,s,May/Jun,2015,4,calculator,1,11(c),3,topics in arithmetic
716,0607_s15_qp_41.json,607,s,May/Jun,2015,4,calculator,1,12(a),2,probability
717,0607_s15_qp_41.json,607,s,May/Jun,2015,4,calculator,1,12(b)(i),2,probability
718,0607_s15_qp_41.json,607,s,May/Jun,2015,4,calculator,1,12(b)(ii),3,probability
719,0607_s15_qp_41.json,607,s,May/Jun,2015,4,calculator,1,12(c),3,probability
720,0607_s15_qp_41.json,607,s,May/Jun,2015,4,calculator,1,13(a),3,solving quadratic equations
721,0607_s15_qp_41.json,607,s,May/Jun,2015,4,calculator,1,13(b),2,expanding and factorising
722,0607_s15_qp_41.json,607,s,May/Jun,2015,4,calculator,1,13(c),2,mensuration
723,0607_s15_qp_41.json,607,s,May/Jun,2015,4,calculator,1,13(d),4,solving quadratic equations
724,0607_s15_qp_41.json,607,s,May/Jun,2015,4,calculator,1,14(a),1,mensuration
725,0607_s15_qp_41.json,607,s,May/Jun,2015,4,calculator,1,14(b),2,mensuration
726,0607_s15_qp_41.json,607,s,May/Jun,2015,4,calculator,1,14(c),2,mensuration
727,0607_s15_qp_41.json,607,s,May/Jun,2015,4,calculator,1,14(d),2,topics in arithmetic
728,0607_s15_qp_41.json,607,s,May/Jun,2015,4,calculator,1,15(a)(i),3,graphing functions
729,0607_s15_qp_41.json,607,s,May/Jun,2015,4,calculator,1,15(a)(ii),2,graphing functions
730,0607_s15_qp_41.json,607,s,May/Jun,2015,4,calculator,1,15(a)(iii),2,graphing functions
731,0607_s15_qp_41.json,607,s,May/Jun,2015,4,calculator,1,15(b)(i),2,graphing functions
732,0607_s15_qp_41.json,607,s,May/Jun,2015,4,calculator,1,15(b)(ii),1,graphing functions
733,0607_s15_qp_41.json,607,s,May/Jun,2015,4,calculator,1,15(c),3,inequalities
734,0607_s15_qp_42.json,607,s,May/Jun,2015,4,calculator,2,1(a)(i),3,topics in arithmetic
735,0607_s15_qp_42.json,607,s,May/Jun,2015,4,calculator,2,1(a)(ii),3,topics in arithmetic
736,0607_s15_qp_42.json,607,s,May/Jun,2015,4,calculator,2,1(b),2,topics in arithmetic
737,0607_s15_qp_42.json,607,s,May/Jun,2015,4,calculator,2,2(a),3,transformations
738,0607_s15_qp_42.json,607,s,May/Jun,2015,4,calculator,2,2(b),2,transformations
739,0607_s15_qp_42.json,607,s,May/Jun,2015,4,calculator,2,2(c),2,transformations
740,0607_s15_qp_42.json,607,s,May/Jun,2015,4,calculator,2,3(a),3,topics in arithmetic
741,0607_s15_qp_42.json,607,s,May/Jun,2015,4,calculator,2,3(b),3,topics in arithmetic
742,0607_s15_qp_42.json,607,s,May/Jun,2015,4,calculator,2,3(c),4,topics in arithmetic
743,0607_s15_qp_42.json,607,s,May/Jun,2015,4,calculator,2,4(a),2,graphing functions
744,0607_s15_qp_42.json,607,s,May/Jun,2015,4,calculator,2,4(b),2,graphing functions
745,0607_s15_qp_42.json,607,s,May/Jun,2015,4,calculator,2,4(c),2,graphing functions
746,0607_s15_qp_42.json,607,s,May/Jun,2015,4,calculator,2,4(d),3,graphing functions
747,0607_s15_qp_42.json,607,s,May/Jun,2015,4,calculator,2,4(e),1,graphing functions
748,0607_s15_qp_42.json,607,s,May/Jun,2015,4,calculator,2,5(a),2,statistics
749,0607_s15_qp_42.json,607,s,May/Jun,2015,4,calculator,2,5(b),1,statistics
750,0607_s15_qp_42.json,607,s,May/Jun,2015,4,calculator,2,5(c)(i),1,statistics
751,0607_s15_qp_42.json,607,s,May/Jun,2015,4,calculator,2,5(c)(ii),1,statistics
752,0607_s15_qp_42.json,607,s,May/Jun,2015,4,calculator,2,5(d),2,straight lines
753,0607_s15_qp_42.json,607,s,May/Jun,2015,4,calculator,2,5(e),1,statistics
754,0607_s15_qp_42.json,607,s,May/Jun,2015,4,calculator,2,6(a),2,Pythagoras
755,0607_s15_qp_42.json,607,s,May/Jun,2015,4,calculator,2,6(b),3,trigonometry
756,0607_s15_qp_42.json,607,s,May/Jun,2015,4,calculator,2,6(c),3,mensuration
757,0607_s15_qp_42.json,607,s,May/Jun,2015,4,calculator,2,6(d),3,mensuration
758,0607_s15_qp_42.json,607,s,May/Jun,2015,4,calculator,2,7(a),7,inequalities
759,0607_s15_qp_42.json,607,s,May/Jun,2015,4,calculator,2,7(b)(i),1,inequalities
760,0607_s15_qp_42.json,607,s,May/Jun,2015,4,calculator,2,7(b)(ii),1,inequalities
761,0607_s15_qp_42.json,607,s,May/Jun,2015,4,calculator,2,8(a)(i),1,statistics
762,0607_s15_qp_42.json,607,s,May/Jun,2015,4,calculator,2,8(a)(ii),1,statistics
763,0607_s15_qp_42.json,607,s,May/Jun,2015,4,calculator,2,8(b)(i),1,statistics
764,0607_s15_qp_42.json,607,s,May/Jun,2015,4,calculator,2,8(b)(ii),1,statistics
765,0607_s15_qp_42.json,607,s,May/Jun,2015,4,calculator,2,8(b)(iii),2,statistics
766,0607_s15_qp_42.json,607,s,May/Jun,2015,4,calculator,2,8(b)(iv),1,statistics
767,0607_s15_qp_42.json,607,s,May/Jun,2015,4,calculator,2,9(a),3,probability
768,0607_s15_qp_42.json,607,s,May/Jun,2015,4,calculator,2,9(b)(i),2,probability
769,0607_s15_qp_42.json,607,s,May/Jun,2015,4,calculator,2,9(b)(ii),3,probability
770,0607_s15_qp_42.json,607,s,May/Jun,2015,4,calculator,2,9(b)(iii),3,probability
771,0607_s15_qp_42.json,607,s,May/Jun,2015,4,calculator,2,10(a),3,graphing functions
772,0607_s15_qp_42.json,607,s,May/Jun,2015,4,calculator,2,10(b),2,graphing functions
773,0607_s15_qp_42.json,607,s,May/Jun,2015,4,calculator,2,10(c),2,graphing functions
774,0607_s15_qp_42.json,607,s,May/Jun,2015,4,calculator,2,10(d),2,graphing functions
775,0607_s15_qp_42.json,607,s,May/Jun,2015,4,calculator,2,11(a)(i),4,trigonometry
776,0607_s15_qp_42.json,607,s,May/Jun,2015,4,calculator,2,11(a)(ii),4,trigonometry
777,0607_s15_qp_42.json,607,s,May/Jun,2015,4,calculator,2,11(b),2,trigonometry
778,0607_s15_qp_42.json,607,s,May/Jun,2015,4,calculator,2,12(a),2,functions
779,0607_s15_qp_42.json,607,s,May/Jun,2015,4,calculator,2,12(b)(i),2,functions
780,0607_s15_qp_42.json,607,s,May/Jun,2015,4,calculator,2,12(b)(ii),2,functions
781,0607_s15_qp_42.json,607,s,May/Jun,2015,4,calculator,2,12(c)(i),3,functions
782,0607_s15_qp_42.json,607,s,May/Jun,2015,4,calculator,2,12(c)(ii),3,functions
783,0607_s15_qp_42.json,607,s,May/Jun,2015,4,calculator,2,13(a),2,similarity
784,0607_s15_qp_42.json,607,s,May/Jun,2015,4,calculator,2,13(b)(i),3,similarity
785,0607_s15_qp_42.json,607,s,May/Jun,2015,4,calculator,2,13(b)(ii),1,similarity
786,0607_s15_qp_42.json,607,s,May/Jun,2015,4,calculator,2,13(b)(iii),2,similarity
787,0607_s15_qp_43.json,607,s,May/Jun,2015,4,calculator,3,1(a),3,topics in arithmetic
788,0607_s15_qp_43.json,607,s,May/Jun,2015,4,calculator,3,1(b),2,topics in arithmetic
789,0607_s15_qp_43.json,607,s,May/Jun,2015,4,calculator,3,1(c),3,topics in arithmetic
790,0607_s15_qp_43.json,607,s,May/Jun,2015,4,calculator,3,2(a)(i),2,transformations
791,0607_s15_qp_43.json,607,s,May/Jun,2015,4,calculator,3,2(a)(ii),2,transformations
792,0607_s15_qp_43.json,607,s,May/Jun,2015,4,calculator,3,2(a)(iii),2,transformations
793,0607_s15_qp_43.json,607,s,May/Jun,2015,4,calculator,3,2(b),3,transformations
794,0607_s15_qp_43.json,607,s,May/Jun,2015,4,calculator,3,3(a)(i),2,topics in arithmetic
795,0607_s15_qp_43.json,607,s,May/Jun,2015,4,calculator,3,3(a)(ii),4,topics in arithmetic
796,0607_s15_qp_43.json,607,s,May/Jun,2015,4,calculator,3,3(b)(i),2,topics in arithmetic
797,0607_s15_qp_43.json,607,s,May/Jun,2015,4,calculator,3,3(b)(ii),2,topics in arithmetic
798,0607_s15_qp_43.json,607,s,May/Jun,2015,4,calculator,3,4(a),2,vectors
799,0607_s15_qp_43.json,607,s,May/Jun,2015,4,calculator,3,4(b),2,vectors
800,0607_s15_qp_43.json,607,s,May/Jun,2015,4,calculator,3,4(c),2,straight lines
801,0607_s15_qp_43.json,607,s,May/Jun,2015,4,calculator,3,4(d),1,straight lines
802,0607_s15_qp_43.json,607,s,May/Jun,2015,4,calculator,3,4(e),3,straight lines
803,0607_s15_qp_43.json,607,s,May/Jun,2015,4,calculator,3,4(f),1,straight lines
804,0607_s15_qp_43.json,607,s,May/Jun,2015,4,calculator,3,5(a),3,mensuration
805,0607_s15_qp_43.json,607,s,May/Jun,2015,4,calculator,3,5(b),2,graphing functions
806,0607_s15_qp_43.json,607,s,May/Jun,2015,4,calculator,3,5(c),3,solving quadratic equations
807,0607_s15_qp_43.json,607,s,May/Jun,2015,4,calculator,3,5(d),1,mensuration
808,0607_s15_qp_43.json,607,s,May/Jun,2015,4,calculator,3,5(e),2,graphing functions
809,0607_s15_qp_43.json,607,s,May/Jun,2015,4,calculator,3,6(a)(i),2,sequences
810,0607_s15_qp_43.json,607,s,May/Jun,2015,4,calculator,3,6(a)(ii),1,sequences
811,0607_s15_qp_43.json,607,s,May/Jun,2015,4,calculator,3,6(b)(i),2,sequences
812,0607_s15_qp_43.json,607,s,May/Jun,2015,4,calculator,3,6(b)(ii),3,sequences
813,0607_s15_qp_43.json,607,s,May/Jun,2015,4,calculator,3,7(a),2,trigonometry
814,0607_s15_qp_43.json,607,s,May/Jun,2015,4,calculator,3,7(b),4,trigonometry
815,0607_s15_qp_43.json,607,s,May/Jun,2015,4,calculator,3,7(c),3,trigonometry
816,0607_s15_qp_43.json,607,s,May/Jun,2015,4,calculator,3,8(a),2,statistics
817,0607_s15_qp_43.json,607,s,May/Jun,2015,4,calculator,3,8(b),5,statistics
818,0607_s15_qp_43.json,607,s,May/Jun,2015,4,calculator,3,8(c)(i),2,statistics
819,0607_s15_qp_43.json,607,s,May/Jun,2015,4,calculator,3,8(c)(ii),2,statistics
820,0607_s15_qp_43.json,607,s,May/Jun,2015,4,calculator,3,9(a)(i),2,similarity
821,0607_s15_qp_43.json,607,s,May/Jun,2015,4,calculator,3,9(a)(ii),2,similarity
822,0607_s15_qp_43.json,607,s,May/Jun,2015,4,calculator,3,9(a)(iii),2,similarity
823,0607_s15_qp_43.json,607,s,May/Jun,2015,4,calculator,3,9(b)(i),3,mensuration
824,0607_s15_qp_43.json,607,s,May/Jun,2015,4,calculator,3,9(b)(ii),4,mensuration
825,0607_s15_qp_43.json,607,s,May/Jun,2015,4,calculator,3,10(a),2,probability
826,0607_s15_qp_43.json,607,s,May/Jun,2015,4,calculator,3,10(b)(i),2,probability
827,0607_s15_qp_43.json,607,s,May/Jun,2015,4,calculator,3,10(b)(ii),3,probability
828,0607_s15_qp_43.json,607,s,May/Jun,2015,4,calculator,3,10(b)(iii),3,probability
829,0607_s15_qp_43.json,607,s,May/Jun,2015,4,calculator,3,11(a),3,graphing functions
830,0607_s15_qp_43.json,607,s,May/Jun,2015,4,calculator,3,11(b),2,graphing functions
831,0607_s15_qp_43.json,607,s,May/Jun,2015,4,calculator,3,11(c),2,inequalities
832,0607_s15_qp_43.json,607,s,May/Jun,2015,4,calculator,3,11(d),2,graphing functions
833,0607_s15_qp_43.json,607,s,May/Jun,2015,4,calculator,3,11(e),2,solving linear equations
834,0607_s15_qp_43.json,607,s,May/Jun,2015,4,calculator,3,12(a)(i),1,functions
835,0607_s15_qp_43.json,607,s,May/Jun,2015,4,calculator,3,12(a)(ii),1,functions
836,0607_s15_qp_43.json,607,s,May/Jun,2015,4,calculator,3,12(b)(i),2,functions
837,0607_s15_qp_43.json,607,s,May/Jun,2015,4,calculator,3,12(b)(ii),2,functions
838,0607_s15_qp_43.json,607,s,May/Jun,2015,4,calculator,3,12(b)(iii),3,functions
839,0607_s16_qp_21.json,607,s,May/Jun,2016,2,non_calculator,1,1(a),1,topics in arithmetic
840,0607_s16_qp_21.json,607,s,May/Jun,2016,2,non_calculator,1,1(b),2,topics in arithmetic
841,0607_s16_qp_21.json,607,s,May/Jun,2016,2,non_calculator,1,2(a),1,transformations
842,0607_s16_qp_21.json,607,s,May/Jun,2016,2,non_calculator,1,2(b),1,transformations
843,0607_s16_qp_21.json,607,s,May/Jun,2016,2,non_calculator,1,3,2,topics in arithmetic
844,0607_s16_qp_21.json,607,s,May/Jun,2016,2,non_calculator,1,4(a),1,exponents and surds
845,0607_s16_qp_21.json,607,s,May/Jun,2016,2,non_calculator,1,4(b),1,topics in arithmetic
846,0607_s16_qp_21.json,607,s,May/Jun,2016,2,non_calculator,1,4(c),2,topics in arithmetic
847,0607_s16_qp_21.json,607,s,May/Jun,2016,2,non_calculator,1,5(a),2,probability
848,0607_s16_qp_21.json,607,s,May/Jun,2016,2,non_calculator,1,5(b)(i),1,probability
849,0607_s16_qp_21.json,607,s,May/Jun,2016,2,non_calculator,1,5(b)(ii),1,probability
850,0607_s16_qp_21.json,607,s,May/Jun,2016,2,non_calculator,1,6,3,solving linear equations
851,0607_s16_qp_21.json,607,s,May/Jun,2016,2,non_calculator,1,7(a),2,sets and Venn diagrams
852,0607_s16_qp_21.json,607,s,May/Jun,2016,2,non_calculator,1,7(b)(i),1,sets and Venn diagrams
853,0607_s16_qp_21.json,607,s,May/Jun,2016,2,non_calculator,1,7(b)(ii),1,sets and Venn diagrams
854,0607_s16_qp_21.json,607,s,May/Jun,2016,2,non_calculator,1,8,3,inequalities
855,0607_s16_qp_21.json,607,s,May/Jun,2016,2,non_calculator,1,9(a),1,circle theorems
856,0607_s16_qp_21.json,607,s,May/Jun,2016,2,non_calculator,1,9(b),1,circle theorems
857,0607_s16_qp_21.json,607,s,May/Jun,2016,2,non_calculator,1,10(a),2,expanding and factorising
858,0607_s16_qp_21.json,607,s,May/Jun,2016,2,non_calculator,1,10(b),2,expanding and factorising
859,0607_s16_qp_21.json,607,s,May/Jun,2016,2,non_calculator,1,11,1,exponents and surds
860,0607_s16_qp_21.json,607,s,May/Jun,2016,2,non_calculator,1,12,3,vectors
861,0607_s16_qp_21.json,607,s,May/Jun,2016,2,non_calculator,1,13,2,graphing functions
862,0607_s16_qp_21.json,607,s,May/Jun,2016,2,non_calculator,1,14,3,graphing functions
863,0607_s16_qp_22.json,607,s,May/Jun,2016,2,non_calculator,2,1,2,topics in arithmetic
864,0607_s16_qp_22.json,607,s,May/Jun,2016,2,non_calculator,2,2,2,topics in arithmetic
865,0607_s16_qp_22.json,607,s,May/Jun,2016,2,non_calculator,2,3,2,angles
866,0607_s16_qp_22.json,607,s,May/Jun,2016,2,non_calculator,2,4,2,solving linear equations
867,0607_s16_qp_22.json,607,s,May/Jun,2016,2,non_calculator,2,5(a),1,probability
868,0607_s16_qp_22.json,607,s,May/Jun,2016,2,non_calculator,2,5(b),1,probability
869,0607_s16_qp_22.json,607,s,May/Jun,2016,2,non_calculator,2,6,2,simultaneous equations
870,0607_s16_qp_22.json,607,s,May/Jun,2016,2,non_calculator,2,7,2,exponents and surds
871,0607_s16_qp_22.json,607,s,May/Jun,2016,2,non_calculator,2,8,2,inequalities
872,0607_s16_qp_22.json,607,s,May/Jun,2016,2,non_calculator,2,9(a),1,exponents and surds
873,0607_s16_qp_22.json,607,s,May/Jun,2016,2,non_calculator,2,9(b)(i),1,exponents and surds
874,0607_s16_qp_22.json,607,s,May/Jun,2016,2,non_calculator,2,9(b)(ii),2,exponents and surds
875,0607_s16_qp_22.json,607,s,May/Jun,2016,2,non_calculator,2,10,4,vectors
876,0607_s16_qp_22.json,607,s,May/Jun,2016,2,non_calculator,2,11,2,expanding and factorising
877,0607_s16_qp_22.json,607,s,May/Jun,2016,2,non_calculator,2,12,2,exponents and surds
878,0607_s16_qp_22.json,607,s,May/Jun,2016,2,non_calculator,2,13,3,mensuration
879,0607_s16_qp_22.json,607,s,May/Jun,2016,2,non_calculator,2,14,2,statistics
880,0607_s16_qp_22.json,607,s,May/Jun,2016,2,non_calculator,2,15,2,variation and proportion
881,0607_s16_qp_22.json,607,s,May/Jun,2016,2,non_calculator,2,16,3,logarithms
882,0607_s16_qp_22.json,607,s,May/Jun,2016,2,non_calculator,2,17,2,transformations
883,0607_s16_qp_23.json,607,s,May/Jun,2016,2,non_calculator,3,1,3,topics in arithmetic
884,0607_s16_qp_23.json,607,s,May/Jun,2016,2,non_calculator,3,2,2,topics in arithmetic
885,0607_s16_qp_23.json,607,s,May/Jun,2016,2,non_calculator,3,3,2,statistics
886,0607_s16_qp_23.json,607,s,May/Jun,2016,2,non_calculator,3,4(a),2,angles
887,0607_s16_qp_23.json,607,s,May/Jun,2016,2,non_calculator,3,4(b),2,angles
888,0607_s16_qp_23.json,607,s,May/Jun,2016,2,non_calculator,3,5,3,solving linear equations
889,0607_s16_qp_23.json,607,s,May/Jun,2016,2,non_calculator,3,6(a),1,sequences
890,0607_s16_qp_23.json,607,s,May/Jun,2016,2,non_calculator,3,6(b),1,sequences
891,0607_s16_qp_23.json,607,s,May/Jun,2016,2,non_calculator,3,6(c),1,sequences
892,0607_s16_qp_23.json,607,s,May/Jun,2016,2,non_calculator,3,7(a),2,exponents and surds
893,0607_s16_qp_23.json,607,s,May/Jun,2016,2,non_calculator,3,7(b),2,exponents and surds
894,0607_s16_qp_23.json,607,s,May/Jun,2016,2,non_calculator,3,8,2,expanding and factorising
895,0607_s16_qp_23.json,607,s,May/Jun,2016,2,non_calculator,3,9,2,topics in arithmetic
896,0607_s16_qp_23.json,607,s,May/Jun,2016,2,non_calculator,3,10,2,expanding and factorising
897,0607_s16_qp_23.json,607,s,May/Jun,2016,2,non_calculator,3,11(a),2,exponents and surds
898,0607_s16_qp_23.json,607,s,May/Jun,2016,2,non_calculator,3,11(b),2,exponents and surds
899,0607_s16_qp_23.json,607,s,May/Jun,2016,2,non_calculator,3,12,4,simultaneous equations
900,0607_s16_qp_23.json,607,s,May/Jun,2016,2,non_calculator,3,13(a),2,graphing functions
901,0607_s16_qp_23.json,607,s,May/Jun,2016,2,non_calculator,3,13(b),3,graphing functions
902,0607_s16_qp_41.json,607,s,May/Jun,2016,4,calculator,1,1(a)(i),3,topics in arithmetic
903,0607_s16_qp_41.json,607,s,May/Jun,2016,4,calculator,1,1(a)(ii),3,topics in arithmetic
904,0607_s16_qp_41.json,607,s,May/Jun,2016,4,calculator,1,1(b),3,topics in arithmetic
905,0607_s16_qp_41.json,607,s,May/Jun,2016,4,calculator,1,2(a),3,variation and proportion
906,0607_s16_qp_41.json,607,s,May/Jun,2016,4,calculator,1,2(b),1,variation and proportion
907,0607_s16_qp_41.json,607,s,May/Jun,2016,4,calculator,1,2(c),2,variation and proportion
908,0607_s16_qp_41.json,607,s,May/Jun,2016,4,calculator,1,3(a)(i),3,transformations
909,0607_s16_qp_41.json,607,s,May/Jun,2016,4,calculator,1,3(a)(ii),2,transformations
910,0607_s16_qp_41.json,607,s,May/Jun,2016,4,calculator,1,3(b)(i),2,transformations
911,0607_s16_qp_41.json,607,s,May/Jun,2016,4,calculator,1,3(b)(ii),2,transformations
912,0607_s16_qp_41.json,607,s,May/Jun,2016,4,calculator,1,4(a),4,mensuration
913,0607_s16_qp_41.json,607,s,May/Jun,2016,4,calculator,1,4(b)(i),1,similarity
914,0607_s16_qp_41.json,607,s,May/Jun,2016,4,calculator,1,4(b)(ii),3,similarity
915,0607_s16_qp_41.json,607,s,May/Jun,2016,4,calculator,1,5(a),2,statistics
916,0607_s16_qp_41.json,607,s,May/Jun,2016,4,calculator,1,5(b),1,statistics
917,0607_s16_qp_41.json,607,s,May/Jun,2016,4,calculator,1,5(c)(i),1,statistics
918,0607_s16_qp_41.json,607,s,May/Jun,2016,4,calculator,1,5(c)(ii),1,statistics
919,0607_s16_qp_41.json,607,s,May/Jun,2016,4,calculator,1,5(d)(i),2,statistics
920,0607_s16_qp_41.json,607,s,May/Jun,2016,4,calculator,1,5(d)(ii),1,statistics
921,0607_s16_qp_41.json,607,s,May/Jun,2016,4,calculator,1,6(a),2,sequences
922,0607_s16_qp_41.json,607,s,May/Jun,2016,4,calculator,1,6(b),2,sequences
923,0607_s16_qp_41.json,607,s,May/Jun,2016,4,calculator,1,6(c),3,sequences
924,0607_s16_qp_41.json,607,s,May/Jun,2016,4,calculator,1,6(d),2,sequences
925,0607_s16_qp_41.json,607,s,May/Jun,2016,4,calculator,1,7(a),3,trigonometry
926,0607_s16_qp_41.json,607,s,May/Jun,2016,4,calculator,1,7(b),3,trigonometry
927,0607_s16_qp_41.json,607,s,May/Jun,2016,4,calculator,1,7(c),3,trigonometry
928,0607_s16_qp_41.json,607,s,May/Jun,2016,4,calculator,1,8(a)(i),2,graphing functions
929,0607_s16_qp_41.json,607,s,May/Jun,2016,4,calculator,1,8(a)(ii),2,graphing functions
930,0607_s16_qp_41.json,607,s,May/Jun,2016,4,calculator,1,8(a)(iii),1,graphing functions
931,0607_s16_qp_41.json,607,s,May/Jun,2016,4,calculator,1,8(b)(i),2,graphing functions
932,0607_s16_qp_41.json,607,s,May/Jun,2016,4,calculator,1,8(b)(ii),1,graphing functions
933,0607_s16_qp_41.json,607,s,May/Jun,2016,4,calculator,1,8(b)(iii),2,graphing functions
934,0607_s16_qp_41.json,607,s,May/Jun,2016,4,calculator,1,9(a),3,topics in arithmetic
935,0607_s16_qp_41.json,607,s,May/Jun,2016,4,calculator,1,9(b),5,topics in arithmetic
936,0607_s16_qp_41.json,607,s,May/Jun,2016,4,calculator,1,9(c),3,topics in arithmetic
937,0607_s16_qp_41.json,607,s,May/Jun,2016,4,calculator,1,10(a),3,vectors
938,0607_s16_qp_41.json,607,s,May/Jun,2016,4,calculator,1,10(b),5,straight lines
939,0607_s16_qp_41.json,607,s,May/Jun,2016,4,calculator,1,10(c),2,simultaneous equations
940,0607_s16_qp_41.json,607,s,May/Jun,2016,4,calculator,1,11(a),4,trigonometry
941,0607_s16_qp_41.json,607,s,May/Jun,2016,4,calculator,1,11(b)(i),3,solving quadratic equations
942,0607_s16_qp_41.json,607,s,May/Jun,2016,4,calculator,1,11(b)(ii),2,trigonometry
943,0607_s16_qp_41.json,607,s,May/Jun,2016,4,calculator,1,11(c),2,trigonometry
944,0607_s16_qp_41.json,607,s,May/Jun,2016,4,calculator,1,12(a),2,statistics
945,0607_s16_qp_41.json,607,s,May/Jun,2016,4,calculator,1,12(b),5,statistics
946,0607_s16_qp_41.json,607,s,May/Jun,2016,4,calculator,1,12(c)(i),1,statistics
947,0607_s16_qp_41.json,607,s,May/Jun,2016,4,calculator,1,12(c)(ii),2,statistics
948,0607_s16_qp_41.json,607,s,May/Jun,2016,4,calculator,1,12(d)(i),1,probability
949,0607_s16_qp_41.json,607,s,May/Jun,2016,4,calculator,1,12(d)(ii),2,probability
950,0607_s16_qp_41.json,607,s,May/Jun,2016,4,calculator,1,13(a)(i),2,functions
951,0607_s16_qp_41.json,607,s,May/Jun,2016,4,calculator,1,13(a)(ii),2,functions
952,0607_s16_qp_41.json,607,s,May/Jun,2016,4,calculator,1,13(a)(iii),2,functions
953,0607_s16_qp_41.json,607,s,May/Jun,2016,4,calculator,1,13(b),1,functions
954,0607_s16_qp_42.json,607,s,May/Jun,2016,4,calculator,2,1(a),2,transformations
955,0607_s16_qp_42.json,607,s,May/Jun,2016,4,calculator,2,1(b),2,transformations
956,0607_s16_qp_42.json,607,s,May/Jun,2016,4,calculator,2,1(c),3,transformations
957,0607_s16_qp_42.json,607,s,May/Jun,2016,4,calculator,2,1(d)(i),3,transformations
958,0607_s16_qp_42.json,607,s,May/Jun,2016,4,calculator,2,1(d)(ii),3,transformations
959,0607_s16_qp_42.json,607,s,May/Jun,2016,4,calculator,2,2(a),2,topics in arithmetic
960,0607_s16_qp_42.json,607,s,May/Jun,2016,4,calculator,2,2(b)(i),3,topics in arithmetic
961,0607_s16_qp_42.json,607,s,May/Jun,2016,4,calculator,2,2(b)(ii),3,topics in arithmetic
962,0607_s16_qp_42.json,607,s,May/Jun,2016,4,calculator,2,2(b)(iii),1,topics in arithmetic
963,0607_s16_qp_42.json,607,s,May/Jun,2016,4,calculator,2,2(b)(iv),4,topics in arithmetic
964,0607_s16_qp_42.json,607,s,May/Jun,2016,4,calculator,2,2(c),5,topics in arithmetic
965,0607_s16_qp_42.json,607,s,May/Jun,2016,4,calculator,2,3(a)(i),1,statistics
966,0607_s16_qp_42.json,607,s,May/Jun,2016,4,calculator,2,3(a)(ii),2,statistics
967,0607_s16_qp_42.json,607,s,May/Jun,2016,4,calculator,2,3(a)(iii),2,statistics
968,0607_s16_qp_42.json,607,s,May/Jun,2016,4,calculator,2,3(b),3,topics in arithmetic
969,0607_s16_qp_42.json,607,s,May/Jun,2016,4,calculator,2,4(a),3,solving linear equations
970,0607_s16_qp_42.json,607,s,May/Jun,2016,4,calculator,2,4(b),5,solving quadratic equations
971,0607_s16_qp_42.json,607,s,May/Jun,2016,4,calculator,2,5(a),2,similarity
972,0607_s16_qp_42.json,607,s,May/Jun,2016,4,calculator,2,5(b),2,similarity
973,0607_s16_qp_42.json,607,s,May/Jun,2016,4,calculator,2,5(c),3,trigonometry
974,0607_s16_qp_42.json,607,s,May/Jun,2016,4,calculator,2,6(a),2,graphing functions
975,0607_s16_qp_42.json,607,s,May/Jun,2016,4,calculator,2,6(b),2,graphing functions
976,0607_s16_qp_42.json,607,s,May/Jun,2016,4,calculator,2,6(c),2,graphing functions
977,0607_s16_qp_42.json,607,s,May/Jun,2016,4,calculator,2,6(d),2,graphing functions
978,0607_s16_qp_42.json,607,s,May/Jun,2016,4,calculator,2,6(e),1,graphing functions
979,0607_s16_qp_42.json,607,s,May/Jun,2016,4,calculator,2,6(f),2,graphing functions
980,0607_s16_qp_42.json,607,s,May/Jun,2016,4,calculator,2,7(a)(i),3,mensuration
981,0607_s16_qp_42.json,607,s,May/Jun,2016,4,calculator,2,7(a)(ii),2,mensuration
982,0607_s16_qp_42.json,607,s,May/Jun,2016,4,calculator,2,7(a)(iii),2,mensuration
983,0607_s16_qp_42.json,607,s,May/Jun,2016,4,calculator,2,7(a)(iv),4,mensuration
984,0607_s16_qp_42.json,607,s,May/Jun,2016,4,calculator,2,7(b),5,mensuration
985,0607_s16_qp_42.json,607,s,May/Jun,2016,4,calculator,2,8(a),4,graphing functions
986,0607_s16_qp_42.json,607,s,May/Jun,2016,4,calculator,2,8(b),1,graphing functions
987,0607_s16_qp_42.json,607,s,May/Jun,2016,4,calculator,2,8(c),1,graphing functions
988,0607_s16_qp_42.json,607,s,May/Jun,2016,4,calculator,2,8(d),2,graphing functions
989,0607_s16_qp_42.json,607,s,May/Jun,2016,4,calculator,2,9(a),1,sets and Venn diagrams
990,0607_s16_qp_42.json,607,s,May/Jun,2016,4,calculator,2,9(b),1,probability
991,0607_s16_qp_42.json,607,s,May/Jun,2016,4,calculator,2,9(c),3,probability
992,0607_s16_qp_42.json,607,s,May/Jun,2016,4,calculator,2,9(d),1,sets and Venn diagrams
993,0607_s16_qp_42.json,607,s,May/Jun,2016,4,calculator,2,10(a),2,functions
994,0607_s16_qp_42.json,607,s,May/Jun,2016,4,calculator,2,10(b),2,functions
995,0607_s16_qp_42.json,607,s,May/Jun,2016,4,calculator,2,10(c),3,expanding and factorising
996,0607_s16_qp_42.json,607,s,May/Jun,2016,4,calculator,2,10(d),4,expanding and factorising
997,0607_s16_qp_42.json,607,s,May/Jun,2016,4,calculator,2,11(a),2,trigonometry
998,0607_s16_qp_42.json,607,s,May/Jun,2016,4,calculator,2,11(b),5,trigonometry
999,0607_s16_qp_42.json,607,s,May/Jun,2016,4,calculator,2,11(c),2,trigonometry
1000,0607_s16_qp_42.json,607,s,May/Jun,2016,4,calculator,2,12(a),1,sequences
1001,0607_s16_qp_42.json,607,s,May/Jun,2016,4,calculator,2,12(b)(i),2,sequences
1002,0607_s16_qp_42.json,607,s,May/Jun,2016,4,calculator,2,12(b)(ii),2,sequences
1003,0607_s16_qp_43.json,607,s,May/Jun,2016,4,calculator,3,1(a)(i),1,topics in arithmetic
1004,0607_s16_qp_43.json,607,s,May/Jun,2016,4,calculator,3,1(a)(ii),1,topics in arithmetic
1005,0607_s16_qp_43.json,607,s,May/Jun,2016,4,calculator,3,1(a)(iii),1,topics in arithmetic
1006,0607_s16_qp_43.json,607,s,May/Jun,2016,4,calculator,3,1(a)(iv),1,topics in arithmetic
1007,0607_s16_qp_43.json,607,s,May/Jun,2016,4,calculator,3,1(b),1,topics in arithmetic
1008,0607_s16_qp_43.json,607,s,May/Jun,2016,4,calculator,3,2(a),2,expanding and factorising
1009,0607_s16_qp_43.json,607,s,May/Jun,2016,4,calculator,3,2(b),2,inequalities
1010,0607_s16_qp_43.json,607,s,May/Jun,2016,4,calculator,3,2(c),3,trigonometry
1011,0607_s16_qp_43.json,607,s,May/Jun,2016,4,calculator,3,3(a),3,variation and proportion
1012,0607_s16_qp_43.json,607,s,May/Jun,2016,4,calculator,3,3(b),2,variation and proportion
1013,0607_s16_qp_43.json,607,s,May/Jun,2016,4,calculator,3,3(c),3,variation and proportion
1014,0607_s16_qp_43.json,607,s,May/Jun,2016,4,calculator,3,4(a)(i),2,mensuration
1015,0607_s16_qp_43.json,607,s,May/Jun,2016,4,calculator,3,4(a)(ii),1,mensuration
1016,0607_s16_qp_43.json,607,s,May/Jun,2016,4,calculator,3,4(b),3,mensuration
1017,0607_s16_qp_43.json,607,s,May/Jun,2016,4,calculator,3,5(a),1,trigonometry
1018,0607_s16_qp_43.json,607,s,May/Jun,2016,4,calculator,3,5(b),3,trigonometry
1019,0607_s16_qp_43.json,607,s,May/Jun,2016,4,calculator,3,5(c),3,trigonometry
1020,0607_s16_qp_43.json,607,s,May/Jun,2016,4,calculator,3,5(d),2,trigonometry
1021,0607_s16_qp_43.json,607,s,May/Jun,2016,4,calculator,3,6(a),2,statistics
1022,0607_s16_qp_43.json,607,s,May/Jun,2016,4,calculator,3,6(b)(i),2,statistics
1023,0607_s16_qp_43.json,607,s,May/Jun,2016,4,calculator,3,6(b)(ii),4,statistics
1024,0607_s16_qp_43.json,607,s,May/Jun,2016,4,calculator,3,7(a),4,topics in arithmetic
1025,0607_s16_qp_43.json,607,s,May/Jun,2016,4,calculator,3,7(b),3,topics in arithmetic
1026,0607_s16_qp_43.json,607,s,May/Jun,2016,4,calculator,3,8(a),2,vectors
1027,0607_s16_qp_43.json,607,s,May/Jun,2016,4,calculator,3,8(b),2,vectors
1028,0607_s16_qp_43.json,607,s,May/Jun,2016,4,calculator,3,8(c),3,vectors
1029,0607_s16_qp_43.json,607,s,May/Jun,2016,4,calculator,3,9(a),6,transformations
1030,0607_s16_qp_43.json,607,s,May/Jun,2016,4,calculator,3,9(b)(i),2,transformations
1031,0607_s16_qp_43.json,607,s,May/Jun,2016,4,calculator,3,9(b)(ii),1,transformations
1032,0607_s16_qp_43.json,607,s,May/Jun,2016,4,calculator,3,9(b)(iii),3,transformations
1033,0607_s16_qp_43.json,607,s,May/Jun,2016,4,calculator,3,10(a)(i),3,statistics
1034,0607_s16_qp_43.json,607,s,May/Jun,2016,4,calculator,3,10(a)(ii),1,statistics
1035,0607_s16_qp_43.json,607,s,May/Jun,2016,4,calculator,3,10(b)(i),1,statistics
1036,0607_s16_qp_43.json,607,s,May/Jun,2016,4,calculator,3,10(b)(ii),1,statistics
1037,0607_s16_qp_43.json,607,s,May/Jun,2016,4,calculator,3,10(c)(i),2,statistics
1038,0607_s16_qp_43.json,607,s,May/Jun,2016,4,calculator,3,10(c)(ii),1,statistics
1039,0607_s16_qp_43.json,607,s,May/Jun,2016,4,calculator,3,10(c)(iii),1,statistics
1040,0607_s16_qp_43.json,607,s,May/Jun,2016,4,calculator,3,11(a),4,graphing functions
1041,0607_s16_qp_43.json,607,s,May/Jun,2016,4,calculator,3,11(b),3,graphing functions
1042,0607_s16_qp_43.json,607,s,May/Jun,2016,4,calculator,3,11(c),1,graphing functions
1043,0607_s16_qp_43.json,607,s,May/Jun,2016,4,calculator,3,11(d),3,graphing functions
1044,0607_s16_qp_43.json,607,s,May/Jun,2016,4,calculator,3,12(a),2,circle theorems
1045,0607_s16_qp_43.json,607,s,May/Jun,2016,4,calculator,3,12(b),2,circle theorems
1046,0607_s16_qp_43.json,607,s,May/Jun,2016,4,calculator,3,12(c),3,circle theorems
1047,0607_s16_qp_43.json,607,s,May/Jun,2016,4,calculator,3,13(a)(i),2,mensuration
1048,0607_s16_qp_43.json,607,s,May/Jun,2016,4,calculator,3,13(a)(ii),3,mensuration
1049,0607_s16_qp_43.json,607,s,May/Jun,2016,4,calculator,3,13(a)(iii),3,mensuration
1050,0607_s16_qp_43.json,607,s,May/Jun,2016,4,calculator,3,13(b),4,sequences
1051,0607_s16_qp_43.json,607,s,May/Jun,2016,4,calculator,3,14(a)(i),2,probability
1052,0607_s16_qp_43.json,607,s,May/Jun,2016,4,calculator,3,14(a)(ii),3,probability
1053,0607_s16_qp_43.json,607,s,May/Jun,2016,4,calculator,3,14(b)(i),3,probability
1054,0607_s16_qp_43.json,607,s,May/Jun,2016,4,calculator,3,14(b)(ii),3,probability
1055,0607_s17_qp_21.json,607,s,May/Jun,2017,2,non_calculator,1,1,1,topics in arithmetic
1056,0607_s17_qp_21.json,607,s,May/Jun,2017,2,non_calculator,1,2(a),1,topics in arithmetic
1057,0607_s17_qp_21.json,607,s,May/Jun,2017,2,non_calculator,1,2(b),1,topics in arithmetic
1058,0607_s17_qp_21.json,607,s,May/Jun,2017,2,non_calculator,1,3,2,expanding and factorising
1059,0607_s17_qp_21.json,607,s,May/Jun,2017,2,non_calculator,1,4,1,mensuration
1060,0607_s17_qp_21.json,607,s,May/Jun,2017,2,non_calculator,1,5,1,exponents and surds
1061,0607_s17_qp_21.json,607,s,May/Jun,2017,2,non_calculator,1,6,2,topics in arithmetic
1062,0607_s17_qp_21.json,607,s,May/Jun,2017,2,non_calculator,1,7,2,functions
1063,0607_s17_qp_21.json,607,s,May/Jun,2017,2,non_calculator,1,8,3,Pythagoras
1064,0607_s17_qp_21.json,607,s,May/Jun,2017,2,non_calculator,1,9,3,simultaneous equations
1065,0607_s17_qp_21.json,607,s,May/Jun,2017,2,non_calculator,1,10,2,vectors
1066,0607_s17_qp_21.json,607,s,May/Jun,2017,2,non_calculator,1,11,3,straight lines
1067,0607_s17_qp_21.json,607,s,May/Jun,2017,2,non_calculator,1,12,3,solving quadratic equations
1068,0607_s17_qp_21.json,607,s,May/Jun,2017,2,non_calculator,1,13,3,exponents and surds
1069,0607_s17_qp_21.json,607,s,May/Jun,2017,2,non_calculator,1,14,4,probability
1070,0607_s17_qp_21.json,607,s,May/Jun,2017,2,non_calculator,1,15,3,expanding and factorising
1071,0607_s17_qp_21.json,607,s,May/Jun,2017,2,non_calculator,1,16,3,logarithms
1072,0607_s17_qp_21.json,607,s,May/Jun,2017,2,non_calculator,1,17,2,trigonometry
1073,0607_s17_qp_22.json,607,s,May/Jun,2017,2,non_calculator,2,1(a),1,topics in arithmetic
1074,0607_s17_qp_22.json,607,s,May/Jun,2017,2,non_calculator,2,1(b),1,topics in arithmetic
1075,0607_s17_qp_22.json,607,s,May/Jun,2017,2,non_calculator,2,2(a),3,statistics
1076,0607_s17_qp_22.json,607,s,May/Jun,2017,2,non_calculator,2,2(b),1,statistics
1077,0607_s17_qp_22.json,607,s,May/Jun,2017,2,non_calculator,2,3,2,expanding and factorising
1078,0607_s17_qp_22.json,607,s,May/Jun,2017,2,non_calculator,2,4,2,transformations
1079,0607_s17_qp_22.json,607,s,May/Jun,2017,2,non_calculator,2,5,2,expanding and factorising
1080,0607_s17_qp_22.json,607,s,May/Jun,2017,2,non_calculator,2,6,3,mensuration
1081,0607_s17_qp_22.json,607,s,May/Jun,2017,2,non_calculator,2,7(a),2,inequalities
1082,0607_s17_qp_22.json,607,s,May/Jun,2017,2,non_calculator,2,7(b),1,inequalities
1083,0607_s17_qp_22.json,607,s,May/Jun,2017,2,non_calculator,2,8(a),1,similarity
1084,0607_s17_qp_22.json,607,s,May/Jun,2017,2,non_calculator,2,8(b),2,similarity
1085,0607_s17_qp_22.json,607,s,May/Jun,2017,2,non_calculator,2,9(a),2,sets and Venn diagrams
1086,0607_s17_qp_22.json,607,s,May/Jun,2017,2,non_calculator,2,9(b),1,sets and Venn diagrams
1087,0607_s17_qp_22.json,607,s,May/Jun,2017,2,non_calculator,2,10,3,expanding and factorising
1088,0607_s17_qp_22.json,607,s,May/Jun,2017,2,non_calculator,2,11,3,graphing functions
1089,0607_s17_qp_22.json,607,s,May/Jun,2017,2,non_calculator,2,12(a),1,circle theorems
1090,0607_s17_qp_22.json,607,s,May/Jun,2017,2,non_calculator,2,12(b),1,circle theorems
1091,0607_s17_qp_22.json,607,s,May/Jun,2017,2,non_calculator,2,13,3,exponents and surds
1092,0607_s17_qp_22.json,607,s,May/Jun,2017,2,non_calculator,2,14,2,logarithms
1093,0607_s17_qp_22.json,607,s,May/Jun,2017,2,non_calculator,2,15,3,graphing functions
1094,0607_s17_qp_23.json,607,s,May/Jun,2017,2,non_calculator,3,1,2,exponents and surds
1095,0607_s17_qp_23.json,607,s,May/Jun,2017,2,non_calculator,3,2,1,topics in arithmetic
1096,0607_s17_qp_23.json,607,s,May/Jun,2017,2,non_calculator,3,3,1,solving linear equations
1097,0607_s17_qp_23.json,607,s,May/Jun,2017,2,non_calculator,3,4(a),1,sequences
1098,0607_s17_qp_23.json,607,s,May/Jun,2017,2,non_calculator,3,4(b),2,sequences
1099,0607_s17_qp_23.json,607,s,May/Jun,2017,2,non_calculator,3,5,2,expanding and factorising
1100,0607_s17_qp_23.json,607,s,May/Jun,2017,2,non_calculator,3,6,2,exponents and surds
1101,0607_s17_qp_23.json,607,s,May/Jun,2017,2,non_calculator,3,7,2,solving linear equations
1102,0607_s17_qp_23.json,607,s,May/Jun,2017,2,non_calculator,3,8(a),2,exponents and surds
1103,0607_s17_qp_23.json,607,s,May/Jun,2017,2,non_calculator,3,8(b),2,exponents and surds
1104,0607_s17_qp_23.json,607,s,May/Jun,2017,2,non_calculator,3,9,2,circle theorems
1105,0607_s17_qp_23.json,607,s,May/Jun,2017,2,non_calculator,3,10,2,simultaneous equations
1106,0607_s17_qp_23.json,607,s,May/Jun,2017,2,non_calculator,3,11,2,transformations
1107,0607_s17_qp_23.json,607,s,May/Jun,2017,2,non_calculator,3,12,1,exponents and surds
1108,0607_s17_qp_23.json,607,s,May/Jun,2017,2,non_calculator,3,13(a),2,exponents and surds
1109,0607_s17_qp_23.json,607,s,May/Jun,2017,2,non_calculator,3,13(b),1,exponents and surds
1110,0607_s17_qp_23.json,607,s,May/Jun,2017,2,non_calculator,3,14(a),2,expanding and factorising
1111,0607_s17_qp_23.json,607,s,May/Jun,2017,2,non_calculator,3,14(b),2,expanding and factorising
1112,0607_s17_qp_23.json,607,s,May/Jun,2017,2,non_calculator,3,15,3,variation and proportion
1113,0607_s17_qp_23.json,607,s,May/Jun,2017,2,non_calculator,3,16,2,graphing functions
1114,0607_s17_qp_23.json,607,s,May/Jun,2017,2,non_calculator,3,17,3,trigonometry
1115,0607_s17_qp_23.json,607,s,May/Jun,2017,2,non_calculator,3,18,1,functions
1116,0607_s17_qp_41.json,607,s,May/Jun,2017,4,calculator,1,1(a)(i),2,sequences
1117,0607_s17_qp_41.json,607,s,May/Jun,2017,4,calculator,1,1(a)(ii),3,sequences
1118,0607_s17_qp_41.json,607,s,May/Jun,2017,4,calculator,1,1(a)(iii),3,sequences
1119,0607_s17_qp_41.json,607,s,May/Jun,2017,4,calculator,1,1(a)(iv),2,sequences
1120,0607_s17_qp_41.json,607,s,May/Jun,2017,4,calculator,1,1(b),3,sequences
1121,0607_s17_qp_41.json,607,s,May/Jun,2017,4,calculator,1,2(a),2,statistics
1122,0607_s17_qp_41.json,607,s,May/Jun,2017,4,calculator,1,2(b)(i),1,statistics
1123,0607_s17_qp_41.json,607,s,May/Jun,2017,4,calculator,1,2(b)(ii),3,statistics
1124,0607_s17_qp_41.json,607,s,May/Jun,2017,4,calculator,1,2(c)(i),1,statistics
1125,0607_s17_qp_41.json,607,s,May/Jun,2017,4,calculator,1,2(c)(ii),2,statistics
1126,0607_s17_qp_41.json,607,s,May/Jun,2017,4,calculator,1,2(c)(iii),3,statistics
1127,0607_s17_qp_41.json,607,s,May/Jun,2017,4,calculator,1,3(a),3,trigonometry
1128,0607_s17_qp_41.json,607,s,May/Jun,2017,4,calculator,1,3(b),3,trigonometry
1129,0607_s17_qp_41.json,607,s,May/Jun,2017,4,calculator,1,3(c),3,trigonometry
1130,0607_s17_qp_41.json,607,s,May/Jun,2017,4,calculator,1,3(d),2,trigonometry
1131,0607_s17_qp_41.json,607,s,May/Jun,2017,4,calculator,1,4(a),2,transformations
1132,0607_s17_qp_41.json,607,s,May/Jun,2017,4,calculator,1,4(b),2,transformations
1133,0607_s17_qp_41.json,607,s,May/Jun,2017,4,calculator,1,4(c),2,transformations
1134,0607_s17_qp_41.json,607,s,May/Jun,2017,4,calculator,1,4(d),3,transformations
1135,0607_s17_qp_41.json,607,s,May/Jun,2017,4,calculator,1,4(e),2,transformations
1136,0607_s17_qp_41.json,607,s,May/Jun,2017,4,calculator,1,5(a),1,circle theorems
1137,0607_s17_qp_41.json,607,s,May/Jun,2017,4,calculator,1,5(b)(i),2,circle theorems
1138,0607_s17_qp_41.json,607,s,May/Jun,2017,4,calculator,1,5(b)(ii),2,circle theorems
1139,0607_s17_qp_41.json,607,s,May/Jun,2017,4,calculator,1,5(b)(iii),2,circle theorems
1140,0607_s17_qp_41.json,607,s,May/Jun,2017,4,calculator,1,5(b)(iv),2,circle theorems
1141,0607_s17_qp_41.json,607,s,May/Jun,2017,4,calculator,1,5(c),3,circle theorems
1142,0607_s17_qp_41.json,607,s,May/Jun,2017,4,calculator,1,6(a),3,variation and proportion
1143,0607_s17_qp_41.json,607,s,May/Jun,2017,4,calculator,1,6(b),2,variation and proportion
1144,0607_s17_qp_41.json,607,s,May/Jun,2017,4,calculator,1,6(c),3,variation and proportion
1145,0607_s17_qp_41.json,607,s,May/Jun,2017,4,calculator,1,7(a),4,graphing functions
1146,0607_s17_qp_41.json,607,s,May/Jun,2017,4,calculator,1,7(b),2,functions
1147,0607_s17_qp_41.json,607,s,May/Jun,2017,4,calculator,1,7(c),2,graphing functions
1148,0607_s17_qp_41.json,607,s,May/Jun,2017,4,calculator,1,8(a),3,sets and Venn diagrams
1149,0607_s17_qp_41.json,607,s,May/Jun,2017,4,calculator,1,8(b)(i),1,sets and Venn diagrams
1150,0607_s17_qp_41.json,607,s,May/Jun,2017,4,calculator,1,8(b)(ii),1,sets and Venn diagrams
1151,0607_s17_qp_41.json,607,s,May/Jun,2017,4,calculator,1,8(c),2,probability
1152,0607_s17_qp_41.json,607,s,May/Jun,2017,4,calculator,1,8(d),2,probability
1153,0607_s17_qp_41.json,607,s,May/Jun,2017,4,calculator,1,8(e),2,probability
1154,0607_s17_qp_41.json,607,s,May/Jun,2017,4,calculator,1,8(f),3,probability
1155,0607_s17_qp_41.json,607,s,May/Jun,2017,4,calculator,1,9(a),3,trigonometry
1156,0607_s17_qp_41.json,607,s,May/Jun,2017,4,calculator,1,9(b),3,trigonometry
1157,0607_s17_qp_41.json,607,s,May/Jun,2017,4,calculator,1,10(a),3,graphing functions
1158,0607_s17_qp_41.json,607,s,May/Jun,2017,4,calculator,1,10(b),2,graphing functions
1159,0607_s17_qp_41.json,607,s,May/Jun,2017,4,calculator,1,10(c),3,graphing functions
1160,0607_s17_qp_41.json,607,s,May/Jun,2017,4,calculator,1,11(a)(i),1,topics in arithmetic
1161,0607_s17_qp_41.json,607,s,May/Jun,2017,4,calculator,1,11(a)(ii),2,topics in arithmetic
1162,0607_s17_qp_41.json,607,s,May/Jun,2017,4,calculator,1,11(b),3,topics in arithmetic
1163,0607_s17_qp_41.json,607,s,May/Jun,2017,4,calculator,1,11(c),3,topics in arithmetic
1164,0607_s17_qp_41.json,607,s,May/Jun,2017,4,calculator,1,11(d)(i),5,solving quadratic equations
1165,0607_s17_qp_41.json,607,s,May/Jun,2017,4,calculator,1,11(d)(ii),3,solving quadratic equations
1166,0607_s17_qp_42.json,607,s,May/Jun,2017,4,calculator,2,1(a),3,topics in arithmetic
1167,0607_s17_qp_42.json,607,s,May/Jun,2017,4,calculator,2,1(b)(i),3,topics in arithmetic
1168,0607_s17_qp_42.json,607,s,May/Jun,2017,4,calculator,2,1(b)(ii),3,topics in arithmetic
1169,0607_s17_qp_42.json,607,s,May/Jun,2017,4,calculator,2,2(a)(i),1,transformations
1170,0607_s17_qp_42.json,607,s,May/Jun,2017,4,calculator,2,2(a)(ii),2,transformations
1171,0607_s17_qp_42.json,607,s,May/Jun,2017,4,calculator,2,2(a)(iii),2,transformations
1172,0607_s17_qp_42.json,607,s,May/Jun,2017,4,calculator,2,2(b)(i),2,transformations
1173,0607_s17_qp_42.json,607,s,May/Jun,2017,4,calculator,2,2(b)(ii),2,transformations
1174,0607_s17_qp_42.json,607,s,May/Jun,2017,4,calculator,2,3(a),3,statistics
1175,0607_s17_qp_42.json,607,s,May/Jun,2017,4,calculator,2,3(b),1,statistics
1176,0607_s17_qp_42.json,607,s,May/Jun,2017,4,calculator,2,3(c)(i),2,statistics
1177,0607_s17_qp_42.json,607,s,May/Jun,2017,4,calculator,2,3(c)(ii),1,statistics
1178,0607_s17_qp_42.json,607,s,May/Jun,2017,4,calculator,2,4(a)(i),1,vectors
1179,0607_s17_qp_42.json,607,s,May/Jun,2017,4,calculator,2,4(a)(ii),2,vectors
1180,0607_s17_qp_42.json,607,s,May/Jun,2017,4,calculator,2,4(a)(iii),2,vectors
1181,0607_s17_qp_42.json,607,s,May/Jun,2017,4,calculator,2,4(b),2,vectors
1182,0607_s17_qp_42.json,607,s,May/Jun,2017,4,calculator,2,5(a),2,topics in arithmetic
1183,0607_s17_qp_42.json,607,s,May/Jun,2017,4,calculator,2,5(b)(i),2,topics in arithmetic
1184,0607_s17_qp_42.json,607,s,May/Jun,2017,4,calculator,2,5(b)(ii),3,topics in arithmetic
1185,0607_s17_qp_42.json,607,s,May/Jun,2017,4,calculator,2,5(b)(iii),3,topics in arithmetic
1186,0607_s17_qp_42.json,607,s,May/Jun,2017,4,calculator,2,6(a)(i),1,variation and proportion
1187,0607_s17_qp_42.json,607,s,May/Jun,2017,4,calculator,2,6(a)(ii),1,variation and proportion
1188,0607_s17_qp_42.json,607,s,May/Jun,2017,4,calculator,2,6(a)(iii),1,variation and proportion
1189,0607_s17_qp_42.json,607,s,May/Jun,2017,4,calculator,2,6(b)(i),1,variation and proportion
1190,0607_s17_qp_42.json,607,s,May/Jun,2017,4,calculator,2,6(b)(ii),1,variation and proportion
1191,0607_s17_qp_42.json,607,s,May/Jun,2017,4,calculator,2,6(c),3,simultaneous equations
1192,0607_s17_qp_42.json,607,s,May/Jun,2017,4,calculator,2,6(d),2,variation and proportion
1193,0607_s17_qp_42.json,607,s,May/Jun,2017,4,calculator,2,7(a),3,trigonometry
1194,0607_s17_qp_42.json,607,s,May/Jun,2017,4,calculator,2,7(b),1,angles
1195,0607_s17_qp_42.json,607,s,May/Jun,2017,4,calculator,2,7(c),3,trigonometry
1196,0607_s17_qp_42.json,607,s,May/Jun,2017,4,calculator,2,7(d),4,trigonometry
1197,0607_s17_qp_42.json,607,s,May/Jun,2017,4,calculator,2,8(a),3,graphing functions
1198,0607_s17_qp_42.json,607,s,May/Jun,2017,4,calculator,2,8(b),3,graphing functions
1199,0607_s17_qp_42.json,607,s,May/Jun,2017,4,calculator,2,8(c),2,graphing functions
1200,0607_s17_qp_42.json,607,s,May/Jun,2017,4,calculator,2,8(d),3,inequalities
1201,0607_s17_qp_42.json,607,s,May/Jun,2017,4,calculator,2,9(a)(i),2,trigonometry
1202,0607_s17_qp_42.json,607,s,May/Jun,2017,4,calculator,2,9(a)(ii),2,solving quadratic equations
1203,0607_s17_qp_42.json,607,s,May/Jun,2017,4,calculator,2,9(b)(i),2,solving quadratic equations
1204,0607_s17_qp_42.json,607,s,May/Jun,2017,4,calculator,2,9(b)(ii),2,trigonometry
1205,0607_s17_qp_42.json,607,s,May/Jun,2017,4,calculator,2,10(a)(i),3,straight lines
1206,0607_s17_qp_42.json,607,s,May/Jun,2017,4,calculator,2,10(a)(ii),3,straight lines
1207,0607_s17_qp_42.json,607,s,May/Jun,2017,4,calculator,2,10(b),2,straight lines
1208,0607_s17_qp_42.json,607,s,May/Jun,2017,4,calculator,2,10(c),1,straight lines
1209,0607_s17_qp_42.json,607,s,May/Jun,2017,4,calculator,2,10(d),4,mensuration
1210,0607_s17_qp_42.json,607,s,May/Jun,2017,4,calculator,2,11(a),2,statistics
1211,0607_s17_qp_42.json,607,s,May/Jun,2017,4,calculator,2,11(b),4,statistics
1212,0607_s17_qp_42.json,607,s,May/Jun,2017,4,calculator,2,11(c)(i),2,probability
1213,0607_s17_qp_42.json,607,s,May/Jun,2017,4,calculator,2,11(c)(ii),3,probability
1214,0607_s17_qp_42.json,607,s,May/Jun,2017,4,calculator,2,12(a),1,functions
1215,0607_s17_qp_42.json,607,s,May/Jun,2017,4,calculator,2,12(b),2,functions
1216,0607_s17_qp_42.json,607,s,May/Jun,2017,4,calculator,2,12(c),2,functions
1217,0607_s17_qp_42.json,607,s,May/Jun,2017,4,calculator,2,12(d),1,functions
1218,0607_s17_qp_42.json,607,s,May/Jun,2017,4,calculator,2,12(e),2,functions
1219,0607_s17_qp_42.json,607,s,May/Jun,2017,4,calculator,2,12(f),3,transformations
1220,0607_s17_qp_42.json,607,s,May/Jun,2017,4,calculator,2,12(g),3,transformations
1221,0607_s17_qp_43.json,607,s,May/Jun,2017,4,calculator,3,1(a),2,transformations
1222,0607_s17_qp_43.json,607,s,May/Jun,2017,4,calculator,3,1(b)(i),1,transformations
1223,0607_s17_qp_43.json,607,s,May/Jun,2017,4,calculator,3,1(b)(ii),1,transformations
1224,0607_s17_qp_43.json,607,s,May/Jun,2017,4,calculator,3,1(b)(iii),3,transformations
1225,0607_s17_qp_43.json,607,s,May/Jun,2017,4,calculator,3,1(c),3,transformations
1226,0607_s17_qp_43.json,607,s,May/Jun,2017,4,calculator,3,2(a)(i),2,angles
1227,0607_s17_qp_43.json,607,s,May/Jun,2017,4,calculator,3,2(a)(ii),1,angles
1228,0607_s17_qp_43.json,607,s,May/Jun,2017,4,calculator,3,2(b),3,angles
1229,0607_s17_qp_43.json,607,s,May/Jun,2017,4,calculator,3,2(c)(i),1,similarity
1230,0607_s17_qp_43.json,607,s,May/Jun,2017,4,calculator,3,2(c)(ii)(a),1,similarity
1231,0607_s17_qp_43.json,607,s,May/Jun,2017,4,calculator,3,2(c)(ii)(b),2,similarity
1232,0607_s17_qp_43.json,607,s,May/Jun,2017,4,calculator,3,3(a)(i),1,statistics
1233,0607_s17_qp_43.json,607,s,May/Jun,2017,4,calculator,3,3(a)(ii),1,statistics
1234,0607_s17_qp_43.json,607,s,May/Jun,2017,4,calculator,3,3(a)(iii),1,statistics
1235,0607_s17_qp_43.json,607,s,May/Jun,2017,4,calculator,3,3(b)(i),1,statistics
1236,0607_s17_qp_43.json,607,s,May/Jun,2017,4,calculator,3,3(b)(ii),1,statistics
1237,0607_s17_qp_43.json,607,s,May/Jun,2017,4,calculator,3,3(b)(iii),1,statistics
1238,0607_s17_qp_43.json,607,s,May/Jun,2017,4,calculator,3,3(b)(iv),2,statistics
1239,0607_s17_qp_43.json,607,s,May/Jun,2017,4,calculator,3,3(b)(v),2,statistics
1240,0607_s17_qp_43.json,607,s,May/Jun,2017,4,calculator,3,4(a)(i),2,topics in arithmetic
1241,0607_s17_qp_43.json,607,s,May/Jun,2017,4,calculator,3,4(a)(ii),2,topics in arithmetic
1242,0607_s17_qp_43.json,607,s,May/Jun,2017,4,calculator,3,4(a)(iii),3,topics in arithmetic
1243,0607_s17_qp_43.json,607,s,May/Jun,2017,4,calculator,3,4(a)(iv),3,topics in arithmetic
1244,0607_s17_qp_43.json,607,s,May/Jun,2017,4,calculator,3,4(a)(v),3,topics in arithmetic
1245,0607_s17_qp_43.json,607,s,May/Jun,2017,4,calculator,3,4(b),3,topics in arithmetic
1246,0607_s17_qp_43.json,607,s,May/Jun,2017,4,calculator,3,5(a),3,mensuration
1247,0607_s17_qp_43.json,607,s,May/Jun,2017,4,calculator,3,5(b),3,mensuration
1248,0607_s17_qp_43.json,607,s,May/Jun,2017,4,calculator,3,5(c),4,mensuration
1249,0607_s17_qp_43.json,607,s,May/Jun,2017,4,calculator,3,6(a),2,graphing functions
1250,0607_s17_qp_43.json,607,s,May/Jun,2017,4,calculator,3,6(b),2,graphing functions
1251,0607_s17_qp_43.json,607,s,May/Jun,2017,4,calculator,3,6(c),2,graphing functions
1252,0607_s17_qp_43.json,607,s,May/Jun,2017,4,calculator,3,6(d),2,graphing functions
1253,0607_s17_qp_43.json,607,s,May/Jun,2017,4,calculator,3,6(e),1,inequalities
1254,0607_s17_qp_43.json,607,s,May/Jun,2017,4,calculator,3,6(f)(i),1,graphing functions
1255,0607_s17_qp_43.json,607,s,May/Jun,2017,4,calculator,3,6(f)(ii),1,graphing functions
1256,0607_s17_qp_43.json,607,s,May/Jun,2017,4,calculator,3,7(a),3,trigonometry
1257,0607_s17_qp_43.json,607,s,May/Jun,2017,4,calculator,3,7(b),3,trigonometry
1258,0607_s17_qp_43.json,607,s,May/Jun,2017,4,calculator,3,8(a),1,functions
1259,0607_s17_qp_43.json,607,s,May/Jun,2017,4,calculator,3,8(b),2,functions
1260,0607_s17_qp_43.json,607,s,May/Jun,2017,4,calculator,3,8(c),3,functions
1261,0607_s17_qp_43.json,607,s,May/Jun,2017,4,calculator,3,8(d),3,functions
1262,0607_s17_qp_43.json,607,s,May/Jun,2017,4,calculator,3,8(e)(i),2,solving linear equations
1263,0607_s17_qp_43.json,607,s,May/Jun,2017,4,calculator,3,8(e)(ii),1,functions
1264,0607_s17_qp_43.json,607,s,May/Jun,2017,4,calculator,3,9(a),2,sets and Venn diagrams
1265,0607_s17_qp_43.json,607,s,May/Jun,2017,4,calculator,3,9(b)(i),1,sets and Venn diagrams
1266,0607_s17_qp_43.json,607,s,May/Jun,2017,4,calculator,3,9(b)(ii),1,sets and Venn diagrams
1267,0607_s17_qp_43.json,607,s,May/Jun,2017,4,calculator,3,9(c),1,sets and Venn diagrams
1268,0607_s17_qp_43.json,607,s,May/Jun,2017,4,calculator,3,9(d),2,probability
1269,0607_s17_qp_43.json,607,s,May/Jun,2017,4,calculator,3,9(e)(i),1,probability
1270,0607_s17_qp_43.json,607,s,May/Jun,2017,4,calculator,3,9(e)(ii),3,probability
1271,0607_s17_qp_43.json,607,s,May/Jun,2017,4,calculator,3,9(f),3,probability
1272,0607_s17_qp_43.json,607,s,May/Jun,2017,4,calculator,3,9(g),1,sets and Venn diagrams
1273,0607_s17_qp_43.json,607,s,May/Jun,2017,4,calculator,3,10(a)(i),2,statistics
1274,0607_s17_qp_43.json,607,s,May/Jun,2017,4,calculator,3,10(a)(ii),3,statistics
1275,0607_s17_qp_43.json,607,s,May/Jun,2017,4,calculator,3,10(b)(i),4,solving quadratic equations
1276,0607_s17_qp_43.json,607,s,May/Jun,2017,4,calculator,3,10(b)(ii),4,solving quadratic equations
1277,0607_s17_qp_43.json,607,s,May/Jun,2017,4,calculator,3,11(a)(i),1,vectors
1278,0607_s17_qp_43.json,607,s,May/Jun,2017,4,calculator,3,11(a)(ii),1,vectors
1279,0607_s17_qp_43.json,607,s,May/Jun,2017,4,calculator,3,11(a)(iii),2,vectors
1280,0607_s17_qp_43.json,607,s,May/Jun,2017,4,calculator,3,11(b),3,vectors
1281,0607_s18_qp_21.json,607,s,May/Jun,2018,2,non_calculator,1,1(a),1,topics in arithmetic
1282,0607_s18_qp_21.json,607,s,May/Jun,2018,2,non_calculator,1,1(b),1,exponents and surds
1283,0607_s18_qp_21.json,607,s,May/Jun,2018,2,non_calculator,1,2(a),1,angles
1284,0607_s18_qp_21.json,607,s,May/Jun,2018,2,non_calculator,1,2(b),1,angles
1285,0607_s18_qp_21.json,607,s,May/Jun,2018,2,non_calculator,1,2(c),2,angles
1286,0607_s18_qp_21.json,607,s,May/Jun,2018,2,non_calculator,1,3,2,simultaneous equations
1287,0607_s18_qp_21.json,607,s,May/Jun,2018,2,non_calculator,1,4(a),1,topics in arithmetic
1288,0607_s18_qp_21.json,607,s,May/Jun,2018,2,non_calculator,1,4(b),2,topics in arithmetic
1289,0607_s18_qp_21.json,607,s,May/Jun,2018,2,non_calculator,1,5,2,sequences
1290,0607_s18_qp_21.json,607,s,May/Jun,2018,2,non_calculator,1,6(a),2,expanding and factorising
1291,0607_s18_qp_21.json,607,s,May/Jun,2018,2,non_calculator,1,6(b),2,expanding and factorising
1292,0607_s18_qp_21.json,607,s,May/Jun,2018,2,non_calculator,1,7,2,circle theorems
1293,0607_s18_qp_21.json,607,s,May/Jun,2018,2,non_calculator,1,8,2,variation and proportion
1294,0607_s18_qp_21.json,607,s,May/Jun,2018,2,non_calculator,1,9(a),1,exponents and surds
1295,0607_s18_qp_21.json,607,s,May/Jun,2018,2,non_calculator,1,9(b),2,exponents and surds
1296,0607_s18_qp_21.json,607,s,May/Jun,2018,2,non_calculator,1,10,2,solving linear equations
1297,0607_s18_qp_21.json,607,s,May/Jun,2018,2,non_calculator,1,11,2,sets and Venn diagrams
1298,0607_s18_qp_21.json,607,s,May/Jun,2018,2,non_calculator,1,12(a),1,exponents and surds
1299,0607_s18_qp_21.json,607,s,May/Jun,2018,2,non_calculator,1,12(b),2,exponents and surds
1300,0607_s18_qp_21.json,607,s,May/Jun,2018,2,non_calculator,1,13,3,expanding and factorising
1301,0607_s18_qp_21.json,607,s,May/Jun,2018,2,non_calculator,1,14(a),1,logarithms
1302,0607_s18_qp_21.json,607,s,May/Jun,2018,2,non_calculator,1,14(b),2,logarithms
1303,0607_s18_qp_21.json,607,s,May/Jun,2018,2,non_calculator,1,15,3,mensuration
1304,0607_s18_qp_22.json,607,s,May/Jun,2018,2,non_calculator,2,1,1,mensuration
1305,0607_s18_qp_22.json,607,s,May/Jun,2018,2,non_calculator,2,2,1,angles
1306,0607_s18_qp_22.json,607,s,May/Jun,2018,2,non_calculator,2,3,1,probability
1307,0607_s18_qp_22.json,607,s,May/Jun,2018,2,non_calculator,2,4,1,topics in arithmetic
1308,0607_s18_qp_22.json,607,s,May/Jun,2018,2,non_calculator,2,5,2,solving linear equations
1309,0607_s18_qp_22.json,607,s,May/Jun,2018,2,non_calculator,2,6,2,topics in arithmetic
1310,0607_s18_qp_22.json,607,s,May/Jun,2018,2,non_calculator,2,7,2,inequalities
1311,0607_s18_qp_22.json,607,s,May/Jun,2018,2,non_calculator,2,8,2,straight lines
1312,0607_s18_qp_22.json,607,s,May/Jun,2018,2,non_calculator,2,9,3,topics in arithmetic
1313,0607_s18_qp_22.json,607,s,May/Jun,2018,2,non_calculator,2,10,2,statistics
1314,0607_s18_qp_22.json,607,s,May/Jun,2018,2,non_calculator,2,11(a),1,sequences
1315,0607_s18_qp_22.json,607,s,May/Jun,2018,2,non_calculator,2,11(b),2,sequences
1316,0607_s18_qp_22.json,607,s,May/Jun,2018,2,non_calculator,2,12,2,exponents and surds
1317,0607_s18_qp_22.json,607,s,May/Jun,2018,2,non_calculator,2,13,2,sets and Venn diagrams
1318,0607_s18_qp_22.json,607,s,May/Jun,2018,2,non_calculator,2,14,3,straight lines
1319,0607_s18_qp_22.json,607,s,May/Jun,2018,2,non_calculator,2,15,3,expanding and factorising
1320,0607_s18_qp_22.json,607,s,May/Jun,2018,2,non_calculator,2,16,3,probability
1321,0607_s18_qp_22.json,607,s,May/Jun,2018,2,non_calculator,2,17,3,expanding and factorising
1322,0607_s18_qp_22.json,607,s,May/Jun,2018,2,non_calculator,2,18,4,topics in arithmetic
1323,0607_s18_qp_23.json,607,s,May/Jun,2018,2,non_calculator,3,1(a),1,straight lines
1324,0607_s18_qp_23.json,607,s,May/Jun,2018,2,non_calculator,3,1(b),1,straight lines
1325,0607_s18_qp_23.json,607,s,May/Jun,2018,2,non_calculator,3,1(c),2,straight lines
1326,0607_s18_qp_23.json,607,s,May/Jun,2018,2,non_calculator,3,2,1,topics in arithmetic
1327,0607_s18_qp_23.json,607,s,May/Jun,2018,2,non_calculator,3,3,2,expanding and factorising
1328,0607_s18_qp_23.json,607,s,May/Jun,2018,2,non_calculator,3,4,1,exponents and surds
1329,0607_s18_qp_23.json,607,s,May/Jun,2018,2,non_calculator,3,5,2,functions
1330,0607_s18_qp_23.json,607,s,May/Jun,2018,2,non_calculator,3,6(a),1,inequalities
1331,0607_s18_qp_23.json,607,s,May/Jun,2018,2,non_calculator,3,6(b),1,inequalities
1332,0607_s18_qp_23.json,607,s,May/Jun,2018,2,non_calculator,3,7(a),2,vectors
1333,0607_s18_qp_23.json,607,s,May/Jun,2018,2,non_calculator,3,7(b),3,vectors
1334,0607_s18_qp_23.json,607,s,May/Jun,2018,2,non_calculator,3,8,2,exponents and surds
1335,0607_s18_qp_23.json,607,s,May/Jun,2018,2,non_calculator,3,9,2,topics in arithmetic
1336,0607_s18_qp_23.json,607,s,May/Jun,2018,2,non_calculator,3,10,2,inequalities
1337,0607_s18_qp_23.json,607,s,May/Jun,2018,2,non_calculator,3,11(a),1,probability
1338,0607_s18_qp_23.json,607,s,May/Jun,2018,2,non_calculator,3,11(b),1,probability
1339,0607_s18_qp_23.json,607,s,May/Jun,2018,2,non_calculator,3,11(c),1,probability
1340,0607_s18_qp_23.json,607,s,May/Jun,2018,2,non_calculator,3,12(a),2,graphing functions
1341,0607_s18_qp_23.json,607,s,May/Jun,2018,2,non_calculator,3,12(b),2,graphing functions
1342,0607_s18_qp_23.json,607,s,May/Jun,2018,2,non_calculator,3,13(a),2,statistics
1343,0607_s18_qp_23.json,607,s,May/Jun,2018,2,non_calculator,3,13(b),1,statistics
1344,0607_s18_qp_23.json,607,s,May/Jun,2018,2,non_calculator,3,14,3,solving linear equations
1345,0607_s18_qp_23.json,607,s,May/Jun,2018,2,non_calculator,3,15(a),3,logarithms
1346,0607_s18_qp_23.json,607,s,May/Jun,2018,2,non_calculator,3,15(b),1,logarithms
1347,0607_s18_qp_41.json,607,s,May/Jun,2018,4,calculator,1,1(a)(i),2,transformations
1348,0607_s18_qp_41.json,607,s,May/Jun,2018,4,calculator,1,1(a)(ii),2,transformations
1349,0607_s18_qp_41.json,607,s,May/Jun,2018,4,calculator,1,1(b),2,transformations
1350,0607_s18_qp_41.json,607,s,May/Jun,2018,4,calculator,1,1(c),2,transformations
1351,0607_s18_qp_41.json,607,s,May/Jun,2018,4,calculator,1,2(a),2,topics in arithmetic
1352,0607_s18_qp_41.json,607,s,May/Jun,2018,4,calculator,1,2(b),3,topics in arithmetic
1353,0607_s18_qp_41.json,607,s,May/Jun,2018,4,calculator,1,2(c),2,topics in arithmetic
1354,0607_s18_qp_41.json,607,s,May/Jun,2018,4,calculator,1,2(d),3,topics in arithmetic
1355,0607_s18_qp_41.json,607,s,May/Jun,2018,4,calculator,1,2(e),3,topics in arithmetic
1356,0607_s18_qp_41.json,607,s,May/Jun,2018,4,calculator,1,3(a),1,straight lines
1357,0607_s18_qp_41.json,607,s,May/Jun,2018,4,calculator,1,3(b)(i),1,straight lines
1358,0607_s18_qp_41.json,607,s,May/Jun,2018,4,calculator,1,3(b)(ii),1,straight lines
1359,0607_s18_qp_41.json,607,s,May/Jun,2018,4,calculator,1,3(c),3,straight lines
1360,0607_s18_qp_41.json,607,s,May/Jun,2018,4,calculator,1,4(a)(i),3,statistics
1361,0607_s18_qp_41.json,607,s,May/Jun,2018,4,calculator,1,4(a)(ii),2,statistics
1362,0607_s18_qp_41.json,607,s,May/Jun,2018,4,calculator,1,4(a)(iii),2,statistics
1363,0607_s18_qp_41.json,607,s,May/Jun,2018,4,calculator,1,4(b)(i),1,statistics
1364,0607_s18_qp_41.json,607,s,May/Jun,2018,4,calculator,1,4(b)(ii),2,statistics
1365,0607_s18_qp_41.json,607,s,May/Jun,2018,4,calculator,1,4(b)(iii),2,statistics
1366,0607_s18_qp_41.json,607,s,May/Jun,2018,4,calculator,1,4(c)(i),2,statistics
1367,0607_s18_qp_41.json,607,s,May/Jun,2018,4,calculator,1,4(c)(ii),4,statistics
1368,0607_s18_qp_41.json,607,s,May/Jun,2018,4,calculator,1,5(a)(i),2,graphing functions
1369,0607_s18_qp_41.json,607,s,May/Jun,2018,4,calculator,1,5(a)(ii),1,functions
1370,0607_s18_qp_41.json,607,s,May/Jun,2018,4,calculator,1,5(b)(i),2,graphing functions
1371,0607_s18_qp_41.json,607,s,May/Jun,2018,4,calculator,1,5(b)(ii),1,graphing functions
1372,0607_s18_qp_41.json,607,s,May/Jun,2018,4,calculator,1,5(b)(iii),2,graphing functions
1373,0607_s18_qp_41.json,607,s,May/Jun,2018,4,calculator,1,5(b)(iv),2,graphing functions
1374,0607_s18_qp_41.json,607,s,May/Jun,2018,4,calculator,1,5(c)(i),1,functions
1375,0607_s18_qp_41.json,607,s,May/Jun,2018,4,calculator,1,5(c)(ii),2,inequalities
1376,0607_s18_qp_41.json,607,s,May/Jun,2018,4,calculator,1,5(c)(iii),1,functions
1377,0607_s18_qp_41.json,607,s,May/Jun,2018,4,calculator,1,6(a)(i)(a),2,mensuration
1378,0607_s18_qp_41.json,607,s,May/Jun,2018,4,calculator,1,6(a)(i)(b),2,mensuration
1379,0607_s18_qp_41.json,607,s,May/Jun,2018,4,calculator,1,6(a)(ii),4,mensuration
1380,0607_s18_qp_41.json,607,s,May/Jun,2018,4,calculator,1,6(b),4,similarity
1381,0607_s18_qp_41.json,607,s,May/Jun,2018,4,calculator,1,7(a),2,probability
1382,0607_s18_qp_41.json,607,s,May/Jun,2018,4,calculator,1,7(b),3,probability
1383,0607_s18_qp_41.json,607,s,May/Jun,2018,4,calculator,1,7(c),2,probability
1384,0607_s18_qp_41.json,607,s,May/Jun,2018,4,calculator,1,8(a),2,topics in arithmetic
1385,0607_s18_qp_41.json,607,s,May/Jun,2018,4,calculator,1,8(b),3,topics in arithmetic
1386,0607_s18_qp_41.json,607,s,May/Jun,2018,4,calculator,1,9(a),2,trigonometry
1387,0607_s18_qp_41.json,607,s,May/Jun,2018,4,calculator,1,9(b),2,trigonometry
1388,0607_s18_qp_41.json,607,s,May/Jun,2018,4,calculator,1,9(c),4,trigonometry
1389,0607_s18_qp_41.json,607,s,May/Jun,2018,4,calculator,1,9(d),3,trigonometry
1390,0607_s18_qp_41.json,607,s,May/Jun,2018,4,calculator,1,10(a),3,topics in arithmetic
1391,0607_s18_qp_41.json,607,s,May/Jun,2018,4,calculator,1,10(b)(i),3,algebraic manipulation
1392,0607_s18_qp_41.json,607,s,May/Jun,2018,4,calculator,1,10(b)(ii),2,solving linear equations
1393,0607_s18_qp_41.json,607,s,May/Jun,2018,4,calculator,1,10(c)(i),3,algebraic manipulation
1394,0607_s18_qp_41.json,607,s,May/Jun,2018,4,calculator,1,10(c)(ii),2,solving linear equations
1395,0607_s18_qp_41.json,607,s,May/Jun,2018,4,calculator,1,11(a),1,functions
1396,0607_s18_qp_41.json,607,s,May/Jun,2018,4,calculator,1,11(b),2,functions
1397,0607_s18_qp_41.json,607,s,May/Jun,2018,4,calculator,1,11(c),2,solving linear equations
1398,0607_s18_qp_41.json,607,s,May/Jun,2018,4,calculator,1,11(d),3,transformations
1399,0607_s18_qp_41.json,607,s,May/Jun,2018,4,calculator,1,11(e),2,functions
1400,0607_s18_qp_41.json,607,s,May/Jun,2018,4,calculator,1,11(f),3,trigonometry
1401,0607_s18_qp_42.json,607,s,May/Jun,2018,4,calculator,2,1(a),1,exponents and surds
1402,0607_s18_qp_42.json,607,s,May/Jun,2018,4,calculator,2,1(b)(i),1,topics in arithmetic
1403,0607_s18_qp_42.json,607,s,May/Jun,2018,4,calculator,2,1(b)(ii),1,topics in arithmetic
1404,0607_s18_qp_42.json,607,s,May/Jun,2018,4,calculator,2,1(c),2,topics in arithmetic
1405,0607_s18_qp_42.json,607,s,May/Jun,2018,4,calculator,2,1(d),3,topics in arithmetic
1406,0607_s18_qp_42.json,607,s,May/Jun,2018,4,calculator,2,1(e),1,exponents and surds
1407,0607_s18_qp_42.json,607,s,May/Jun,2018,4,calculator,2,1(f),2,exponents and surds
1408,0607_s18_qp_42.json,607,s,May/Jun,2018,4,calculator,2,2(a),3,graphing functions
1409,0607_s18_qp_42.json,607,s,May/Jun,2018,4,calculator,2,2(b),3,graphing functions
1410,0607_s18_qp_42.json,607,s,May/Jun,2018,4,calculator,2,2(c),3,graphing functions
1411,0607_s18_qp_42.json,607,s,May/Jun,2018,4,calculator,2,3(a)(i),2,variation and proportion
1412,0607_s18_qp_42.json,607,s,May/Jun,2018,4,calculator,2,3(a)(ii),1,variation and proportion
1413,0607_s18_qp_42.json,607,s,May/Jun,2018,4,calculator,2,3(a)(iii),2,variation and proportion
1414,0607_s18_qp_42.json,607,s,May/Jun,2018,4,calculator,2,3(b),3,variation and proportion
1415,0607_s18_qp_42.json,607,s,May/Jun,2018,4,calculator,2,4(a)(i),2,statistics
1416,0607_s18_qp_42.json,607,s,May/Jun,2018,4,calculator,2,4(a)(ii),2,probability
1417,0607_s18_qp_42.json,607,s,May/Jun,2018,4,calculator,2,4(a)(iii),3,probability
1418,0607_s18_qp_42.json,607,s,May/Jun,2018,4,calculator,2,4(b)(i),2,statistics
1419,0607_s18_qp_42.json,607,s,May/Jun,2018,4,calculator,2,4(b)(ii),4,statistics
1420,0607_s18_qp_42.json,607,s,May/Jun,2018,4,calculator,2,5(a),2,Pythagoras
1421,0607_s18_qp_42.json,607,s,May/Jun,2018,4,calculator,2,5(b),2,angles
1422,0607_s18_qp_42.json,607,s,May/Jun,2018,4,calculator,2,5(c),3,Pythagoras
1423,0607_s18_qp_42.json,607,s,May/Jun,2018,4,calculator,2,5(d),3,mensuration
1424,0607_s18_qp_42.json,607,s,May/Jun,2018,4,calculator,2,5(e),2,similarity
1425,0607_s18_qp_42.json,607,s,May/Jun,2018,4,calculator,2,6(a),2,transformations
1426,0607_s18_qp_42.json,607,s,May/Jun,2018,4,calculator,2,6(b),2,transformations
1427,0607_s18_qp_42.json,607,s,May/Jun,2018,4,calculator,2,6(c),3,transformations
1428,0607_s18_qp_42.json,607,s,May/Jun,2018,4,calculator,2,6(d),2,transformations
1429,0607_s18_qp_42.json,607,s,May/Jun,2018,4,calculator,2,6(e),2,transformations
1430,0607_s18_qp_42.json,607,s,May/Jun,2018,4,calculator,2,7(a),2,mensuration
1431,0607_s18_qp_42.json,607,s,May/Jun,2018,4,calculator,2,7(b),2,mensuration
1432,0607_s18_qp_42.json,607,s,May/Jun,2018,4,calculator,2,7(c),2,similarity
1433,0607_s18_qp_42.json,607,s,May/Jun,2018,4,calculator,2,7(d)(i),2,mensuration
1434,0607_s18_qp_42.json,607,s,May/Jun,2018,4,calculator,2,7(d)(ii),2,mensuration
1435,0607_s18_qp_42.json,607,s,May/Jun,2018,4,calculator,2,7(d)(iii),3,similarity
1436,0607_s18_qp_42.json,607,s,May/Jun,2018,4,calculator,2,7(d)(iv),2,solving linear equations
1437,0607_s18_qp_42.json,607,s,May/Jun,2018,4,calculator,2,8(a),1,circle theorems
1438,0607_s18_qp_42.json,607,s,May/Jun,2018,4,calculator,2,8(b)(i),2,circle theorems
1439,0607_s18_qp_42.json,607,s,May/Jun,2018,4,calculator,2,8(b)(ii),2,circle theorems
1440,0607_s18_qp_42.json,607,s,May/Jun,2018,4,calculator,2,8(b)(iii),1,circle theorems
1441,0607_s18_qp_42.json,607,s,May/Jun,2018,4,calculator,2,8(b)(iv),1,circle theorems
1442,0607_s18_qp_42.json,607,s,May/Jun,2018,4,calculator,2,8(b)(v),1,circle theorems
1443,0607_s18_qp_42.json,607,s,May/Jun,2018,4,calculator,2,9(a),3,trigonometry
1444,0607_s18_qp_42.json,607,s,May/Jun,2018,4,calculator,2,9(b),3,trigonometry
1445,0607_s18_qp_42.json,607,s,May/Jun,2018,4,calculator,2,9(c),2,trigonometry
1446,0607_s18_qp_42.json,607,s,May/Jun,2018,4,calculator,2,9(d),2,trigonometry
1447,0607_s18_qp_42.json,607,s,May/Jun,2018,4,calculator,2,10(a)(i),3,statistics
1448,0607_s18_qp_42.json,607,s,May/Jun,2018,4,calculator,2,10(a)(ii),1,statistics
1449,0607_s18_qp_42.json,607,s,May/Jun,2018,4,calculator,2,10(b)(i),1,statistics
1450,0607_s18_qp_42.json,607,s,May/Jun,2018,4,calculator,2,10(b)(ii),1,statistics
1451,0607_s18_qp_42.json,607,s,May/Jun,2018,4,calculator,2,10(c)(i),2,straight lines
1452,0607_s18_qp_42.json,607,s,May/Jun,2018,4,calculator,2,10(c)(ii),1,straight lines
1453,0607_s18_qp_42.json,607,s,May/Jun,2018,4,calculator,2,10(c)(iii),1,straight lines
1454,0607_s18_qp_42.json,607,s,May/Jun,2018,4,calculator,2,11(a)(i),1,functions
1455,0607_s18_qp_42.json,607,s,May/Jun,2018,4,calculator,2,11(a)(ii),2,functions
1456,0607_s18_qp_42.json,607,s,May/Jun,2018,4,calculator,2,11(b),2,functions
1457,0607_s18_qp_42.json,607,s,May/Jun,2018,4,calculator,2,11(c)(i),1,functions
1458,0607_s18_qp_42.json,607,s,May/Jun,2018,4,calculator,2,11(c)(ii),3,functions
1459,0607_s18_qp_42.json,607,s,May/Jun,2018,4,calculator,2,11(d)(i),2,functions
1460,0607_s18_qp_42.json,607,s,May/Jun,2018,4,calculator,2,11(d)(ii),2,inequalities
1461,0607_s18_qp_43.json,607,s,May/Jun,2018,4,calculator,3,1(a),1,statistics
1462,0607_s18_qp_43.json,607,s,May/Jun,2018,4,calculator,3,1(b),2,statistics
1463,0607_s18_qp_43.json,607,s,May/Jun,2018,4,calculator,3,1(c),1,statistics
1464,0607_s18_qp_43.json,607,s,May/Jun,2018,4,calculator,3,1(d),1,statistics
1465,0607_s18_qp_43.json,607,s,May/Jun,2018,4,calculator,3,1(e),2,statistics
1466,0607_s18_qp_43.json,607,s,May/Jun,2018,4,calculator,3,1(f),1,statistics
1467,0607_s18_qp_43.json,607,s,May/Jun,2018,4,calculator,3,2(a),2,topics in arithmetic
1468,0607_s18_qp_43.json,607,s,May/Jun,2018,4,calculator,3,2(b),3,topics in arithmetic
1469,0607_s18_qp_43.json,607,s,May/Jun,2018,4,calculator,3,2(c),3,topics in arithmetic
1470,0607_s18_qp_43.json,607,s,May/Jun,2018,4,calculator,3,2(d),3,topics in arithmetic
1471,0607_s18_qp_43.json,607,s,May/Jun,2018,4,calculator,3,3(a),2,transformations
1472,0607_s18_qp_43.json,607,s,May/Jun,2018,4,calculator,3,3(b),2,transformations
1473,0607_s18_qp_43.json,607,s,May/Jun,2018,4,calculator,3,3(c),3,transformations
1474,0607_s18_qp_43.json,607,s,May/Jun,2018,4,calculator,3,4(a),3,statistics
1475,0607_s18_qp_43.json,607,s,May/Jun,2018,4,calculator,3,4(b)(i),1,statistics
1476,0607_s18_qp_43.json,607,s,May/Jun,2018,4,calculator,3,4(b)(ii),1,statistics
1477,0607_s18_qp_43.json,607,s,May/Jun,2018,4,calculator,3,4(c)(i),2,statistics
1478,0607_s18_qp_43.json,607,s,May/Jun,2018,4,calculator,3,4(c)(ii),1,statistics
1479,0607_s18_qp_43.json,607,s,May/Jun,2018,4,calculator,3,4(c)(iii),1,statistics
1480,0607_s18_qp_43.json,607,s,May/Jun,2018,4,calculator,3,5(a),3,graphing functions
1481,0607_s18_qp_43.json,607,s,May/Jun,2018,4,calculator,3,5(b),2,graphing functions
1482,0607_s18_qp_43.json,607,s,May/Jun,2018,4,calculator,3,5(c),3,graphing functions
1483,0607_s18_qp_43.json,607,s,May/Jun,2018,4,calculator,3,5(d),2,graphing functions
1484,0607_s18_qp_43.json,607,s,May/Jun,2018,4,calculator,3,5(e)(i),2,graphing functions
1485,0607_s18_qp_43.json,607,s,May/Jun,2018,4,calculator,3,5(e)(ii),2,inequalities
1486,0607_s18_qp_43.json,607,s,May/Jun,2018,4,calculator,3,6(a),4,vectors
1487,0607_s18_qp_43.json,607,s,May/Jun,2018,4,calculator,3,6(b),5,vectors
1488,0607_s18_qp_43.json,607,s,May/Jun,2018,4,calculator,3,6(c)(i),2,vectors
1489,0607_s18_qp_43.json,607,s,May/Jun,2018,4,calculator,3,6(c)(ii),3,angles
1490,0607_s18_qp_43.json,607,s,May/Jun,2018,4,calculator,3,7(a),3,mensuration
1491,0607_s18_qp_43.json,607,s,May/Jun,2018,4,calculator,3,7(b),5,mensuration
1492,0607_s18_qp_43.json,607,s,May/Jun,2018,4,calculator,3,7(c),3,mensuration
1493,0607_s18_qp_43.json,607,s,May/Jun,2018,4,calculator,3,8(a),3,probability
1494,0607_s18_qp_43.json,607,s,May/Jun,2018,4,calculator,3,8(b),2,probability
1495,0607_s18_qp_43.json,607,s,May/Jun,2018,4,calculator,3,8(c),4,probability
1496,0607_s18_qp_43.json,607,s,May/Jun,2018,4,calculator,3,9(a),3,sequences
1497,0607_s18_qp_43.json,607,s,May/Jun,2018,4,calculator,3,9(b)(i),2,sequences
1498,0607_s18_qp_43.json,607,s,May/Jun,2018,4,calculator,3,9(b)(ii),2,sequences
1499,0607_s18_qp_43.json,607,s,May/Jun,2018,4,calculator,3,9(c),2,sequences
1500,0607_s18_qp_43.json,607,s,May/Jun,2018,4,calculator,3,10(a),1,solving quadratic equations
1501,0607_s18_qp_43.json,607,s,May/Jun,2018,4,calculator,3,10(b)(i),3,solving quadratic equations
1502,0607_s18_qp_43.json,607,s,May/Jun,2018,4,calculator,3,10(b)(ii),3,solving quadratic equations
1503,0607_s18_qp_43.json,607,s,May/Jun,2018,4,calculator,3,10(b)(iii),2,solving quadratic equations
1504,0607_s18_qp_43.json,607,s,May/Jun,2018,4,calculator,3,11(a)(i),2,similarity
1505,0607_s18_qp_43.json,607,s,May/Jun,2018,4,calculator,3,11(a)(ii),1,similarity
1506,0607_s18_qp_43.json,607,s,May/Jun,2018,4,calculator,3,11(b),2,similarity
1507,0607_s18_qp_43.json,607,s,May/Jun,2018,4,calculator,3,11(c)(i),1,similarity
1508,0607_s18_qp_43.json,607,s,May/Jun,2018,4,calculator,3,11(c)(ii),1,similarity
1509,0607_s18_qp_43.json,607,s,May/Jun,2018,4,calculator,3,12(a),1,functions
1510,0607_s18_qp_43.json,607,s,May/Jun,2018,4,calculator,3,12(b),2,functions
1511,0607_s18_qp_43.json,607,s,May/Jun,2018,4,calculator,3,12(c),2,functions
1512,0607_s18_qp_43.json,607,s,May/Jun,2018,4,calculator,3,12(d),2,functions
1513,0607_s18_qp_43.json,607,s,May/Jun,2018,4,calculator,3,12(e),2,functions
1514,0607_s18_qp_43.json,607,s,May/Jun,2018,4,calculator,3,12(f),3,functions
1515,0607_s19_qp_21.json,607,s,May/Jun,2019,2,non_calculator,1,1(a),1,exponents and surds
1516,0607_s19_qp_21.json,607,s,May/Jun,2019,2,non_calculator,1,1(b),2,topics in arithmetic
1517,0607_s19_qp_21.json,607,s,May/Jun,2019,2,non_calculator,1,2,2,topics in arithmetic
1518,0607_s19_qp_21.json,607,s,May/Jun,2019,2,non_calculator,1,3,2,angles
1519,0607_s19_qp_21.json,607,s,May/Jun,2019,2,non_calculator,1,4,2,expanding and factorising
1520,0607_s19_qp_21.json,607,s,May/Jun,2019,2,non_calculator,1,5(a),2,topics in arithmetic
1521,0607_s19_qp_21.json,607,s,May/Jun,2019,2,non_calculator,1,5(b),2,topics in arithmetic
1522,0607_s19_qp_21.json,607,s,May/Jun,2019,2,non_calculator,1,6(a),2,inequalities
1523,0607_s19_qp_21.json,607,s,May/Jun,2019,2,non_calculator,1,6(b),2,solving linear equations
1524,0607_s19_qp_21.json,607,s,May/Jun,2019,2,non_calculator,1,7,2,exponents and surds
1525,0607_s19_qp_21.json,607,s,May/Jun,2019,2,non_calculator,1,8(a),1,variation and proportion
1526,0607_s19_qp_21.json,607,s,May/Jun,2019,2,non_calculator,1,8(b),2,variation and proportion
1527,0607_s19_qp_21.json,607,s,May/Jun,2019,2,non_calculator,1,9,2,expanding and factorising
1528,0607_s19_qp_21.json,607,s,May/Jun,2019,2,non_calculator,1,10(a),2,sets and Venn diagrams
1529,0607_s19_qp_21.json,607,s,May/Jun,2019,2,non_calculator,1,10(b),1,sets and Venn diagrams
1530,0607_s19_qp_21.json,607,s,May/Jun,2019,2,non_calculator,1,11(a),1,straight lines
1531,0607_s19_qp_21.json,607,s,May/Jun,2019,2,non_calculator,1,11(b),3,straight lines
1532,0607_s19_qp_21.json,607,s,May/Jun,2019,2,non_calculator,1,12,3,mensuration
1533,0607_s19_qp_21.json,607,s,May/Jun,2019,2,non_calculator,1,13,3,solving linear equations
1534,0607_s19_qp_21.json,607,s,May/Jun,2019,2,non_calculator,1,14(a),1,logarithms
1535,0607_s19_qp_21.json,607,s,May/Jun,2019,2,non_calculator,1,14(b),2,logarithms
1536,0607_s19_qp_22.json,607,s,May/Jun,2019,2,non_calculator,2,1,2,angles
1537,0607_s19_qp_22.json,607,s,May/Jun,2019,2,non_calculator,2,2,2,angles
1538,0607_s19_qp_22.json,607,s,May/Jun,2019,2,non_calculator,2,3,2,vectors
1539,0607_s19_qp_22.json,607,s,May/Jun,2019,2,non_calculator,2,4(a),1,exponents and surds
1540,0607_s19_qp_22.json,607,s,May/Jun,2019,2,non_calculator,2,4(b),2,exponents and surds
1541,0607_s19_qp_22.json,607,s,May/Jun,2019,2,non_calculator,2,5(a),1,statistics
1542,0607_s19_qp_22.json,607,s,May/Jun,2019,2,non_calculator,2,5(b),1,statistics
1543,0607_s19_qp_22.json,607,s,May/Jun,2019,2,non_calculator,2,6,2,topics in arithmetic
1544,0607_s19_qp_22.json,607,s,May/Jun,2019,2,non_calculator,2,7,2,topics in arithmetic
1545,0607_s19_qp_22.json,607,s,May/Jun,2019,2,non_calculator,2,8,2,simultaneous equations
1546,0607_s19_qp_22.json,607,s,May/Jun,2019,2,non_calculator,2,9,2,straight lines
1547,0607_s19_qp_22.json,607,s,May/Jun,2019,2,non_calculator,2,10,1,exponents and surds
1548,0607_s19_qp_22.json,607,s,May/Jun,2019,2,non_calculator,2,11,2,sets and Venn diagrams
1549,0607_s19_qp_22.json,607,s,May/Jun,2019,2,non_calculator,2,12,2,expanding and factorising
1550,0607_s19_qp_22.json,607,s,May/Jun,2019,2,non_calculator,2,13,2,exponents and surds
1551,0607_s19_qp_22.json,607,s,May/Jun,2019,2,non_calculator,2,14,2,expanding and factorising
1552,0607_s19_qp_22.json,607,s,May/Jun,2019,2,non_calculator,2,15,2,circle theorems
1553,0607_s19_qp_22.json,607,s,May/Jun,2019,2,non_calculator,2,16,2,exponents and surds
1554,0607_s19_qp_22.json,607,s,May/Jun,2019,2,non_calculator,2,17,2,variation and proportion
1555,0607_s19_qp_22.json,607,s,May/Jun,2019,2,non_calculator,2,18,3,expanding and factorising
1556,0607_s19_qp_22.json,607,s,May/Jun,2019,2,non_calculator,2,19(a),2,logarithms
1557,0607_s19_qp_22.json,607,s,May/Jun,2019,2,non_calculator,2,19(b),1,logarithms
1558,0607_s19_qp_23.json,607,s,May/Jun,2019,2,non_calculator,3,1,1,exponents and surds
1559,0607_s19_qp_23.json,607,s,May/Jun,2019,2,non_calculator,3,2,1,functions
1560,0607_s19_qp_23.json,607,s,May/Jun,2019,2,non_calculator,3,3,2,angles
1561,0607_s19_qp_23.json,607,s,May/Jun,2019,2,non_calculator,3,4,2,expanding and factorising
1562,0607_s19_qp_23.json,607,s,May/Jun,2019,2,non_calculator,3,5,1,topics in arithmetic
1563,0607_s19_qp_23.json,607,s,May/Jun,2019,2,non_calculator,3,6,1,statistics
1564,0607_s19_qp_23.json,607,s,May/Jun,2019,2,non_calculator,3,7,3,topics in arithmetic
1565,0607_s19_qp_23.json,607,s,May/Jun,2019,2,non_calculator,3,8(a),2,exponents and surds
1566,0607_s19_qp_23.json,607,s,May/Jun,2019,2,non_calculator,3,8(b),2,exponents and surds
1567,0607_s19_qp_23.json,607,s,May/Jun,2019,2,non_calculator,3,9,2,probability
1568,0607_s19_qp_23.json,607,s,May/Jun,2019,2,non_calculator,3,10(a),2,vectors
1569,0607_s19_qp_23.json,607,s,May/Jun,2019,2,non_calculator,3,10(b),2,vectors
1570,0607_s19_qp_23.json,607,s,May/Jun,2019,2,non_calculator,3,11(a),1,topics in arithmetic
1571,0607_s19_qp_23.json,607,s,May/Jun,2019,2,non_calculator,3,11(b),2,topics in arithmetic
1572,0607_s19_qp_23.json,607,s,May/Jun,2019,2,non_calculator,3,12,2,straight lines
1573,0607_s19_qp_23.json,607,s,May/Jun,2019,2,non_calculator,3,13,3,solving linear equations
1574,0607_s19_qp_23.json,607,s,May/Jun,2019,2,non_calculator,3,14,2,expanding and factorising
1575,0607_s19_qp_23.json,607,s,May/Jun,2019,2,non_calculator,3,15,3,topics in arithmetic
1576,0607_s19_qp_23.json,607,s,May/Jun,2019,2,non_calculator,3,16,3,circle theorems
1577,0607_s19_qp_23.json,607,s,May/Jun,2019,2,non_calculator,3,17,3,statistics
1578,0607_s19_qp_41.json,607,s,May/Jun,2019,4,calculator,1,1(a),2,topics in arithmetic
1579,0607_s19_qp_41.json,607,s,May/Jun,2019,4,calculator,1,1(b),3,topics in arithmetic
1580,0607_s19_qp_41.json,607,s,May/Jun,2019,4,calculator,1,1(c),4,topics in arithmetic
1581,0607_s19_qp_41.json,607,s,May/Jun,2019,4,calculator,1,2(a),2,transformations
1582,0607_s19_qp_41.json,607,s,May/Jun,2019,4,calculator,1,2(b),2,transformations
1583,0607_s19_qp_41.json,607,s,May/Jun,2019,4,calculator,1,2(c)(i),3,transformations
1584,0607_s19_qp_41.json,607,s,May/Jun,2019,4,calculator,1,2(c)(ii),3,transformations
1585,0607_s19_qp_41.json,607,s,May/Jun,2019,4,calculator,1,3(a),3,exponents and surds
1586,0607_s19_qp_41.json,607,s,May/Jun,2019,4,calculator,1,3(b),4,exponents and surds
1587,0607_s19_qp_41.json,607,s,May/Jun,2019,4,calculator,1,4(a),2,statistics
1588,0607_s19_qp_41.json,607,s,May/Jun,2019,4,calculator,1,4(b),5,statistics
1589,0607_s19_qp_41.json,607,s,May/Jun,2019,4,calculator,1,4(c)(i),1,statistics
1590,0607_s19_qp_41.json,607,s,May/Jun,2019,4,calculator,1,4(c)(ii),2,statistics
1591,0607_s19_qp_41.json,607,s,May/Jun,2019,4,calculator,1,4(c)(iii),2,statistics
1592,0607_s19_qp_41.json,607,s,May/Jun,2019,4,calculator,1,4(d)(i),2,statistics
1593,0607_s19_qp_41.json,607,s,May/Jun,2019,4,calculator,1,4(d)(ii),3,statistics
1594,0607_s19_qp_41.json,607,s,May/Jun,2019,4,calculator,1,5(a),2,statistics
1595,0607_s19_qp_41.json,607,s,May/Jun,2019,4,calculator,1,5(b),1,probability
1596,0607_s19_qp_41.json,607,s,May/Jun,2019,4,calculator,1,5(c)(i),3,probability
1597,0607_s19_qp_41.json,607,s,May/Jun,2019,4,calculator,1,5(c)(ii),3,probability
1598,0607_s19_qp_41.json,607,s,May/Jun,2019,4,calculator,1,6(a)(i),2,variation and proportion
1599,0607_s19_qp_41.json,607,s,May/Jun,2019,4,calculator,1,6(a)(ii),1,variation and proportion
1600,0607_s19_qp_41.json,607,s,May/Jun,2019,4,calculator,1,6(a)(iii),2,variation and proportion
1601,0607_s19_qp_41.json,607,s,May/Jun,2019,4,calculator,1,6(b),2,variation and proportion
1602,0607_s19_qp_41.json,607,s,May/Jun,2019,4,calculator,1,7(a),3,vectors
1603,0607_s19_qp_41.json,607,s,May/Jun,2019,4,calculator,1,7(b),3,vectors
1604,0607_s19_qp_41.json,607,s,May/Jun,2019,4,calculator,1,8(a),3,Pythagoras
1605,0607_s19_qp_41.json,607,s,May/Jun,2019,4,calculator,1,8(b),3,trigonometry
1606,0607_s19_qp_41.json,607,s,May/Jun,2019,4,calculator,1,8(c),3,mensuration
1607,0607_s19_qp_41.json,607,s,May/Jun,2019,4,calculator,1,8(d),3,trigonometry
1608,0607_s19_qp_41.json,607,s,May/Jun,2019,4,calculator,1,9(a),3,mensuration
1609,0607_s19_qp_41.json,607,s,May/Jun,2019,4,calculator,1,9(b),3,solving quadratic equations
1610,0607_s19_qp_41.json,607,s,May/Jun,2019,4,calculator,1,9(c),2,mensuration
1611,0607_s19_qp_41.json,607,s,May/Jun,2019,4,calculator,1,10(a)(i),1,functions
1612,0607_s19_qp_41.json,607,s,May/Jun,2019,4,calculator,1,10(a)(ii),2,functions
1613,0607_s19_qp_41.json,607,s,May/Jun,2019,4,calculator,1,10(a)(iii),3,functions
1614,0607_s19_qp_41.json,607,s,May/Jun,2019,4,calculator,1,10(a)(iv),2,functions
1615,0607_s19_qp_41.json,607,s,May/Jun,2019,4,calculator,1,10(a)(v),2,functions
1616,0607_s19_qp_41.json,607,s,May/Jun,2019,4,calculator,1,10(a)(vi),3,functions
1617,0607_s19_qp_41.json,607,s,May/Jun,2019,4,calculator,1,10(b),1,functions
1618,0607_s19_qp_41.json,607,s,May/Jun,2019,4,calculator,1,11(a),3,graphing functions
1619,0607_s19_qp_41.json,607,s,May/Jun,2019,4,calculator,1,11(b),2,graphing functions
1620,0607_s19_qp_41.json,607,s,May/Jun,2019,4,calculator,1,11(c),3,graphing functions
1621,0607_s19_qp_41.json,607,s,May/Jun,2019,4,calculator,1,11(d)(i),3,graphing functions
1622,0607_s19_qp_41.json,607,s,May/Jun,2019,4,calculator,1,11(d)(ii),3,inequalities
1623,0607_s19_qp_41.json,607,s,May/Jun,2019,4,calculator,1,12(a),5,sequences
1624,0607_s19_qp_41.json,607,s,May/Jun,2019,4,calculator,1,12(b),2,sequences
1625,0607_s19_qp_42.json,607,s,May/Jun,2019,4,calculator,2,1(a),1,topics in arithmetic
1626,0607_s19_qp_42.json,607,s,May/Jun,2019,4,calculator,2,1(b),2,topics in arithmetic
1627,0607_s19_qp_42.json,607,s,May/Jun,2019,4,calculator,2,1(c),1,topics in arithmetic
1628,0607_s19_qp_42.json,607,s,May/Jun,2019,4,calculator,2,1(d)(i),2,topics in arithmetic
1629,0607_s19_qp_42.json,607,s,May/Jun,2019,4,calculator,2,1(d)(ii),3,topics in arithmetic
1630,0607_s19_qp_42.json,607,s,May/Jun,2019,4,calculator,2,2(a),2,graphing functions
1631,0607_s19_qp_42.json,607,s,May/Jun,2019,4,calculator,2,2(b),2,graphing functions
1632,0607_s19_qp_42.json,607,s,May/Jun,2019,4,calculator,2,2(c),1,logarithms
1633,0607_s19_qp_42.json,607,s,May/Jun,2019,4,calculator,2,2(d),1,graphing functions
1634,0607_s19_qp_42.json,607,s,May/Jun,2019,4,calculator,2,2(e),1,logarithms
1635,0607_s19_qp_42.json,607,s,May/Jun,2019,4,calculator,2,2(f),1,inequalities
1636,0607_s19_qp_42.json,607,s,May/Jun,2019,4,calculator,2,3(a),3,probability
1637,0607_s19_qp_42.json,607,s,May/Jun,2019,4,calculator,2,3(b)(i),3,probability
1638,0607_s19_qp_42.json,607,s,May/Jun,2019,4,calculator,2,3(b)(ii),1,probability
1639,0607_s19_qp_42.json,607,s,May/Jun,2019,4,calculator,2,4(a),3,mensuration
1640,0607_s19_qp_42.json,607,s,May/Jun,2019,4,calculator,2,4(b),2,mensuration
1641,0607_s19_qp_42.json,607,s,May/Jun,2019,4,calculator,2,4(c),3,mensuration
1642,0607_s19_qp_42.json,607,s,May/Jun,2019,4,calculator,2,4(d),3,similarity
1643,0607_s19_qp_42.json,607,s,May/Jun,2019,4,calculator,2,5(a),3,topics in arithmetic
1644,0607_s19_qp_42.json,607,s,May/Jun,2019,4,calculator,2,5(b),3,topics in arithmetic
1645,0607_s19_qp_42.json,607,s,May/Jun,2019,4,calculator,2,5(c),2,topics in arithmetic
1646,0607_s19_qp_42.json,607,s,May/Jun,2019,4,calculator,2,6(a),1,transformations
1647,0607_s19_qp_42.json,607,s,May/Jun,2019,4,calculator,2,6(b),2,transformations
1648,0607_s19_qp_42.json,607,s,May/Jun,2019,4,calculator,2,6(c),3,transformations
1649,0607_s19_qp_42.json,607,s,May/Jun,2019,4,calculator,2,6(d),2,transformations
1650,0607_s19_qp_42.json,607,s,May/Jun,2019,4,calculator,2,7(a),1,graphing functions
1651,0607_s19_qp_42.json,607,s,May/Jun,2019,4,calculator,2,7(b)(i),2,graphing functions
1652,0607_s19_qp_42.json,607,s,May/Jun,2019,4,calculator,2,7(b)(ii),2,graphing functions
1653,0607_s19_qp_42.json,607,s,May/Jun,2019,4,calculator,2,7(b)(iii),1,graphing functions
1654,0607_s19_qp_42.json,607,s,May/Jun,2019,4,calculator,2,7(b)(iv),3,graphing functions
1655,0607_s19_qp_42.json,607,s,May/Jun,2019,4,calculator,2,8(a),1,sequences
1656,0607_s19_qp_42.json,607,s,May/Jun,2019,4,calculator,2,8(b),2,sequences
1657,0607_s19_qp_42.json,607,s,May/Jun,2019,4,calculator,2,8(c),2,sequences
1658,0607_s19_qp_42.json,607,s,May/Jun,2019,4,calculator,2,8(d),2,sequences
1659,0607_s19_qp_42.json,607,s,May/Jun,2019,4,calculator,2,9(a),1,statistics
1660,0607_s19_qp_42.json,607,s,May/Jun,2019,4,calculator,2,9(b),2,statistics
1661,0607_s19_qp_42.json,607,s,May/Jun,2019,4,calculator,2,9(c),4,statistics
1662,0607_s19_qp_42.json,607,s,May/Jun,2019,4,calculator,2,9(d)(i),1,probability
1663,0607_s19_qp_42.json,607,s,May/Jun,2019,4,calculator,2,9(d)(ii),2,probability
1664,0607_s19_qp_42.json,607,s,May/Jun,2019,4,calculator,2,9(d)(iii),2,probability
1665,0607_s19_qp_42.json,607,s,May/Jun,2019,4,calculator,2,10(a),5,simultaneous equations
1666,0607_s19_qp_42.json,607,s,May/Jun,2019,4,calculator,2,10(b)(i),4,solving quadratic equations
1667,0607_s19_qp_42.json,607,s,May/Jun,2019,4,calculator,2,10(b)(ii),2,expanding and factorising
1668,0607_s19_qp_42.json,607,s,May/Jun,2019,4,calculator,2,10(b)(iii),2,mensuration
1669,0607_s19_qp_42.json,607,s,May/Jun,2019,4,calculator,2,11(a),3,trigonometry
1670,0607_s19_qp_42.json,607,s,May/Jun,2019,4,calculator,2,11(b),3,trigonometry
1671,0607_s19_qp_42.json,607,s,May/Jun,2019,4,calculator,2,11(c),3,trigonometry
1672,0607_s19_qp_42.json,607,s,May/Jun,2019,4,calculator,2,11(d),4,trigonometry
1673,0607_s19_qp_42.json,607,s,May/Jun,2019,4,calculator,2,12(a),1,functions
1674,0607_s19_qp_42.json,607,s,May/Jun,2019,4,calculator,2,12(b),2,functions
1675,0607_s19_qp_42.json,607,s,May/Jun,2019,4,calculator,2,12(c),3,functions
1676,0607_s19_qp_42.json,607,s,May/Jun,2019,4,calculator,2,12(d),2,functions
1677,0607_s19_qp_42.json,607,s,May/Jun,2019,4,calculator,2,12(e),3,functions
1678,0607_s19_qp_42.json,607,s,May/Jun,2019,4,calculator,2,12(f)(i),1,logarithms
1679,0607_s19_qp_42.json,607,s,May/Jun,2019,4,calculator,2,12(f)(ii),1,logarithms
1680,0607_s19_qp_42.json,607,s,May/Jun,2019,4,calculator,2,12(f)(iii),2,functions
1681,0607_s19_qp_43.json,607,s,May/Jun,2019,4,calculator,3,1(a),2,mensuration
1682,0607_s19_qp_43.json,607,s,May/Jun,2019,4,calculator,3,1(b),2,mensuration
1683,0607_s19_qp_43.json,607,s,May/Jun,2019,4,calculator,3,2(a)(i),1,statistics
1684,0607_s19_qp_43.json,607,s,May/Jun,2019,4,calculator,3,2(a)(ii),1,statistics
1685,0607_s19_qp_43.json,607,s,May/Jun,2019,4,calculator,3,2(b),2,statistics
1686,0607_s19_qp_43.json,607,s,May/Jun,2019,4,calculator,3,2(c)(i),1,statistics
1687,0607_s19_qp_43.json,607,s,May/Jun,2019,4,calculator,3,2(c)(ii),1,statistics
1688,0607_s19_qp_43.json,607,s,May/Jun,2019,4,calculator,3,2(d),1,statistics
1689,0607_s19_qp_43.json,607,s,May/Jun,2019,4,calculator,3,3(a)(i),1,probability
1690,0607_s19_qp_43.json,607,s,May/Jun,2019,4,calculator,3,3(a)(ii),1,probability
1691,0607_s19_qp_43.json,607,s,May/Jun,2019,4,calculator,3,3(b),2,probability
1692,0607_s19_qp_43.json,607,s,May/Jun,2019,4,calculator,3,3(c),3,probability
1693,0607_s19_qp_43.json,607,s,May/Jun,2019,4,calculator,3,4(a),3,graphing functions
1694,0607_s19_qp_43.json,607,s,May/Jun,2019,4,calculator,3,4(b),2,functions
1695,0607_s19_qp_43.json,607,s,May/Jun,2019,4,calculator,3,4(c)(i),2,graphing functions
1696,0607_s19_qp_43.json,607,s,May/Jun,2019,4,calculator,3,4(c)(ii),3,graphing functions
1697,0607_s19_qp_43.json,607,s,May/Jun,2019,4,calculator,3,4(c)(iii),2,graphing functions
1698,0607_s19_qp_43.json,607,s,May/Jun,2019,4,calculator,3,5(a),1,sets and Venn diagrams
1699,0607_s19_qp_43.json,607,s,May/Jun,2019,4,calculator,3,5(b),3,sets and Venn diagrams
1700,0607_s19_qp_43.json,607,s,May/Jun,2019,4,calculator,3,5(c),1,sets and Venn diagrams
1701,0607_s19_qp_43.json,607,s,May/Jun,2019,4,calculator,3,5(d),1,sets and Venn diagrams
1702,0607_s19_qp_43.json,607,s,May/Jun,2019,4,calculator,3,6(a)(i),1,transformations
1703,0607_s19_qp_43.json,607,s,May/Jun,2019,4,calculator,3,6(a)(ii),2,transformations
1704,0607_s19_qp_43.json,607,s,May/Jun,2019,4,calculator,3,6(a)(iii),2,transformations
1705,0607_s19_qp_43.json,607,s,May/Jun,2019,4,calculator,3,6(b),3,transformations
1706,0607_s19_qp_43.json,607,s,May/Jun,2019,4,calculator,3,6(c),2,transformations
1707,0607_s19_qp_43.json,607,s,May/Jun,2019,4,calculator,3,7(a)(i),3,topics in arithmetic
1708,0607_s19_qp_43.json,607,s,May/Jun,2019,4,calculator,3,7(a)(ii),3,topics in arithmetic
1709,0607_s19_qp_43.json,607,s,May/Jun,2019,4,calculator,3,7(b),3,topics in arithmetic
1710,0607_s19_qp_43.json,607,s,May/Jun,2019,4,calculator,3,7(c),3,topics in arithmetic
1711,0607_s19_qp_43.json,607,s,May/Jun,2019,4,calculator,3,8(a),3,graphing functions
1712,0607_s19_qp_43.json,607,s,May/Jun,2019,4,calculator,3,8(b),1,graphing functions
1713,0607_s19_qp_43.json,607,s,May/Jun,2019,4,calculator,3,8(c),1,functions
1714,0607_s19_qp_43.json,607,s,May/Jun,2019,4,calculator,3,8(d)(i),1,graphing functions
1715,0607_s19_qp_43.json,607,s,May/Jun,2019,4,calculator,3,8(d)(ii),2,graphing functions
1716,0607_s19_qp_43.json,607,s,May/Jun,2019,4,calculator,3,9(a)(i),1,solving linear equations
1717,0607_s19_qp_43.json,607,s,May/Jun,2019,4,calculator,3,9(a)(ii),2,solving linear equations
1718,0607_s19_qp_43.json,607,s,May/Jun,2019,4,calculator,3,9(a)(iii),4,solving quadratic equations
1719,0607_s19_qp_43.json,607,s,May/Jun,2019,4,calculator,3,9(b)(i),2,inequalities
1720,0607_s19_qp_43.json,607,s,May/Jun,2019,4,calculator,3,9(b)(ii),3,inequalities
1721,0607_s19_qp_43.json,607,s,May/Jun,2019,4,calculator,3,9(c),4,simultaneous equations
1722,0607_s19_qp_43.json,607,s,May/Jun,2019,4,calculator,3,9(d),3,logarithms
1723,0607_s19_qp_43.json,607,s,May/Jun,2019,4,calculator,3,10(a),1,vectors
1724,0607_s19_qp_43.json,607,s,May/Jun,2019,4,calculator,3,10(b),2,Pythagoras
1725,0607_s19_qp_43.json,607,s,May/Jun,2019,4,calculator,3,10(c),3,Pythagoras
1726,0607_s19_qp_43.json,607,s,May/Jun,2019,4,calculator,3,10(d),4,straight lines
1727,0607_s19_qp_43.json,607,s,May/Jun,2019,4,calculator,3,10(e),3,vectors
1728,0607_s19_qp_43.json,607,s,May/Jun,2019,4,calculator,3,11(a),2,trigonometry
1729,0607_s19_qp_43.json,607,s,May/Jun,2019,4,calculator,3,11(b),2,trigonometry
1730,0607_s19_qp_43.json,607,s,May/Jun,2019,4,calculator,3,11(c),3,trigonometry
1731,0607_s19_qp_43.json,607,s,May/Jun,2019,4,calculator,3,11(d),3,trigonometry
1732,0607_s19_qp_43.json,607,s,May/Jun,2019,4,calculator,3,11(e),2,trigonometry
1733,0607_s19_qp_43.json,607,s,May/Jun,2019,4,calculator,3,12(a)(i),3,variation and proportion
1734,0607_s19_qp_43.json,607,s,May/Jun,2019,4,calculator,3,12(a)(ii),2,variation and proportion
1735,0607_s19_qp_43.json,607,s,May/Jun,2019,4,calculator,3,12(b)(i),1,sequences
1736,0607_s19_qp_43.json,607,s,May/Jun,2019,4,calculator,3,12(b)(ii),1,sequences
1737,0607_s19_qp_43.json,607,s,May/Jun,2019,4,calculator,3,12(b)(iii),1,sequences
1738,0607_s19_qp_43.json,607,s,May/Jun,2019,4,calculator,3,12(b)(iv),2,sequences
1739,0607_s20_qp_21.json,607,s,May/Jun,2020,2,non_calculator,1,1,2,mensuration
1740,0607_s20_qp_21.json,607,s,May/Jun,2020,2,non_calculator,1,2(a),1,vectors
1741,0607_s20_qp_21.json,607,s,May/Jun,2020,2,non_calculator,1,2(b),2,vectors
1742,0607_s20_qp_21.json,607,s,May/Jun,2020,2,non_calculator,1,3,3,topics in arithmetic
1743,0607_s20_qp_21.json,607,s,May/Jun,2020,2,non_calculator,1,4,2,topics in arithmetic
1744,0607_s20_qp_21.json,607,s,May/Jun,2020,2,non_calculator,1,5,2,mensuration
1745,0607_s20_qp_21.json,607,s,May/Jun,2020,2,non_calculator,1,6,3,trigonometry
1746,0607_s20_qp_21.json,607,s,May/Jun,2020,2,non_calculator,1,7(a),2,exponents and surds
1747,0607_s20_qp_21.json,607,s,May/Jun,2020,2,non_calculator,1,7(b),2,exponents and surds
1748,0607_s20_qp_21.json,607,s,May/Jun,2020,2,non_calculator,1,8,2,solving linear equations
1749,0607_s20_qp_21.json,607,s,May/Jun,2020,2,non_calculator,1,9,2,circle theorems
1750,0607_s20_qp_21.json,607,s,May/Jun,2020,2,non_calculator,1,10,2,topics in arithmetic
1751,0607_s20_qp_21.json,607,s,May/Jun,2020,2,non_calculator,1,11,2,variation and proportion
1752,0607_s20_qp_21.json,607,s,May/Jun,2020,2,non_calculator,1,12,3,logarithms
1753,0607_s20_qp_21.json,607,s,May/Jun,2020,2,non_calculator,1,13,2,exponents and surds
1754,0607_s20_qp_21.json,607,s,May/Jun,2020,2,non_calculator,1,14,2,graphing functions
1755,0607_s20_qp_21.json,607,s,May/Jun,2020,2,non_calculator,1,15,3,expanding and factorising
1756,0607_s20_qp_21.json,607,s,May/Jun,2020,2,non_calculator,1,16,3,expanding and factorising
1757,0607_s20_qp_22.json,607,s,May/Jun,2020,2,non_calculator,2,1,2,topics in arithmetic
1758,0607_s20_qp_22.json,607,s,May/Jun,2020,2,non_calculator,2,2,2,topics in arithmetic
1759,0607_s20_qp_22.json,607,s,May/Jun,2020,2,non_calculator,2,3(a),1,topics in arithmetic
1760,0607_s20_qp_22.json,607,s,May/Jun,2020,2,non_calculator,2,3(b),1,topics in arithmetic
1761,0607_s20_qp_22.json,607,s,May/Jun,2020,2,non_calculator,2,3(c),1,topics in arithmetic
1762,0607_s20_qp_22.json,607,s,May/Jun,2020,2,non_calculator,2,4,2,topics in arithmetic
1763,0607_s20_qp_22.json,607,s,May/Jun,2020,2,non_calculator,2,5,3,solving linear equations
1764,0607_s20_qp_22.json,607,s,May/Jun,2020,2,non_calculator,2,6,2,angles
1765,0607_s20_qp_22.json,607,s,May/Jun,2020,2,non_calculator,2,7(a),2,exponents and surds
1766,0607_s20_qp_22.json,607,s,May/Jun,2020,2,non_calculator,2,7(b),2,exponents and surds
1767,0607_s20_qp_22.json,607,s,May/Jun,2020,2,non_calculator,2,8,3,simultaneous equations
1768,0607_s20_qp_22.json,607,s,May/Jun,2020,2,non_calculator,2,9,3,angles
1769,0607_s20_qp_22.json,607,s,May/Jun,2020,2,non_calculator,2,10,2,solving linear equations
1770,0607_s20_qp_22.json,607,s,May/Jun,2020,2,non_calculator,2,11(a),1,statistics
1771,0607_s20_qp_22.json,607,s,May/Jun,2020,2,non_calculator,2,11(b),2,statistics
1772,0607_s20_qp_22.json,607,s,May/Jun,2020,2,non_calculator,2,12,2,expanding and factorising
1773,0607_s20_qp_22.json,607,s,May/Jun,2020,2,non_calculator,2,13,2,inequalities
1774,0607_s20_qp_22.json,607,s,May/Jun,2020,2,non_calculator,2,14,5,straight lines
1775,0607_s20_qp_22.json,607,s,May/Jun,2020,2,non_calculator,2,15,2,Pythagoras
1776,0607_s20_qp_23.json,607,s,May/Jun,2020,2,non_calculator,3,1(a),1,topics in arithmetic
1777,0607_s20_qp_23.json,607,s,May/Jun,2020,2,non_calculator,3,1(b),1,topics in arithmetic
1778,0607_s20_qp_23.json,607,s,May/Jun,2020,2,non_calculator,3,2,3,topics in arithmetic
1779,0607_s20_qp_23.json,607,s,May/Jun,2020,2,non_calculator,3,3,2,exponents and surds
1780,0607_s20_qp_23.json,607,s,May/Jun,2020,2,non_calculator,3,4(a),1,angles
1781,0607_s20_qp_23.json,607,s,May/Jun,2020,2,non_calculator,3,4(b),1,angles
1782,0607_s20_qp_23.json,607,s,May/Jun,2020,2,non_calculator,3,5,3,inequalities
1783,0607_s20_qp_23.json,607,s,May/Jun,2020,2,non_calculator,3,6(a),1,probability
1784,0607_s20_qp_23.json,607,s,May/Jun,2020,2,non_calculator,3,6(b),1,probability
1785,0607_s20_qp_23.json,607,s,May/Jun,2020,2,non_calculator,3,6(c),2,probability
1786,0607_s20_qp_23.json,607,s,May/Jun,2020,2,non_calculator,3,7,2,topics in arithmetic
1787,0607_s20_qp_23.json,607,s,May/Jun,2020,2,non_calculator,3,8,4,Pythagoras
1788,0607_s20_qp_23.json,607,s,May/Jun,2020,2,non_calculator,3,9(a),2,circle theorems
1789,0607_s20_qp_23.json,607,s,May/Jun,2020,2,non_calculator,3,9(b),1,circle theorems
1790,0607_s20_qp_23.json,607,s,May/Jun,2020,2,non_calculator,3,10,3,simultaneous equations
1791,0607_s20_qp_23.json,607,s,May/Jun,2020,2,non_calculator,3,11(a),1,trigonometry
1792,0607_s20_qp_23.json,607,s,May/Jun,2020,2,non_calculator,3,11(b),1,trigonometry
1793,0607_s20_qp_23.json,607,s,May/Jun,2020,2,non_calculator,3,12(a),2,expanding and factorising
1794,0607_s20_qp_23.json,607,s,May/Jun,2020,2,non_calculator,3,12(b),1,expanding and factorising
1795,0607_s20_qp_23.json,607,s,May/Jun,2020,2,non_calculator,3,13(a),1,logarithms
1796,0607_s20_qp_23.json,607,s,May/Jun,2020,2,non_calculator,3,13(b),2,logarithms
1797,0607_s20_qp_23.json,607,s,May/Jun,2020,2,non_calculator,3,14,2,variation and proportion
1798,0607_s20_qp_23.json,607,s,May/Jun,2020,2,non_calculator,3,15(a),1,sets and Venn diagrams
1799,0607_s20_qp_23.json,607,s,May/Jun,2020,2,non_calculator,3,15(b),1,sets and Venn diagrams
1800,0607_s20_qp_41.json,607,s,May/Jun,2020,4,calculator,1,1(a)(i),1,transformations
1801,0607_s20_qp_41.json,607,s,May/Jun,2020,4,calculator,1,1(a)(ii),2,transformations
1802,0607_s20_qp_41.json,607,s,May/Jun,2020,4,calculator,1,1(a)(iii),2,transformations
1803,0607_s20_qp_41.json,607,s,May/Jun,2020,4,calculator,1,1(b)(i),3,transformations
1804,0607_s20_qp_41.json,607,s,May/Jun,2020,4,calculator,1,1(b)(ii),3,transformations
1805,0607_s20_qp_41.json,607,s,May/Jun,2020,4,calculator,1,2(a)(i),1,statistics
1806,0607_s20_qp_41.json,607,s,May/Jun,2020,4,calculator,1,2(a)(ii),1,statistics
1807,0607_s20_qp_41.json,607,s,May/Jun,2020,4,calculator,1,2(a)(iii),1,statistics
1808,0607_s20_qp_41.json,607,s,May/Jun,2020,4,calculator,1,2(a)(iv),1,statistics
1809,0607_s20_qp_41.json,607,s,May/Jun,2020,4,calculator,1,2(b)(i),1,statistics
1810,0607_s20_qp_41.json,607,s,May/Jun,2020,4,calculator,1,2(b)(ii),1,statistics
1811,0607_s20_qp_41.json,607,s,May/Jun,2020,4,calculator,1,2(b)(iii),1,statistics
1812,0607_s20_qp_41.json,607,s,May/Jun,2020,4,calculator,1,2(b)(iv),2,statistics
1813,0607_s20_qp_41.json,607,s,May/Jun,2020,4,calculator,1,2(b)(v)(a),3,statistics
1814,0607_s20_qp_41.json,607,s,May/Jun,2020,4,calculator,1,2(b)(v)(b),2,statistics
1815,0607_s20_qp_41.json,607,s,May/Jun,2020,4,calculator,1,3(a),2,straight lines
1816,0607_s20_qp_41.json,607,s,May/Jun,2020,4,calculator,1,3(b),3,Pythagoras
1817,0607_s20_qp_41.json,607,s,May/Jun,2020,4,calculator,1,3(c),2,straight lines
1818,0607_s20_qp_41.json,607,s,May/Jun,2020,4,calculator,1,3(d),5,straight lines
1819,0607_s20_qp_41.json,607,s,May/Jun,2020,4,calculator,1,4(a),2,sequences
1820,0607_s20_qp_41.json,607,s,May/Jun,2020,4,calculator,1,4(b),2,sequences
1821,0607_s20_qp_41.json,607,s,May/Jun,2020,4,calculator,1,4(c),2,sequences
1822,0607_s20_qp_41.json,607,s,May/Jun,2020,4,calculator,1,5(a)(i),2,expanding and factorising
1823,0607_s20_qp_41.json,607,s,May/Jun,2020,4,calculator,1,5(a)(ii),3,expanding and factorising
1824,0607_s20_qp_41.json,607,s,May/Jun,2020,4,calculator,1,5(b)(i),2,expanding and factorising
1825,0607_s20_qp_41.json,607,s,May/Jun,2020,4,calculator,1,5(b)(ii),2,expanding and factorising
1826,0607_s20_qp_41.json,607,s,May/Jun,2020,4,calculator,1,5(b)(iii),2,expanding and factorising
1827,0607_s20_qp_41.json,607,s,May/Jun,2020,4,calculator,1,6(a)(i),2,graphing functions
1828,0607_s20_qp_41.json,607,s,May/Jun,2020,4,calculator,1,6(a)(ii)(a),2,logarithms
1829,0607_s20_qp_41.json,607,s,May/Jun,2020,4,calculator,1,6(a)(ii)(b),4,logarithms
1830,0607_s20_qp_41.json,607,s,May/Jun,2020,4,calculator,1,6(b)(i),2,graphing functions
1831,0607_s20_qp_41.json,607,s,May/Jun,2020,4,calculator,1,6(b)(ii),2,logarithms
1832,0607_s20_qp_41.json,607,s,May/Jun,2020,4,calculator,1,6(c),1,graphing functions
1833,0607_s20_qp_41.json,607,s,May/Jun,2020,4,calculator,1,7(a),2,topics in arithmetic
1834,0607_s20_qp_41.json,607,s,May/Jun,2020,4,calculator,1,7(b),4,topics in arithmetic
1835,0607_s20_qp_41.json,607,s,May/Jun,2020,4,calculator,1,7(c),4,topics in arithmetic
1836,0607_s20_qp_41.json,607,s,May/Jun,2020,4,calculator,1,7(d),3,topics in arithmetic
1837,0607_s20_qp_41.json,607,s,May/Jun,2020,4,calculator,1,8(a)(i),3,probability
1838,0607_s20_qp_41.json,607,s,May/Jun,2020,4,calculator,1,8(a)(ii),3,probability
1839,0607_s20_qp_41.json,607,s,May/Jun,2020,4,calculator,1,8(b)(i),1,sets and Venn diagrams
1840,0607_s20_qp_41.json,607,s,May/Jun,2020,4,calculator,1,8(b)(ii),3,probability
1841,0607_s20_qp_41.json,607,s,May/Jun,2020,4,calculator,1,9(a),2,graphing functions
1842,0607_s20_qp_41.json,607,s,May/Jun,2020,4,calculator,1,9(b),3,inequalities
1843,0607_s20_qp_41.json,607,s,May/Jun,2020,4,calculator,1,9(c),2,graphing functions
1844,0607_s20_qp_41.json,607,s,May/Jun,2020,4,calculator,1,10(a),2,functions
1845,0607_s20_qp_41.json,607,s,May/Jun,2020,4,calculator,1,10(b),2,functions
1846,0607_s20_qp_41.json,607,s,May/Jun,2020,4,calculator,1,10(c),2,exponents and surds
1847,0607_s20_qp_41.json,607,s,May/Jun,2020,4,calculator,1,10(d),2,functions
1848,0607_s20_qp_41.json,607,s,May/Jun,2020,4,calculator,1,11(a),7,trigonometry
1849,0607_s20_qp_41.json,607,s,May/Jun,2020,4,calculator,1,11(b)(i),2,mensuration
1850,0607_s20_qp_41.json,607,s,May/Jun,2020,4,calculator,1,11(b)(ii),3,Pythagoras
1851,0607_s20_qp_41.json,607,s,May/Jun,2020,4,calculator,1,11(b)(iii),3,trigonometry
1852,0607_s20_qp_42.json,607,s,May/Jun,2020,4,calculator,2,1(a),1,statistics
1853,0607_s20_qp_42.json,607,s,May/Jun,2020,4,calculator,2,1(b),1,statistics
1854,0607_s20_qp_42.json,607,s,May/Jun,2020,4,calculator,2,1(c),1,statistics
1855,0607_s20_qp_42.json,607,s,May/Jun,2020,4,calculator,2,1(d),2,statistics
1856,0607_s20_qp_42.json,607,s,May/Jun,2020,4,calculator,2,1(e),2,statistics
1857,0607_s20_qp_42.json,607,s,May/Jun,2020,4,calculator,2,1(f),3,probability
1858,0607_s20_qp_42.json,607,s,May/Jun,2020,4,calculator,2,2(a)(i),2,transformations
1859,0607_s20_qp_42.json,607,s,May/Jun,2020,4,calculator,2,2(a)(ii),3,transformations
1860,0607_s20_qp_42.json,607,s,May/Jun,2020,4,calculator,2,2(b)(i),1,transformations
1861,0607_s20_qp_42.json,607,s,May/Jun,2020,4,calculator,2,2(b)(ii),1,transformations
1862,0607_s20_qp_42.json,607,s,May/Jun,2020,4,calculator,2,2(b)(iii),2,transformations
1863,0607_s20_qp_42.json,607,s,May/Jun,2020,4,calculator,2,2(b)(iv),2,transformations
1864,0607_s20_qp_42.json,607,s,May/Jun,2020,4,calculator,2,3(a)(i),2,statistics
1865,0607_s20_qp_42.json,607,s,May/Jun,2020,4,calculator,2,3(a)(ii),1,statistics
1866,0607_s20_qp_42.json,607,s,May/Jun,2020,4,calculator,2,3(b),1,statistics
1867,0607_s20_qp_42.json,607,s,May/Jun,2020,4,calculator,2,3(c)(i),2,straight lines
1868,0607_s20_qp_42.json,607,s,May/Jun,2020,4,calculator,2,3(c)(ii),1,statistics
1869,0607_s20_qp_42.json,607,s,May/Jun,2020,4,calculator,2,3(c)(iii),1,statistics
1870,0607_s20_qp_42.json,607,s,May/Jun,2020,4,calculator,2,4(a)(i),3,mensuration
1871,0607_s20_qp_42.json,607,s,May/Jun,2020,4,calculator,2,4(a)(ii),1,mensuration
1872,0607_s20_qp_42.json,607,s,May/Jun,2020,4,calculator,2,4(b),4,mensuration
1873,0607_s20_qp_42.json,607,s,May/Jun,2020,4,calculator,2,4(c)(i),1,mensuration
1874,0607_s20_qp_42.json,607,s,May/Jun,2020,4,calculator,2,4(c)(ii),2,mensuration
1875,0607_s20_qp_42.json,607,s,May/Jun,2020,4,calculator,2,5(a)(i),1,probability
1876,0607_s20_qp_42.json,607,s,May/Jun,2020,4,calculator,2,5(a)(ii),1,probability
1877,0607_s20_qp_42.json,607,s,May/Jun,2020,4,calculator,2,5(a)(iii),1,probability
1878,0607_s20_qp_42.json,607,s,May/Jun,2020,4,calculator,2,5(b),2,probability
1879,0607_s20_qp_42.json,607,s,May/Jun,2020,4,calculator,2,5(c),3,probability
1880,0607_s20_qp_42.json,607,s,May/Jun,2020,4,calculator,2,5(d),4,probability
1881,0607_s20_qp_42.json,607,s,May/Jun,2020,4,calculator,2,6(a),3,topics in arithmetic
1882,0607_s20_qp_42.json,607,s,May/Jun,2020,4,calculator,2,6(b),4,topics in arithmetic
1883,0607_s20_qp_42.json,607,s,May/Jun,2020,4,calculator,2,7(a)(i),2,graphing functions
1884,0607_s20_qp_42.json,607,s,May/Jun,2020,4,calculator,2,7(a)(ii),2,graphing functions
1885,0607_s20_qp_42.json,607,s,May/Jun,2020,4,calculator,2,7(a)(iii),2,graphing functions
1886,0607_s20_qp_42.json,607,s,May/Jun,2020,4,calculator,2,7(b),2,graphing functions
1887,0607_s20_qp_42.json,607,s,May/Jun,2020,4,calculator,2,7(c),3,solving quadratic equations
1888,0607_s20_qp_42.json,607,s,May/Jun,2020,4,calculator,2,7(d),2,inequalities
1889,0607_s20_qp_42.json,607,s,May/Jun,2020,4,calculator,2,8(a)(i),1,trigonometry
1890,0607_s20_qp_42.json,607,s,May/Jun,2020,4,calculator,2,8(a)(ii),1,trigonometry
1891,0607_s20_qp_42.json,607,s,May/Jun,2020,4,calculator,2,8(b),2,trigonometry
1892,0607_s20_qp_42.json,607,s,May/Jun,2020,4,calculator,2,8(c),3,trigonometry
1893,0607_s20_qp_42.json,607,s,May/Jun,2020,4,calculator,2,8(d),3,trigonometry
1894,0607_s20_qp_42.json,607,s,May/Jun,2020,4,calculator,2,8(e),4,trigonometry
1895,0607_s20_qp_42.json,607,s,May/Jun,2020,4,calculator,2,9(a)(i),1,functions
1896,0607_s20_qp_42.json,607,s,May/Jun,2020,4,calculator,2,9(a)(ii),2,functions
1897,0607_s20_qp_42.json,607,s,May/Jun,2020,4,calculator,2,9(b),2,functions
1898,0607_s20_qp_42.json,607,s,May/Jun,2020,4,calculator,2,9(c),3,functions
1899,0607_s20_qp_42.json,607,s,May/Jun,2020,4,calculator,2,9(d),3,expanding and factorising
1900,0607_s20_qp_42.json,607,s,May/Jun,2020,4,calculator,2,10,6,trigonometry
1901,0607_s20_qp_42.json,607,s,May/Jun,2020,4,calculator,2,11(a)(i),2,solving linear equations
1902,0607_s20_qp_42.json,607,s,May/Jun,2020,4,calculator,2,11(a)(ii),2,solving linear equations
1903,0607_s20_qp_42.json,607,s,May/Jun,2020,4,calculator,2,11(a)(iii),3,solving linear equations
1904,0607_s20_qp_42.json,607,s,May/Jun,2020,4,calculator,2,11(b)(i),4,solving quadratic equations
1905,0607_s20_qp_42.json,607,s,May/Jun,2020,4,calculator,2,11(b)(ii),2,solving quadratic equations
1906,0607_s20_qp_42.json,607,s,May/Jun,2020,4,calculator,2,11(c),4,logarithms
1907,0607_s20_qp_43.json,607,s,May/Jun,2020,4,calculator,3,1(a),3,sequences
1908,0607_s20_qp_43.json,607,s,May/Jun,2020,4,calculator,3,1(b),3,sequences
1909,0607_s20_qp_43.json,607,s,May/Jun,2020,4,calculator,3,1(c),3,sequences
1910,0607_s20_qp_43.json,607,s,May/Jun,2020,4,calculator,3,2(a),2,statistics
1911,0607_s20_qp_43.json,607,s,May/Jun,2020,4,calculator,3,2(b),1,statistics
1912,0607_s20_qp_43.json,607,s,May/Jun,2020,4,calculator,3,2(c)(i),2,statistics
1913,0607_s20_qp_43.json,607,s,May/Jun,2020,4,calculator,3,2(c)(ii),1,statistics
1914,0607_s20_qp_43.json,607,s,May/Jun,2020,4,calculator,3,3(a)(i),3,topics in arithmetic
1915,0607_s20_qp_43.json,607,s,May/Jun,2020,4,calculator,3,3(a)(ii),2,topics in arithmetic
1916,0607_s20_qp_43.json,607,s,May/Jun,2020,4,calculator,3,3(b)(i),3,topics in arithmetic
1917,0607_s20_qp_43.json,607,s,May/Jun,2020,4,calculator,3,3(b)(ii),4,topics in arithmetic
1918,0607_s20_qp_43.json,607,s,May/Jun,2020,4,calculator,3,4(a),2,graphing functions
1919,0607_s20_qp_43.json,607,s,May/Jun,2020,4,calculator,3,4(b),3,graphing functions
1920,0607_s20_qp_43.json,607,s,May/Jun,2020,4,calculator,3,4(c)(i),2,graphing functions
1921,0607_s20_qp_43.json,607,s,May/Jun,2020,4,calculator,3,4(c)(ii),1,graphing functions
1922,0607_s20_qp_43.json,607,s,May/Jun,2020,4,calculator,3,4(d),2,graphing functions
1923,0607_s20_qp_43.json,607,s,May/Jun,2020,4,calculator,3,5(a)(i),1,transformations
1924,0607_s20_qp_43.json,607,s,May/Jun,2020,4,calculator,3,5(a)(ii),2,transformations
1925,0607_s20_qp_43.json,607,s,May/Jun,2020,4,calculator,3,5(a)(iii),2,transformations
1926,0607_s20_qp_43.json,607,s,May/Jun,2020,4,calculator,3,5(b)(i),2,transformations
1927,0607_s20_qp_43.json,607,s,May/Jun,2020,4,calculator,3,5(b)(ii),2,transformations
1928,0607_s20_qp_43.json,607,s,May/Jun,2020,4,calculator,3,5(b)(iii),3,transformations
1929,0607_s20_qp_43.json,607,s,May/Jun,2020,4,calculator,3,6(a)(i),1,statistics
1930,0607_s20_qp_43.json,607,s,May/Jun,2020,4,calculator,3,6(a)(ii),2,statistics
1931,0607_s20_qp_43.json,607,s,May/Jun,2020,4,calculator,3,6(a)(iii),2,statistics
1932,0607_s20_qp_43.json,607,s,May/Jun,2020,4,calculator,3,6(b)(i),3,statistics
1933,0607_s20_qp_43.json,607,s,May/Jun,2020,4,calculator,3,6(b)(ii),2,statistics
1934,0607_s20_qp_43.json,607,s,May/Jun,2020,4,calculator,3,6(b)(iii),1,statistics
1935,0607_s20_qp_43.json,607,s,May/Jun,2020,4,calculator,3,7(a),3,trigonometry
1936,0607_s20_qp_43.json,607,s,May/Jun,2020,4,calculator,3,7(b),4,mensuration
1937,0607_s20_qp_43.json,607,s,May/Jun,2020,4,calculator,3,7(c),1,mensuration
1938,0607_s20_qp_43.json,607,s,May/Jun,2020,4,calculator,3,8(a)(i),1,statistics
1939,0607_s20_qp_43.json,607,s,May/Jun,2020,4,calculator,3,8(a)(ii),1,statistics
1940,0607_s20_qp_43.json,607,s,May/Jun,2020,4,calculator,3,8(a)(iii),2,statistics
1941,0607_s20_qp_43.json,607,s,May/Jun,2020,4,calculator,3,8(b)(i),2,probability
1942,0607_s20_qp_43.json,607,s,May/Jun,2020,4,calculator,3,8(b)(ii),3,probability
1943,0607_s20_qp_43.json,607,s,May/Jun,2020,4,calculator,3,8(b)(iii),2,probability
1944,0607_s20_qp_43.json,607,s,May/Jun,2020,4,calculator,3,9(a),1,straight lines
1945,0607_s20_qp_43.json,607,s,May/Jun,2020,4,calculator,3,9(b),1,straight lines
1946,0607_s20_qp_43.json,607,s,May/Jun,2020,4,calculator,3,9(c),2,straight lines
1947,0607_s20_qp_43.json,607,s,May/Jun,2020,4,calculator,3,9(d),4,straight lines
1948,0607_s20_qp_43.json,607,s,May/Jun,2020,4,calculator,3,10(a),5,solving quadratic equations
1949,0607_s20_qp_43.json,607,s,May/Jun,2020,4,calculator,3,10(b),3,solving quadratic equations
1950,0607_s20_qp_43.json,607,s,May/Jun,2020,4,calculator,3,10(c),2,mensuration
1951,0607_s20_qp_43.json,607,s,May/Jun,2020,4,calculator,3,11(a),3,trigonometry
1952,0607_s20_qp_43.json,607,s,May/Jun,2020,4,calculator,3,11(b),3,trigonometry
1953,0607_s20_qp_43.json,607,s,May/Jun,2020,4,calculator,3,11(c),2,trigonometry
1954,0607_s20_qp_43.json,607,s,May/Jun,2020,4,calculator,3,11(d),5,trigonometry
1955,0607_s20_qp_43.json,607,s,May/Jun,2020,4,calculator,3,12(a),1,functions
1956,0607_s20_qp_43.json,607,s,May/Jun,2020,4,calculator,3,12(b),2,functions
1957,0607_s20_qp_43.json,607,s,May/Jun,2020,4,calculator,3,12(c),2,functions
1958,0607_s20_qp_43.json,607,s,May/Jun,2020,4,calculator,3,12(d),2,functions
1959,0607_s20_qp_43.json,607,s,May/Jun,2020,4,calculator,3,12(e),3,functions
1960,0607_s21_qp_21.json,607,s,May/Jun,2021,2,non_calculator,1,1(a),1,topics in arithmetic
1961,0607_s21_qp_21.json,607,s,May/Jun,2021,2,non_calculator,1,1(b),1,topics in arithmetic
1962,0607_s21_qp_21.json,607,s,May/Jun,2021,2,non_calculator,1,1(c),1,topics in arithmetic
1963,0607_s21_qp_21.json,607,s,May/Jun,2021,2,non_calculator,1,2(a),1,topics in arithmetic
1964,0607_s21_qp_21.json,607,s,May/Jun,2021,2,non_calculator,1,2(b),1,topics in arithmetic
1965,0607_s21_qp_21.json,607,s,May/Jun,2021,2,non_calculator,1,3(a),1,topics in arithmetic
1966,0607_s21_qp_21.json,607,s,May/Jun,2021,2,non_calculator,1,3(b),2,topics in arithmetic
1967,0607_s21_qp_21.json,607,s,May/Jun,2021,2,non_calculator,1,4(a),2,solving linear equations
1968,0607_s21_qp_21.json,607,s,May/Jun,2021,2,non_calculator,1,4(b),2,solving linear equations
1969,0607_s21_qp_21.json,607,s,May/Jun,2021,2,non_calculator,1,5(a),1,exponents and surds
1970,0607_s21_qp_21.json,607,s,May/Jun,2021,2,non_calculator,1,5(b),1,exponents and surds
1971,0607_s21_qp_21.json,607,s,May/Jun,2021,2,non_calculator,1,6,2,angles
1972,0607_s21_qp_21.json,607,s,May/Jun,2021,2,non_calculator,1,7(a),2,expanding and factorising
1973,0607_s21_qp_21.json,607,s,May/Jun,2021,2,non_calculator,1,7(b),2,expanding and factorising
1974,0607_s21_qp_21.json,607,s,May/Jun,2021,2,non_calculator,1,8(a),2,vectors
1975,0607_s21_qp_21.json,607,s,May/Jun,2021,2,non_calculator,1,8(b),2,vectors
1976,0607_s21_qp_21.json,607,s,May/Jun,2021,2,non_calculator,1,9,3,solving linear equations
1977,0607_s21_qp_21.json,607,s,May/Jun,2021,2,non_calculator,1,10(a),1,trigonometry
1978,0607_s21_qp_21.json,607,s,May/Jun,2021,2,non_calculator,1,10(b),2,trigonometry
1979,0607_s21_qp_21.json,607,s,May/Jun,2021,2,non_calculator,1,11,5,straight lines
1980,0607_s21_qp_21.json,607,s,May/Jun,2021,2,non_calculator,1,12(a),2,probability
1981,0607_s21_qp_21.json,607,s,May/Jun,2021,2,non_calculator,1,12(b),3,probability
1982,0607_s21_qp_22.json,607,s,May/Jun,2021,2,non_calculator,2,1,1,topics in arithmetic
1983,0607_s21_qp_22.json,607,s,May/Jun,2021,2,non_calculator,2,2,2,statistics
1984,0607_s21_qp_22.json,607,s,May/Jun,2021,2,non_calculator,2,3,3,topics in arithmetic
1985,0607_s21_qp_22.json,607,s,May/Jun,2021,2,non_calculator,2,4,1,topics in arithmetic
1986,0607_s21_qp_22.json,607,s,May/Jun,2021,2,non_calculator,2,5,2,angles
1987,0607_s21_qp_22.json,607,s,May/Jun,2021,2,non_calculator,2,6(a),1,expanding and factorising
1988,0607_s21_qp_22.json,607,s,May/Jun,2021,2,non_calculator,2,6(b),2,expanding and factorising
1989,0607_s21_qp_22.json,607,s,May/Jun,2021,2,non_calculator,2,7,2,solving linear equations
1990,0607_s21_qp_22.json,607,s,May/Jun,2021,2,non_calculator,2,8,2,exponents and surds
1991,0607_s21_qp_22.json,607,s,May/Jun,2021,2,non_calculator,2,9,3,angles
1992,0607_s21_qp_22.json,607,s,May/Jun,2021,2,non_calculator,2,10(a),2,exponents and surds
1993,0607_s21_qp_22.json,607,s,May/Jun,2021,2,non_calculator,2,10(b),2,exponents and surds
1994,0607_s21_qp_22.json,607,s,May/Jun,2021,2,non_calculator,2,11,3,straight lines
1995,0607_s21_qp_22.json,607,s,May/Jun,2021,2,non_calculator,2,12,3,mensuration
1996,0607_s21_qp_22.json,607,s,May/Jun,2021,2,non_calculator,2,13,3,statistics
1997,0607_s21_qp_22.json,607,s,May/Jun,2021,2,non_calculator,2,14,3,trigonometry
1998,0607_s21_qp_22.json,607,s,May/Jun,2021,2,non_calculator,2,15,2,inequalities
1999,0607_s21_qp_22.json,607,s,May/Jun,2021,2,non_calculator,2,16,3,expanding and factorising
2000,0607_s21_qp_23.json,607,s,May/Jun,2021,2,non_calculator,3,1,1,topics in arithmetic
2001,0607_s21_qp_23.json,607,s,May/Jun,2021,2,non_calculator,3,2,1,topics in arithmetic
2002,0607_s21_qp_23.json,607,s,May/Jun,2021,2,non_calculator,3,3,1,expanding and factorising
2003,0607_s21_qp_23.json,607,s,May/Jun,2021,2,non_calculator,3,4,1,angles
2004,0607_s21_qp_23.json,607,s,May/Jun,2021,2,non_calculator,3,5,1,angles
2005,0607_s21_qp_23.json,607,s,May/Jun,2021,2,non_calculator,3,6,1,sets and Venn diagrams
2006,0607_s21_qp_23.json,607,s,May/Jun,2021,2,non_calculator,3,7,3,angles
2007,0607_s21_qp_23.json,607,s,May/Jun,2021,2,non_calculator,3,8,1,topics in arithmetic
2008,0607_s21_qp_23.json,607,s,May/Jun,2021,2,non_calculator,3,9,2,topics in arithmetic
2009,0607_s21_qp_23.json,607,s,May/Jun,2021,2,non_calculator,3,10,2,probability
2010,0607_s21_qp_23.json,607,s,May/Jun,2021,2,non_calculator,3,11(a),1,sequences
2011,0607_s21_qp_23.json,607,s,May/Jun,2021,2,non_calculator,3,11(b),2,sequences
2012,0607_s21_qp_23.json,607,s,May/Jun,2021,2,non_calculator,3,12,2,expanding and factorising
2013,0607_s21_qp_23.json,607,s,May/Jun,2021,2,non_calculator,3,13(a),2,similarity
2014,0607_s21_qp_23.json,607,s,May/Jun,2021,2,non_calculator,3,13(b),2,similarity
2015,0607_s21_qp_23.json,607,s,May/Jun,2021,2,non_calculator,3,14,3,solving linear equations
2016,0607_s21_qp_23.json,607,s,May/Jun,2021,2,non_calculator,3,15,2,circle theorems
2017,0607_s21_qp_23.json,607,s,May/Jun,2021,2,non_calculator,3,16,3,variation and proportion
2018,0607_s21_qp_23.json,607,s,May/Jun,2021,2,non_calculator,3,17,2,exponents and surds
2019,0607_s21_qp_23.json,607,s,May/Jun,2021,2,non_calculator,3,18,2,graphing functions
2020,0607_s21_qp_23.json,607,s,May/Jun,2021,2,non_calculator,3,19,2,solving linear equations
2021,0607_s21_qp_23.json,607,s,May/Jun,2021,2,non_calculator,3,20,3,logarithms
2022,0607_s21_qp_41.json,607,s,May/Jun,2021,4,calculator,1,1(a),1,statistics
2023,0607_s21_qp_41.json,607,s,May/Jun,2021,4,calculator,1,1(b),1,statistics
2024,0607_s21_qp_41.json,607,s,May/Jun,2021,4,calculator,1,1(c)(i),2,statistics
2025,0607_s21_qp_41.json,607,s,May/Jun,2021,4,calculator,1,1(c)(ii),1,statistics
2026,0607_s21_qp_41.json,607,s,May/Jun,2021,4,calculator,1,2(a),2,transformations
2027,0607_s21_qp_41.json,607,s,May/Jun,2021,4,calculator,1,2(b),2,transformations
2028,0607_s21_qp_41.json,607,s,May/Jun,2021,4,calculator,1,2(c),2,transformations
2029,0607_s21_qp_41.json,607,s,May/Jun,2021,4,calculator,1,2(d),2,transformations
2030,0607_s21_qp_41.json,607,s,May/Jun,2021,4,calculator,1,2(e),2,transformations
2031,0607_s21_qp_41.json,607,s,May/Jun,2021,4,calculator,1,3(a),3,sequences
2032,0607_s21_qp_41.json,607,s,May/Jun,2021,4,calculator,1,3(b),3,sequences
2033,0607_s21_qp_41.json,607,s,May/Jun,2021,4,calculator,1,3(c),2,sequences
2034,0607_s21_qp_41.json,607,s,May/Jun,2021,4,calculator,1,3(d),3,sequences
2035,0607_s21_qp_41.json,607,s,May/Jun,2021,4,calculator,1,4(a),2,statistics
2036,0607_s21_qp_41.json,607,s,May/Jun,2021,4,calculator,1,4(b),1,statistics
2037,0607_s21_qp_41.json,607,s,May/Jun,2021,4,calculator,1,4(c),3,statistics
2038,0607_s21_qp_41.json,607,s,May/Jun,2021,4,calculator,1,4(d)(i),1,statistics
2039,0607_s21_qp_41.json,607,s,May/Jun,2021,4,calculator,1,4(d)(ii),2,statistics
2040,0607_s21_qp_41.json,607,s,May/Jun,2021,4,calculator,1,4(e),2,statistics
2041,0607_s21_qp_41.json,607,s,May/Jun,2021,4,calculator,1,5(a)(i),1,functions
2042,0607_s21_qp_41.json,607,s,May/Jun,2021,4,calculator,1,5(a)(ii),2,functions
2043,0607_s21_qp_41.json,607,s,May/Jun,2021,4,calculator,1,5(b),2,functions
2044,0607_s21_qp_41.json,607,s,May/Jun,2021,4,calculator,1,5(c),1,functions
2045,0607_s21_qp_41.json,607,s,May/Jun,2021,4,calculator,1,5(d),3,functions
2046,0607_s21_qp_41.json,607,s,May/Jun,2021,4,calculator,1,5(e),2,functions
2047,0607_s21_qp_41.json,607,s,May/Jun,2021,4,calculator,1,5(f)(i),2,graphing functions
2048,0607_s21_qp_41.json,607,s,May/Jun,2021,4,calculator,1,5(f)(ii),1,graphing functions
2049,0607_s21_qp_41.json,607,s,May/Jun,2021,4,calculator,1,5(f)(iii),1,graphing functions
2050,0607_s21_qp_41.json,607,s,May/Jun,2021,4,calculator,1,5(f)(iv),2,inequalities
2051,0607_s21_qp_41.json,607,s,May/Jun,2021,4,calculator,1,6(a)(i),3,topics in arithmetic
2052,0607_s21_qp_41.json,607,s,May/Jun,2021,4,calculator,1,6(a)(ii),3,topics in arithmetic
2053,0607_s21_qp_41.json,607,s,May/Jun,2021,4,calculator,1,6(b)(i),2,topics in arithmetic
2054,0607_s21_qp_41.json,607,s,May/Jun,2021,4,calculator,1,6(b)(ii),4,topics in arithmetic
2055,0607_s21_qp_41.json,607,s,May/Jun,2021,4,calculator,1,6(c),4,graphing functions
2056,0607_s21_qp_41.json,607,s,May/Jun,2021,4,calculator,1,7(a),4,simultaneous equations
2057,0607_s21_qp_41.json,607,s,May/Jun,2021,4,calculator,1,7(b)(i),2,solving linear equations
2058,0607_s21_qp_41.json,607,s,May/Jun,2021,4,calculator,1,7(b)(ii),2,solving linear equations
2059,0607_s21_qp_41.json,607,s,May/Jun,2021,4,calculator,1,7(b)(iii),2,solving linear equations
2060,0607_s21_qp_41.json,607,s,May/Jun,2021,4,calculator,1,7(c),3,logarithms
2061,0607_s21_qp_41.json,607,s,May/Jun,2021,4,calculator,1,8(a),1,probability
2062,0607_s21_qp_41.json,607,s,May/Jun,2021,4,calculator,1,8(b),1,probability
2063,0607_s21_qp_41.json,607,s,May/Jun,2021,4,calculator,1,8(c),2,probability
2064,0607_s21_qp_41.json,607,s,May/Jun,2021,4,calculator,1,8(d),3,probability
2065,0607_s21_qp_41.json,607,s,May/Jun,2021,4,calculator,1,8(e),2,probability
2066,0607_s21_qp_41.json,607,s,May/Jun,2021,4,calculator,1,9(a),3,mensuration
2067,0607_s21_qp_41.json,607,s,May/Jun,2021,4,calculator,1,9(b)(i),3,mensuration
2068,0607_s21_qp_41.json,607,s,May/Jun,2021,4,calculator,1,9(b)(ii),2,similarity
2069,0607_s21_qp_41.json,607,s,May/Jun,2021,4,calculator,1,9(c),2,trigonometry
2070,0607_s21_qp_41.json,607,s,May/Jun,2021,4,calculator,1,10(a)(i),1,circle theorems
2071,0607_s21_qp_41.json,607,s,May/Jun,2021,4,calculator,1,10(a)(ii),1,circle theorems
2072,0607_s21_qp_41.json,607,s,May/Jun,2021,4,calculator,1,10(a)(iii),1,circle theorems
2073,0607_s21_qp_41.json,607,s,May/Jun,2021,4,calculator,1,10(a)(iv),1,circle theorems
2074,0607_s21_qp_41.json,607,s,May/Jun,2021,4,calculator,1,10(a)(v),1,circle theorems
2075,0607_s21_qp_41.json,607,s,May/Jun,2021,4,calculator,1,10(b),5,trigonometry
2076,0607_s21_qp_41.json,607,s,May/Jun,2021,4,calculator,1,11(a),3,graphing functions
2077,0607_s21_qp_41.json,607,s,May/Jun,2021,4,calculator,1,11(b),5,solving quadratic equations
2078,0607_s21_qp_42.json,607,s,May/Jun,2021,4,calculator,2,1(a),3,topics in arithmetic
2079,0607_s21_qp_42.json,607,s,May/Jun,2021,4,calculator,2,1(b),2,topics in arithmetic
2080,0607_s21_qp_42.json,607,s,May/Jun,2021,4,calculator,2,1(c),4,topics in arithmetic
2081,0607_s21_qp_42.json,607,s,May/Jun,2021,4,calculator,2,2(a)(i),2,transformations
2082,0607_s21_qp_42.json,607,s,May/Jun,2021,4,calculator,2,2(a)(ii),3,transformations
2083,0607_s21_qp_42.json,607,s,May/Jun,2021,4,calculator,2,2(b),2,transformations
2084,0607_s21_qp_42.json,607,s,May/Jun,2021,4,calculator,2,3(a),1,statistics
2085,0607_s21_qp_42.json,607,s,May/Jun,2021,4,calculator,2,3(b),1,statistics
2086,0607_s21_qp_42.json,607,s,May/Jun,2021,4,calculator,2,3(c),1,statistics
2087,0607_s21_qp_42.json,607,s,May/Jun,2021,4,calculator,2,3(d),4,statistics
2088,0607_s21_qp_42.json,607,s,May/Jun,2021,4,calculator,2,4(a),2,graphing functions
2089,0607_s21_qp_42.json,607,s,May/Jun,2021,4,calculator,2,4(b),2,graphing functions
2090,0607_s21_qp_42.json,607,s,May/Jun,2021,4,calculator,2,4(c),3,inequalities
2091,0607_s21_qp_42.json,607,s,May/Jun,2021,4,calculator,2,4(d),2,graphing functions
2092,0607_s21_qp_42.json,607,s,May/Jun,2021,4,calculator,2,5(a),2,Pythagoras
2093,0607_s21_qp_42.json,607,s,May/Jun,2021,4,calculator,2,5(b),2,trigonometry
2094,0607_s21_qp_42.json,607,s,May/Jun,2021,4,calculator,2,5(c),2,Pythagoras
2095,0607_s21_qp_42.json,607,s,May/Jun,2021,4,calculator,2,5(d),3,trigonometry
2096,0607_s21_qp_42.json,607,s,May/Jun,2021,4,calculator,2,5(e),3,trigonometry
2097,0607_s21_qp_42.json,607,s,May/Jun,2021,4,calculator,2,6(a)(i),1,statistics
2098,0607_s21_qp_42.json,607,s,May/Jun,2021,4,calculator,2,6(a)(ii),2,statistics
2099,0607_s21_qp_42.json,607,s,May/Jun,2021,4,calculator,2,6(a)(iii),2,statistics
2100,0607_s21_qp_42.json,607,s,May/Jun,2021,4,calculator,2,6(b)(i),1,statistics
2101,0607_s21_qp_42.json,607,s,May/Jun,2021,4,calculator,2,6(b)(ii),1,statistics
2102,0607_s21_qp_42.json,607,s,May/Jun,2021,4,calculator,2,7(a),1,solving quadratic equations
2103,0607_s21_qp_42.json,607,s,May/Jun,2021,4,calculator,2,7(b),4,solving quadratic equations
2104,0607_s21_qp_42.json,607,s,May/Jun,2021,4,calculator,2,7(c),5,solving quadratic equations
2105,0607_s21_qp_42.json,607,s,May/Jun,2021,4,calculator,2,8(a)(i),2,variation and proportion
2106,0607_s21_qp_42.json,607,s,May/Jun,2021,4,calculator,2,8(a)(ii),1,variation and proportion
2107,0607_s21_qp_42.json,607,s,May/Jun,2021,4,calculator,2,8(a)(iii),2,variation and proportion
2108,0607_s21_qp_42.json,607,s,May/Jun,2021,4,calculator,2,8(a)(iv),1,variation and proportion
2109,0607_s21_qp_42.json,607,s,May/Jun,2021,4,calculator,2,8(b),2,variation and proportion
2110,0607_s21_qp_42.json,607,s,May/Jun,2021,4,calculator,2,9(a),3,mensuration
2111,0607_s21_qp_42.json,607,s,May/Jun,2021,4,calculator,2,9(b)(i),3,similarity
2112,0607_s21_qp_42.json,607,s,May/Jun,2021,4,calculator,2,9(b)(ii),3,mensuration
2113,0607_s21_qp_42.json,607,s,May/Jun,2021,4,calculator,2,10(a),2,probability
2114,0607_s21_qp_42.json,607,s,May/Jun,2021,4,calculator,2,10(b)(i),3,probability
2115,0607_s21_qp_42.json,607,s,May/Jun,2021,4,calculator,2,10(b)(ii),3,probability
2116,0607_s21_qp_42.json,607,s,May/Jun,2021,4,calculator,2,10(c),3,probability
2117,0607_s21_qp_42.json,607,s,May/Jun,2021,4,calculator,2,11(a),2,straight lines
2118,0607_s21_qp_42.json,607,s,May/Jun,2021,4,calculator,2,11(b),4,straight lines
2119,0607_s21_qp_42.json,607,s,May/Jun,2021,4,calculator,2,11(c),1,straight lines
2120,0607_s21_qp_42.json,607,s,May/Jun,2021,4,calculator,2,11(d)(i),2,exponents and surds
2121,0607_s21_qp_42.json,607,s,May/Jun,2021,4,calculator,2,11(d)(ii),3,straight lines
2122,0607_s21_qp_42.json,607,s,May/Jun,2021,4,calculator,2,12(a),1,functions
2123,0607_s21_qp_42.json,607,s,May/Jun,2021,4,calculator,2,12(b),3,functions
2124,0607_s21_qp_42.json,607,s,May/Jun,2021,4,calculator,2,12(c),2,functions
2125,0607_s21_qp_42.json,607,s,May/Jun,2021,4,calculator,2,12(d),2,functions
2126,0607_s21_qp_42.json,607,s,May/Jun,2021,4,calculator,2,12(e),3,functions
2127,0607_s21_qp_42.json,607,s,May/Jun,2021,4,calculator,2,13(a),3,graphing functions
2128,0607_s21_qp_42.json,607,s,May/Jun,2021,4,calculator,2,13(b),2,graphing functions
2129,0607_s21_qp_42.json,607,s,May/Jun,2021,4,calculator,2,13(c),3,graphing functions
2130,0607_s21_qp_43.json,607,s,May/Jun,2021,4,calculator,3,1(a),2,graphing functions
2131,0607_s21_qp_43.json,607,s,May/Jun,2021,4,calculator,3,1(b),2,graphing functions
2132,0607_s21_qp_43.json,607,s,May/Jun,2021,4,calculator,3,1(c),2,graphing functions
2133,0607_s21_qp_43.json,607,s,May/Jun,2021,4,calculator,3,1(d)(i),2,transformations
2134,0607_s21_qp_43.json,607,s,May/Jun,2021,4,calculator,3,1(d)(ii),2,transformations
2135,0607_s21_qp_43.json,607,s,May/Jun,2021,4,calculator,3,2(a),2,topics in arithmetic
2136,0607_s21_qp_43.json,607,s,May/Jun,2021,4,calculator,3,2(b)(i),3,topics in arithmetic
2137,0607_s21_qp_43.json,607,s,May/Jun,2021,4,calculator,3,2(b)(ii),3,topics in arithmetic
2138,0607_s21_qp_43.json,607,s,May/Jun,2021,4,calculator,3,2(c),4,topics in arithmetic
2139,0607_s21_qp_43.json,607,s,May/Jun,2021,4,calculator,3,2(d),3,topics in arithmetic
2140,0607_s21_qp_43.json,607,s,May/Jun,2021,4,calculator,3,3(a),4,straight lines
2141,0607_s21_qp_43.json,607,s,May/Jun,2021,4,calculator,3,3(b),2,straight lines
2142,0607_s21_qp_43.json,607,s,May/Jun,2021,4,calculator,3,3(c),2,straight lines
2143,0607_s21_qp_43.json,607,s,May/Jun,2021,4,calculator,3,3(d),4,straight lines
2144,0607_s21_qp_43.json,607,s,May/Jun,2021,4,calculator,3,4(a),5,mensuration
2145,0607_s21_qp_43.json,607,s,May/Jun,2021,4,calculator,3,4(b)(i),3,mensuration
2146,0607_s21_qp_43.json,607,s,May/Jun,2021,4,calculator,3,4(b)(ii),3,mensuration
2147,0607_s21_qp_43.json,607,s,May/Jun,2021,4,calculator,3,5(a),2,statistics
2148,0607_s21_qp_43.json,607,s,May/Jun,2021,4,calculator,3,5(b),3,statistics
2149,0607_s21_qp_43.json,607,s,May/Jun,2021,4,calculator,3,6(a)(i),1,statistics
2150,0607_s21_qp_43.json,607,s,May/Jun,2021,4,calculator,3,6(a)(ii),2,statistics
2151,0607_s21_qp_43.json,607,s,May/Jun,2021,4,calculator,3,6(a)(iii),1,statistics
2152,0607_s21_qp_43.json,607,s,May/Jun,2021,4,calculator,3,6(b)(i),1,statistics
2153,0607_s21_qp_43.json,607,s,May/Jun,2021,4,calculator,3,6(b)(ii),1,statistics
2154,0607_s21_qp_43.json,607,s,May/Jun,2021,4,calculator,3,6(b)(iii),1,statistics
2155,0607_s21_qp_43.json,607,s,May/Jun,2021,4,calculator,3,7(a),3,angles
2156,0607_s21_qp_43.json,607,s,May/Jun,2021,4,calculator,3,7(b),4,solving quadratic equations
2157,0607_s21_qp_43.json,607,s,May/Jun,2021,4,calculator,3,7(c),3,trigonometry
2158,0607_s21_qp_43.json,607,s,May/Jun,2021,4,calculator,3,7(d),6,Pythagoras
2159,0607_s21_qp_43.json,607,s,May/Jun,2021,4,calculator,3,8(a),3,trigonometry
2160,0607_s21_qp_43.json,607,s,May/Jun,2021,4,calculator,3,8(b),3,trigonometry
2161,0607_s21_qp_43.json,607,s,May/Jun,2021,4,calculator,3,8(c),2,trigonometry
2162,0607_s21_qp_43.json,607,s,May/Jun,2021,4,calculator,3,8(d),6,angles
2163,0607_s21_qp_43.json,607,s,May/Jun,2021,4,calculator,3,9(a),2,graphing functions
2164,0607_s21_qp_43.json,607,s,May/Jun,2021,4,calculator,3,9(b),2,graphing functions
2165,0607_s21_qp_43.json,607,s,May/Jun,2021,4,calculator,3,9(c)(i),3,graphing functions
2166,0607_s21_qp_43.json,607,s,May/Jun,2021,4,calculator,3,9(c)(ii),2,inequalities
2167,0607_s21_qp_43.json,607,s,May/Jun,2021,4,calculator,3,10(a)(i),3,probability
2168,0607_s21_qp_43.json,607,s,May/Jun,2021,4,calculator,3,10(a)(ii),1,probability
2169,0607_s21_qp_43.json,607,s,May/Jun,2021,4,calculator,3,10(a)(iii),1,probability
2170,0607_s21_qp_43.json,607,s,May/Jun,2021,4,calculator,3,10(b),2,probability
2171,0607_s21_qp_43.json,607,s,May/Jun,2021,4,calculator,3,11(a)(i),1,functions
2172,0607_s21_qp_43.json,607,s,May/Jun,2021,4,calculator,3,11(a)(ii),2,functions
2173,0607_s21_qp_43.json,607,s,May/Jun,2021,4,calculator,3,11(a)(iii),3,functions
2174,0607_s21_qp_43.json,607,s,May/Jun,2021,4,calculator,3,11(a)(iv),2,functions
2175,0607_s21_qp_43.json,607,s,May/Jun,2021,4,calculator,3,11(a)(v),2,functions
2176,0607_s21_qp_43.json,607,s,May/Jun,2021,4,calculator,3,11(b)(i),2,logarithms
2177,0607_s21_qp_43.json,607,s,May/Jun,2021,4,calculator,3,11(b)(ii),2,logarithms
2178,0607_s22_qp_21.json,607,s,May/Jun,2022,2,non_calculator,1,1,2,inequalities
2179,0607_s22_qp_21.json,607,s,May/Jun,2022,2,non_calculator,1,2,1,topics in arithmetic
2180,0607_s22_qp_21.json,607,s,May/Jun,2022,2,non_calculator,1,3(a),1,topics in arithmetic
2181,0607_s22_qp_21.json,607,s,May/Jun,2022,2,non_calculator,1,3(b),1,topics in arithmetic
2182,0607_s22_qp_21.json,607,s,May/Jun,2022,2,non_calculator,1,4,1,expanding and factorising
2183,0607_s22_qp_21.json,607,s,May/Jun,2022,2,non_calculator,1,5(a),1,topics in arithmetic
2184,0607_s22_qp_21.json,607,s,May/Jun,2022,2,non_calculator,1,5(b),1,topics in arithmetic
2185,0607_s22_qp_21.json,607,s,May/Jun,2022,2,non_calculator,1,6(a),1,solving linear equations
2186,0607_s22_qp_21.json,607,s,May/Jun,2022,2,non_calculator,1,6(b),2,solving linear equations
2187,0607_s22_qp_21.json,607,s,May/Jun,2022,2,non_calculator,1,7(a),1,probability
2188,0607_s22_qp_21.json,607,s,May/Jun,2022,2,non_calculator,1,7(b),2,probability
2189,0607_s22_qp_21.json,607,s,May/Jun,2022,2,non_calculator,1,8,1,exponents and surds
2190,0607_s22_qp_21.json,607,s,May/Jun,2022,2,non_calculator,1,9,2,topics in arithmetic
2191,0607_s22_qp_21.json,607,s,May/Jun,2022,2,non_calculator,1,10,2,vectors
2192,0607_s22_qp_21.json,607,s,May/Jun,2022,2,non_calculator,1,11(a),1,sets and Venn diagrams
2193,0607_s22_qp_21.json,607,s,May/Jun,2022,2,non_calculator,1,11(b),1,sets and Venn diagrams
2194,0607_s22_qp_21.json,607,s,May/Jun,2022,2,non_calculator,1,11(c),1,sets and Venn diagrams
2195,0607_s22_qp_21.json,607,s,May/Jun,2022,2,non_calculator,1,12(a),2,circle theorems
2196,0607_s22_qp_21.json,607,s,May/Jun,2022,2,non_calculator,1,12(b),2,circle theorems
2197,0607_s22_qp_21.json,607,s,May/Jun,2022,2,non_calculator,1,13(a),2,exponents and surds
2198,0607_s22_qp_21.json,607,s,May/Jun,2022,2,non_calculator,1,13(b),2,exponents and surds
2199,0607_s22_qp_21.json,607,s,May/Jun,2022,2,non_calculator,1,14,3,expanding and factorising
2200,0607_s22_qp_21.json,607,s,May/Jun,2022,2,non_calculator,1,15(a),2,expanding and factorising
2201,0607_s22_qp_21.json,607,s,May/Jun,2022,2,non_calculator,1,15(b),3,solving quadratic equations
2202,0607_s22_qp_21.json,607,s,May/Jun,2022,2,non_calculator,1,16,2,logarithms
2203,0607_s22_qp_22.json,607,s,May/Jun,2022,2,non_calculator,2,1,1,topics in arithmetic
2204,0607_s22_qp_22.json,607,s,May/Jun,2022,2,non_calculator,2,2(a),1,topics in arithmetic
2205,0607_s22_qp_22.json,607,s,May/Jun,2022,2,non_calculator,2,2(b),2,topics in arithmetic
2206,0607_s22_qp_22.json,607,s,May/Jun,2022,2,non_calculator,2,3,1,solving linear equations
2207,0607_s22_qp_22.json,607,s,May/Jun,2022,2,non_calculator,2,4,1,mensuration
2208,0607_s22_qp_22.json,607,s,May/Jun,2022,2,non_calculator,2,5,1,exponents and surds
2209,0607_s22_qp_22.json,607,s,May/Jun,2022,2,non_calculator,2,6,1,angles
2210,0607_s22_qp_22.json,607,s,May/Jun,2022,2,non_calculator,2,7,3,topics in arithmetic
2211,0607_s22_qp_22.json,607,s,May/Jun,2022,2,non_calculator,2,8,2,statistics
2212,0607_s22_qp_22.json,607,s,May/Jun,2022,2,non_calculator,2,9,3,simultaneous equations
2213,0607_s22_qp_22.json,607,s,May/Jun,2022,2,non_calculator,2,10,3,straight lines
2214,0607_s22_qp_22.json,607,s,May/Jun,2022,2,non_calculator,2,11,3,solving quadratic equations
2215,0607_s22_qp_22.json,607,s,May/Jun,2022,2,non_calculator,2,12,1,trigonometry
2216,0607_s22_qp_22.json,607,s,May/Jun,2022,2,non_calculator,2,13(a),2,probability
2217,0607_s22_qp_22.json,607,s,May/Jun,2022,2,non_calculator,2,13(b),1,probability
2218,0607_s22_qp_22.json,607,s,May/Jun,2022,2,non_calculator,2,14,2,functions
2219,0607_s22_qp_22.json,607,s,May/Jun,2022,2,non_calculator,2,15,4,probability
2220,0607_s22_qp_22.json,607,s,May/Jun,2022,2,non_calculator,2,16,3,logarithms
2221,0607_s22_qp_22.json,607,s,May/Jun,2022,2,non_calculator,2,17(a),2,exponents and surds
2222,0607_s22_qp_22.json,607,s,May/Jun,2022,2,non_calculator,2,17(b),1,exponents and surds
2223,0607_s22_qp_22.json,607,s,May/Jun,2022,2,non_calculator,2,17(c),2,exponents and surds
2224,0607_s22_qp_23.json,607,s,May/Jun,2022,2,non_calculator,3,1(a),1,topics in arithmetic
2225,0607_s22_qp_23.json,607,s,May/Jun,2022,2,non_calculator,3,1(b),1,topics in arithmetic
2226,0607_s22_qp_23.json,607,s,May/Jun,2022,2,non_calculator,3,2(a),2,statistics
2227,0607_s22_qp_23.json,607,s,May/Jun,2022,2,non_calculator,3,2(b),3,statistics
2228,0607_s22_qp_23.json,607,s,May/Jun,2022,2,non_calculator,3,3,2,inequalities
2229,0607_s22_qp_23.json,607,s,May/Jun,2022,2,non_calculator,3,4(a),2,topics in arithmetic
2230,0607_s22_qp_23.json,607,s,May/Jun,2022,2,non_calculator,3,4(b),3,topics in arithmetic
2231,0607_s22_qp_23.json,607,s,May/Jun,2022,2,non_calculator,3,5,1,expanding and factorising
2232,0607_s22_qp_23.json,607,s,May/Jun,2022,2,non_calculator,3,6,2,angles
2233,0607_s22_qp_23.json,607,s,May/Jun,2022,2,non_calculator,3,7(a),1,probability
2234,0607_s22_qp_23.json,607,s,May/Jun,2022,2,non_calculator,3,7(b),2,probability
2235,0607_s22_qp_23.json,607,s,May/Jun,2022,2,non_calculator,3,8,2,expanding and factorising
2236,0607_s22_qp_23.json,607,s,May/Jun,2022,2,non_calculator,3,9(a),2,similarity
2237,0607_s22_qp_23.json,607,s,May/Jun,2022,2,non_calculator,3,9(b),2,similarity
2238,0607_s22_qp_23.json,607,s,May/Jun,2022,2,non_calculator,3,10(a),2,straight lines
2239,0607_s22_qp_23.json,607,s,May/Jun,2022,2,non_calculator,3,10(b),4,straight lines
2240,0607_s22_qp_23.json,607,s,May/Jun,2022,2,non_calculator,3,11(a),2,variation and proportion
2241,0607_s22_qp_23.json,607,s,May/Jun,2022,2,non_calculator,3,11(b),2,variation and proportion
2242,0607_s22_qp_23.json,607,s,May/Jun,2022,2,non_calculator,3,12,4,vectors
2243,0607_s22_qp_41.json,607,s,May/Jun,2022,4,calculator,1,1(a),2,transformations
2244,0607_s22_qp_41.json,607,s,May/Jun,2022,4,calculator,1,1(b),2,transformations
2245,0607_s22_qp_41.json,607,s,May/Jun,2022,4,calculator,1,1(c),3,transformations
2246,0607_s22_qp_41.json,607,s,May/Jun,2022,4,calculator,1,1(d),2,transformations
2247,0607_s22_qp_41.json,607,s,May/Jun,2022,4,calculator,1,2(a)(i),1,statistics
2248,0607_s22_qp_41.json,607,s,May/Jun,2022,4,calculator,1,2(a)(ii),2,statistics
2249,0607_s22_qp_41.json,607,s,May/Jun,2022,4,calculator,1,2(a)(iii),2,statistics
2250,0607_s22_qp_41.json,607,s,May/Jun,2022,4,calculator,1,2(b),2,statistics
2251,0607_s22_qp_41.json,607,s,May/Jun,2022,4,calculator,1,2(c)(i),2,statistics
2252,0607_s22_qp_41.json,607,s,May/Jun,2022,4,calculator,1,2(c)(ii),1,statistics
2253,0607_s22_qp_41.json,607,s,May/Jun,2022,4,calculator,1,2(c)(iii),1,statistics
2254,0607_s22_qp_41.json,607,s,May/Jun,2022,4,calculator,1,3(a),3,graphing functions
2255,0607_s22_qp_41.json,607,s,May/Jun,2022,4,calculator,1,3(b),1,graphing functions
2256,0607_s22_qp_41.json,607,s,May/Jun,2022,4,calculator,1,3(c),1,graphing functions
2257,0607_s22_qp_41.json,607,s,May/Jun,2022,4,calculator,1,3(d),4,inequalities
2258,0607_s22_qp_41.json,607,s,May/Jun,2022,4,calculator,1,4(a),2,topics in arithmetic
2259,0607_s22_qp_41.json,607,s,May/Jun,2022,4,calculator,1,4(b),2,topics in arithmetic
2260,0607_s22_qp_41.json,607,s,May/Jun,2022,4,calculator,1,4(c),3,topics in arithmetic
2261,0607_s22_qp_41.json,607,s,May/Jun,2022,4,calculator,1,4(d)(i),2,topics in arithmetic
2262,0607_s22_qp_41.json,607,s,May/Jun,2022,4,calculator,1,4(d)(ii),4,topics in arithmetic
2263,0607_s22_qp_41.json,607,s,May/Jun,2022,4,calculator,1,5(a),6,sequences
2264,0607_s22_qp_41.json,607,s,May/Jun,2022,4,calculator,1,5(b),1,sequences
2265,0607_s22_qp_41.json,607,s,May/Jun,2022,4,calculator,1,5(c),4,sequences
2266,0607_s22_qp_41.json,607,s,May/Jun,2022,4,calculator,1,5(d),2,probability
2267,0607_s22_qp_41.json,607,s,May/Jun,2022,4,calculator,1,5(e),3,probability
2268,0607_s22_qp_41.json,607,s,May/Jun,2022,4,calculator,1,6(a),4,circle theorems
2269,0607_s22_qp_41.json,607,s,May/Jun,2022,4,calculator,1,6(b),5,mensuration
2270,0607_s22_qp_41.json,607,s,May/Jun,2022,4,calculator,1,7(a),2,mensuration
2271,0607_s22_qp_41.json,607,s,May/Jun,2022,4,calculator,1,7(b)(i),3,similarity
2272,0607_s22_qp_41.json,607,s,May/Jun,2022,4,calculator,1,7(b)(ii),3,similarity
2273,0607_s22_qp_41.json,607,s,May/Jun,2022,4,calculator,1,8(a),3,Pythagoras
2274,0607_s22_qp_41.json,607,s,May/Jun,2022,4,calculator,1,8(b),6,straight lines
2275,0607_s22_qp_41.json,607,s,May/Jun,2022,4,calculator,1,9(a)(i),1,functions
2276,0607_s22_qp_41.json,607,s,May/Jun,2022,4,calculator,1,9(a)(ii),2,functions
2277,0607_s22_qp_41.json,607,s,May/Jun,2022,4,calculator,1,9(a)(iii),2,functions
2278,0607_s22_qp_41.json,607,s,May/Jun,2022,4,calculator,1,9(a)(iv),2,functions
2279,0607_s22_qp_41.json,607,s,May/Jun,2022,4,calculator,1,9(b)(i),1,graphing functions
2280,0607_s22_qp_41.json,607,s,May/Jun,2022,4,calculator,1,9(b)(ii),1,graphing functions
2281,0607_s22_qp_41.json,607,s,May/Jun,2022,4,calculator,1,10(a),2,exponents and surds
2282,0607_s22_qp_41.json,607,s,May/Jun,2022,4,calculator,1,10(b),3,expanding and factorising
2283,0607_s22_qp_41.json,607,s,May/Jun,2022,4,calculator,1,10(c),6,sequences
2284,0607_s22_qp_41.json,607,s,May/Jun,2022,4,calculator,1,11(a),4,mensuration
2285,0607_s22_qp_41.json,607,s,May/Jun,2022,4,calculator,1,11(b),4,mensuration
2286,0607_s22_qp_41.json,607,s,May/Jun,2022,4,calculator,1,12(a),2,trigonometry
2287,0607_s22_qp_41.json,607,s,May/Jun,2022,4,calculator,1,12(b),6,trigonometry
2288,0607_s22_qp_42.json,607,s,May/Jun,2022,4,calculator,2,1(a),2,transformations
2289,0607_s22_qp_42.json,607,s,May/Jun,2022,4,calculator,2,1(b),2,transformations
2290,0607_s22_qp_42.json,607,s,May/Jun,2022,4,calculator,2,1(c),2,transformations
2291,0607_s22_qp_42.json,607,s,May/Jun,2022,4,calculator,2,2(a)(i),2,statistics
2292,0607_s22_qp_42.json,607,s,May/Jun,2022,4,calculator,2,2(a)(ii),1,statistics
2293,0607_s22_qp_42.json,607,s,May/Jun,2022,4,calculator,2,2(b),1,statistics
2294,0607_s22_qp_42.json,607,s,May/Jun,2022,4,calculator,2,2(c)(i),2,straight lines
2295,0607_s22_qp_42.json,607,s,May/Jun,2022,4,calculator,2,2(c)(ii),1,straight lines
2296,0607_s22_qp_42.json,607,s,May/Jun,2022,4,calculator,2,2(d)(i),1,straight lines
2297,0607_s22_qp_42.json,607,s,May/Jun,2022,4,calculator,2,2(d)(ii),1,straight lines
2298,0607_s22_qp_42.json,607,s,May/Jun,2022,4,calculator,2,3(a),1,circle theorems
2299,0607_s22_qp_42.json,607,s,May/Jun,2022,4,calculator,2,3(b),3,circle theorems
2300,0607_s22_qp_42.json,607,s,May/Jun,2022,4,calculator,2,3(c),3,circle theorems
2301,0607_s22_qp_42.json,607,s,May/Jun,2022,4,calculator,2,4(a),3,graphing functions
2302,0607_s22_qp_42.json,607,s,May/Jun,2022,4,calculator,2,4(b),1,graphing functions
2303,0607_s22_qp_42.json,607,s,May/Jun,2022,4,calculator,2,4(c),2,graphing functions
2304,0607_s22_qp_42.json,607,s,May/Jun,2022,4,calculator,2,4(d),1,graphing functions
2305,0607_s22_qp_42.json,607,s,May/Jun,2022,4,calculator,2,4(e),2,graphing functions
2306,0607_s22_qp_42.json,607,s,May/Jun,2022,4,calculator,2,4(f),1,inequalities
2307,0607_s22_qp_42.json,607,s,May/Jun,2022,4,calculator,2,5(a)(i),1,topics in arithmetic
2308,0607_s22_qp_42.json,607,s,May/Jun,2022,4,calculator,2,5(a)(ii),3,topics in arithmetic
2309,0607_s22_qp_42.json,607,s,May/Jun,2022,4,calculator,2,5(b)(i),2,topics in arithmetic
2310,0607_s22_qp_42.json,607,s,May/Jun,2022,4,calculator,2,5(b)(ii),2,topics in arithmetic
2311,0607_s22_qp_42.json,607,s,May/Jun,2022,4,calculator,2,5(c)(i),3,topics in arithmetic
2312,0607_s22_qp_42.json,607,s,May/Jun,2022,4,calculator,2,5(c)(ii),4,topics in arithmetic
2313,0607_s22_qp_42.json,607,s,May/Jun,2022,4,calculator,2,6(a),2,statistics
2314,0607_s22_qp_42.json,607,s,May/Jun,2022,4,calculator,2,6(b),1,statistics
2315,0607_s22_qp_42.json,607,s,May/Jun,2022,4,calculator,2,6(c),3,statistics
2316,0607_s22_qp_42.json,607,s,May/Jun,2022,4,calculator,2,6(d)(i),1,statistics
2317,0607_s22_qp_42.json,607,s,May/Jun,2022,4,calculator,2,6(d)(ii),2,statistics
2318,0607_s22_qp_42.json,607,s,May/Jun,2022,4,calculator,2,6(e),2,statistics
2319,0607_s22_qp_42.json,607,s,May/Jun,2022,4,calculator,2,7(a)(i),1,trigonometry
2320,0607_s22_qp_42.json,607,s,May/Jun,2022,4,calculator,2,7(a)(ii),1,trigonometry
2321,0607_s22_qp_42.json,607,s,May/Jun,2022,4,calculator,2,7(b),2,trigonometry
2322,0607_s22_qp_42.json,607,s,May/Jun,2022,4,calculator,2,7(c),3,trigonometry
2323,0607_s22_qp_42.json,607,s,May/Jun,2022,4,calculator,2,7(d),3,trigonometry
2324,0607_s22_qp_42.json,607,s,May/Jun,2022,4,calculator,2,7(e),4,trigonometry
2325,0607_s22_qp_42.json,607,s,May/Jun,2022,4,calculator,2,8(a),1,sets and Venn diagrams
2326,0607_s22_qp_42.json,607,s,May/Jun,2022,4,calculator,2,8(b),2,sets and Venn diagrams
2327,0607_s22_qp_42.json,607,s,May/Jun,2022,4,calculator,2,8(c),1,sets and Venn diagrams
2328,0607_s22_qp_42.json,607,s,May/Jun,2022,4,calculator,2,8(d),1,sets and Venn diagrams
2329,0607_s22_qp_42.json,607,s,May/Jun,2022,4,calculator,2,9(a),3,sequences
2330,0607_s22_qp_42.json,607,s,May/Jun,2022,4,calculator,2,9(b),3,sequences
2331,0607_s22_qp_42.json,607,s,May/Jun,2022,4,calculator,2,9(c),3,sequences
2332,0607_s22_qp_42.json,607,s,May/Jun,2022,4,calculator,2,10(a),3,solving linear equations
2333,0607_s22_qp_42.json,607,s,May/Jun,2022,4,calculator,2,10(b),2,algebra
2334,0607_s22_qp_42.json,607,s,May/Jun,2022,4,calculator,2,10(c)(i),2,expanding and factorising
2335,0607_s22_qp_42.json,607,s,May/Jun,2022,4,calculator,2,10(c)(ii),2,expanding and factorising
2336,0607_s22_qp_42.json,607,s,May/Jun,2022,4,calculator,2,10(c)(iii),2,expanding and factorising
2337,0607_s22_qp_42.json,607,s,May/Jun,2022,4,calculator,2,10(d),4,solving linear equations
2338,0607_s22_qp_42.json,607,s,May/Jun,2022,4,calculator,2,10(e),3,inequalities
2339,0607_s22_qp_42.json,607,s,May/Jun,2022,4,calculator,2,11(a),1,mensuration
2340,0607_s22_qp_42.json,607,s,May/Jun,2022,4,calculator,2,11(b),1,similarity
2341,0607_s22_qp_42.json,607,s,May/Jun,2022,4,calculator,2,11(c)(i),1,mensuration
2342,0607_s22_qp_42.json,607,s,May/Jun,2022,4,calculator,2,11(c)(ii),1,mensuration
2343,0607_s22_qp_42.json,607,s,May/Jun,2022,4,calculator,2,11(c)(iii),3,solving quadratic equations
2344,0607_s22_qp_42.json,607,s,May/Jun,2022,4,calculator,2,11(c)(iv),2,graphing functions
2345,0607_s22_qp_42.json,607,s,May/Jun,2022,4,calculator,2,12(a)(i),1,probability
2346,0607_s22_qp_42.json,607,s,May/Jun,2022,4,calculator,2,12(a)(ii),2,probability
2347,0607_s22_qp_42.json,607,s,May/Jun,2022,4,calculator,2,12(a)(iii),3,probability
2348,0607_s22_qp_42.json,607,s,May/Jun,2022,4,calculator,2,12(b),1,probability
2349,0607_s22_qp_43.json,607,s,May/Jun,2022,4,calculator,3,1(a),2,topics in arithmetic
2350,0607_s22_qp_43.json,607,s,May/Jun,2022,4,calculator,3,1(b),3,topics in arithmetic
2351,0607_s22_qp_43.json,607,s,May/Jun,2022,4,calculator,3,1(c),4,topics in arithmetic
2352,0607_s22_qp_43.json,607,s,May/Jun,2022,4,calculator,3,2(a),2,statistics
2353,0607_s22_qp_43.json,607,s,May/Jun,2022,4,calculator,3,2(b),1,statistics
2354,0607_s22_qp_43.json,607,s,May/Jun,2022,4,calculator,3,2(c)(i),4,statistics
2355,0607_s22_qp_43.json,607,s,May/Jun,2022,4,calculator,3,2(c)(ii),1,statistics
2356,0607_s22_qp_43.json,607,s,May/Jun,2022,4,calculator,3,2(c)(iii),2,statistics
2357,0607_s22_qp_43.json,607,s,May/Jun,2022,4,calculator,3,2(c)(iv),2,statistics
2358,0607_s22_qp_43.json,607,s,May/Jun,2022,4,calculator,3,3(a),2,transformations
2359,0607_s22_qp_43.json,607,s,May/Jun,2022,4,calculator,3,3(b)(i),2,transformations
2360,0607_s22_qp_43.json,607,s,May/Jun,2022,4,calculator,3,3(b)(ii),3,transformations
2361,0607_s22_qp_43.json,607,s,May/Jun,2022,4,calculator,3,3(c),2,transformations
2362,0607_s22_qp_43.json,607,s,May/Jun,2022,4,calculator,3,4(a),2,solving linear equations
2363,0607_s22_qp_43.json,607,s,May/Jun,2022,4,calculator,3,4(b),2,solving linear equations
2364,0607_s22_qp_43.json,607,s,May/Jun,2022,4,calculator,3,4(c),4,simultaneous equations
2365,0607_s22_qp_43.json,607,s,May/Jun,2022,4,calculator,3,4(d),4,expanding and factorising
2366,0607_s22_qp_43.json,607,s,May/Jun,2022,4,calculator,3,5(a),2,graphing functions
2367,0607_s22_qp_43.json,607,s,May/Jun,2022,4,calculator,3,5(b),2,graphing functions
2368,0607_s22_qp_43.json,607,s,May/Jun,2022,4,calculator,3,5(c),3,graphing functions
2369,0607_s22_qp_43.json,607,s,May/Jun,2022,4,calculator,3,5(d),3,graphing functions
2370,0607_s22_qp_43.json,607,s,May/Jun,2022,4,calculator,3,5(e)(i),2,graphing functions
2371,0607_s22_qp_43.json,607,s,May/Jun,2022,4,calculator,3,5(e)(ii),3,graphing functions
2372,0607_s22_qp_43.json,607,s,May/Jun,2022,4,calculator,3,6(a),4,Pythagoras
2373,0607_s22_qp_43.json,607,s,May/Jun,2022,4,calculator,3,6(b),4,mensuration
2374,0607_s22_qp_43.json,607,s,May/Jun,2022,4,calculator,3,7(a),2,sets and Venn diagrams
2375,0607_s22_qp_43.json,607,s,May/Jun,2022,4,calculator,3,7(b)(i),1,probability
2376,0607_s22_qp_43.json,607,s,May/Jun,2022,4,calculator,3,7(b)(ii),2,probability
2377,0607_s22_qp_43.json,607,s,May/Jun,2022,4,calculator,3,7(b)(iii),3,probability
2378,0607_s22_qp_43.json,607,s,May/Jun,2022,4,calculator,3,8(a),1,trigonometry
2379,0607_s22_qp_43.json,607,s,May/Jun,2022,4,calculator,3,8(b),1,angles
2380,0607_s22_qp_43.json,607,s,May/Jun,2022,4,calculator,3,8(c)(i),3,trigonometry
2381,0607_s22_qp_43.json,607,s,May/Jun,2022,4,calculator,3,8(c)(ii),4,trigonometry
2382,0607_s22_qp_43.json,607,s,May/Jun,2022,4,calculator,3,8(d),3,topics in arithmetic
2383,0607_s22_qp_43.json,607,s,May/Jun,2022,4,calculator,3,9(a)(i),1,functions
2384,0607_s22_qp_43.json,607,s,May/Jun,2022,4,calculator,3,9(a)(ii),2,functions
2385,0607_s22_qp_43.json,607,s,May/Jun,2022,4,calculator,3,9(a)(iii),2,functions
2386,0607_s22_qp_43.json,607,s,May/Jun,2022,4,calculator,3,9(a)(iv),2,functions
2387,0607_s22_qp_43.json,607,s,May/Jun,2022,4,calculator,3,9(b),3,functions
2388,0607_s22_qp_43.json,607,s,May/Jun,2022,4,calculator,3,9(c),3,functions
2389,0607_s22_qp_43.json,607,s,May/Jun,2022,4,calculator,3,9(d),3,functions
2390,0607_s22_qp_43.json,607,s,May/Jun,2022,4,calculator,3,10(a)(i),1,circle theorems
2391,0607_s22_qp_43.json,607,s,May/Jun,2022,4,calculator,3,10(a)(ii),1,circle theorems
2392,0607_s22_qp_43.json,607,s,May/Jun,2022,4,calculator,3,10(a)(iii),1,circle theorems
2393,0607_s22_qp_43.json,607,s,May/Jun,2022,4,calculator,3,10(a)(iv),1,circle theorems
2394,0607_s22_qp_43.json,607,s,May/Jun,2022,4,calculator,3,10(a)(v),1,circle theorems
2395,0607_s22_qp_43.json,607,s,May/Jun,2022,4,calculator,3,10(b),5,mensuration
2396,0607_s22_qp_43.json,607,s,May/Jun,2022,4,calculator,3,11(a),1,solving quadratic equations
2397,0607_s22_qp_43.json,607,s,May/Jun,2022,4,calculator,3,11(b),4,solving quadratic equations
2398,0607_s22_qp_43.json,607,s,May/Jun,2022,4,calculator,3,11(c),4,solving quadratic equations
2399,0607_s23_qp_21.json,607,s,May/Jun,2023,2,non_calculator,1,1(a),1,topics in arithmetic
2400,0607_s23_qp_21.json,607,s,May/Jun,2023,2,non_calculator,1,1(b),1,exponents and surds
2401,0607_s23_qp_21.json,607,s,May/Jun,2023,2,non_calculator,1,1(c),1,topics in arithmetic
2402,0607_s23_qp_21.json,607,s,May/Jun,2023,2,non_calculator,1,2,2,solving linear equations
2403,0607_s23_qp_21.json,607,s,May/Jun,2023,2,non_calculator,1,3(a),1,vectors
2404,0607_s23_qp_21.json,607,s,May/Jun,2023,2,non_calculator,1,3(b),2,vectors
2405,0607_s23_qp_21.json,607,s,May/Jun,2023,2,non_calculator,1,4(a),1,expanding and factorising
2406,0607_s23_qp_21.json,607,s,May/Jun,2023,2,non_calculator,1,4(b),2,expanding and factorising
2407,0607_s23_qp_21.json,607,s,May/Jun,2023,2,non_calculator,1,5(a),2,topics in arithmetic
2408,0607_s23_qp_21.json,607,s,May/Jun,2023,2,non_calculator,1,5(b),1,topics in arithmetic
2409,0607_s23_qp_21.json,607,s,May/Jun,2023,2,non_calculator,1,6,2,transformations
2410,0607_s23_qp_21.json,607,s,May/Jun,2023,2,non_calculator,1,7,3,angles
2411,0607_s23_qp_21.json,607,s,May/Jun,2023,2,non_calculator,1,8,2,solving linear equations
2412,0607_s23_qp_21.json,607,s,May/Jun,2023,2,non_calculator,1,9,2,exponents and surds
2413,0607_s23_qp_21.json,607,s,May/Jun,2023,2,non_calculator,1,10,2,circle theorems
2414,0607_s23_qp_21.json,607,s,May/Jun,2023,2,non_calculator,1,11,2,exponents and surds
2415,0607_s23_qp_21.json,607,s,May/Jun,2023,2,non_calculator,1,12,2,trigonometry
2416,0607_s23_qp_21.json,607,s,May/Jun,2023,2,non_calculator,1,13,2,variation and proportion
2417,0607_s23_qp_21.json,607,s,May/Jun,2023,2,non_calculator,1,14,1,functions
2418,0607_s23_qp_21.json,607,s,May/Jun,2023,2,non_calculator,1,15(a),3,topics in arithmetic
2419,0607_s23_qp_21.json,607,s,May/Jun,2023,2,non_calculator,1,15(b),5,expanding and factorising
2420,0607_s23_qp_22.json,607,s,May/Jun,2023,2,non_calculator,2,1(a),1,exponents and surds
2421,0607_s23_qp_22.json,607,s,May/Jun,2023,2,non_calculator,2,1(b),1,topics in arithmetic
2422,0607_s23_qp_22.json,607,s,May/Jun,2023,2,non_calculator,2,1(c),1,exponents and surds
2423,0607_s23_qp_22.json,607,s,May/Jun,2023,2,non_calculator,2,2(a),1,topics in arithmetic
2424,0607_s23_qp_22.json,607,s,May/Jun,2023,2,non_calculator,2,2(b),1,exponents and surds
2425,0607_s23_qp_22.json,607,s,May/Jun,2023,2,non_calculator,2,3(a),1,inequalities
2426,0607_s23_qp_22.json,607,s,May/Jun,2023,2,non_calculator,2,3(b),1,inequalities
2427,0607_s23_qp_22.json,607,s,May/Jun,2023,2,non_calculator,2,4(a),1,statistics
2428,0607_s23_qp_22.json,607,s,May/Jun,2023,2,non_calculator,2,4(b),1,statistics
2429,0607_s23_qp_22.json,607,s,May/Jun,2023,2,non_calculator,2,5,2,angles
2430,0607_s23_qp_22.json,607,s,May/Jun,2023,2,non_calculator,2,6,1,exponents and surds
2431,0607_s23_qp_22.json,607,s,May/Jun,2023,2,non_calculator,2,7,3,topics in arithmetic
2432,0607_s23_qp_22.json,607,s,May/Jun,2023,2,non_calculator,2,8(a),2,probability
2433,0607_s23_qp_22.json,607,s,May/Jun,2023,2,non_calculator,2,8(b),1,probability
2434,0607_s23_qp_22.json,607,s,May/Jun,2023,2,non_calculator,2,9,2,sets and Venn diagrams
2435,0607_s23_qp_22.json,607,s,May/Jun,2023,2,non_calculator,2,10,1,statistics
2436,0607_s23_qp_22.json,607,s,May/Jun,2023,2,non_calculator,2,11,3,simultaneous equations
2437,0607_s23_qp_22.json,607,s,May/Jun,2023,2,non_calculator,2,12(a),1,circle theorems
2438,0607_s23_qp_22.json,607,s,May/Jun,2023,2,non_calculator,2,12(b),1,circle theorems
2439,0607_s23_qp_22.json,607,s,May/Jun,2023,2,non_calculator,2,12(c),1,circle theorems
2440,0607_s23_qp_22.json,607,s,May/Jun,2023,2,non_calculator,2,13,3,exponents and surds
2441,0607_s23_qp_22.json,607,s,May/Jun,2023,2,non_calculator,2,14,3,variation and proportion
2442,0607_s23_qp_22.json,607,s,May/Jun,2023,2,non_calculator,2,15(a),1,logarithms
2443,0607_s23_qp_22.json,607,s,May/Jun,2023,2,non_calculator,2,15(b),3,logarithms
2444,0607_s23_qp_22.json,607,s,May/Jun,2023,2,non_calculator,2,16(a),2,similarity
2445,0607_s23_qp_22.json,607,s,May/Jun,2023,2,non_calculator,2,16(b),1,similarity
2446,0607_s23_qp_23.json,607,s,May/Jun,2023,2,non_calculator,3,1,2,topics in arithmetic
2447,0607_s23_qp_23.json,607,s,May/Jun,2023,2,non_calculator,3,2,1,angles
2448,0607_s23_qp_23.json,607,s,May/Jun,2023,2,non_calculator,3,3(a),1,topics in arithmetic
2449,0607_s23_qp_23.json,607,s,May/Jun,2023,2,non_calculator,3,3(b),1,topics in arithmetic
2450,0607_s23_qp_23.json,607,s,May/Jun,2023,2,non_calculator,3,4(a),1,probability
2451,0607_s23_qp_23.json,607,s,May/Jun,2023,2,non_calculator,3,4(b),1,probability
2452,0607_s23_qp_23.json,607,s,May/Jun,2023,2,non_calculator,3,5,1,mensuration
2453,0607_s23_qp_23.json,607,s,May/Jun,2023,2,non_calculator,3,6,2,expanding and factorising
2454,0607_s23_qp_23.json,607,s,May/Jun,2023,2,non_calculator,3,7(a),1,exponents and surds
2455,0607_s23_qp_23.json,607,s,May/Jun,2023,2,non_calculator,3,7(b),2,exponents and surds
2456,0607_s23_qp_23.json,607,s,May/Jun,2023,2,non_calculator,3,8,3,sequences
2457,0607_s23_qp_23.json,607,s,May/Jun,2023,2,non_calculator,3,9,3,solving linear equations
2458,0607_s23_qp_23.json,607,s,May/Jun,2023,2,non_calculator,3,10,2,topics in arithmetic
2459,0607_s23_qp_23.json,607,s,May/Jun,2023,2,non_calculator,3,11(a),1,statistics
2460,0607_s23_qp_23.json,607,s,May/Jun,2023,2,non_calculator,3,11(b),2,statistics
2461,0607_s23_qp_23.json,607,s,May/Jun,2023,2,non_calculator,3,12(a),1,expanding and factorising
2462,0607_s23_qp_23.json,607,s,May/Jun,2023,2,non_calculator,3,12(b),2,expanding and factorising
2463,0607_s23_qp_23.json,607,s,May/Jun,2023,2,non_calculator,3,13(a),1,sets and Venn diagrams
2464,0607_s23_qp_23.json,607,s,May/Jun,2023,2,non_calculator,3,13(b),1,sets and Venn diagrams
2465,0607_s23_qp_23.json,607,s,May/Jun,2023,2,non_calculator,3,14,3,probability
2466,0607_s23_qp_23.json,607,s,May/Jun,2023,2,non_calculator,3,15,3,solving linear equations
2467,0607_s23_qp_23.json,607,s,May/Jun,2023,2,non_calculator,3,16,5,straight lines
2468,0607_s23_qp_41.json,607,s,May/Jun,2023,4,calculator,1,1(a)(i),1,statistics
2469,0607_s23_qp_41.json,607,s,May/Jun,2023,4,calculator,1,1(a)(ii),1,statistics
2470,0607_s23_qp_41.json,607,s,May/Jun,2023,4,calculator,1,1(a)(iii),1,statistics
2471,0607_s23_qp_41.json,607,s,May/Jun,2023,4,calculator,1,1(a)(iv),2,statistics
2472,0607_s23_qp_41.json,607,s,May/Jun,2023,4,calculator,1,1(a)(v),2,statistics
2473,0607_s23_qp_41.json,607,s,May/Jun,2023,4,calculator,1,1(b),2,statistics
2474,0607_s23_qp_41.json,607,s,May/Jun,2023,4,calculator,1,1(c),2,statistics
2475,0607_s23_qp_41.json,607,s,May/Jun,2023,4,calculator,1,2(a)(i),2,mensuration
2476,0607_s23_qp_41.json,607,s,May/Jun,2023,4,calculator,1,2(a)(ii),2,mensuration
2477,0607_s23_qp_41.json,607,s,May/Jun,2023,4,calculator,1,2(b),2,mensuration
2478,0607_s23_qp_41.json,607,s,May/Jun,2023,4,calculator,1,2(c),3,mensuration
2479,0607_s23_qp_41.json,607,s,May/Jun,2023,4,calculator,1,3(a),2,graphing functions
2480,0607_s23_qp_41.json,607,s,May/Jun,2023,4,calculator,1,3(b),2,graphing functions
2481,0607_s23_qp_41.json,607,s,May/Jun,2023,4,calculator,1,3(c)(i),2,graphing functions
2482,0607_s23_qp_41.json,607,s,May/Jun,2023,4,calculator,1,3(c)(ii),2,inequalities
2483,0607_s23_qp_41.json,607,s,May/Jun,2023,4,calculator,1,3(c)(iii),1,inequalities
2484,0607_s23_qp_41.json,607,s,May/Jun,2023,4,calculator,1,3(d),1,graphing functions
2485,0607_s23_qp_41.json,607,s,May/Jun,2023,4,calculator,1,4(a)(i),2,topics in arithmetic
2486,0607_s23_qp_41.json,607,s,May/Jun,2023,4,calculator,1,4(a)(ii),4,topics in arithmetic
2487,0607_s23_qp_41.json,607,s,May/Jun,2023,4,calculator,1,4(b),2,topics in arithmetic
2488,0607_s23_qp_41.json,607,s,May/Jun,2023,4,calculator,1,4(c),3,topics in arithmetic
2489,0607_s23_qp_41.json,607,s,May/Jun,2023,4,calculator,1,5(a)(i),1,straight lines
2490,0607_s23_qp_41.json,607,s,May/Jun,2023,4,calculator,1,5(a)(ii),1,straight lines
2491,0607_s23_qp_41.json,607,s,May/Jun,2023,4,calculator,1,5(b)(i),3,Pythagoras
2492,0607_s23_qp_41.json,607,s,May/Jun,2023,4,calculator,1,5(b)(ii),5,straight lines
2493,0607_s23_qp_41.json,607,s,May/Jun,2023,4,calculator,1,6(a),1,functions
2494,0607_s23_qp_41.json,607,s,May/Jun,2023,4,calculator,1,6(b),2,functions
2495,0607_s23_qp_41.json,607,s,May/Jun,2023,4,calculator,1,6(c),2,functions
2496,0607_s23_qp_41.json,607,s,May/Jun,2023,4,calculator,1,6(d),2,functions
2497,0607_s23_qp_41.json,607,s,May/Jun,2023,4,calculator,1,6(e),2,functions
2498,0607_s23_qp_41.json,607,s,May/Jun,2023,4,calculator,1,7(a)(i),2,angles
2499,0607_s23_qp_41.json,607,s,May/Jun,2023,4,calculator,1,7(a)(ii),2,Pythagoras
2500,0607_s23_qp_41.json,607,s,May/Jun,2023,4,calculator,1,7(a)(iii),3,mensuration
2501,0607_s23_qp_41.json,607,s,May/Jun,2023,4,calculator,1,7(a)(iv),5,mensuration
2502,0607_s23_qp_41.json,607,s,May/Jun,2023,4,calculator,1,7(b),3,similarity
2503,0607_s23_qp_41.json,607,s,May/Jun,2023,4,calculator,1,8(a),4,simultaneous equations
2504,0607_s23_qp_41.json,607,s,May/Jun,2023,4,calculator,1,8(b)(i),3,solving quadratic equations
2505,0607_s23_qp_41.json,607,s,May/Jun,2023,4,calculator,1,8(b)(ii),2,solving quadratic equations
2506,0607_s23_qp_41.json,607,s,May/Jun,2023,4,calculator,1,8(b)(iii),1,solving quadratic equations
2507,0607_s23_qp_41.json,607,s,May/Jun,2023,4,calculator,1,9(a),2,trigonometry
2508,0607_s23_qp_41.json,607,s,May/Jun,2023,4,calculator,1,9(b),2,trigonometry
2509,0607_s23_qp_41.json,607,s,May/Jun,2023,4,calculator,1,9(c),4,trigonometry
2510,0607_s23_qp_41.json,607,s,May/Jun,2023,4,calculator,1,9(d),3,trigonometry
2511,0607_s23_qp_41.json,607,s,May/Jun,2023,4,calculator,1,10(a)(i),1,sets and Venn diagrams
2512,0607_s23_qp_41.json,607,s,May/Jun,2023,4,calculator,1,10(a)(ii),1,sets and Venn diagrams
2513,0607_s23_qp_41.json,607,s,May/Jun,2023,4,calculator,1,10(b)(i),1,sets and Venn diagrams
2514,0607_s23_qp_41.json,607,s,May/Jun,2023,4,calculator,1,10(b)(ii),1,sets and Venn diagrams
2515,0607_s23_qp_41.json,607,s,May/Jun,2023,4,calculator,1,10(b)(iii),1,probability
2516,0607_s23_qp_41.json,607,s,May/Jun,2023,4,calculator,1,10(b)(iv),2,probability
2517,0607_s23_qp_41.json,607,s,May/Jun,2023,4,calculator,1,10(b)(v)(a),2,probability
2518,0607_s23_qp_41.json,607,s,May/Jun,2023,4,calculator,1,10(b)(v)(b),3,probability
2519,0607_s23_qp_41.json,607,s,May/Jun,2023,4,calculator,1,11(a)(i),1,exponents and surds
2520,0607_s23_qp_41.json,607,s,May/Jun,2023,4,calculator,1,11(a)(ii),1,exponents and surds
2521,0607_s23_qp_41.json,607,s,May/Jun,2023,4,calculator,1,11(a)(iii),2,exponents and surds
2522,0607_s23_qp_41.json,607,s,May/Jun,2023,4,calculator,1,11(a)(iv),2,exponents and surds
2523,0607_s23_qp_41.json,607,s,May/Jun,2023,4,calculator,1,11(b),1,logarithms
2524,0607_s23_qp_41.json,607,s,May/Jun,2023,4,calculator,1,11(c),1,logarithms
2525,0607_s23_qp_41.json,607,s,May/Jun,2023,4,calculator,1,11(d),4,logarithms
2526,0607_s23_qp_42.json,607,s,May/Jun,2023,4,calculator,2,1(a),3,sequences
2527,0607_s23_qp_42.json,607,s,May/Jun,2023,4,calculator,2,1(b),2,sequences
2528,0607_s23_qp_42.json,607,s,May/Jun,2023,4,calculator,2,1(c),3,sequences
2529,0607_s23_qp_42.json,607,s,May/Jun,2023,4,calculator,2,1(d),3,sequences
2530,0607_s23_qp_42.json,607,s,May/Jun,2023,4,calculator,2,2(a),2,topics in arithmetic
2531,0607_s23_qp_42.json,607,s,May/Jun,2023,4,calculator,2,2(b),2,topics in arithmetic
2532,0607_s23_qp_42.json,607,s,May/Jun,2023,4,calculator,2,2(c),4,topics in arithmetic
2533,0607_s23_qp_42.json,607,s,May/Jun,2023,4,calculator,2,3(a),2,transformations
2534,0607_s23_qp_42.json,607,s,May/Jun,2023,4,calculator,2,3(b),2,transformations
2535,0607_s23_qp_42.json,607,s,May/Jun,2023,4,calculator,2,3(c),3,transformations
2536,0607_s23_qp_42.json,607,s,May/Jun,2023,4,calculator,2,3(d),3,transformations
2537,0607_s23_qp_42.json,607,s,May/Jun,2023,4,calculator,2,4(a),4,statistics
2538,0607_s23_qp_42.json,607,s,May/Jun,2023,4,calculator,2,4(b)(i),1,statistics
2539,0607_s23_qp_42.json,607,s,May/Jun,2023,4,calculator,2,4(b)(ii),2,statistics
2540,0607_s23_qp_42.json,607,s,May/Jun,2023,4,calculator,2,4(c),3,statistics
2541,0607_s23_qp_42.json,607,s,May/Jun,2023,4,calculator,2,5(a)(i),1,angles
2542,0607_s23_qp_42.json,607,s,May/Jun,2023,4,calculator,2,5(a)(ii),3,trigonometry
2543,0607_s23_qp_42.json,607,s,May/Jun,2023,4,calculator,2,5(a)(iii),2,mensuration
2544,0607_s23_qp_42.json,607,s,May/Jun,2023,4,calculator,2,5(b)(i),3,Pythagoras
2545,0607_s23_qp_42.json,607,s,May/Jun,2023,4,calculator,2,5(b)(ii),2,mensuration
2546,0607_s23_qp_42.json,607,s,May/Jun,2023,4,calculator,2,5(b)(iii),3,similarity
2547,0607_s23_qp_42.json,607,s,May/Jun,2023,4,calculator,2,6(a),3,graphing functions
2548,0607_s23_qp_42.json,607,s,May/Jun,2023,4,calculator,2,6(b),2,graphing functions
2549,0607_s23_qp_42.json,607,s,May/Jun,2023,4,calculator,2,6(c),2,graphing functions
2550,0607_s23_qp_42.json,607,s,May/Jun,2023,4,calculator,2,6(d)(i),1,graphing functions
2551,0607_s23_qp_42.json,607,s,May/Jun,2023,4,calculator,2,6(d)(ii),3,graphing functions
2552,0607_s23_qp_42.json,607,s,May/Jun,2023,4,calculator,2,6(d)(iii),3,inequalities
2553,0607_s23_qp_42.json,607,s,May/Jun,2023,4,calculator,2,7(a),3,straight lines
2554,0607_s23_qp_42.json,607,s,May/Jun,2023,4,calculator,2,7(b),1,straight lines
2555,0607_s23_qp_42.json,607,s,May/Jun,2023,4,calculator,2,7(c),3,straight lines
2556,0607_s23_qp_42.json,607,s,May/Jun,2023,4,calculator,2,7(d)(i),2,straight lines
2557,0607_s23_qp_42.json,607,s,May/Jun,2023,4,calculator,2,7(d)(ii),1,straight lines
2558,0607_s23_qp_42.json,607,s,May/Jun,2023,4,calculator,2,7(d)(iii),2,straight lines
2559,0607_s23_qp_42.json,607,s,May/Jun,2023,4,calculator,2,7(d)(iv),3,straight lines
2560,0607_s23_qp_42.json,607,s,May/Jun,2023,4,calculator,2,8(a),5,trigonometry
2561,0607_s23_qp_42.json,607,s,May/Jun,2023,4,calculator,2,8(b),3,trigonometry
2562,0607_s23_qp_42.json,607,s,May/Jun,2023,4,calculator,2,9(a),1,probability
2563,0607_s23_qp_42.json,607,s,May/Jun,2023,4,calculator,2,9(b),2,probability
2564,0607_s23_qp_42.json,607,s,May/Jun,2023,4,calculator,2,9(c),3,probability
2565,0607_s23_qp_42.json,607,s,May/Jun,2023,4,calculator,2,9(d),3,probability
2566,0607_s23_qp_42.json,607,s,May/Jun,2023,4,calculator,2,10(a),2,expanding and factorising
2567,0607_s23_qp_42.json,607,s,May/Jun,2023,4,calculator,2,10(b),1,expanding and factorising
2568,0607_s23_qp_42.json,607,s,May/Jun,2023,4,calculator,2,10(c),2,expanding and factorising
2569,0607_s23_qp_42.json,607,s,May/Jun,2023,4,calculator,2,10(d)(i),4,solving quadratic equations
2570,0607_s23_qp_42.json,607,s,May/Jun,2023,4,calculator,2,10(d)(ii),3,solving quadratic equations
2571,0607_s23_qp_42.json,607,s,May/Jun,2023,4,calculator,2,11(a),1,functions
2572,0607_s23_qp_42.json,607,s,May/Jun,2023,4,calculator,2,11(b),3,functions
2573,0607_s23_qp_42.json,607,s,May/Jun,2023,4,calculator,2,11(c),2,functions
2574,0607_s23_qp_42.json,607,s,May/Jun,2023,4,calculator,2,11(d),3,functions
2575,0607_s23_qp_43.json,607,s,May/Jun,2023,4,calculator,3,1(a),2,transformations
2576,0607_s23_qp_43.json,607,s,May/Jun,2023,4,calculator,3,1(b),3,transformations
2577,0607_s23_qp_43.json,607,s,May/Jun,2023,4,calculator,3,1(c),2,transformations
2578,0607_s23_qp_43.json,607,s,May/Jun,2023,4,calculator,3,1(d),2,transformations
2579,0607_s23_qp_43.json,607,s,May/Jun,2023,4,calculator,3,2(a),2,topics in arithmetic
2580,0607_s23_qp_43.json,607,s,May/Jun,2023,4,calculator,3,2(b),2,topics in arithmetic
2581,0607_s23_qp_43.json,607,s,May/Jun,2023,4,calculator,3,2(c),3,topics in arithmetic
2582,0607_s23_qp_43.json,607,s,May/Jun,2023,4,calculator,3,3(a),1,statistics
2583,0607_s23_qp_43.json,607,s,May/Jun,2023,4,calculator,3,3(b),1,statistics
2584,0607_s23_qp_43.json,607,s,May/Jun,2023,4,calculator,3,3(c),2,statistics
2585,0607_s23_qp_43.json,607,s,May/Jun,2023,4,calculator,3,3(d)(i),1,statistics
2586,0607_s23_qp_43.json,607,s,May/Jun,2023,4,calculator,3,3(d)(ii),1,statistics
2587,0607_s23_qp_43.json,607,s,May/Jun,2023,4,calculator,3,3(e),1,statistics
2588,0607_s23_qp_43.json,607,s,May/Jun,2023,4,calculator,3,4(a),2,topics in arithmetic
2589,0607_s23_qp_43.json,607,s,May/Jun,2023,4,calculator,3,4(b)(i),2,topics in arithmetic
2590,0607_s23_qp_43.json,607,s,May/Jun,2023,4,calculator,3,4(b)(ii),2,topics in arithmetic
2591,0607_s23_qp_43.json,607,s,May/Jun,2023,4,calculator,3,4(c),2,topics in arithmetic
2592,0607_s23_qp_43.json,607,s,May/Jun,2023,4,calculator,3,4(d),3,topics in arithmetic
2593,0607_s23_qp_43.json,607,s,May/Jun,2023,4,calculator,3,4(e)(i),2,topics in arithmetic
2594,0607_s23_qp_43.json,607,s,May/Jun,2023,4,calculator,3,4(e)(ii),3,graphing functions
2595,0607_s23_qp_43.json,607,s,May/Jun,2023,4,calculator,3,5(a),3,trigonometry
2596,0607_s23_qp_43.json,607,s,May/Jun,2023,4,calculator,3,5(b),3,trigonometry
2597,0607_s23_qp_43.json,607,s,May/Jun,2023,4,calculator,3,5(c),2,trigonometry
2598,0607_s23_qp_43.json,607,s,May/Jun,2023,4,calculator,3,5(d),2,similarity
2599,0607_s23_qp_43.json,607,s,May/Jun,2023,4,calculator,3,6(a),2,solving linear equations
2600,0607_s23_qp_43.json,607,s,May/Jun,2023,4,calculator,3,6(b),3,solving linear equations
2601,0607_s23_qp_43.json,607,s,May/Jun,2023,4,calculator,3,6(c),3,solving quadratic equations
2602,0607_s23_qp_43.json,607,s,May/Jun,2023,4,calculator,3,6(d),3,solving quadratic equations
2603,0607_s23_qp_43.json,607,s,May/Jun,2023,4,calculator,3,6(e),3,logarithms
2604,0607_s23_qp_43.json,607,s,May/Jun,2023,4,calculator,3,6(f),4,probability
2605,0607_s23_qp_43.json,607,s,May/Jun,2023,4,calculator,3,7(a),3,graphing functions
2606,0607_s23_qp_43.json,607,s,May/Jun,2023,4,calculator,3,7(b),2,graphing functions
2607,0607_s23_qp_43.json,607,s,May/Jun,2023,4,calculator,3,7(c),1,graphing functions
2608,0607_s23_qp_43.json,607,s,May/Jun,2023,4,calculator,3,7(d)(i),3,graphing functions
2609,0607_s23_qp_43.json,607,s,May/Jun,2023,4,calculator,3,7(d)(ii),2,inequalities
2610,0607_s23_qp_43.json,607,s,May/Jun,2023,4,calculator,3,8(a),3,simultaneous equations
2611,0607_s23_qp_43.json,607,s,May/Jun,2023,4,calculator,3,8(b)(i),1,functions
2612,0607_s23_qp_43.json,607,s,May/Jun,2023,4,calculator,3,8(b)(ii),2,functions
2613,0607_s23_qp_43.json,607,s,May/Jun,2023,4,calculator,3,8(b)(iii),3,functions
2614,0607_s23_qp_43.json,607,s,May/Jun,2023,4,calculator,3,9(a)(i),1,probability
2615,0607_s23_qp_43.json,607,s,May/Jun,2023,4,calculator,3,9(a)(ii),1,probability
2616,0607_s23_qp_43.json,607,s,May/Jun,2023,4,calculator,3,9(b),2,probability
2617,0607_s23_qp_43.json,607,s,May/Jun,2023,4,calculator,3,9(c)(i),1,probability
2618,0607_s23_qp_43.json,607,s,May/Jun,2023,4,calculator,3,9(c)(ii),3,probability
2619,0607_s23_qp_43.json,607,s,May/Jun,2023,4,calculator,3,10(a),1,circle theorems
2620,0607_s23_qp_43.json,607,s,May/Jun,2023,4,calculator,3,10(b),2,circle theorems
2621,0607_s23_qp_43.json,607,s,May/Jun,2023,4,calculator,3,10(c),1,circle theorems
2622,0607_s23_qp_43.json,607,s,May/Jun,2023,4,calculator,3,10(d),3,circle theorems
2623,0607_s23_qp_43.json,607,s,May/Jun,2023,4,calculator,3,11(a),2,mensuration
2624,0607_s23_qp_43.json,607,s,May/Jun,2023,4,calculator,3,11(b),4,mensuration
2625,0607_s23_qp_43.json,607,s,May/Jun,2023,4,calculator,3,11(c)(i),3,mensuration
2626,0607_s23_qp_43.json,607,s,May/Jun,2023,4,calculator,3,11(c)(ii),3,mensuration
2627,0607_s23_qp_43.json,607,s,May/Jun,2023,4,calculator,3,12,6,trigonometry
2628,0607_s24_qp_21.json,607,s,May/Jun,2024,2,non_calculator,1,1,1,exponents and surds
2629,0607_s24_qp_21.json,607,s,May/Jun,2024,2,non_calculator,1,2(a),1,topics in arithmetic
2630,0607_s24_qp_21.json,607,s,May/Jun,2024,2,non_calculator,1,2(b),1,topics in arithmetic
2631,0607_s24_qp_21.json,607,s,May/Jun,2024,2,non_calculator,1,3,2,expanding and factorising
2632,0607_s24_qp_21.json,607,s,May/Jun,2024,2,non_calculator,1,4,1,mensuration
2633,0607_s24_qp_21.json,607,s,May/Jun,2024,2,non_calculator,1,5,1,exponents and surds
2634,0607_s24_qp_21.json,607,s,May/Jun,2024,2,non_calculator,1,6,2,topics in arithmetic
2635,0607_s24_qp_21.json,607,s,May/Jun,2024,2,non_calculator,1,7,2,vectors
2636,0607_s24_qp_21.json,607,s,May/Jun,2024,2,non_calculator,1,8(a),1,exponents and surds
2637,0607_s24_qp_21.json,607,s,May/Jun,2024,2,non_calculator,1,8(b),1,exponents and surds
2638,0607_s24_qp_21.json,607,s,May/Jun,2024,2,non_calculator,1,9,4,straight lines
2639,0607_s24_qp_21.json,607,s,May/Jun,2024,2,non_calculator,1,10(a),1,statistics
2640,0607_s24_qp_21.json,607,s,May/Jun,2024,2,non_calculator,1,10(b),2,statistics
2641,0607_s24_qp_21.json,607,s,May/Jun,2024,2,non_calculator,1,11(a),2,exponents and surds
2642,0607_s24_qp_21.json,607,s,May/Jun,2024,2,non_calculator,1,11(b),3,exponents and surds
2643,0607_s24_qp_21.json,607,s,May/Jun,2024,2,non_calculator,1,12,2,expanding and factorising
2644,0607_s24_qp_21.json,607,s,May/Jun,2024,2,non_calculator,1,13,3,probability
2645,0607_s24_qp_21.json,607,s,May/Jun,2024,2,non_calculator,1,14,3,solving linear equations
2646,0607_s24_qp_21.json,607,s,May/Jun,2024,2,non_calculator,1,15,4,logarithms
2647,0607_s24_qp_21.json,607,s,May/Jun,2024,2,non_calculator,1,16,3,trigonometry
2648,0607_s24_qp_22.json,607,s,May/Jun,2024,2,non_calculator,2,1(a),1,angles
2649,0607_s24_qp_22.json,607,s,May/Jun,2024,2,non_calculator,2,1(b),1,angles
2650,0607_s24_qp_22.json,607,s,May/Jun,2024,2,non_calculator,2,2(a),2,statistics
2651,0607_s24_qp_22.json,607,s,May/Jun,2024,2,non_calculator,2,2(b),1,statistics
2652,0607_s24_qp_22.json,607,s,May/Jun,2024,2,non_calculator,2,3,1,topics in arithmetic
2653,0607_s24_qp_22.json,607,s,May/Jun,2024,2,non_calculator,2,4,1,topics in arithmetic
2654,0607_s24_qp_22.json,607,s,May/Jun,2024,2,non_calculator,2,5,2,solving linear equations
2655,0607_s24_qp_22.json,607,s,May/Jun,2024,2,non_calculator,2,6,1,inequalities
2656,0607_s24_qp_22.json,607,s,May/Jun,2024,2,non_calculator,2,7(a),1,exponents and surds
2657,0607_s24_qp_22.json,607,s,May/Jun,2024,2,non_calculator,2,7(b),2,exponents and surds
2658,0607_s24_qp_22.json,607,s,May/Jun,2024,2,non_calculator,2,8,2,solving linear equations
2659,0607_s24_qp_22.json,607,s,May/Jun,2024,2,non_calculator,2,9,2,expanding and factorising
2660,0607_s24_qp_22.json,607,s,May/Jun,2024,2,non_calculator,2,10(a),1,circle theorems
2661,0607_s24_qp_22.json,607,s,May/Jun,2024,2,non_calculator,2,10(b),1,circle theorems
2662,0607_s24_qp_22.json,607,s,May/Jun,2024,2,non_calculator,2,10(c),2,similarity
2663,0607_s24_qp_22.json,607,s,May/Jun,2024,2,non_calculator,2,11,2,exponents and surds
2664,0607_s24_qp_22.json,607,s,May/Jun,2024,2,non_calculator,2,12(a),1,graphing functions
2665,0607_s24_qp_22.json,607,s,May/Jun,2024,2,non_calculator,2,12(b),1,graphing functions
2666,0607_s24_qp_22.json,607,s,May/Jun,2024,2,non_calculator,2,13(a),1,sets and Venn diagrams
2667,0607_s24_qp_22.json,607,s,May/Jun,2024,2,non_calculator,2,13(b),1,sets and Venn diagrams
2668,0607_s24_qp_22.json,607,s,May/Jun,2024,2,non_calculator,2,13(c),1,sets and Venn diagrams
2669,0607_s24_qp_22.json,607,s,May/Jun,2024,2,non_calculator,2,14,2,exponents and surds
2670,0607_s24_qp_22.json,607,s,May/Jun,2024,2,non_calculator,2,15,3,trigonometry
2671,0607_s24_qp_22.json,607,s,May/Jun,2024,2,non_calculator,2,16,3,transformations
2672,0607_s24_qp_22.json,607,s,May/Jun,2024,2,non_calculator,2,17,4,trigonometry
2673,0607_s24_qp_23.json,607,s,May/Jun,2024,2,non_calculator,3,1,2,topics in arithmetic
2674,0607_s24_qp_23.json,607,s,May/Jun,2024,2,non_calculator,3,2,2,topics in arithmetic
2675,0607_s24_qp_23.json,607,s,May/Jun,2024,2,non_calculator,3,3,1,transformations
2676,0607_s24_qp_23.json,607,s,May/Jun,2024,2,non_calculator,3,4(a),2,expanding and factorising
2677,0607_s24_qp_23.json,607,s,May/Jun,2024,2,non_calculator,3,4(b),2,expanding and factorising
2678,0607_s24_qp_23.json,607,s,May/Jun,2024,2,non_calculator,3,5,3,statistics
2679,0607_s24_qp_23.json,607,s,May/Jun,2024,2,non_calculator,3,6(a),2,exponents and surds
2680,0607_s24_qp_23.json,607,s,May/Jun,2024,2,non_calculator,3,6(b),2,exponents and surds
2681,0607_s24_qp_23.json,607,s,May/Jun,2024,2,non_calculator,3,7,2,topics in arithmetic
2682,0607_s24_qp_23.json,607,s,May/Jun,2024,2,non_calculator,3,8,2,topics in arithmetic
2683,0607_s24_qp_23.json,607,s,May/Jun,2024,2,non_calculator,3,9,2,sets and Venn diagrams
2684,0607_s24_qp_23.json,607,s,May/Jun,2024,2,non_calculator,3,10(a),1,statistics
2685,0607_s24_qp_23.json,607,s,May/Jun,2024,2,non_calculator,3,10(b),2,statistics
2686,0607_s24_qp_23.json,607,s,May/Jun,2024,2,non_calculator,3,11,3,expanding and factorising
2687,0607_s24_qp_23.json,607,s,May/Jun,2024,2,non_calculator,3,12,4,variation and proportion
2688,0607_s24_qp_23.json,607,s,May/Jun,2024,2,non_calculator,3,13,3,logarithms
2689,0607_s24_qp_23.json,607,s,May/Jun,2024,2,non_calculator,3,14,5,trigonometry
2690,0607_s24_qp_41.json,607,s,May/Jun,2024,4,calculator,1,1(a)(i),2,solving linear equations
2691,0607_s24_qp_41.json,607,s,May/Jun,2024,4,calculator,1,1(a)(ii),2,solving linear equations
2692,0607_s24_qp_41.json,607,s,May/Jun,2024,4,calculator,1,1(b),4,simultaneous equations
2693,0607_s24_qp_41.json,607,s,May/Jun,2024,4,calculator,1,1(c),4,inequalities
2694,0607_s24_qp_41.json,607,s,May/Jun,2024,4,calculator,1,2(a)(i),2,statistics
2695,0607_s24_qp_41.json,607,s,May/Jun,2024,4,calculator,1,2(a)(ii)(a),1,statistics
2696,0607_s24_qp_41.json,607,s,May/Jun,2024,4,calculator,1,2(a)(ii)(b),3,statistics
2697,0607_s24_qp_41.json,607,s,May/Jun,2024,4,calculator,1,2(c),2,statistics
2698,0607_s24_qp_41.json,607,s,May/Jun,2024,4,calculator,1,2(b),3,statistics
2699,0607_s24_qp_41.json,607,s,May/Jun,2024,4,calculator,1,3(a),2,transformations
2700,0607_s24_qp_41.json,607,s,May/Jun,2024,4,calculator,1,3(b),2,transformations
2701,0607_s24_qp_41.json,607,s,May/Jun,2024,4,calculator,1,3(c),2,transformations
2702,0607_s24_qp_41.json,607,s,May/Jun,2024,4,calculator,1,3(d),2,transformations
2703,0607_s24_qp_41.json,607,s,May/Jun,2024,4,calculator,1,3(e),3,transformations
2704,0607_s24_qp_41.json,607,s,May/Jun,2024,4,calculator,1,4(a),2,topics in arithmetic
2705,0607_s24_qp_41.json,607,s,May/Jun,2024,4,calculator,1,4(b),2,topics in arithmetic
2706,0607_s24_qp_41.json,607,s,May/Jun,2024,4,calculator,1,4(c)(i),2,topics in arithmetic
2707,0607_s24_qp_41.json,607,s,May/Jun,2024,4,calculator,1,4(c)(ii),4,topics in arithmetic
2708,0607_s24_qp_41.json,607,s,May/Jun,2024,4,calculator,1,4(d)(i),2,topics in arithmetic
2709,0607_s24_qp_41.json,607,s,May/Jun,2024,4,calculator,1,4(d)(ii),3,topics in arithmetic
2710,0607_s24_qp_41.json,607,s,May/Jun,2024,4,calculator,1,5(a),1,circle theorems
2711,0607_s24_qp_41.json,607,s,May/Jun,2024,4,calculator,1,5(b),1,circle theorems
2712,0607_s24_qp_41.json,607,s,May/Jun,2024,4,calculator,1,5(c)(i),1,circle theorems
2713,0607_s24_qp_41.json,607,s,May/Jun,2024,4,calculator,1,5(c)(ii),1,circle theorems
2714,0607_s24_qp_41.json,607,s,May/Jun,2024,4,calculator,1,5(c)(iii),2,circle theorems
2715,0607_s24_qp_41.json,607,s,May/Jun,2024,4,calculator,1,5(c)(iv),2,circle theorems
2716,0607_s24_qp_41.json,607,s,May/Jun,2024,4,calculator,1,6(a),3,graphing functions
2717,0607_s24_qp_41.json,607,s,May/Jun,2024,4,calculator,1,6(b),2,graphing functions
2718,0607_s24_qp_41.json,607,s,May/Jun,2024,4,calculator,1,6(c),2,graphing functions
2719,0607_s24_qp_41.json,607,s,May/Jun,2024,4,calculator,1,6(d),1,graphing functions
2720,0607_s24_qp_41.json,607,s,May/Jun,2024,4,calculator,1,6(e),2,graphing functions
2721,0607_s24_qp_41.json,607,s,May/Jun,2024,4,calculator,1,7(a)(i),1,probability
2722,0607_s24_qp_41.json,607,s,May/Jun,2024,4,calculator,1,7(a)(ii),1,probability
2723,0607_s24_qp_41.json,607,s,May/Jun,2024,4,calculator,1,7(a)(iii),3,probability
2724,0607_s24_qp_41.json,607,s,May/Jun,2024,4,calculator,1,7(a)(iv),3,probability
2725,0607_s24_qp_41.json,607,s,May/Jun,2024,4,calculator,1,7(b)(i),1,sets and Venn diagrams
2726,0607_s24_qp_41.json,607,s,May/Jun,2024,4,calculator,1,7(b)(ii),1,sets and Venn diagrams
2727,0607_s24_qp_41.json,607,s,May/Jun,2024,4,calculator,1,7(b)(iii),1,sets and Venn diagrams
2728,0607_s24_qp_41.json,607,s,May/Jun,2024,4,calculator,1,8(a),3,trigonometry
2729,0607_s24_qp_41.json,607,s,May/Jun,2024,4,calculator,1,8(b),3,trigonometry
2730,0607_s24_qp_41.json,607,s,May/Jun,2024,4,calculator,1,8(c),2,trigonometry
2731,0607_s24_qp_41.json,607,s,May/Jun,2024,4,calculator,1,8(d),3,mensuration
2732,0607_s24_qp_41.json,607,s,May/Jun,2024,4,calculator,1,8(e),2,mensuration
2733,0607_s24_qp_41.json,607,s,May/Jun,2024,4,calculator,1,9(a),3,mensuration
2734,0607_s24_qp_41.json,607,s,May/Jun,2024,4,calculator,1,9(b),2,mensuration
2735,0607_s24_qp_41.json,607,s,May/Jun,2024,4,calculator,1,9(c),2,similarity
2736,0607_s24_qp_41.json,607,s,May/Jun,2024,4,calculator,1,9(d),3,mensuration
2737,0607_s24_qp_41.json,607,s,May/Jun,2024,4,calculator,1,10(a)(i),3,variation and proportion
2738,0607_s24_qp_41.json,607,s,May/Jun,2024,4,calculator,1,10(a)(ii),2,variation and proportion
2739,0607_s24_qp_41.json,607,s,May/Jun,2024,4,calculator,1,10(b),3,variation and proportion
2740,0607_s24_qp_41.json,607,s,May/Jun,2024,4,calculator,1,11(a),1,functions
2741,0607_s24_qp_41.json,607,s,May/Jun,2024,4,calculator,1,11(b),2,functions
2742,0607_s24_qp_41.json,607,s,May/Jun,2024,4,calculator,1,11(c),2,functions
2743,0607_s24_qp_41.json,607,s,May/Jun,2024,4,calculator,1,11(d),6,functions
2744,0607_s24_qp_42.json,607,s,May/Jun,2024,4,calculator,2,1(a),3,mensuration
2745,0607_s24_qp_42.json,607,s,May/Jun,2024,4,calculator,2,1(b)(i),1,topics in arithmetic
2746,0607_s24_qp_42.json,607,s,May/Jun,2024,4,calculator,2,1(b)(ii),3,mensuration
2747,0607_s24_qp_42.json,607,s,May/Jun,2024,4,calculator,2,1(b)(iii),3,mensuration
2748,0607_s24_qp_42.json,607,s,May/Jun,2024,4,calculator,2,2(a),1,topics in arithmetic
2749,0607_s24_qp_42.json,607,s,May/Jun,2024,4,calculator,2,2(b)(i),1,topics in arithmetic
2750,0607_s24_qp_42.json,607,s,May/Jun,2024,4,calculator,2,2(b)(ii),2,topics in arithmetic
2751,0607_s24_qp_42.json,607,s,May/Jun,2024,4,calculator,2,2(c),2,topics in arithmetic
2752,0607_s24_qp_42.json,607,s,May/Jun,2024,4,calculator,2,2(d),2,topics in arithmetic
2753,0607_s24_qp_42.json,607,s,May/Jun,2024,4,calculator,2,3(a)(i),1,graphing functions
2754,0607_s24_qp_42.json,607,s,May/Jun,2024,4,calculator,2,3(a)(ii),1,graphing functions
2755,0607_s24_qp_42.json,607,s,May/Jun,2024,4,calculator,2,3(a)(iii),1,graphing functions
2756,0607_s24_qp_42.json,607,s,May/Jun,2024,4,calculator,2,3(a)(iv),2,graphing functions
2757,0607_s24_qp_42.json,607,s,May/Jun,2024,4,calculator,2,3(b)(i),3,graphing functions
2758,0607_s24_qp_42.json,607,s,May/Jun,2024,4,calculator,2,3(b)(ii),2,graphing functions
2759,0607_s24_qp_42.json,607,s,May/Jun,2024,4,calculator,2,3(b)(iii),1,graphing functions
2760,0607_s24_qp_42.json,607,s,May/Jun,2024,4,calculator,2,3(b)(iv)(a),2,graphing functions
2761,0607_s24_qp_42.json,607,s,May/Jun,2024,4,calculator,2,3(b)(iv)(b),2,graphing functions
2762,0607_s24_qp_42.json,607,s,May/Jun,2024,4,calculator,2,4(a),3,statistics
2763,0607_s24_qp_42.json,607,s,May/Jun,2024,4,calculator,2,4(b)(i),2,statistics
2764,0607_s24_qp_42.json,607,s,May/Jun,2024,4,calculator,2,4(b)(ii)(a),2,statistics
2765,0607_s24_qp_42.json,607,s,May/Jun,2024,4,calculator,2,4(b)(ii)(b),3,statistics
2766,0607_s24_qp_42.json,607,s,May/Jun,2024,4,calculator,2,4(b)(ii)(c),1,statistics
2767,0607_s24_qp_42.json,607,s,May/Jun,2024,4,calculator,2,4(b)(ii)(d),2,statistics
2768,0607_s24_qp_42.json,607,s,May/Jun,2024,4,calculator,2,5(a),2,mensuration
2769,0607_s24_qp_42.json,607,s,May/Jun,2024,4,calculator,2,5(b),3,mensuration
2770,0607_s24_qp_42.json,607,s,May/Jun,2024,4,calculator,2,5(c),4,mensuration
2771,0607_s24_qp_42.json,607,s,May/Jun,2024,4,calculator,2,6(a),4,topics in arithmetic
2772,0607_s24_qp_42.json,607,s,May/Jun,2024,4,calculator,2,6(b),4,topics in arithmetic
2773,0607_s24_qp_42.json,607,s,May/Jun,2024,4,calculator,2,7(a),3,solving linear equations
2774,0607_s24_qp_42.json,607,s,May/Jun,2024,4,calculator,2,7(b),3,simultaneous equations
2775,0607_s24_qp_42.json,607,s,May/Jun,2024,4,calculator,2,7(c)(i),2,expanding and factorising
2776,0607_s24_qp_42.json,607,s,May/Jun,2024,4,calculator,2,7(c)(ii),1,solving quadratic equations
2777,0607_s24_qp_42.json,607,s,May/Jun,2024,4,calculator,2,8(a)(i),2,transformations
2778,0607_s24_qp_42.json,607,s,May/Jun,2024,4,calculator,2,8(a)(ii),3,transformations
2779,0607_s24_qp_42.json,607,s,May/Jun,2024,4,calculator,2,8(b)(i),1,vectors
2780,0607_s24_qp_42.json,607,s,May/Jun,2024,4,calculator,2,8(b)(ii),2,vectors
2781,0607_s24_qp_42.json,607,s,May/Jun,2024,4,calculator,2,8(c),3,straight lines
2782,0607_s24_qp_42.json,607,s,May/Jun,2024,4,calculator,2,9(a)(i),1,functions
2783,0607_s24_qp_42.json,607,s,May/Jun,2024,4,calculator,2,9(a)(ii),3,functions
2784,0607_s24_qp_42.json,607,s,May/Jun,2024,4,calculator,2,9(a)(iii),3,functions
2785,0607_s24_qp_42.json,607,s,May/Jun,2024,4,calculator,2,9(a)(iv),2,functions
2786,0607_s24_qp_42.json,607,s,May/Jun,2024,4,calculator,2,9(a)(v),2,functions
2787,0607_s24_qp_42.json,607,s,May/Jun,2024,4,calculator,2,9(b)(i),2,logarithms
2788,0607_s24_qp_42.json,607,s,May/Jun,2024,4,calculator,2,9(b)(ii),2,logarithms
2789,0607_s24_qp_42.json,607,s,May/Jun,2024,4,calculator,2,9(b)(iii),2,logarithms
2790,0607_s24_qp_42.json,607,s,May/Jun,2024,4,calculator,2,10(a)(i),1,probability
2791,0607_s24_qp_42.json,607,s,May/Jun,2024,4,calculator,2,10(a)(ii),1,probability
2792,0607_s24_qp_42.json,607,s,May/Jun,2024,4,calculator,2,10(b)(i),2,probability
2793,0607_s24_qp_42.json,607,s,May/Jun,2024,4,calculator,2,10(b)(ii),3,probability
2794,0607_s24_qp_42.json,607,s,May/Jun,2024,4,calculator,2,10(c),3,probability
2795,0607_s24_qp_42.json,607,s,May/Jun,2024,4,calculator,2,11(a),3,expanding and factorising
2796,0607_s24_qp_42.json,607,s,May/Jun,2024,4,calculator,2,11(b)(i),3,solving quadratic equations
2797,0607_s24_qp_42.json,607,s,May/Jun,2024,4,calculator,2,11(b)(ii),4,solving quadratic equations
2798,0607_s24_qp_43.json,607,s,May/Jun,2024,4,calculator,3,1(a)(i),1,statistics
2799,0607_s24_qp_43.json,607,s,May/Jun,2024,4,calculator,3,1(a)(ii),1,statistics
2800,0607_s24_qp_43.json,607,s,May/Jun,2024,4,calculator,3,1(a)(iii),1,statistics
2801,0607_s24_qp_43.json,607,s,May/Jun,2024,4,calculator,3,1(a)(iv),1,statistics
2802,0607_s24_qp_43.json,607,s,May/Jun,2024,4,calculator,3,1(a)(v),2,statistics
2803,0607_s24_qp_43.json,607,s,May/Jun,2024,4,calculator,3,1(b),3,statistics
2804,0607_s24_qp_43.json,607,s,May/Jun,2024,4,calculator,3,2(a),2,topics in arithmetic
2805,0607_s24_qp_43.json,607,s,May/Jun,2024,4,calculator,3,2(b),3,topics in arithmetic
2806,0607_s24_qp_43.json,607,s,May/Jun,2024,4,calculator,3,2(c),3,topics in arithmetic
2807,0607_s24_qp_43.json,607,s,May/Jun,2024,4,calculator,3,2(d),4,topics in arithmetic
2808,0607_s24_qp_43.json,607,s,May/Jun,2024,4,calculator,3,3(a)(i),1,probability
2809,0607_s24_qp_43.json,607,s,May/Jun,2024,4,calculator,3,3(a)(ii),1,probability
2810,0607_s24_qp_43.json,607,s,May/Jun,2024,4,calculator,3,3(b)(i),2,probability
2811,0607_s24_qp_43.json,607,s,May/Jun,2024,4,calculator,3,3(b)(ii),1,probability
2812,0607_s24_qp_43.json,607,s,May/Jun,2024,4,calculator,3,3(c)(i),2,probability
2813,0607_s24_qp_43.json,607,s,May/Jun,2024,4,calculator,3,3(c)(ii),2,probability
2814,0607_s24_qp_43.json,607,s,May/Jun,2024,4,calculator,3,4(a),3,straight lines
2815,0607_s24_qp_43.json,607,s,May/Jun,2024,4,calculator,3,4(b),3,straight lines
2816,0607_s24_qp_43.json,607,s,May/Jun,2024,4,calculator,3,4(c),4,simultaneous equations
2817,0607_s24_qp_43.json,607,s,May/Jun,2024,4,calculator,3,5(a),2,graphing functions
2818,0607_s24_qp_43.json,607,s,May/Jun,2024,4,calculator,3,5(b),3,graphing functions
2819,0607_s24_qp_43.json,607,s,May/Jun,2024,4,calculator,3,5(c),2,graphing functions
2820,0607_s24_qp_43.json,607,s,May/Jun,2024,4,calculator,3,5(d),2,graphing functions
2821,0607_s24_qp_43.json,607,s,May/Jun,2024,4,calculator,3,5(e),1,graphing functions
2822,0607_s24_qp_43.json,607,s,May/Jun,2024,4,calculator,3,6(a)(i),2,transformations
2823,0607_s24_qp_43.json,607,s,May/Jun,2024,4,calculator,3,6(a)(ii),3,transformations
2824,0607_s24_qp_43.json,607,s,May/Jun,2024,4,calculator,3,6(a)(iii),3,transformations
2825,0607_s24_qp_43.json,607,s,May/Jun,2024,4,calculator,3,6(b)(i),2,transformations
2826,0607_s24_qp_43.json,607,s,May/Jun,2024,4,calculator,3,6(b)(ii),3,transformations
2827,0607_s24_qp_43.json,607,s,May/Jun,2024,4,calculator,3,7(a),2,mensuration
2828,0607_s24_qp_43.json,607,s,May/Jun,2024,4,calculator,3,7(b),3,trigonometry
2829,0607_s24_qp_43.json,607,s,May/Jun,2024,4,calculator,3,7(c),3,mensuration
2830,0607_s24_qp_43.json,607,s,May/Jun,2024,4,calculator,3,7(d),3,similarity
2831,0607_s24_qp_43.json,607,s,May/Jun,2024,4,calculator,3,8(a),4,Pythagoras
2832,0607_s24_qp_43.json,607,s,May/Jun,2024,4,calculator,3,8(b),5,mensuration
2833,0607_s24_qp_43.json,607,s,May/Jun,2024,4,calculator,3,9(a)(i),2,solving linear equations
2834,0607_s24_qp_43.json,607,s,May/Jun,2024,4,calculator,3,9(a)(ii),2,solving linear equations
2835,0607_s24_qp_43.json,607,s,May/Jun,2024,4,calculator,3,9(b),2,expanding and factorising
2836,0607_s24_qp_43.json,607,s,May/Jun,2024,4,calculator,3,9(c),3,expanding and factorising
2837,0607_s24_qp_43.json,607,s,May/Jun,2024,4,calculator,3,9(d),3,solving quadratic equations
2838,0607_s24_qp_43.json,607,s,May/Jun,2024,4,calculator,3,10(a),1,functions
2839,0607_s24_qp_43.json,607,s,May/Jun,2024,4,calculator,3,10(b),2,functions
2840,0607_s24_qp_43.json,607,s,May/Jun,2024,4,calculator,3,10(c),2,functions
2841,0607_s24_qp_43.json,607,s,May/Jun,2024,4,calculator,3,10(d),2,functions
2842,0607_s24_qp_43.json,607,s,May/Jun,2024,4,calculator,3,10(e),2,functions
2843,0607_s24_qp_43.json,607,s,May/Jun,2024,4,calculator,3,10(f),5,graphing functions
2844,0607_s24_qp_43.json,607,s,May/Jun,2024,4,calculator,3,11(a),3,trigonometry
2845,0607_s24_qp_43.json,607,s,May/Jun,2024,4,calculator,3,11(b),2,angles
2846,0607_s24_qp_43.json,607,s,May/Jun,2024,4,calculator,3,11(c),6,trigonometry
2847,0607_s25_qp_21.json,607,s,May/Jun,2025,2,non_calculator,1,1(a),1,topics in arithmetic
2848,0607_s25_qp_21.json,607,s,May/Jun,2025,2,non_calculator,1,1(b),1,topics in arithmetic
2849,0607_s25_qp_21.json,607,s,May/Jun,2025,2,non_calculator,1,2(a),1,topics in arithmetic
2850,0607_s25_qp_21.json,607,s,May/Jun,2025,2,non_calculator,1,2(b),1,topics in arithmetic
2851,0607_s25_qp_21.json,607,s,May/Jun,2025,2,non_calculator,1,3,2,angles
2852,0607_s25_qp_21.json,607,s,May/Jun,2025,2,non_calculator,1,4(a),1,transformations
2853,0607_s25_qp_21.json,607,s,May/Jun,2025,2,non_calculator,1,4(b),1,transformations
2854,0607_s25_qp_21.json,607,s,May/Jun,2025,2,non_calculator,1,5,3,topics in arithmetic
2855,0607_s25_qp_21.json,607,s,May/Jun,2025,2,non_calculator,1,6(a),2,transformations
2856,0607_s25_qp_21.json,607,s,May/Jun,2025,2,non_calculator,1,6(b),3,transformations
2857,0607_s25_qp_21.json,607,s,May/Jun,2025,2,non_calculator,1,6(c),2,transformations
2858,0607_s25_qp_21.json,607,s,May/Jun,2025,2,non_calculator,1,7,2,topics in arithmetic
2859,0607_s25_qp_21.json,607,s,May/Jun,2025,2,non_calculator,1,8,2,statistics
2860,0607_s25_qp_21.json,607,s,May/Jun,2025,2,non_calculator,1,9(a),2,expanding and factorising
2861,0607_s25_qp_21.json,607,s,May/Jun,2025,2,non_calculator,1,9(b),2,expanding and factorising
2862,0607_s25_qp_21.json,607,s,May/Jun,2025,2,non_calculator,1,10,2,exponents and surds
2863,0607_s25_qp_21.json,607,s,May/Jun,2025,2,non_calculator,1,11,2,inequalities
2864,0607_s25_qp_21.json,607,s,May/Jun,2025,2,non_calculator,1,12,3,topics in arithmetic
2865,0607_s25_qp_21.json,607,s,May/Jun,2025,2,non_calculator,1,13(a),1,circle theorems
2866,0607_s25_qp_21.json,607,s,May/Jun,2025,2,non_calculator,1,13(b),1,circle theorems
2867,0607_s25_qp_21.json,607,s,May/Jun,2025,2,non_calculator,1,13(c),3,circle theorems
2868,0607_s25_qp_21.json,607,s,May/Jun,2025,2,non_calculator,1,14(a),1,sequences
2869,0607_s25_qp_21.json,607,s,May/Jun,2025,2,non_calculator,1,14(b),2,sequences
2870,0607_s25_qp_21.json,607,s,May/Jun,2025,2,non_calculator,1,15,3,solving quadratic equations
2871,0607_s25_qp_21.json,607,s,May/Jun,2025,2,non_calculator,1,16,5,straight lines
2872,0607_s25_qp_21.json,607,s,May/Jun,2025,2,non_calculator,1,17(a),2,statistics
2873,0607_s25_qp_21.json,607,s,May/Jun,2025,2,non_calculator,1,17(b),2,statistics
2874,0607_s25_qp_21.json,607,s,May/Jun,2025,2,non_calculator,1,18(a)(i),1,functions
2875,0607_s25_qp_21.json,607,s,May/Jun,2025,2,non_calculator,1,18(a)(ii),1,functions
2876,0607_s25_qp_21.json,607,s,May/Jun,2025,2,non_calculator,1,18(a)(iii),3,functions
2877,0607_s25_qp_21.json,607,s,May/Jun,2025,2,non_calculator,1,18(b),1,functions
2878,0607_s25_qp_21.json,607,s,May/Jun,2025,2,non_calculator,1,19,3,expanding and factorising
2879,0607_s25_qp_21.json,607,s,May/Jun,2025,2,non_calculator,1,20(a),2,trigonometry
2880,0607_s25_qp_21.json,607,s,May/Jun,2025,2,non_calculator,1,20(b),3,trigonometry
2881,0607_s25_qp_21.json,607,s,May/Jun,2025,2,non_calculator,1,21(a),2,variation and proportion
2882,0607_s25_qp_21.json,607,s,May/Jun,2025,2,non_calculator,1,21(b),2,variation and proportion
2883,0607_s25_qp_21.json,607,s,May/Jun,2025,2,non_calculator,1,22(a),2,exponents and surds
2884,0607_s25_qp_21.json,607,s,May/Jun,2025,2,non_calculator,1,22(b),2,exponents and surds
2885,0607_s25_qp_22.json,607,s,May/Jun,2025,2,non_calculator,2,1(a),1,topics in arithmetic
2886,0607_s25_qp_22.json,607,s,May/Jun,2025,2,non_calculator,2,1(b),1,topics in arithmetic
2887,0607_s25_qp_22.json,607,s,May/Jun,2025,2,non_calculator,2,2,2,topics in arithmetic
2888,0607_s25_qp_22.json,607,s,May/Jun,2025,2,non_calculator,2,3,1,topics in arithmetic
2889,0607_s25_qp_22.json,607,s,May/Jun,2025,2,non_calculator,2,4,1,topics in arithmetic
2890,0607_s25_qp_22.json,607,s,May/Jun,2025,2,non_calculator,2,5,1,mensuration
2891,0607_s25_qp_22.json,607,s,May/Jun,2025,2,non_calculator,2,6(a),2,topics in arithmetic
2892,0607_s25_qp_22.json,607,s,May/Jun,2025,2,non_calculator,2,6(b),2,topics in arithmetic
2893,0607_s25_qp_22.json,607,s,May/Jun,2025,2,non_calculator,2,7(a),2,statistics
2894,0607_s25_qp_22.json,607,s,May/Jun,2025,2,non_calculator,2,7(b),1,probability
2895,0607_s25_qp_22.json,607,s,May/Jun,2025,2,non_calculator,2,8(a),2,expanding and factorising
2896,0607_s25_qp_22.json,607,s,May/Jun,2025,2,non_calculator,2,8(b)(i),1,expanding and factorising
2897,0607_s25_qp_22.json,607,s,May/Jun,2025,2,non_calculator,2,8(b)(ii),2,expanding and factorising
2898,0607_s25_qp_22.json,607,s,May/Jun,2025,2,non_calculator,2,8(b)(iii),2,expanding and factorising
2899,0607_s25_qp_22.json,607,s,May/Jun,2025,2,non_calculator,2,9(a),1,statistics
2900,0607_s25_qp_22.json,607,s,May/Jun,2025,2,non_calculator,2,9(b),2,statistics
2901,0607_s25_qp_22.json,607,s,May/Jun,2025,2,non_calculator,2,10,2,sets and Venn diagrams
2902,0607_s25_qp_22.json,607,s,May/Jun,2025,2,non_calculator,2,11,2,exponents and surds
2903,0607_s25_qp_22.json,607,s,May/Jun,2025,2,non_calculator,2,12,3,mensuration
2904,0607_s25_qp_22.json,607,s,May/Jun,2025,2,non_calculator,2,13(a),2,trigonometry
2905,0607_s25_qp_22.json,607,s,May/Jun,2025,2,non_calculator,2,13(b),3,Pythagoras
2906,0607_s25_qp_22.json,607,s,May/Jun,2025,2,non_calculator,2,14,2,exponents and surds
2907,0607_s25_qp_22.json,607,s,May/Jun,2025,2,non_calculator,2,15,4,probability
2908,0607_s25_qp_22.json,607,s,May/Jun,2025,2,non_calculator,2,16(a),3,sequences
2909,0607_s25_qp_22.json,607,s,May/Jun,2025,2,non_calculator,2,16(b),3,sequences
2910,0607_s25_qp_22.json,607,s,May/Jun,2025,2,non_calculator,2,17(a),1,circle theorems
2911,0607_s25_qp_22.json,607,s,May/Jun,2025,2,non_calculator,2,17(b),1,circle theorems
2912,0607_s25_qp_22.json,607,s,May/Jun,2025,2,non_calculator,2,17(c),1,circle theorems
2913,0607_s25_qp_22.json,607,s,May/Jun,2025,2,non_calculator,2,17(d),2,circle theorems
2914,0607_s25_qp_22.json,607,s,May/Jun,2025,2,non_calculator,2,18,3,solving linear equations
2915,0607_s25_qp_22.json,607,s,May/Jun,2025,2,non_calculator,2,19(a),1,functions
2916,0607_s25_qp_22.json,607,s,May/Jun,2025,2,non_calculator,2,19(b),2,functions
2917,0607_s25_qp_22.json,607,s,May/Jun,2025,2,non_calculator,2,19(c),3,functions
2918,0607_s25_qp_22.json,607,s,May/Jun,2025,2,non_calculator,2,20(a),3,exponents and surds
2919,0607_s25_qp_22.json,607,s,May/Jun,2025,2,non_calculator,2,20(b),2,exponents and surds
2920,0607_s25_qp_22.json,607,s,May/Jun,2025,2,non_calculator,2,21(a),3,straight lines
2921,0607_s25_qp_22.json,607,s,May/Jun,2025,2,non_calculator,2,21(b),5,straight lines
2922,0607_s25_qp_23.json,607,s,May/Jun,2025,2,non_calculator,3,1,1,topics in arithmetic
2923,0607_s25_qp_23.json,607,s,May/Jun,2025,2,non_calculator,3,2(a),1,topics in arithmetic
2924,0607_s25_qp_23.json,607,s,May/Jun,2025,2,non_calculator,3,2(b),1,topics in arithmetic
2925,0607_s25_qp_23.json,607,s,May/Jun,2025,2,non_calculator,3,2(c),1,topics in arithmetic
2926,0607_s25_qp_23.json,607,s,May/Jun,2025,2,non_calculator,3,3,2,expanding and factorising
2927,0607_s25_qp_23.json,607,s,May/Jun,2025,2,non_calculator,3,4,3,angles
2928,0607_s25_qp_23.json,607,s,May/Jun,2025,2,non_calculator,3,5(a),1,topics in arithmetic
2929,0607_s25_qp_23.json,607,s,May/Jun,2025,2,non_calculator,3,5(b),3,solving linear equations
2930,0607_s25_qp_23.json,607,s,May/Jun,2025,2,non_calculator,3,6,5,simultaneous equations
2931,0607_s25_qp_23.json,607,s,May/Jun,2025,2,non_calculator,3,7,3,topics in arithmetic
2932,0607_s25_qp_23.json,607,s,May/Jun,2025,2,non_calculator,3,8(a),2,transformations
2933,0607_s25_qp_23.json,607,s,May/Jun,2025,2,non_calculator,3,8(b),3,transformations
2934,0607_s25_qp_23.json,607,s,May/Jun,2025,2,non_calculator,3,9,2,exponents and surds
2935,0607_s25_qp_23.json,607,s,May/Jun,2025,2,non_calculator,3,10,4,circle theorems
2936,0607_s25_qp_23.json,607,s,May/Jun,2025,2,non_calculator,3,11(a),2,exponents and surds
2937,0607_s25_qp_23.json,607,s,May/Jun,2025,2,non_calculator,3,11(b),3,exponents and surds
2938,0607_s25_qp_23.json,607,s,May/Jun,2025,2,non_calculator,3,12,4,mensuration
2939,0607_s25_qp_23.json,607,s,May/Jun,2025,2,non_calculator,3,13,2,exponents and surds
2940,0607_s25_qp_23.json,607,s,May/Jun,2025,2,non_calculator,3,14(a)(i),1,trigonometry
2941,0607_s25_qp_23.json,607,s,May/Jun,2025,2,non_calculator,3,14(a)(ii),1,trigonometry
2942,0607_s25_qp_23.json,607,s,May/Jun,2025,2,non_calculator,3,14(b),2,graphing functions
2943,0607_s25_qp_23.json,607,s,May/Jun,2025,2,non_calculator,3,14(c),1,trigonometry
2944,0607_s25_qp_23.json,607,s,May/Jun,2025,2,non_calculator,3,15,2,exponents and surds
2945,0607_s25_qp_23.json,607,s,May/Jun,2025,2,non_calculator,3,16,2,solving linear equations
2946,0607_s25_qp_23.json,607,s,May/Jun,2025,2,non_calculator,3,17,3,graphing functions
2947,0607_s25_qp_23.json,607,s,May/Jun,2025,2,non_calculator,3,18,3,inequalities
2948,0607_s25_qp_23.json,607,s,May/Jun,2025,2,non_calculator,3,19(a),1,logarithms
2949,0607_s25_qp_23.json,607,s,May/Jun,2025,2,non_calculator,3,19(b),1,logarithms
2950,0607_s25_qp_23.json,607,s,May/Jun,2025,2,non_calculator,3,20(a),1,sequences
2951,0607_s25_qp_23.json,607,s,May/Jun,2025,2,non_calculator,3,20(b),2,sequences
2952,0607_s25_qp_23.json,607,s,May/Jun,2025,2,non_calculator,3,21(a),3,Pythagoras
2953,0607_s25_qp_23.json,607,s,May/Jun,2025,2,non_calculator,3,21(b),1,trigonometry
2954,0607_s25_qp_23.json,607,s,May/Jun,2025,2,non_calculator,3,22,2,expanding and factorising
2955,0607_s25_qp_23.json,607,s,May/Jun,2025,2,non_calculator,3,23(a),3,probability
2956,0607_s25_qp_23.json,607,s,May/Jun,2025,2,non_calculator,3,23(b),3,probability
2957,0607_s25_qp_41.json,607,s,May/Jun,2025,4,calculator,1,1(a)(i),1,statistics
2958,0607_s25_qp_41.json,607,s,May/Jun,2025,4,calculator,1,1(a)(ii),1,statistics
2959,0607_s25_qp_41.json,607,s,May/Jun,2025,4,calculator,1,1(a)(iii),1,statistics
2960,0607_s25_qp_41.json,607,s,May/Jun,2025,4,calculator,1,1(a)(iv),1,statistics
2961,0607_s25_qp_41.json,607,s,May/Jun,2025,4,calculator,1,1(b),1,probability
2962,0607_s25_qp_41.json,607,s,May/Jun,2025,4,calculator,1,2(a),1,topics in arithmetic
2963,0607_s25_qp_41.json,607,s,May/Jun,2025,4,calculator,1,2(b),2,topics in arithmetic
2964,0607_s25_qp_41.json,607,s,May/Jun,2025,4,calculator,1,3(a),1,expanding and factorising
2965,0607_s25_qp_41.json,607,s,May/Jun,2025,4,calculator,1,3(b),2,expanding and factorising
2966,0607_s25_qp_41.json,607,s,May/Jun,2025,4,calculator,1,4,2,sets and Venn diagrams
2967,0607_s25_qp_41.json,607,s,May/Jun,2025,4,calculator,1,5,1,topics in arithmetic
2968,0607_s25_qp_41.json,607,s,May/Jun,2025,4,calculator,1,6(a),2,trigonometry
2969,0607_s25_qp_41.json,607,s,May/Jun,2025,4,calculator,1,6(b),5,mensuration
2970,0607_s25_qp_41.json,607,s,May/Jun,2025,4,calculator,1,7,3,exponents and surds
2971,0607_s25_qp_41.json,607,s,May/Jun,2025,4,calculator,1,8,2,vectors
2972,0607_s25_qp_41.json,607,s,May/Jun,2025,4,calculator,1,9(a)(i),2,topics in arithmetic
2973,0607_s25_qp_41.json,607,s,May/Jun,2025,4,calculator,1,9(a)(ii),2,topics in arithmetic
2974,0607_s25_qp_41.json,607,s,May/Jun,2025,4,calculator,1,9(b),4,topics in arithmetic
2975,0607_s25_qp_41.json,607,s,May/Jun,2025,4,calculator,1,10(a),1,mensuration
2976,0607_s25_qp_41.json,607,s,May/Jun,2025,4,calculator,1,10(b),5,mensuration
2977,0607_s25_qp_41.json,607,s,May/Jun,2025,4,calculator,1,11(a),3,graphing functions
2978,0607_s25_qp_41.json,607,s,May/Jun,2025,4,calculator,1,11(b),2,functions
2979,0607_s25_qp_41.json,607,s,May/Jun,2025,4,calculator,1,11(c),2,graphing functions
2980,0607_s25_qp_41.json,607,s,May/Jun,2025,4,calculator,1,11(d),4,inequalities
2981,0607_s25_qp_41.json,607,s,May/Jun,2025,4,calculator,1,12(a),3,trigonometry
2982,0607_s25_qp_41.json,607,s,May/Jun,2025,4,calculator,1,12(b),5,trigonometry
2983,0607_s25_qp_41.json,607,s,May/Jun,2025,4,calculator,1,13(a),4,solving quadratic equations
2984,0607_s25_qp_41.json,607,s,May/Jun,2025,4,calculator,1,13(b)(i),3,solving quadratic equations
2985,0607_s25_qp_41.json,607,s,May/Jun,2025,4,calculator,1,13(b)(ii),1,topics in arithmetic
2986,0607_s25_qp_41.json,607,s,May/Jun,2025,4,calculator,1,14(a),2,statistics
2987,0607_s25_qp_41.json,607,s,May/Jun,2025,4,calculator,1,14(b),3,probability
2988,0607_s25_qp_41.json,607,s,May/Jun,2025,4,calculator,1,15,3,similarity
2989,0607_s25_qp_42.json,607,s,May/Jun,2025,4,calculator,2,1(a),1,topics in arithmetic
2990,0607_s25_qp_42.json,607,s,May/Jun,2025,4,calculator,2,1(b),1,topics in arithmetic
2991,0607_s25_qp_42.json,607,s,May/Jun,2025,4,calculator,2,2(a),2,solving linear equations
2992,0607_s25_qp_42.json,607,s,May/Jun,2025,4,calculator,2,2(b),2,solving linear equations
2993,0607_s25_qp_42.json,607,s,May/Jun,2025,4,calculator,2,3,1,topics in arithmetic
2994,0607_s25_qp_42.json,607,s,May/Jun,2025,4,calculator,2,4,1,topics in arithmetic
2995,0607_s25_qp_42.json,607,s,May/Jun,2025,4,calculator,2,5,1,topics in arithmetic
2996,0607_s25_qp_42.json,607,s,May/Jun,2025,4,calculator,2,6(a),1,topics in arithmetic
2997,0607_s25_qp_42.json,607,s,May/Jun,2025,4,calculator,2,6(b),2,expanding and factorising
2998,0607_s25_qp_42.json,607,s,May/Jun,2025,4,calculator,2,7,3,mensuration
2999,0607_s25_qp_42.json,607,s,May/Jun,2025,4,calculator,2,8(a),1,topics in arithmetic
3000,0607_s25_qp_42.json,607,s,May/Jun,2025,4,calculator,2,8(b),2,topics in arithmetic
3001,0607_s25_qp_42.json,607,s,May/Jun,2025,4,calculator,2,9(a),2,transformations
3002,0607_s25_qp_42.json,607,s,May/Jun,2025,4,calculator,2,9(b),2,transformations
3003,0607_s25_qp_42.json,607,s,May/Jun,2025,4,calculator,2,9(c),2,transformations
3004,0607_s25_qp_42.json,607,s,May/Jun,2025,4,calculator,2,10(a),1,statistics
3005,0607_s25_qp_42.json,607,s,May/Jun,2025,4,calculator,2,10(b)(i),2,statistics
3006,0607_s25_qp_42.json,607,s,May/Jun,2025,4,calculator,2,10(b)(ii),1,statistics
3007,0607_s25_qp_42.json,607,s,May/Jun,2025,4,calculator,2,10(c),3,probability
3008,0607_s25_qp_42.json,607,s,May/Jun,2025,4,calculator,2,11(a)(i),3,graphing functions
3009,0607_s25_qp_42.json,607,s,May/Jun,2025,4,calculator,2,11(a)(ii),2,graphing functions
3010,0607_s25_qp_42.json,607,s,May/Jun,2025,4,calculator,2,11(a)(iii),2,graphing functions
3011,0607_s25_qp_42.json,607,s,May/Jun,2025,4,calculator,2,11(b),4,inequalities
3012,0607_s25_qp_42.json,607,s,May/Jun,2025,4,calculator,2,12(a),3,topics in arithmetic
3013,0607_s25_qp_42.json,607,s,May/Jun,2025,4,calculator,2,12(b),4,sequences
3014,0607_s25_qp_42.json,607,s,May/Jun,2025,4,calculator,2,13,3,graphing functions
3015,0607_s25_qp_42.json,607,s,May/Jun,2025,4,calculator,2,14(a),2,variation and proportion
3016,0607_s25_qp_42.json,607,s,May/Jun,2025,4,calculator,2,14(b),4,variation and proportion
3017,0607_s25_qp_42.json,607,s,May/Jun,2025,4,calculator,2,15(a),2,trigonometry
3018,0607_s25_qp_42.json,607,s,May/Jun,2025,4,calculator,2,15(b),3,trigonometry
3019,0607_s25_qp_42.json,607,s,May/Jun,2025,4,calculator,2,15(c),3,trigonometry
3020,0607_s25_qp_42.json,607,s,May/Jun,2025,4,calculator,2,15(d),3,similarity
3021,0607_s25_qp_42.json,607,s,May/Jun,2025,4,calculator,2,16(a),2,Pythagoras
3022,0607_s25_qp_42.json,607,s,May/Jun,2025,4,calculator,2,16(b),4,mensuration
3023,0607_s25_qp_43.json,607,s,May/Jun,2025,4,calculator,3,1,2,transformations
3024,0607_s25_qp_43.json,607,s,May/Jun,2025,4,calculator,3,2,1,topics in arithmetic
3025,0607_s25_qp_43.json,607,s,May/Jun,2025,4,calculator,3,3,2,topics in arithmetic
3026,0607_s25_qp_43.json,607,s,May/Jun,2025,4,calculator,3,4,2,angles
3027,0607_s25_qp_43.json,607,s,May/Jun,2025,4,calculator,3,5,1,solving linear equations
3028,0607_s25_qp_43.json,607,s,May/Jun,2025,4,calculator,3,6,2,trigonometry
3029,0607_s25_qp_43.json,607,s,May/Jun,2025,4,calculator,3,7(a),1,statistics
3030,0607_s25_qp_43.json,607,s,May/Jun,2025,4,calculator,3,7(b)(i),2,statistics
3031,0607_s25_qp_43.json,607,s,May/Jun,2025,4,calculator,3,7(b)(ii),1,statistics
3032,0607_s25_qp_43.json,607,s,May/Jun,2025,4,calculator,3,8(a),3,graphing functions
3033,0607_s25_qp_43.json,607,s,May/Jun,2025,4,calculator,3,8(b),1,graphing functions
3034,0607_s25_qp_43.json,607,s,May/Jun,2025,4,calculator,3,8(c),1,graphing functions
3035,0607_s25_qp_43.json,607,s,May/Jun,2025,4,calculator,3,8(d),2,graphing functions
3036,0607_s25_qp_43.json,607,s,May/Jun,2025,4,calculator,3,8(e),1,graphing functions
3037,0607_s25_qp_43.json,607,s,May/Jun,2025,4,calculator,3,9,2,mensuration
3038,0607_s25_qp_43.json,607,s,May/Jun,2025,4,calculator,3,10,2,statistics
3039,0607_s25_qp_43.json,607,s,May/Jun,2025,4,calculator,3,11,2,vectors
3040,0607_s25_qp_43.json,607,s,May/Jun,2025,4,calculator,3,12,3,variation and proportion
3041,0607_s25_qp_43.json,607,s,May/Jun,2025,4,calculator,3,13,3,mensuration
3042,0607_s25_qp_43.json,607,s,May/Jun,2025,4,calculator,3,14(a),1,algebra
3043,0607_s25_qp_43.json,607,s,May/Jun,2025,4,calculator,3,14(b)(i),3,solving quadratic equations
3044,0607_s25_qp_43.json,607,s,May/Jun,2025,4,calculator,3,14(b)(ii),2,expanding and factorising
3045,0607_s25_qp_43.json,607,s,May/Jun,2025,4,calculator,3,14(b)(iii),2,topics in arithmetic
3046,0607_s25_qp_43.json,607,s,May/Jun,2025,4,calculator,3,15,4,trigonometry
3047,0607_s25_qp_43.json,607,s,May/Jun,2025,4,calculator,3,16(a),1,sets and Venn diagrams
3048,0607_s25_qp_43.json,607,s,May/Jun,2025,4,calculator,3,16(b),1,sets and Venn diagrams
3049,0607_s25_qp_43.json,607,s,May/Jun,2025,4,calculator,3,17(a),1,functions
3050,0607_s25_qp_43.json,607,s,May/Jun,2025,4,calculator,3,17(b),2,functions
3051,0607_s25_qp_43.json,607,s,May/Jun,2025,4,calculator,3,17(c),2,functions
3052,0607_s25_qp_43.json,607,s,May/Jun,2025,4,calculator,3,17(d),2,functions
3053,0607_s25_qp_43.json,607,s,May/Jun,2025,4,calculator,3,18(a),2,topics in arithmetic
3054,0607_s25_qp_43.json,607,s,May/Jun,2025,4,calculator,3,18(b),4,topics in arithmetic
3055,0607_s25_qp_43.json,607,s,May/Jun,2025,4,calculator,3,18(c),2,topics in arithmetic
3056,0607_s25_qp_43.json,607,s,May/Jun,2025,4,calculator,3,19,3,similarity
3057,0607_s25_qp_43.json,607,s,May/Jun,2025,4,calculator,3,20,3,expanding and factorising
3058,0607_s25_qp_43.json,607,s,May/Jun,2025,4,calculator,3,21,6,straight lines
3059,0607_w14_qp_21.json,607,w,Oct/Nov,2014,2,non_calculator,1,1(a),1,topics in arithmetic
3060,0607_w14_qp_21.json,607,w,Oct/Nov,2014,2,non_calculator,1,1(b),1,topics in arithmetic
3061,0607_w14_qp_21.json,607,w,Oct/Nov,2014,2,non_calculator,1,2(a),3,angles
3062,0607_w14_qp_21.json,607,w,Oct/Nov,2014,2,non_calculator,1,2(b),2,angles
3063,0607_w14_qp_21.json,607,w,Oct/Nov,2014,2,non_calculator,1,3(a),1,exponents and surds
3064,0607_w14_qp_21.json,607,w,Oct/Nov,2014,2,non_calculator,1,3(b),2,exponents and surds
3065,0607_w14_qp_21.json,607,w,Oct/Nov,2014,2,non_calculator,1,4(a),1,topics in arithmetic
3066,0607_w14_qp_21.json,607,w,Oct/Nov,2014,2,non_calculator,1,4(b)(i),1,topics in arithmetic
3067,0607_w14_qp_21.json,607,w,Oct/Nov,2014,2,non_calculator,1,4(b)(ii),1,topics in arithmetic
3068,0607_w14_qp_21.json,607,w,Oct/Nov,2014,2,non_calculator,1,5(a),3,inequalities
3069,0607_w14_qp_21.json,607,w,Oct/Nov,2014,2,non_calculator,1,5(b),2,inequalities
3070,0607_w14_qp_21.json,607,w,Oct/Nov,2014,2,non_calculator,1,6(a),1,probability
3071,0607_w14_qp_21.json,607,w,Oct/Nov,2014,2,non_calculator,1,6(b)(i),1,probability
3072,0607_w14_qp_21.json,607,w,Oct/Nov,2014,2,non_calculator,1,6(b)(ii),1,probability
3073,0607_w14_qp_21.json,607,w,Oct/Nov,2014,2,non_calculator,1,7(a),1,statistics
3074,0607_w14_qp_21.json,607,w,Oct/Nov,2014,2,non_calculator,1,7(b)(i),1,statistics
3075,0607_w14_qp_21.json,607,w,Oct/Nov,2014,2,non_calculator,1,7(b)(ii),1,statistics
3076,0607_w14_qp_21.json,607,w,Oct/Nov,2014,2,non_calculator,1,8(a),1,exponents and surds
3077,0607_w14_qp_21.json,607,w,Oct/Nov,2014,2,non_calculator,1,8(b),2,exponents and surds
3078,0607_w14_qp_21.json,607,w,Oct/Nov,2014,2,non_calculator,1,9,4,graphing functions
3079,0607_w14_qp_21.json,607,w,Oct/Nov,2014,2,non_calculator,1,10(a),3,expanding and factorising
3080,0607_w14_qp_21.json,607,w,Oct/Nov,2014,2,non_calculator,1,10(b),3,topics in arithmetic
3081,0607_w14_qp_21.json,607,w,Oct/Nov,2014,2,non_calculator,1,11(a),1,logarithms
3082,0607_w14_qp_21.json,607,w,Oct/Nov,2014,2,non_calculator,1,11(b),2,logarithms
3083,0607_w14_qp_22.json,607,w,Oct/Nov,2014,2,non_calculator,2,1,2,solving linear equations
3084,0607_w14_qp_22.json,607,w,Oct/Nov,2014,2,non_calculator,2,2,3,sequences
3085,0607_w14_qp_22.json,607,w,Oct/Nov,2014,2,non_calculator,2,3,2,exponents and surds
3086,0607_w14_qp_22.json,607,w,Oct/Nov,2014,2,non_calculator,2,4,3,exponents and surds
3087,0607_w14_qp_22.json,607,w,Oct/Nov,2014,2,non_calculator,2,5(a),2,Pythagoras
3088,0607_w14_qp_22.json,607,w,Oct/Nov,2014,2,non_calculator,2,5(b),2,trigonometry
3089,0607_w14_qp_22.json,607,w,Oct/Nov,2014,2,non_calculator,2,6(a),2,expanding and factorising
3090,0607_w14_qp_22.json,607,w,Oct/Nov,2014,2,non_calculator,2,6(b),2,expanding and factorising
3091,0607_w14_qp_22.json,607,w,Oct/Nov,2014,2,non_calculator,2,7,3,probability
3092,0607_w14_qp_22.json,607,w,Oct/Nov,2014,2,non_calculator,2,8(a),2,variation and proportion
3093,0607_w14_qp_22.json,607,w,Oct/Nov,2014,2,non_calculator,2,8(b),1,variation and proportion
3094,0607_w14_qp_22.json,607,w,Oct/Nov,2014,2,non_calculator,2,8(c),2,variation and proportion
3095,0607_w14_qp_22.json,607,w,Oct/Nov,2014,2,non_calculator,2,9(a),1,logarithms
3096,0607_w14_qp_22.json,607,w,Oct/Nov,2014,2,non_calculator,2,9(b),2,logarithms
3097,0607_w14_qp_22.json,607,w,Oct/Nov,2014,2,non_calculator,2,10(a)(i),1,straight lines
3098,0607_w14_qp_22.json,607,w,Oct/Nov,2014,2,non_calculator,2,10(a)(ii),1,straight lines
3099,0607_w14_qp_22.json,607,w,Oct/Nov,2014,2,non_calculator,2,10(a)(iii),1,straight lines
3100,0607_w14_qp_22.json,607,w,Oct/Nov,2014,2,non_calculator,2,10(b),3,straight lines
3101,0607_w14_qp_22.json,607,w,Oct/Nov,2014,2,non_calculator,2,11,2,transformations
3102,0607_w14_qp_22.json,607,w,Oct/Nov,2014,2,non_calculator,2,12,3,graphing functions
3103,0607_w14_qp_23.json,607,w,Oct/Nov,2014,2,non_calculator,3,1(a),1,sequences
3104,0607_w14_qp_23.json,607,w,Oct/Nov,2014,2,non_calculator,3,1(b),2,sequences
3105,0607_w14_qp_23.json,607,w,Oct/Nov,2014,2,non_calculator,3,2(a),2,solving linear equations
3106,0607_w14_qp_23.json,607,w,Oct/Nov,2014,2,non_calculator,3,2(b),3,solving linear equations
3107,0607_w14_qp_23.json,607,w,Oct/Nov,2014,2,non_calculator,3,3,3,topics in arithmetic
3108,0607_w14_qp_23.json,607,w,Oct/Nov,2014,2,non_calculator,3,4(a),2,exponents and surds
3109,0607_w14_qp_23.json,607,w,Oct/Nov,2014,2,non_calculator,3,4(b)(i),1,exponents and surds
3110,0607_w14_qp_23.json,607,w,Oct/Nov,2014,2,non_calculator,3,4(b)(ii),2,exponents and surds
3111,0607_w14_qp_23.json,607,w,Oct/Nov,2014,2,non_calculator,3,5,3,sets and Venn diagrams
3112,0607_w14_qp_23.json,607,w,Oct/Nov,2014,2,non_calculator,3,6(a),1,trigonometry
3113,0607_w14_qp_23.json,607,w,Oct/Nov,2014,2,non_calculator,3,6(b),3,trigonometry
3114,0607_w14_qp_23.json,607,w,Oct/Nov,2014,2,non_calculator,3,7(a),2,expanding and factorising
3115,0607_w14_qp_23.json,607,w,Oct/Nov,2014,2,non_calculator,3,7(b),2,expanding and factorising
3116,0607_w14_qp_23.json,607,w,Oct/Nov,2014,2,non_calculator,3,8(a),2,vectors
3117,0607_w14_qp_23.json,607,w,Oct/Nov,2014,2,non_calculator,3,8(b),3,vectors
3118,0607_w14_qp_23.json,607,w,Oct/Nov,2014,2,non_calculator,3,9,2,circle theorems
3119,0607_w14_qp_23.json,607,w,Oct/Nov,2014,2,non_calculator,3,10(a),2,functions
3120,0607_w14_qp_23.json,607,w,Oct/Nov,2014,2,non_calculator,3,10(b),2,functions
3121,0607_w14_qp_23.json,607,w,Oct/Nov,2014,2,non_calculator,3,10(c),2,functions
3122,0607_w14_qp_41.json,607,w,Oct/Nov,2014,4,calculator,1,1(a),4,inequalities
3123,0607_w14_qp_41.json,607,w,Oct/Nov,2014,4,calculator,1,1(b),3,inequalities
3124,0607_w14_qp_41.json,607,w,Oct/Nov,2014,4,calculator,1,2(a),2,statistics
3125,0607_w14_qp_41.json,607,w,Oct/Nov,2014,4,calculator,1,2(b),1,statistics
3126,0607_w14_qp_41.json,607,w,Oct/Nov,2014,4,calculator,1,2(c),2,statistics
3127,0607_w14_qp_41.json,607,w,Oct/Nov,2014,4,calculator,1,2(d)(i),1,statistics
3128,0607_w14_qp_41.json,607,w,Oct/Nov,2014,4,calculator,1,2(d)(ii),1,statistics
3129,0607_w14_qp_41.json,607,w,Oct/Nov,2014,4,calculator,1,3(a),2,graphing functions
3130,0607_w14_qp_41.json,607,w,Oct/Nov,2014,4,calculator,1,3(b),3,graphing functions
3131,0607_w14_qp_41.json,607,w,Oct/Nov,2014,4,calculator,1,3(c),2,graphing functions
3132,0607_w14_qp_41.json,607,w,Oct/Nov,2014,4,calculator,1,3(d),3,graphing functions
3133,0607_w14_qp_41.json,607,w,Oct/Nov,2014,4,calculator,1,4(a)(i),5,sequences
3134,0607_w14_qp_41.json,607,w,Oct/Nov,2014,4,calculator,1,4(a)(ii),1,sequences
3135,0607_w14_qp_41.json,607,w,Oct/Nov,2014,4,calculator,1,4(b)(i),1,sequences
3136,0607_w14_qp_41.json,607,w,Oct/Nov,2014,4,calculator,1,4(b)(ii),3,sequences
3137,0607_w14_qp_41.json,607,w,Oct/Nov,2014,4,calculator,1,5(a),4,mensuration
3138,0607_w14_qp_41.json,607,w,Oct/Nov,2014,4,calculator,1,5(b),3,trigonometry
3139,0607_w14_qp_41.json,607,w,Oct/Nov,2014,4,calculator,1,5(c),5,mensuration
3140,0607_w14_qp_41.json,607,w,Oct/Nov,2014,4,calculator,1,6(a)(i),1,vectors
3141,0607_w14_qp_41.json,607,w,Oct/Nov,2014,4,calculator,1,6(a)(ii),2,vectors
3142,0607_w14_qp_41.json,607,w,Oct/Nov,2014,4,calculator,1,6(b),2,vectors
3143,0607_w14_qp_41.json,607,w,Oct/Nov,2014,4,calculator,1,6(c)(i),1,vectors
3144,0607_w14_qp_41.json,607,w,Oct/Nov,2014,4,calculator,1,6(c)(ii),1,vectors
3145,0607_w14_qp_41.json,607,w,Oct/Nov,2014,4,calculator,1,7(a),3,sets and Venn diagrams
3146,0607_w14_qp_41.json,607,w,Oct/Nov,2014,4,calculator,1,7(b)(i),1,probability
3147,0607_w14_qp_41.json,607,w,Oct/Nov,2014,4,calculator,1,7(b)(ii),1,probability
3148,0607_w14_qp_41.json,607,w,Oct/Nov,2014,4,calculator,1,7(c)(i),2,probability
3149,0607_w14_qp_41.json,607,w,Oct/Nov,2014,4,calculator,1,7(c)(ii),3,probability
3150,0607_w14_qp_41.json,607,w,Oct/Nov,2014,4,calculator,1,8(a)(i),1,circle theorems
3151,0607_w14_qp_41.json,607,w,Oct/Nov,2014,4,calculator,1,8(a)(ii),2,circle theorems
3152,0607_w14_qp_41.json,607,w,Oct/Nov,2014,4,calculator,1,8(b)(i),2,similarity
3153,0607_w14_qp_41.json,607,w,Oct/Nov,2014,4,calculator,1,8(b)(ii),2,similarity
3154,0607_w14_qp_41.json,607,w,Oct/Nov,2014,4,calculator,1,8(b)(iii),1,similarity
3155,0607_w14_qp_41.json,607,w,Oct/Nov,2014,4,calculator,1,9(a)(i),1,statistics
3156,0607_w14_qp_41.json,607,w,Oct/Nov,2014,4,calculator,1,9(a)(ii),1,statistics
3157,0607_w14_qp_41.json,607,w,Oct/Nov,2014,4,calculator,1,9(a)(iii),1,statistics
3158,0607_w14_qp_41.json,607,w,Oct/Nov,2014,4,calculator,1,9(b),3,statistics
3159,0607_w14_qp_41.json,607,w,Oct/Nov,2014,4,calculator,1,9(c),3,statistics
3160,0607_w14_qp_41.json,607,w,Oct/Nov,2014,4,calculator,1,10(a)(i),2,graphing functions
3161,0607_w14_qp_41.json,607,w,Oct/Nov,2014,4,calculator,1,10(a)(ii),1,graphing functions
3162,0607_w14_qp_41.json,607,w,Oct/Nov,2014,4,calculator,1,10(b)(i),3,graphing functions
3163,0607_w14_qp_41.json,607,w,Oct/Nov,2014,4,calculator,1,10(b)(ii),2,graphing functions
3164,0607_w14_qp_41.json,607,w,Oct/Nov,2014,4,calculator,1,10(c),2,solving equations
3165,0607_w14_qp_41.json,607,w,Oct/Nov,2014,4,calculator,1,11(a),2,topics in arithmetic
3166,0607_w14_qp_41.json,607,w,Oct/Nov,2014,4,calculator,1,11(b)(i),1,topics in arithmetic
3167,0607_w14_qp_41.json,607,w,Oct/Nov,2014,4,calculator,1,11(b)(ii),3,topics in arithmetic
3168,0607_w14_qp_41.json,607,w,Oct/Nov,2014,4,calculator,1,11(c),3,topics in arithmetic
3169,0607_w14_qp_41.json,607,w,Oct/Nov,2014,4,calculator,1,11(d),3,topics in arithmetic
3170,0607_w14_qp_41.json,607,w,Oct/Nov,2014,4,calculator,1,12(a),3,trigonometry
3171,0607_w14_qp_41.json,607,w,Oct/Nov,2014,4,calculator,1,12(b)(i),3,solving quadratic equations
3172,0607_w14_qp_41.json,607,w,Oct/Nov,2014,4,calculator,1,12(b)(ii),1,trigonometry
3173,0607_w14_qp_41.json,607,w,Oct/Nov,2014,4,calculator,1,12(c),3,trigonometry
3174,0607_w14_qp_41.json,607,w,Oct/Nov,2014,4,calculator,1,13(a),1,functions
3175,0607_w14_qp_41.json,607,w,Oct/Nov,2014,4,calculator,1,13(b),2,functions
3176,0607_w14_qp_41.json,607,w,Oct/Nov,2014,4,calculator,1,13(c),2,functions
3177,0607_w14_qp_41.json,607,w,Oct/Nov,2014,4,calculator,1,13(d),3,algebraic fractions
3178,0607_w14_qp_42.json,607,w,Oct/Nov,2014,4,calculator,2,1(a),1,topics in arithmetic
3179,0607_w14_qp_42.json,607,w,Oct/Nov,2014,4,calculator,2,1(b),4,topics in arithmetic
3180,0607_w14_qp_42.json,607,w,Oct/Nov,2014,4,calculator,2,1(c)(i),3,topics in arithmetic
3181,0607_w14_qp_42.json,607,w,Oct/Nov,2014,4,calculator,2,1(c)(ii),3,topics in arithmetic
3182,0607_w14_qp_42.json,607,w,Oct/Nov,2014,4,calculator,2,2(a),1,topics in arithmetic
3183,0607_w14_qp_42.json,607,w,Oct/Nov,2014,4,calculator,2,2(b),1,topics in arithmetic
3184,0607_w14_qp_42.json,607,w,Oct/Nov,2014,4,calculator,2,2(c),2,topics in arithmetic
3185,0607_w14_qp_42.json,607,w,Oct/Nov,2014,4,calculator,2,2(d),4,topics in arithmetic
3186,0607_w14_qp_42.json,607,w,Oct/Nov,2014,4,calculator,2,2(e),3,topics in arithmetic
3187,0607_w14_qp_42.json,607,w,Oct/Nov,2014,4,calculator,2,3(a)(i),1,sets and Venn diagrams
3188,0607_w14_qp_42.json,607,w,Oct/Nov,2014,4,calculator,2,3(a)(ii),1,sets and Venn diagrams
3189,0607_w14_qp_42.json,607,w,Oct/Nov,2014,4,calculator,2,3(a)(iii),1,sets and Venn diagrams
3190,0607_w14_qp_42.json,607,w,Oct/Nov,2014,4,calculator,2,3(b)(i),1,probability
3191,0607_w14_qp_42.json,607,w,Oct/Nov,2014,4,calculator,2,3(b)(ii),1,probability
3192,0607_w14_qp_42.json,607,w,Oct/Nov,2014,4,calculator,2,3(c),3,probability
3193,0607_w14_qp_42.json,607,w,Oct/Nov,2014,4,calculator,2,4(a),2,graphing functions
3194,0607_w14_qp_42.json,607,w,Oct/Nov,2014,4,calculator,2,4(b)(i),1,graphing functions
3195,0607_w14_qp_42.json,607,w,Oct/Nov,2014,4,calculator,2,4(b)(ii),1,graphing functions
3196,0607_w14_qp_42.json,607,w,Oct/Nov,2014,4,calculator,2,4(c),2,functions
3197,0607_w14_qp_42.json,607,w,Oct/Nov,2014,4,calculator,2,4(d),1,graphing functions
3198,0607_w14_qp_42.json,607,w,Oct/Nov,2014,4,calculator,2,4(e),1,graphing functions
3199,0607_w14_qp_42.json,607,w,Oct/Nov,2014,4,calculator,2,4(f)(i),1,graphing functions
3200,0607_w14_qp_42.json,607,w,Oct/Nov,2014,4,calculator,2,4(f)(ii),1,graphing functions
3201,0607_w14_qp_42.json,607,w,Oct/Nov,2014,4,calculator,2,4(g)(i),2,graphing functions
3202,0607_w14_qp_42.json,607,w,Oct/Nov,2014,4,calculator,2,4(g)(ii),2,inequalities
3203,0607_w14_qp_42.json,607,w,Oct/Nov,2014,4,calculator,2,5(a),3,angles
3204,0607_w14_qp_42.json,607,w,Oct/Nov,2014,4,calculator,2,5(b),4,angles
3205,0607_w14_qp_42.json,607,w,Oct/Nov,2014,4,calculator,2,5(c)(i),1,circle theorems
3206,0607_w14_qp_42.json,607,w,Oct/Nov,2014,4,calculator,2,5(c)(ii),1,circle theorems
3207,0607_w14_qp_42.json,607,w,Oct/Nov,2014,4,calculator,2,5(c)(iii),1,circle theorems
3208,0607_w14_qp_42.json,607,w,Oct/Nov,2014,4,calculator,2,6(a)(i),2,statistics
3209,0607_w14_qp_42.json,607,w,Oct/Nov,2014,4,calculator,2,6(a)(ii),3,statistics
3210,0607_w14_qp_42.json,607,w,Oct/Nov,2014,4,calculator,2,6(b)(i),1,statistics
3211,0607_w14_qp_42.json,607,w,Oct/Nov,2014,4,calculator,2,6(b)(ii),2,statistics
3212,0607_w14_qp_42.json,607,w,Oct/Nov,2014,4,calculator,2,6(b)(iii),2,statistics
3213,0607_w14_qp_42.json,607,w,Oct/Nov,2014,4,calculator,2,7(a),3,simultaneous equations
3214,0607_w14_qp_42.json,607,w,Oct/Nov,2014,4,calculator,2,7(b),4,solving linear equations
3215,0607_w14_qp_42.json,607,w,Oct/Nov,2014,4,calculator,2,7(c)(i),1,algebraic fractions
3216,0607_w14_qp_42.json,607,w,Oct/Nov,2014,4,calculator,2,7(c)(ii),1,algebraic fractions
3217,0607_w14_qp_42.json,607,w,Oct/Nov,2014,4,calculator,2,7(c)(iii),4,solving quadratic equations
3218,0607_w14_qp_42.json,607,w,Oct/Nov,2014,4,calculator,2,8(a),3,trigonometry
3219,0607_w14_qp_42.json,607,w,Oct/Nov,2014,4,calculator,2,8(b),3,trigonometry
3220,0607_w14_qp_42.json,607,w,Oct/Nov,2014,4,calculator,2,8(c),5,similarity
3221,0607_w14_qp_42.json,607,w,Oct/Nov,2014,4,calculator,2,8(d)(i),1,angles
3222,0607_w14_qp_42.json,607,w,Oct/Nov,2014,4,calculator,2,8(d)(ii),1,angles
3223,0607_w14_qp_42.json,607,w,Oct/Nov,2014,4,calculator,2,9(a),5,mensuration
3224,0607_w14_qp_42.json,607,w,Oct/Nov,2014,4,calculator,2,9(b),4,mensuration
3225,0607_w14_qp_42.json,607,w,Oct/Nov,2014,4,calculator,2,9(c),1,exponents and surds
3226,0607_w14_qp_42.json,607,w,Oct/Nov,2014,4,calculator,2,10(a)(i),1,vectors
3227,0607_w14_qp_42.json,607,w,Oct/Nov,2014,4,calculator,2,10(a)(ii),2,vectors
3228,0607_w14_qp_42.json,607,w,Oct/Nov,2014,4,calculator,2,10(b)(i),1,vectors
3229,0607_w14_qp_42.json,607,w,Oct/Nov,2014,4,calculator,2,10(b)(ii),1,vectors
3230,0607_w14_qp_42.json,607,w,Oct/Nov,2014,4,calculator,2,11(a),2,functions
3231,0607_w14_qp_42.json,607,w,Oct/Nov,2014,4,calculator,2,11(b)(i),2,transformations
3232,0607_w14_qp_42.json,607,w,Oct/Nov,2014,4,calculator,2,11(b)(ii),2,transformations
3233,0607_w14_qp_42.json,607,w,Oct/Nov,2014,4,calculator,2,11(c)(i),1,functions
3234,0607_w14_qp_42.json,607,w,Oct/Nov,2014,4,calculator,2,11(c)(ii)(a),1,graphing functions
3235,0607_w14_qp_42.json,607,w,Oct/Nov,2014,4,calculator,2,11(c)(ii)(b),2,transformations
3236,0607_w14_qp_42.json,607,w,Oct/Nov,2014,4,calculator,2,12(a),3,similarity
3237,0607_w14_qp_42.json,607,w,Oct/Nov,2014,4,calculator,2,12(b),2,similarity
3238,0607_w14_qp_43.json,607,w,Oct/Nov,2014,4,calculator,3,1(a),3,topics in arithmetic
3239,0607_w14_qp_43.json,607,w,Oct/Nov,2014,4,calculator,3,1(b)(i),3,topics in arithmetic
3240,0607_w14_qp_43.json,607,w,Oct/Nov,2014,4,calculator,3,1(b)(ii),3,topics in arithmetic
3241,0607_w14_qp_43.json,607,w,Oct/Nov,2014,4,calculator,3,2(a),1,straight lines
3242,0607_w14_qp_43.json,607,w,Oct/Nov,2014,4,calculator,3,2(b),4,straight lines
3243,0607_w14_qp_43.json,607,w,Oct/Nov,2014,4,calculator,3,2(c),2,straight lines
3244,0607_w14_qp_43.json,607,w,Oct/Nov,2014,4,calculator,3,3(a),3,transformations
3245,0607_w14_qp_43.json,607,w,Oct/Nov,2014,4,calculator,3,3(b)(i),2,transformations
3246,0607_w14_qp_43.json,607,w,Oct/Nov,2014,4,calculator,3,3(b)(ii),2,transformations
3247,0607_w14_qp_43.json,607,w,Oct/Nov,2014,4,calculator,3,3(c),2,transformations
3248,0607_w14_qp_43.json,607,w,Oct/Nov,2014,4,calculator,3,4(a),2,trigonometry
3249,0607_w14_qp_43.json,607,w,Oct/Nov,2014,4,calculator,3,4(b),2,mensuration
3250,0607_w14_qp_43.json,607,w,Oct/Nov,2014,4,calculator,3,4(c),2,mensuration
3251,0607_w14_qp_43.json,607,w,Oct/Nov,2014,4,calculator,3,4(d),2,mensuration
3252,0607_w14_qp_43.json,607,w,Oct/Nov,2014,4,calculator,3,4(e),2,mensuration
3253,0607_w14_qp_43.json,607,w,Oct/Nov,2014,4,calculator,3,5(a),2,graphing functions
3254,0607_w14_qp_43.json,607,w,Oct/Nov,2014,4,calculator,3,5(b),3,graphing functions
3255,0607_w14_qp_43.json,607,w,Oct/Nov,2014,4,calculator,3,5(c),2,graphing functions
3256,0607_w14_qp_43.json,607,w,Oct/Nov,2014,4,calculator,3,5(d)(i),3,graphing functions
3257,0607_w14_qp_43.json,607,w,Oct/Nov,2014,4,calculator,3,5(d)(ii),2,inequalities
3258,0607_w14_qp_43.json,607,w,Oct/Nov,2014,4,calculator,3,6(a),2,similarity
3259,0607_w14_qp_43.json,607,w,Oct/Nov,2014,4,calculator,3,6(b),4,similarity
3260,0607_w14_qp_43.json,607,w,Oct/Nov,2014,4,calculator,3,7(a)(i),1,vectors
3261,0607_w14_qp_43.json,607,w,Oct/Nov,2014,4,calculator,3,7(a)(ii),1,vectors
3262,0607_w14_qp_43.json,607,w,Oct/Nov,2014,4,calculator,3,7(a)(iii),2,vectors
3263,0607_w14_qp_43.json,607,w,Oct/Nov,2014,4,calculator,3,7(b)(i),1,vectors
3264,0607_w14_qp_43.json,607,w,Oct/Nov,2014,4,calculator,3,7(b)(ii),2,vectors
3265,0607_w14_qp_43.json,607,w,Oct/Nov,2014,4,calculator,3,7(c),1,vectors
3266,0607_w14_qp_43.json,607,w,Oct/Nov,2014,4,calculator,3,8(a),1,trigonometry
3267,0607_w14_qp_43.json,607,w,Oct/Nov,2014,4,calculator,3,8(b)(i),3,trigonometry
3268,0607_w14_qp_43.json,607,w,Oct/Nov,2014,4,calculator,3,8(b)(ii),4,trigonometry
3269,0607_w14_qp_43.json,607,w,Oct/Nov,2014,4,calculator,3,8(c)(i),3,topics in arithmetic
3270,0607_w14_qp_43.json,607,w,Oct/Nov,2014,4,calculator,3,8(c)(ii),2,topics in arithmetic
3271,0607_w14_qp_43.json,607,w,Oct/Nov,2014,4,calculator,3,9(a),3,probability
3272,0607_w14_qp_43.json,607,w,Oct/Nov,2014,4,calculator,3,9(b)(i),2,probability
3273,0607_w14_qp_43.json,607,w,Oct/Nov,2014,4,calculator,3,9(b)(ii),3,probability
3274,0607_w14_qp_43.json,607,w,Oct/Nov,2014,4,calculator,3,9(c),1,probability
3275,0607_w14_qp_43.json,607,w,Oct/Nov,2014,4,calculator,3,10(a),2,statistics
3276,0607_w14_qp_43.json,607,w,Oct/Nov,2014,4,calculator,3,10(b),2,statistics
3277,0607_w14_qp_43.json,607,w,Oct/Nov,2014,4,calculator,3,10(c),2,statistics
3278,0607_w14_qp_43.json,607,w,Oct/Nov,2014,4,calculator,3,10(d),3,statistics
3279,0607_w14_qp_43.json,607,w,Oct/Nov,2014,4,calculator,3,10(e)(i),1,statistics
3280,0607_w14_qp_43.json,607,w,Oct/Nov,2014,4,calculator,3,10(e)(ii),4,statistics
3281,0607_w14_qp_43.json,607,w,Oct/Nov,2014,4,calculator,3,10(f),2,statistics
3282,0607_w14_qp_43.json,607,w,Oct/Nov,2014,4,calculator,3,11(a),3,graphing functions
3283,0607_w14_qp_43.json,607,w,Oct/Nov,2014,4,calculator,3,11(b),3,functions
3284,0607_w14_qp_43.json,607,w,Oct/Nov,2014,4,calculator,3,11(c)(i),3,graphing functions
3285,0607_w14_qp_43.json,607,w,Oct/Nov,2014,4,calculator,3,11(c)(ii),2,graphing functions
3286,0607_w14_qp_43.json,607,w,Oct/Nov,2014,4,calculator,3,12(a),2,solving quadratic equations
3287,0607_w14_qp_43.json,607,w,Oct/Nov,2014,4,calculator,3,12(b),3,solving quadratic equations
3288,0607_w14_qp_43.json,607,w,Oct/Nov,2014,4,calculator,3,12(c),1,solving quadratic equations
3289,0607_w14_qp_43.json,607,w,Oct/Nov,2014,4,calculator,3,12(d),4,mensuration
3290,0607_w15_qp_21.json,607,w,Oct/Nov,2015,2,non_calculator,1,1,2,topics in arithmetic
3291,0607_w15_qp_21.json,607,w,Oct/Nov,2015,2,non_calculator,1,2,2,topics in arithmetic
3292,0607_w15_qp_21.json,607,w,Oct/Nov,2015,2,non_calculator,1,3(a),1,exponents and surds
3293,0607_w15_qp_21.json,607,w,Oct/Nov,2015,2,non_calculator,1,3(b),2,exponents and surds
3294,0607_w15_qp_21.json,607,w,Oct/Nov,2015,2,non_calculator,1,4,2,topics in arithmetic
3295,0607_w15_qp_21.json,607,w,Oct/Nov,2015,2,non_calculator,1,5,2,exponents and surds
3296,0607_w15_qp_21.json,607,w,Oct/Nov,2015,2,non_calculator,1,6(a),1,solving linear equations
3297,0607_w15_qp_21.json,607,w,Oct/Nov,2015,2,non_calculator,1,6(b),2,solving linear equations
3298,0607_w15_qp_21.json,607,w,Oct/Nov,2015,2,non_calculator,1,7,3,Pythagoras
3299,0607_w15_qp_21.json,607,w,Oct/Nov,2015,2,non_calculator,1,8(a),1,statistics
3300,0607_w15_qp_21.json,607,w,Oct/Nov,2015,2,non_calculator,1,8(b),2,statistics
3301,0607_w15_qp_21.json,607,w,Oct/Nov,2015,2,non_calculator,1,9(a),1,exponents and surds
3302,0607_w15_qp_21.json,607,w,Oct/Nov,2015,2,non_calculator,1,9(b),1,exponents and surds
3303,0607_w15_qp_21.json,607,w,Oct/Nov,2015,2,non_calculator,1,9(c),1,exponents and surds
3304,0607_w15_qp_21.json,607,w,Oct/Nov,2015,2,non_calculator,1,9(d),1,logarithms
3305,0607_w15_qp_21.json,607,w,Oct/Nov,2015,2,non_calculator,1,10,2,circle theorems
3306,0607_w15_qp_21.json,607,w,Oct/Nov,2015,2,non_calculator,1,11,3,graphing functions
3307,0607_w15_qp_21.json,607,w,Oct/Nov,2015,2,non_calculator,1,12(a),1,sets and Venn diagrams
3308,0607_w15_qp_21.json,607,w,Oct/Nov,2015,2,non_calculator,1,12(b),1,sets and Venn diagrams
3309,0607_w15_qp_21.json,607,w,Oct/Nov,2015,2,non_calculator,1,13,4,straight lines
3310,0607_w15_qp_21.json,607,w,Oct/Nov,2015,2,non_calculator,1,14(a),2,variation and proportion
3311,0607_w15_qp_21.json,607,w,Oct/Nov,2015,2,non_calculator,1,14(b),1,variation and proportion
3312,0607_w15_qp_21.json,607,w,Oct/Nov,2015,2,non_calculator,1,15,2,graphing functions
3313,0607_w15_qp_22.json,607,w,Oct/Nov,2015,2,non_calculator,2,1(a),1,topics in arithmetic
3314,0607_w15_qp_22.json,607,w,Oct/Nov,2015,2,non_calculator,2,1(b),2,exponents and surds
3315,0607_w15_qp_22.json,607,w,Oct/Nov,2015,2,non_calculator,2,2(a),3,solving linear equations
3316,0607_w15_qp_22.json,607,w,Oct/Nov,2015,2,non_calculator,2,2(b),2,solving linear equations
3317,0607_w15_qp_22.json,607,w,Oct/Nov,2015,2,non_calculator,2,3,3,variation and proportion
3318,0607_w15_qp_22.json,607,w,Oct/Nov,2015,2,non_calculator,2,4(a),2,probability
3319,0607_w15_qp_22.json,607,w,Oct/Nov,2015,2,non_calculator,2,4(b),1,probability
3320,0607_w15_qp_22.json,607,w,Oct/Nov,2015,2,non_calculator,2,4(c),2,probability
3321,0607_w15_qp_22.json,607,w,Oct/Nov,2015,2,non_calculator,2,5(a),2,vectors
3322,0607_w15_qp_22.json,607,w,Oct/Nov,2015,2,non_calculator,2,5(b),2,vectors
3323,0607_w15_qp_22.json,607,w,Oct/Nov,2015,2,non_calculator,2,6(a),2,expanding and factorising
3324,0607_w15_qp_22.json,607,w,Oct/Nov,2015,2,non_calculator,2,6(b),2,expanding and factorising
3325,0607_w15_qp_22.json,607,w,Oct/Nov,2015,2,non_calculator,2,7(a),1,exponents and surds
3326,0607_w15_qp_22.json,607,w,Oct/Nov,2015,2,non_calculator,2,7(b),1,exponents and surds
3327,0607_w15_qp_22.json,607,w,Oct/Nov,2015,2,non_calculator,2,8(a),1,circle theorems
3328,0607_w15_qp_22.json,607,w,Oct/Nov,2015,2,non_calculator,2,8(b),1,circle theorems
3329,0607_w15_qp_22.json,607,w,Oct/Nov,2015,2,non_calculator,2,8(c),1,circle theorems
3330,0607_w15_qp_22.json,607,w,Oct/Nov,2015,2,non_calculator,2,8(d),1,circle theorems
3331,0607_w15_qp_22.json,607,w,Oct/Nov,2015,2,non_calculator,2,9(a),3,Pythagoras
3332,0607_w15_qp_22.json,607,w,Oct/Nov,2015,2,non_calculator,2,9(b),2,trigonometry
3333,0607_w15_qp_22.json,607,w,Oct/Nov,2015,2,non_calculator,2,10,2,graphing functions
3334,0607_w15_qp_22.json,607,w,Oct/Nov,2015,2,non_calculator,2,11,3,statistics
3335,0607_w15_qp_23.json,607,w,Oct/Nov,2015,2,non_calculator,3,1,1,topics in arithmetic
3336,0607_w15_qp_23.json,607,w,Oct/Nov,2015,2,non_calculator,3,2,1,topics in arithmetic
3337,0607_w15_qp_23.json,607,w,Oct/Nov,2015,2,non_calculator,3,3,2,vectors
3338,0607_w15_qp_23.json,607,w,Oct/Nov,2015,2,non_calculator,3,4,1,topics in arithmetic
3339,0607_w15_qp_23.json,607,w,Oct/Nov,2015,2,non_calculator,3,5,2,statistics
3340,0607_w15_qp_23.json,607,w,Oct/Nov,2015,2,non_calculator,3,6,2,Pythagoras
3341,0607_w15_qp_23.json,607,w,Oct/Nov,2015,2,non_calculator,3,7,2,simultaneous equations
3342,0607_w15_qp_23.json,607,w,Oct/Nov,2015,2,non_calculator,3,8,2,variation and proportion
3343,0607_w15_qp_23.json,607,w,Oct/Nov,2015,2,non_calculator,3,9,1,inequalities
3344,0607_w15_qp_23.json,607,w,Oct/Nov,2015,2,non_calculator,3,10(a),1,sequences
3345,0607_w15_qp_23.json,607,w,Oct/Nov,2015,2,non_calculator,3,10(b),2,sequences
3346,0607_w15_qp_23.json,607,w,Oct/Nov,2015,2,non_calculator,3,11,2,solving linear equations
3347,0607_w15_qp_23.json,607,w,Oct/Nov,2015,2,non_calculator,3,12,2,expanding and factorising
3348,0607_w15_qp_23.json,607,w,Oct/Nov,2015,2,non_calculator,3,13(a),1,exponents and surds
3349,0607_w15_qp_23.json,607,w,Oct/Nov,2015,2,non_calculator,3,13(b),1,exponents and surds
3350,0607_w15_qp_23.json,607,w,Oct/Nov,2015,2,non_calculator,3,13(c),1,trigonometry
3351,0607_w15_qp_23.json,607,w,Oct/Nov,2015,2,non_calculator,3,14,2,exponents and surds
3352,0607_w15_qp_23.json,607,w,Oct/Nov,2015,2,non_calculator,3,15,2,sets and Venn diagrams
3353,0607_w15_qp_23.json,607,w,Oct/Nov,2015,2,non_calculator,3,16,3,straight lines
3354,0607_w15_qp_23.json,607,w,Oct/Nov,2015,2,non_calculator,3,17,2,exponents and surds
3355,0607_w15_qp_23.json,607,w,Oct/Nov,2015,2,non_calculator,3,18(a),1,expanding and factorising
3356,0607_w15_qp_23.json,607,w,Oct/Nov,2015,2,non_calculator,3,18(b),2,expanding and factorising
3357,0607_w15_qp_23.json,607,w,Oct/Nov,2015,2,non_calculator,3,19(a),2,logarithms
3358,0607_w15_qp_23.json,607,w,Oct/Nov,2015,2,non_calculator,3,19(b),1,logarithms
3359,0607_w15_qp_23.json,607,w,Oct/Nov,2015,2,non_calculator,3,20,1,functions
3360,0607_w15_qp_41.json,607,w,Oct/Nov,2015,4,calculator,1,1(a),1,topics in arithmetic
3361,0607_w15_qp_41.json,607,w,Oct/Nov,2015,4,calculator,1,1(b)(i),1,topics in arithmetic
3362,0607_w15_qp_41.json,607,w,Oct/Nov,2015,4,calculator,1,1(b)(ii),4,topics in arithmetic
3363,0607_w15_qp_41.json,607,w,Oct/Nov,2015,4,calculator,1,1(c)(i),2,topics in arithmetic
3364,0607_w15_qp_41.json,607,w,Oct/Nov,2015,4,calculator,1,1(c)(ii),3,topics in arithmetic
3365,0607_w15_qp_41.json,607,w,Oct/Nov,2015,4,calculator,1,2(a)(i),2,vectors
3366,0607_w15_qp_41.json,607,w,Oct/Nov,2015,4,calculator,1,2(a)(ii),3,vectors
3367,0607_w15_qp_41.json,607,w,Oct/Nov,2015,4,calculator,1,2(b),2,transformations
3368,0607_w15_qp_41.json,607,w,Oct/Nov,2015,4,calculator,1,2(c)(i),3,transformations
3369,0607_w15_qp_41.json,607,w,Oct/Nov,2015,4,calculator,1,2(c)(ii),2,transformations
3370,0607_w15_qp_41.json,607,w,Oct/Nov,2015,4,calculator,1,2(c)(iii),3,transformations
3371,0607_w15_qp_41.json,607,w,Oct/Nov,2015,4,calculator,1,3(a),2,graphing functions
3372,0607_w15_qp_41.json,607,w,Oct/Nov,2015,4,calculator,1,3(b),2,inequalities
3373,0607_w15_qp_41.json,607,w,Oct/Nov,2015,4,calculator,1,3(c),3,functions
3374,0607_w15_qp_41.json,607,w,Oct/Nov,2015,4,calculator,1,3(d),2,graphing functions
3375,0607_w15_qp_41.json,607,w,Oct/Nov,2015,4,calculator,1,3(e),2,transformations
3376,0607_w15_qp_41.json,607,w,Oct/Nov,2015,4,calculator,1,4(a),2,similarity
3377,0607_w15_qp_41.json,607,w,Oct/Nov,2015,4,calculator,1,4(b),2,circle theorems
3378,0607_w15_qp_41.json,607,w,Oct/Nov,2015,4,calculator,1,4(c),3,similarity
3379,0607_w15_qp_41.json,607,w,Oct/Nov,2015,4,calculator,1,5(a),2,trigonometry
3380,0607_w15_qp_41.json,607,w,Oct/Nov,2015,4,calculator,1,5(b),3,trigonometry
3381,0607_w15_qp_41.json,607,w,Oct/Nov,2015,4,calculator,1,5(c),3,trigonometry
3382,0607_w15_qp_41.json,607,w,Oct/Nov,2015,4,calculator,1,6(a),2,statistics
3383,0607_w15_qp_41.json,607,w,Oct/Nov,2015,4,calculator,1,6(b),3,statistics
3384,0607_w15_qp_41.json,607,w,Oct/Nov,2015,4,calculator,1,7(a)(i),2,mensuration
3385,0607_w15_qp_41.json,607,w,Oct/Nov,2015,4,calculator,1,7(a)(ii),3,mensuration
3386,0607_w15_qp_41.json,607,w,Oct/Nov,2015,4,calculator,1,7(b),2,mensuration
3387,0607_w15_qp_41.json,607,w,Oct/Nov,2015,4,calculator,1,7(c)(i),3,mensuration
3388,0607_w15_qp_41.json,607,w,Oct/Nov,2015,4,calculator,1,7(c)(ii),2,mensuration
3389,0607_w15_qp_41.json,607,w,Oct/Nov,2015,4,calculator,1,7(c)(iii),2,mensuration
3390,0607_w15_qp_41.json,607,w,Oct/Nov,2015,4,calculator,1,7(d),4,mensuration
3391,0607_w15_qp_41.json,607,w,Oct/Nov,2015,4,calculator,1,8(a),4,graphing functions
3392,0607_w15_qp_41.json,607,w,Oct/Nov,2015,4,calculator,1,8(b),1,solving quadratic equations
3393,0607_w15_qp_41.json,607,w,Oct/Nov,2015,4,calculator,1,8(c),1,solving quadratic equations
3394,0607_w15_qp_41.json,607,w,Oct/Nov,2015,4,calculator,1,8(d)(i),2,graphing functions
3395,0607_w15_qp_41.json,607,w,Oct/Nov,2015,4,calculator,1,8(d)(ii),2,functions
3396,0607_w15_qp_41.json,607,w,Oct/Nov,2015,4,calculator,1,8(e)(i),3,functions
3397,0607_w15_qp_41.json,607,w,Oct/Nov,2015,4,calculator,1,8(e)(ii),1,functions
3398,0607_w15_qp_41.json,607,w,Oct/Nov,2015,4,calculator,1,9(a)(i),2,probability
3399,0607_w15_qp_41.json,607,w,Oct/Nov,2015,4,calculator,1,9(a)(ii),3,probability
3400,0607_w15_qp_41.json,607,w,Oct/Nov,2015,4,calculator,1,9(b),2,probability
3401,0607_w15_qp_41.json,607,w,Oct/Nov,2015,4,calculator,1,9(c),2,probability
3402,0607_w15_qp_41.json,607,w,Oct/Nov,2015,4,calculator,1,10(a),2,functions
3403,0607_w15_qp_41.json,607,w,Oct/Nov,2015,4,calculator,1,10(b),2,functions
3404,0607_w15_qp_41.json,607,w,Oct/Nov,2015,4,calculator,1,10(c),3,functions
3405,0607_w15_qp_41.json,607,w,Oct/Nov,2015,4,calculator,1,10(d),2,logarithms
3406,0607_w15_qp_41.json,607,w,Oct/Nov,2015,4,calculator,1,10(e),3,solving quadratic equations
3407,0607_w15_qp_41.json,607,w,Oct/Nov,2015,4,calculator,1,11(a),6,simultaneous equations
3408,0607_w15_qp_41.json,607,w,Oct/Nov,2015,4,calculator,1,11(b),4,solving linear equations
3409,0607_w15_qp_42.json,607,w,Oct/Nov,2015,4,calculator,2,1(a),2,topics in arithmetic
3410,0607_w15_qp_42.json,607,w,Oct/Nov,2015,4,calculator,2,1(b),2,topics in arithmetic
3411,0607_w15_qp_42.json,607,w,Oct/Nov,2015,4,calculator,2,1(c),1,topics in arithmetic
3412,0607_w15_qp_42.json,607,w,Oct/Nov,2015,4,calculator,2,2(a)(i),3,logarithms
3413,0607_w15_qp_42.json,607,w,Oct/Nov,2015,4,calculator,2,2(a)(ii),3,trigonometry
3414,0607_w15_qp_42.json,607,w,Oct/Nov,2015,4,calculator,2,2(b),3,solving linear equations
3415,0607_w15_qp_42.json,607,w,Oct/Nov,2015,4,calculator,2,3(a)(i),1,statistics
3416,0607_w15_qp_42.json,607,w,Oct/Nov,2015,4,calculator,2,3(a)(ii),1,statistics
3417,0607_w15_qp_42.json,607,w,Oct/Nov,2015,4,calculator,2,3(b)(i),2,statistics
3418,0607_w15_qp_42.json,607,w,Oct/Nov,2015,4,calculator,2,3(b)(ii),1,statistics
3419,0607_w15_qp_42.json,607,w,Oct/Nov,2015,4,calculator,2,4(a)(i),1,transformations
3420,0607_w15_qp_42.json,607,w,Oct/Nov,2015,4,calculator,2,4(a)(ii),2,transformations
3421,0607_w15_qp_42.json,607,w,Oct/Nov,2015,4,calculator,2,4(b),2,transformations
3422,0607_w15_qp_42.json,607,w,Oct/Nov,2015,4,calculator,2,5(a),3,sequences
3423,0607_w15_qp_42.json,607,w,Oct/Nov,2015,4,calculator,2,5(b),3,sequences
3424,0607_w15_qp_42.json,607,w,Oct/Nov,2015,4,calculator,2,6(a),2,statistics
3425,0607_w15_qp_42.json,607,w,Oct/Nov,2015,4,calculator,2,6(b),1,statistics
3426,0607_w15_qp_42.json,607,w,Oct/Nov,2015,4,calculator,2,6(c),3,statistics
3427,0607_w15_qp_42.json,607,w,Oct/Nov,2015,4,calculator,2,6(d)(i),1,statistics
3428,0607_w15_qp_42.json,607,w,Oct/Nov,2015,4,calculator,2,6(d)(ii),2,statistics
3429,0607_w15_qp_42.json,607,w,Oct/Nov,2015,4,calculator,2,6(d)(iii),3,statistics
3430,0607_w15_qp_42.json,607,w,Oct/Nov,2015,4,calculator,2,7(a)(i),2,graphing functions
3431,0607_w15_qp_42.json,607,w,Oct/Nov,2015,4,calculator,2,7(a)(ii),2,graphing functions
3432,0607_w15_qp_42.json,607,w,Oct/Nov,2015,4,calculator,2,7(a)(iii),2,graphing functions
3433,0607_w15_qp_42.json,607,w,Oct/Nov,2015,4,calculator,2,7(b),4,inequalities
3434,0607_w15_qp_42.json,607,w,Oct/Nov,2015,4,calculator,2,8(a),3,topics in arithmetic
3435,0607_w15_qp_42.json,607,w,Oct/Nov,2015,4,calculator,2,8(b),3,topics in arithmetic
3436,0607_w15_qp_42.json,607,w,Oct/Nov,2015,4,calculator,2,8(c),2,topics in arithmetic
3437,0607_w15_qp_42.json,607,w,Oct/Nov,2015,4,calculator,2,9(a),2,topics in arithmetic
3438,0607_w15_qp_42.json,607,w,Oct/Nov,2015,4,calculator,2,9(b),2,topics in arithmetic
3439,0607_w15_qp_42.json,607,w,Oct/Nov,2015,4,calculator,2,9(c),3,topics in arithmetic
3440,0607_w15_qp_42.json,607,w,Oct/Nov,2015,4,calculator,2,10(a)(i),2,probability
3441,0607_w15_qp_42.json,607,w,Oct/Nov,2015,4,calculator,2,10(a)(ii),3,probability
3442,0607_w15_qp_42.json,607,w,Oct/Nov,2015,4,calculator,2,10(a)(iii),3,probability
3443,0607_w15_qp_42.json,607,w,Oct/Nov,2015,4,calculator,2,10(b),2,probability
3444,0607_w15_qp_42.json,607,w,Oct/Nov,2015,4,calculator,2,11(a),3,straight lines
3445,0607_w15_qp_42.json,607,w,Oct/Nov,2015,4,calculator,2,11(b),2,straight lines
3446,0607_w15_qp_42.json,607,w,Oct/Nov,2015,4,calculator,2,11(c),3,straight lines
3447,0607_w15_qp_42.json,607,w,Oct/Nov,2015,4,calculator,2,11(d),2,straight lines
3448,0607_w15_qp_42.json,607,w,Oct/Nov,2015,4,calculator,2,12(a),3,trigonometry
3449,0607_w15_qp_42.json,607,w,Oct/Nov,2015,4,calculator,2,12(b),3,trigonometry
3450,0607_w15_qp_42.json,607,w,Oct/Nov,2015,4,calculator,2,12(c),4,mensuration
3451,0607_w15_qp_42.json,607,w,Oct/Nov,2015,4,calculator,2,12(d),3,mensuration
3452,0607_w15_qp_42.json,607,w,Oct/Nov,2015,4,calculator,2,13(a)(i),2,graphing functions
3453,0607_w15_qp_42.json,607,w,Oct/Nov,2015,4,calculator,2,13(a)(ii),1,graphing functions
3454,0607_w15_qp_42.json,607,w,Oct/Nov,2015,4,calculator,2,13(a)(iii),1,functions
3455,0607_w15_qp_42.json,607,w,Oct/Nov,2015,4,calculator,2,13(b),1,exponents and surds
3456,0607_w15_qp_42.json,607,w,Oct/Nov,2015,4,calculator,2,13(c),2,transformations
3457,0607_w15_qp_42.json,607,w,Oct/Nov,2015,4,calculator,2,14(a),1,solving quadratic equations
3458,0607_w15_qp_42.json,607,w,Oct/Nov,2015,4,calculator,2,14(b),1,solving quadratic equations
3459,0607_w15_qp_42.json,607,w,Oct/Nov,2015,4,calculator,2,14(c)(i),3,solving quadratic equations
3460,0607_w15_qp_42.json,607,w,Oct/Nov,2015,4,calculator,2,14(c)(ii),2,solving quadratic equations
3461,0607_w15_qp_42.json,607,w,Oct/Nov,2015,4,calculator,2,14(c)(iii),1,solving quadratic equations
3462,0607_w15_qp_42.json,607,w,Oct/Nov,2015,4,calculator,2,15(a),3,inequalities
3463,0607_w15_qp_42.json,607,w,Oct/Nov,2015,4,calculator,2,15(b),2,logarithms
3464,0607_w15_qp_43.json,607,w,Oct/Nov,2015,4,calculator,3,1(a),2,trigonometry
3465,0607_w15_qp_43.json,607,w,Oct/Nov,2015,4,calculator,3,1(b),2,trigonometry
3466,0607_w15_qp_43.json,607,w,Oct/Nov,2015,4,calculator,3,1(c),3,trigonometry
3467,0607_w15_qp_43.json,607,w,Oct/Nov,2015,4,calculator,3,2(a),3,topics in arithmetic
3468,0607_w15_qp_43.json,607,w,Oct/Nov,2015,4,calculator,3,2(b),3,topics in arithmetic
3469,0607_w15_qp_43.json,607,w,Oct/Nov,2015,4,calculator,3,2(c)(i),3,topics in arithmetic
3470,0607_w15_qp_43.json,607,w,Oct/Nov,2015,4,calculator,3,2(c)(ii),2,topics in arithmetic
3471,0607_w15_qp_43.json,607,w,Oct/Nov,2015,4,calculator,3,3(a)(i),1,statistics
3472,0607_w15_qp_43.json,607,w,Oct/Nov,2015,4,calculator,3,3(a)(ii),2,statistics
3473,0607_w15_qp_43.json,607,w,Oct/Nov,2015,4,calculator,3,3(a)(iii),3,statistics
3474,0607_w15_qp_43.json,607,w,Oct/Nov,2015,4,calculator,3,3(b),2,statistics
3475,0607_w15_qp_43.json,607,w,Oct/Nov,2015,4,calculator,3,4(a)(i),1,transformations
3476,0607_w15_qp_43.json,607,w,Oct/Nov,2015,4,calculator,3,4(a)(ii),1,transformations
3477,0607_w15_qp_43.json,607,w,Oct/Nov,2015,4,calculator,3,4(b)(i),2,similarity
3478,0607_w15_qp_43.json,607,w,Oct/Nov,2015,4,calculator,3,4(b)(ii),2,similarity
3479,0607_w15_qp_43.json,607,w,Oct/Nov,2015,4,calculator,3,5(a)(i),3,transformations
3480,0607_w15_qp_43.json,607,w,Oct/Nov,2015,4,calculator,3,5(a)(ii),2,transformations
3481,0607_w15_qp_43.json,607,w,Oct/Nov,2015,4,calculator,3,5(b)(i),2,transformations
3482,0607_w15_qp_43.json,607,w,Oct/Nov,2015,4,calculator,3,5(b)(ii),2,transformations
3483,0607_w15_qp_43.json,607,w,Oct/Nov,2015,4,calculator,3,5(c),3,transformations
3484,0607_w15_qp_43.json,607,w,Oct/Nov,2015,4,calculator,3,6(a),3,mensuration
3485,0607_w15_qp_43.json,607,w,Oct/Nov,2015,4,calculator,3,6(b)(i),4,mensuration
3486,0607_w15_qp_43.json,607,w,Oct/Nov,2015,4,calculator,3,6(b)(ii),3,mensuration
3487,0607_w15_qp_43.json,607,w,Oct/Nov,2015,4,calculator,3,7(a),3,variation and proportion
3488,0607_w15_qp_43.json,607,w,Oct/Nov,2015,4,calculator,3,7(b),4,variation and proportion
3489,0607_w15_qp_43.json,607,w,Oct/Nov,2015,4,calculator,3,8(a)(i),3,inequalities
3490,0607_w15_qp_43.json,607,w,Oct/Nov,2015,4,calculator,3,8(a)(ii),1,inequalities
3491,0607_w15_qp_43.json,607,w,Oct/Nov,2015,4,calculator,3,8(b),6,solving quadratic equations
3492,0607_w15_qp_43.json,607,w,Oct/Nov,2015,4,calculator,3,8(c)(i),3,logarithms
3493,0607_w15_qp_43.json,607,w,Oct/Nov,2015,4,calculator,3,8(c)(ii),2,logarithms
3494,0607_w15_qp_43.json,607,w,Oct/Nov,2015,4,calculator,3,8(d),3,expanding and factorising
3495,0607_w15_qp_43.json,607,w,Oct/Nov,2015,4,calculator,3,9(a),3,angles
3496,0607_w15_qp_43.json,607,w,Oct/Nov,2015,4,calculator,3,9(b),3,angles
3497,0607_w15_qp_43.json,607,w,Oct/Nov,2015,4,calculator,3,9(c)(i),2,circle theorems
3498,0607_w15_qp_43.json,607,w,Oct/Nov,2015,4,calculator,3,9(c)(ii),2,circle theorems
3499,0607_w15_qp_43.json,607,w,Oct/Nov,2015,4,calculator,3,9(c)(iii),1,circle theorems
3500,0607_w15_qp_43.json,607,w,Oct/Nov,2015,4,calculator,3,10(a),3,probability
3501,0607_w15_qp_43.json,607,w,Oct/Nov,2015,4,calculator,3,10(b),2,probability
3502,0607_w15_qp_43.json,607,w,Oct/Nov,2015,4,calculator,3,10(c),3,probability
3503,0607_w15_qp_43.json,607,w,Oct/Nov,2015,4,calculator,3,11(a),1,functions
3504,0607_w15_qp_43.json,607,w,Oct/Nov,2015,4,calculator,3,11(b),1,functions
3505,0607_w15_qp_43.json,607,w,Oct/Nov,2015,4,calculator,3,11(c),4,functions
3506,0607_w15_qp_43.json,607,w,Oct/Nov,2015,4,calculator,3,11(d)(i),3,functions
3507,0607_w15_qp_43.json,607,w,Oct/Nov,2015,4,calculator,3,11(d)(ii),2,functions
3508,0607_w15_qp_43.json,607,w,Oct/Nov,2015,4,calculator,3,11(e),2,transformations
3509,0607_w15_qp_43.json,607,w,Oct/Nov,2015,4,calculator,3,12(a),4,graphing functions
3510,0607_w15_qp_43.json,607,w,Oct/Nov,2015,4,calculator,3,12(b)(i),2,graphing functions
3511,0607_w15_qp_43.json,607,w,Oct/Nov,2015,4,calculator,3,12(b)(ii),1,graphing functions
3512,0607_w15_qp_43.json,607,w,Oct/Nov,2015,4,calculator,3,12(c),2,inequalities
3513,0607_w16_qp_21.json,607,w,Oct/Nov,2016,2,non_calculator,1,1,2,topics in arithmetic
3514,0607_w16_qp_21.json,607,w,Oct/Nov,2016,2,non_calculator,1,2,2,transformations
3515,0607_w16_qp_21.json,607,w,Oct/Nov,2016,2,non_calculator,1,3(a),1,statistics
3516,0607_w16_qp_21.json,607,w,Oct/Nov,2016,2,non_calculator,1,3(b),1,statistics
3517,0607_w16_qp_21.json,607,w,Oct/Nov,2016,2,non_calculator,1,3(c),1,statistics
3518,0607_w16_qp_21.json,607,w,Oct/Nov,2016,2,non_calculator,1,4,1,exponents and surds
3519,0607_w16_qp_21.json,607,w,Oct/Nov,2016,2,non_calculator,1,5(a),2,solving linear equations
3520,0607_w16_qp_21.json,607,w,Oct/Nov,2016,2,non_calculator,1,5(b),2,solving linear equations
3521,0607_w16_qp_21.json,607,w,Oct/Nov,2016,2,non_calculator,1,6,3,topics in arithmetic
3522,0607_w16_qp_21.json,607,w,Oct/Nov,2016,2,non_calculator,1,7,3,angles
3523,0607_w16_qp_21.json,607,w,Oct/Nov,2016,2,non_calculator,1,8,3,circle theorems
3524,0607_w16_qp_21.json,607,w,Oct/Nov,2016,2,non_calculator,1,9,2,sets and Venn diagrams
3525,0607_w16_qp_21.json,607,w,Oct/Nov,2016,2,non_calculator,1,10,2,exponents and surds
3526,0607_w16_qp_21.json,607,w,Oct/Nov,2016,2,non_calculator,1,11,2,solving linear equations
3527,0607_w16_qp_21.json,607,w,Oct/Nov,2016,2,non_calculator,1,12,2,exponents and surds
3528,0607_w16_qp_21.json,607,w,Oct/Nov,2016,2,non_calculator,1,13,2,exponents and surds
3529,0607_w16_qp_21.json,607,w,Oct/Nov,2016,2,non_calculator,1,14,3,solving quadratic equations
3530,0607_w16_qp_21.json,607,w,Oct/Nov,2016,2,non_calculator,1,15,2,variation and proportion
3531,0607_w16_qp_21.json,607,w,Oct/Nov,2016,2,non_calculator,1,16,2,graphing functions
3532,0607_w16_qp_21.json,607,w,Oct/Nov,2016,2,non_calculator,1,17(a),1,logarithms
3533,0607_w16_qp_21.json,607,w,Oct/Nov,2016,2,non_calculator,1,17(b),1,logarithms
3534,0607_w16_qp_22.json,607,w,Oct/Nov,2016,2,non_calculator,2,1,1,topics in arithmetic
3535,0607_w16_qp_22.json,607,w,Oct/Nov,2016,2,non_calculator,2,2,2,topics in arithmetic
3536,0607_w16_qp_22.json,607,w,Oct/Nov,2016,2,non_calculator,2,3(a),2,topics in arithmetic
3537,0607_w16_qp_22.json,607,w,Oct/Nov,2016,2,non_calculator,2,3(b),3,topics in arithmetic
3538,0607_w16_qp_22.json,607,w,Oct/Nov,2016,2,non_calculator,2,4(a),2,exponents and surds
3539,0607_w16_qp_22.json,607,w,Oct/Nov,2016,2,non_calculator,2,4(b),2,exponents and surds
3540,0607_w16_qp_22.json,607,w,Oct/Nov,2016,2,non_calculator,2,5(a),1,statistics
3541,0607_w16_qp_22.json,607,w,Oct/Nov,2016,2,non_calculator,2,5(b),2,probability
3542,0607_w16_qp_22.json,607,w,Oct/Nov,2016,2,non_calculator,2,6(a),1,probability
3543,0607_w16_qp_22.json,607,w,Oct/Nov,2016,2,non_calculator,2,6(b),3,probability
3544,0607_w16_qp_22.json,607,w,Oct/Nov,2016,2,non_calculator,2,7(a),2,expanding and factorising
3545,0607_w16_qp_22.json,607,w,Oct/Nov,2016,2,non_calculator,2,7(b),3,expanding and factorising
3546,0607_w16_qp_22.json,607,w,Oct/Nov,2016,2,non_calculator,2,8,1,exponents and surds
3547,0607_w16_qp_22.json,607,w,Oct/Nov,2016,2,non_calculator,2,9,2,expanding and factorising
3548,0607_w16_qp_22.json,607,w,Oct/Nov,2016,2,non_calculator,2,10(a),2,exponents and surds
3549,0607_w16_qp_22.json,607,w,Oct/Nov,2016,2,non_calculator,2,10(b),2,exponents and surds
3550,0607_w16_qp_22.json,607,w,Oct/Nov,2016,2,non_calculator,2,11,5,straight lines
3551,0607_w16_qp_22.json,607,w,Oct/Nov,2016,2,non_calculator,2,12(a),2,variation and proportion
3552,0607_w16_qp_22.json,607,w,Oct/Nov,2016,2,non_calculator,2,12(b),2,variation and proportion
3553,0607_w16_qp_23.json,607,w,Oct/Nov,2016,2,non_calculator,3,1,1,sequences
3554,0607_w16_qp_23.json,607,w,Oct/Nov,2016,2,non_calculator,3,2,2,topics in arithmetic
3555,0607_w16_qp_23.json,607,w,Oct/Nov,2016,2,non_calculator,3,3(a),1,exponents and surds
3556,0607_w16_qp_23.json,607,w,Oct/Nov,2016,2,non_calculator,3,3(b),2,topics in arithmetic
3557,0607_w16_qp_23.json,607,w,Oct/Nov,2016,2,non_calculator,3,4,3,angles
3558,0607_w16_qp_23.json,607,w,Oct/Nov,2016,2,non_calculator,3,5,3,transformations
3559,0607_w16_qp_23.json,607,w,Oct/Nov,2016,2,non_calculator,3,6(a),1,statistics
3560,0607_w16_qp_23.json,607,w,Oct/Nov,2016,2,non_calculator,3,6(b),1,statistics
3561,0607_w16_qp_23.json,607,w,Oct/Nov,2016,2,non_calculator,3,6(c),2,statistics
3562,0607_w16_qp_23.json,607,w,Oct/Nov,2016,2,non_calculator,3,7,3,simultaneous equations
3563,0607_w16_qp_23.json,607,w,Oct/Nov,2016,2,non_calculator,3,8(a),1,statistics
3564,0607_w16_qp_23.json,607,w,Oct/Nov,2016,2,non_calculator,3,8(b),2,straight lines
3565,0607_w16_qp_23.json,607,w,Oct/Nov,2016,2,non_calculator,3,9(a),1,circle theorems
3566,0607_w16_qp_23.json,607,w,Oct/Nov,2016,2,non_calculator,3,9(b),2,circle theorems
3567,0607_w16_qp_23.json,607,w,Oct/Nov,2016,2,non_calculator,3,10(a),1,logarithms
3568,0607_w16_qp_23.json,607,w,Oct/Nov,2016,2,non_calculator,3,10(b),2,logarithms
3569,0607_w16_qp_23.json,607,w,Oct/Nov,2016,2,non_calculator,3,11,3,inequalities
3570,0607_w16_qp_23.json,607,w,Oct/Nov,2016,2,non_calculator,3,12(a),1,vectors
3571,0607_w16_qp_23.json,607,w,Oct/Nov,2016,2,non_calculator,3,12(b),3,vectors
3572,0607_w16_qp_23.json,607,w,Oct/Nov,2016,2,non_calculator,3,13(a),2,exponents and surds
3573,0607_w16_qp_23.json,607,w,Oct/Nov,2016,2,non_calculator,3,13(b),3,exponents and surds
3574,0607_w16_qp_41.json,607,w,Oct/Nov,2016,4,calculator,1,1(a),2,topics in arithmetic
3575,0607_w16_qp_41.json,607,w,Oct/Nov,2016,4,calculator,1,1(b)(i),3,topics in arithmetic
3576,0607_w16_qp_41.json,607,w,Oct/Nov,2016,4,calculator,1,1(b)(ii),1,topics in arithmetic
3577,0607_w16_qp_41.json,607,w,Oct/Nov,2016,4,calculator,1,1(b)(iii),3,topics in arithmetic
3578,0607_w16_qp_41.json,607,w,Oct/Nov,2016,4,calculator,1,2(a)(i),1,vectors
3579,0607_w16_qp_41.json,607,w,Oct/Nov,2016,4,calculator,1,2(a)(ii),2,transformations
3580,0607_w16_qp_41.json,607,w,Oct/Nov,2016,4,calculator,1,2(a)(iii),2,vectors
3581,0607_w16_qp_41.json,607,w,Oct/Nov,2016,4,calculator,1,2(b)(i),2,transformations
3582,0607_w16_qp_41.json,607,w,Oct/Nov,2016,4,calculator,1,2(b)(ii),3,transformations
3583,0607_w16_qp_41.json,607,w,Oct/Nov,2016,4,calculator,1,2(b)(iii),3,transformations
3584,0607_w16_qp_41.json,607,w,Oct/Nov,2016,4,calculator,1,3(a),3,graphing functions
3585,0607_w16_qp_41.json,607,w,Oct/Nov,2016,4,calculator,1,3(b),2,functions
3586,0607_w16_qp_41.json,607,w,Oct/Nov,2016,4,calculator,1,3(c)(i),1,functions
3587,0607_w16_qp_41.json,607,w,Oct/Nov,2016,4,calculator,1,3(c)(ii),1,functions
3588,0607_w16_qp_41.json,607,w,Oct/Nov,2016,4,calculator,1,3(d)(i),2,graphing functions
3589,0607_w16_qp_41.json,607,w,Oct/Nov,2016,4,calculator,1,3(d)(ii),2,sequences
3590,0607_w16_qp_41.json,607,w,Oct/Nov,2016,4,calculator,1,3(e)(i),2,graphing functions
3591,0607_w16_qp_41.json,607,w,Oct/Nov,2016,4,calculator,1,3(e)(ii),2,graphing functions
3592,0607_w16_qp_41.json,607,w,Oct/Nov,2016,4,calculator,1,4(a),2,mensuration
3593,0607_w16_qp_41.json,607,w,Oct/Nov,2016,4,calculator,1,4(b)(i),2,mensuration
3594,0607_w16_qp_41.json,607,w,Oct/Nov,2016,4,calculator,1,4(b)(ii),3,mensuration
3595,0607_w16_qp_41.json,607,w,Oct/Nov,2016,4,calculator,1,4(c),3,mensuration
3596,0607_w16_qp_41.json,607,w,Oct/Nov,2016,4,calculator,1,5(a),2,sets and Venn diagrams
3597,0607_w16_qp_41.json,607,w,Oct/Nov,2016,4,calculator,1,5(b)(i),1,probability
3598,0607_w16_qp_41.json,607,w,Oct/Nov,2016,4,calculator,1,5(b)(ii),1,probability
3599,0607_w16_qp_41.json,607,w,Oct/Nov,2016,4,calculator,1,5(c),1,probability
3600,0607_w16_qp_41.json,607,w,Oct/Nov,2016,4,calculator,1,5(d),1,probability
3601,0607_w16_qp_41.json,607,w,Oct/Nov,2016,4,calculator,1,6(a),5,straight lines
3602,0607_w16_qp_41.json,607,w,Oct/Nov,2016,4,calculator,1,6(b),2,straight lines
3603,0607_w16_qp_41.json,607,w,Oct/Nov,2016,4,calculator,1,7(a),2,trigonometry
3604,0607_w16_qp_41.json,607,w,Oct/Nov,2016,4,calculator,1,7(b),3,trigonometry
3605,0607_w16_qp_41.json,607,w,Oct/Nov,2016,4,calculator,1,7(c),3,trigonometry
3606,0607_w16_qp_41.json,607,w,Oct/Nov,2016,4,calculator,1,8(a),2,graphing functions
3607,0607_w16_qp_41.json,607,w,Oct/Nov,2016,4,calculator,1,8(b),2,graphing functions
3608,0607_w16_qp_41.json,607,w,Oct/Nov,2016,4,calculator,1,8(c),3,inequalities
3609,0607_w16_qp_41.json,607,w,Oct/Nov,2016,4,calculator,1,8(d),2,graphing functions
3610,0607_w16_qp_41.json,607,w,Oct/Nov,2016,4,calculator,1,8(e),2,transformations
3611,0607_w16_qp_41.json,607,w,Oct/Nov,2016,4,calculator,1,9(a),3,statistics
3612,0607_w16_qp_41.json,607,w,Oct/Nov,2016,4,calculator,1,9(b),2,statistics
3613,0607_w16_qp_41.json,607,w,Oct/Nov,2016,4,calculator,1,9(c),2,probability
3614,0607_w16_qp_41.json,607,w,Oct/Nov,2016,4,calculator,1,10(a),2,solving linear equations
3615,0607_w16_qp_41.json,607,w,Oct/Nov,2016,4,calculator,1,10(b),2,expanding and factorising
3616,0607_w16_qp_41.json,607,w,Oct/Nov,2016,4,calculator,1,10(c)(i),2,exponents and surds
3617,0607_w16_qp_41.json,607,w,Oct/Nov,2016,4,calculator,1,10(c)(ii),4,expanding and factorising
3618,0607_w16_qp_41.json,607,w,Oct/Nov,2016,4,calculator,1,11(a),2,functions
3619,0607_w16_qp_41.json,607,w,Oct/Nov,2016,4,calculator,1,11(b),2,functions
3620,0607_w16_qp_41.json,607,w,Oct/Nov,2016,4,calculator,1,11(c)(i),2,functions
3621,0607_w16_qp_41.json,607,w,Oct/Nov,2016,4,calculator,1,11(c)(ii),2,functions
3622,0607_w16_qp_41.json,607,w,Oct/Nov,2016,4,calculator,1,12(a)(i),3,topics in arithmetic
3623,0607_w16_qp_41.json,607,w,Oct/Nov,2016,4,calculator,1,12(a)(ii),1,topics in arithmetic
3624,0607_w16_qp_41.json,607,w,Oct/Nov,2016,4,calculator,1,12(a)(iii),3,topics in arithmetic
3625,0607_w16_qp_41.json,607,w,Oct/Nov,2016,4,calculator,1,12(b)(i),5,topics in arithmetic
3626,0607_w16_qp_41.json,607,w,Oct/Nov,2016,4,calculator,1,12(b)(ii),4,topics in arithmetic
3627,0607_w16_qp_42.json,607,w,Oct/Nov,2016,4,calculator,2,1(a),1,statistics
3628,0607_w16_qp_42.json,607,w,Oct/Nov,2016,4,calculator,2,1(b),1,statistics
3629,0607_w16_qp_42.json,607,w,Oct/Nov,2016,4,calculator,2,1(c),1,statistics
3630,0607_w16_qp_42.json,607,w,Oct/Nov,2016,4,calculator,2,1(d),2,statistics
3631,0607_w16_qp_42.json,607,w,Oct/Nov,2016,4,calculator,2,1(e),2,statistics
3632,0607_w16_qp_42.json,607,w,Oct/Nov,2016,4,calculator,2,2(a),3,Pythagoras
3633,0607_w16_qp_42.json,607,w,Oct/Nov,2016,4,calculator,2,2(b),2,angles
3634,0607_w16_qp_42.json,607,w,Oct/Nov,2016,4,calculator,2,2(c),2,mensuration
3635,0607_w16_qp_42.json,607,w,Oct/Nov,2016,4,calculator,2,3(a),1,statistics
3636,0607_w16_qp_42.json,607,w,Oct/Nov,2016,4,calculator,2,3(b)(i),1,statistics
3637,0607_w16_qp_42.json,607,w,Oct/Nov,2016,4,calculator,2,3(b)(ii),1,statistics
3638,0607_w16_qp_42.json,607,w,Oct/Nov,2016,4,calculator,2,3(c)(i),2,straight lines
3639,0607_w16_qp_42.json,607,w,Oct/Nov,2016,4,calculator,2,3(c)(ii),1,straight lines
3640,0607_w16_qp_42.json,607,w,Oct/Nov,2016,4,calculator,2,4(a),1,circle theorems
3641,0607_w16_qp_42.json,607,w,Oct/Nov,2016,4,calculator,2,4(b),2,circle theorems
3642,0607_w16_qp_42.json,607,w,Oct/Nov,2016,4,calculator,2,4(c),1,circle theorems
3643,0607_w16_qp_42.json,607,w,Oct/Nov,2016,4,calculator,2,4(d),2,circle theorems
3644,0607_w16_qp_42.json,607,w,Oct/Nov,2016,4,calculator,2,4(e),2,circle theorems
3645,0607_w16_qp_42.json,607,w,Oct/Nov,2016,4,calculator,2,5(a),2,statistics
3646,0607_w16_qp_42.json,607,w,Oct/Nov,2016,4,calculator,2,5(b),3,statistics
3647,0607_w16_qp_42.json,607,w,Oct/Nov,2016,4,calculator,2,6(a),2,transformations
3648,0607_w16_qp_42.json,607,w,Oct/Nov,2016,4,calculator,2,6(b),2,transformations
3649,0607_w16_qp_42.json,607,w,Oct/Nov,2016,4,calculator,2,6(c),2,transformations
3650,0607_w16_qp_42.json,607,w,Oct/Nov,2016,4,calculator,2,6(d),2,transformations
3651,0607_w16_qp_42.json,607,w,Oct/Nov,2016,4,calculator,2,7,4,simultaneous equations
3652,0607_w16_qp_42.json,607,w,Oct/Nov,2016,4,calculator,2,8(a),3,exponents and surds
3653,0607_w16_qp_42.json,607,w,Oct/Nov,2016,4,calculator,2,8(b)(i),2,trigonometry
3654,0607_w16_qp_42.json,607,w,Oct/Nov,2016,4,calculator,2,8(b)(ii),3,trigonometry
3655,0607_w16_qp_42.json,607,w,Oct/Nov,2016,4,calculator,2,9(a),2,mensuration
3656,0607_w16_qp_42.json,607,w,Oct/Nov,2016,4,calculator,2,9(b)(i),2,trigonometry
3657,0607_w16_qp_42.json,607,w,Oct/Nov,2016,4,calculator,2,9(b)(ii),2,trigonometry
3658,0607_w16_qp_42.json,607,w,Oct/Nov,2016,4,calculator,2,9(b)(iii),4,mensuration
3659,0607_w16_qp_42.json,607,w,Oct/Nov,2016,4,calculator,2,10(a),3,graphing functions
3660,0607_w16_qp_42.json,607,w,Oct/Nov,2016,4,calculator,2,10(b),2,graphing functions
3661,0607_w16_qp_42.json,607,w,Oct/Nov,2016,4,calculator,2,10(c),2,graphing functions
3662,0607_w16_qp_42.json,607,w,Oct/Nov,2016,4,calculator,2,10(d),3,inequalities
3663,0607_w16_qp_42.json,607,w,Oct/Nov,2016,4,calculator,2,10(e)(i),2,transformations
3664,0607_w16_qp_42.json,607,w,Oct/Nov,2016,4,calculator,2,10(e)(ii),2,transformations
3665,0607_w16_qp_42.json,607,w,Oct/Nov,2016,4,calculator,2,11(a),2,sequences
3666,0607_w16_qp_42.json,607,w,Oct/Nov,2016,4,calculator,2,11(b),4,sequences
3667,0607_w16_qp_42.json,607,w,Oct/Nov,2016,4,calculator,2,11(c),4,sequences
3668,0607_w16_qp_42.json,607,w,Oct/Nov,2016,4,calculator,2,12(a)(i),2,mensuration
3669,0607_w16_qp_42.json,607,w,Oct/Nov,2016,4,calculator,2,12(a)(ii),2,mensuration
3670,0607_w16_qp_42.json,607,w,Oct/Nov,2016,4,calculator,2,12(b)(i),3,mensuration
3671,0607_w16_qp_42.json,607,w,Oct/Nov,2016,4,calculator,2,12(b)(ii),3,mensuration
3672,0607_w16_qp_42.json,607,w,Oct/Nov,2016,4,calculator,2,13(a),3,logarithms
3673,0607_w16_qp_42.json,607,w,Oct/Nov,2016,4,calculator,2,13(b)(i),3,logarithms
3674,0607_w16_qp_42.json,607,w,Oct/Nov,2016,4,calculator,2,13(b)(ii),5,solving quadratic equations
3675,0607_w16_qp_42.json,607,w,Oct/Nov,2016,4,calculator,2,14(a),4,graphing functions
3676,0607_w16_qp_42.json,607,w,Oct/Nov,2016,4,calculator,2,14(b),2,graphing functions
3677,0607_w16_qp_42.json,607,w,Oct/Nov,2016,4,calculator,2,14(c),2,graphing functions
3678,0607_w16_qp_42.json,607,w,Oct/Nov,2016,4,calculator,2,14(d),4,graphing functions
3679,0607_w16_qp_43.json,607,w,Oct/Nov,2016,4,calculator,3,1(a)(i),1,exponents and surds
3680,0607_w16_qp_43.json,607,w,Oct/Nov,2016,4,calculator,3,1(a)(ii),1,exponents and surds
3681,0607_w16_qp_43.json,607,w,Oct/Nov,2016,4,calculator,3,1(b)(i),2,exponents and surds
3682,0607_w16_qp_43.json,607,w,Oct/Nov,2016,4,calculator,3,1(b)(ii),2,exponents and surds
3683,0607_w16_qp_43.json,607,w,Oct/Nov,2016,4,calculator,3,2(a)(i),3,topics in arithmetic
3684,0607_w16_qp_43.json,607,w,Oct/Nov,2016,4,calculator,3,2(a)(ii),4,topics in arithmetic
3685,0607_w16_qp_43.json,607,w,Oct/Nov,2016,4,calculator,3,2(b),3,topics in arithmetic
3686,0607_w16_qp_43.json,607,w,Oct/Nov,2016,4,calculator,3,3(a),2,transformations
3687,0607_w16_qp_43.json,607,w,Oct/Nov,2016,4,calculator,3,3(b),3,transformations
3688,0607_w16_qp_43.json,607,w,Oct/Nov,2016,4,calculator,3,3(c),3,transformations
3689,0607_w16_qp_43.json,607,w,Oct/Nov,2016,4,calculator,3,4(a)(i),2,mensuration
3690,0607_w16_qp_43.json,607,w,Oct/Nov,2016,4,calculator,3,4(a)(ii),2,Pythagoras
3691,0607_w16_qp_43.json,607,w,Oct/Nov,2016,4,calculator,3,4(b)(i),3,similarity
3692,0607_w16_qp_43.json,607,w,Oct/Nov,2016,4,calculator,3,4(b)(ii),5,mensuration
3693,0607_w16_qp_43.json,607,w,Oct/Nov,2016,4,calculator,3,5(a),2,graphing functions
3694,0607_w16_qp_43.json,607,w,Oct/Nov,2016,4,calculator,3,5(b),3,solving quadratic equations
3695,0607_w16_qp_43.json,607,w,Oct/Nov,2016,4,calculator,3,5(c)(i),3,functions
3696,0607_w16_qp_43.json,607,w,Oct/Nov,2016,4,calculator,3,5(c)(ii),1,graphing functions
3697,0607_w16_qp_43.json,607,w,Oct/Nov,2016,4,calculator,3,5(d),3,graphing functions
3698,0607_w16_qp_43.json,607,w,Oct/Nov,2016,4,calculator,3,6(a),3,straight lines
3699,0607_w16_qp_43.json,607,w,Oct/Nov,2016,4,calculator,3,6(b),2,straight lines
3700,0607_w16_qp_43.json,607,w,Oct/Nov,2016,4,calculator,3,6(c),4,straight lines
3701,0607_w16_qp_43.json,607,w,Oct/Nov,2016,4,calculator,3,7(a)(i),1,statistics
3702,0607_w16_qp_43.json,607,w,Oct/Nov,2016,4,calculator,3,7(a)(ii),3,statistics
3703,0607_w16_qp_43.json,607,w,Oct/Nov,2016,4,calculator,3,7(a)(iii),1,statistics
3704,0607_w16_qp_43.json,607,w,Oct/Nov,2016,4,calculator,3,7(a)(iv),2,statistics
3705,0607_w16_qp_43.json,607,w,Oct/Nov,2016,4,calculator,3,7(a)(v),1,statistics
3706,0607_w16_qp_43.json,607,w,Oct/Nov,2016,4,calculator,3,7(b),4,statistics
3707,0607_w16_qp_43.json,607,w,Oct/Nov,2016,4,calculator,3,8(a),1,angles
3708,0607_w16_qp_43.json,607,w,Oct/Nov,2016,4,calculator,3,8(b),2,trigonometry
3709,0607_w16_qp_43.json,607,w,Oct/Nov,2016,4,calculator,3,8(c),2,Pythagoras
3710,0607_w16_qp_43.json,607,w,Oct/Nov,2016,4,calculator,3,8(d),4,trigonometry
3711,0607_w16_qp_43.json,607,w,Oct/Nov,2016,4,calculator,3,8(e),4,angles
3712,0607_w16_qp_43.json,607,w,Oct/Nov,2016,4,calculator,3,9(a),3,topics in arithmetic
3713,0607_w16_qp_43.json,607,w,Oct/Nov,2016,4,calculator,3,9(b)(i),1,algebra
3714,0607_w16_qp_43.json,607,w,Oct/Nov,2016,4,calculator,3,9(b)(ii),3,solving quadratic equations
3715,0607_w16_qp_43.json,607,w,Oct/Nov,2016,4,calculator,3,9(b)(iii),4,solving quadratic equations
3716,0607_w16_qp_43.json,607,w,Oct/Nov,2016,4,calculator,3,10(a)(i),2,expanding and factorising
3717,0607_w16_qp_43.json,607,w,Oct/Nov,2016,4,calculator,3,10(a)(ii),3,algebra
3718,0607_w16_qp_43.json,607,w,Oct/Nov,2016,4,calculator,3,10(b)(i),2,graphing functions
3719,0607_w16_qp_43.json,607,w,Oct/Nov,2016,4,calculator,3,10(b)(ii),2,graphing functions
3720,0607_w16_qp_43.json,607,w,Oct/Nov,2016,4,calculator,3,10(b)(iii),2,graphing functions
3721,0607_w16_qp_43.json,607,w,Oct/Nov,2016,4,calculator,3,10(b)(iv),2,functions
3722,0607_w16_qp_43.json,607,w,Oct/Nov,2016,4,calculator,3,11(a),2,statistics
3723,0607_w16_qp_43.json,607,w,Oct/Nov,2016,4,calculator,3,11(b),2,probability
3724,0607_w16_qp_43.json,607,w,Oct/Nov,2016,4,calculator,3,11(c),3,probability
3725,0607_w16_qp_43.json,607,w,Oct/Nov,2016,4,calculator,3,12(a),2,variation and proportion
3726,0607_w16_qp_43.json,607,w,Oct/Nov,2016,4,calculator,3,12(b),2,variation and proportion
3727,0607_w16_qp_43.json,607,w,Oct/Nov,2016,4,calculator,3,12(c),3,variation and proportion
3728,0607_w17_qp_21.json,607,w,Oct/Nov,2017,2,non_calculator,1,1,3,topics in arithmetic
3729,0607_w17_qp_21.json,607,w,Oct/Nov,2017,2,non_calculator,1,2(a),1,topics in arithmetic
3730,0607_w17_qp_21.json,607,w,Oct/Nov,2017,2,non_calculator,1,2(b),1,topics in arithmetic
3731,0607_w17_qp_21.json,607,w,Oct/Nov,2017,2,non_calculator,1,2(c),1,exponents and surds
3732,0607_w17_qp_21.json,607,w,Oct/Nov,2017,2,non_calculator,1,3,2,inequalities
3733,0607_w17_qp_21.json,607,w,Oct/Nov,2017,2,non_calculator,1,4,2,topics in arithmetic
3734,0607_w17_qp_21.json,607,w,Oct/Nov,2017,2,non_calculator,1,5,3,simultaneous equations
3735,0607_w17_qp_21.json,607,w,Oct/Nov,2017,2,non_calculator,1,6(a),2,straight lines
3736,0607_w17_qp_21.json,607,w,Oct/Nov,2017,2,non_calculator,1,6(b),3,Pythagoras
3737,0607_w17_qp_21.json,607,w,Oct/Nov,2017,2,non_calculator,1,7,2,exponents and surds
3738,0607_w17_qp_21.json,607,w,Oct/Nov,2017,2,non_calculator,1,8(a),1,sets and Venn diagrams
3739,0607_w17_qp_21.json,607,w,Oct/Nov,2017,2,non_calculator,1,8(b),1,sets and Venn diagrams
3740,0607_w17_qp_21.json,607,w,Oct/Nov,2017,2,non_calculator,1,8(c),1,sets and Venn diagrams
3741,0607_w17_qp_21.json,607,w,Oct/Nov,2017,2,non_calculator,1,9(a),2,circle theorems
3742,0607_w17_qp_21.json,607,w,Oct/Nov,2017,2,non_calculator,1,9(b),2,circle theorems
3743,0607_w17_qp_21.json,607,w,Oct/Nov,2017,2,non_calculator,1,10,3,variation and proportion
3744,0607_w17_qp_21.json,607,w,Oct/Nov,2017,2,non_calculator,1,11(a),2,expanding and factorising
3745,0607_w17_qp_21.json,607,w,Oct/Nov,2017,2,non_calculator,1,11(b),2,inequalities
3746,0607_w17_qp_21.json,607,w,Oct/Nov,2017,2,non_calculator,1,12,3,exponents and surds
3747,0607_w17_qp_21.json,607,w,Oct/Nov,2017,2,non_calculator,1,13,3,expanding and factorising
3748,0607_w17_qp_22.json,607,w,Oct/Nov,2017,2,non_calculator,2,1,2,angles
3749,0607_w17_qp_22.json,607,w,Oct/Nov,2017,2,non_calculator,2,2,2,mensuration
3750,0607_w17_qp_22.json,607,w,Oct/Nov,2017,2,non_calculator,2,3,1,topics in arithmetic
3751,0607_w17_qp_22.json,607,w,Oct/Nov,2017,2,non_calculator,2,4,1,functions
3752,0607_w17_qp_22.json,607,w,Oct/Nov,2017,2,non_calculator,2,5,3,Pythagoras
3753,0607_w17_qp_22.json,607,w,Oct/Nov,2017,2,non_calculator,2,6,3,solving quadratic equations
3754,0607_w17_qp_22.json,607,w,Oct/Nov,2017,2,non_calculator,2,7(a),2,topics in arithmetic
3755,0607_w17_qp_22.json,607,w,Oct/Nov,2017,2,non_calculator,2,7(b),2,topics in arithmetic
3756,0607_w17_qp_22.json,607,w,Oct/Nov,2017,2,non_calculator,2,8,2,exponents and surds
3757,0607_w17_qp_22.json,607,w,Oct/Nov,2017,2,non_calculator,2,9,1,exponents and surds
3758,0607_w17_qp_22.json,607,w,Oct/Nov,2017,2,non_calculator,2,10(a),1,circle theorems
3759,0607_w17_qp_22.json,607,w,Oct/Nov,2017,2,non_calculator,2,10(b),2,circle theorems
3760,0607_w17_qp_22.json,607,w,Oct/Nov,2017,2,non_calculator,2,11(a),2,exponents and surds
3761,0607_w17_qp_22.json,607,w,Oct/Nov,2017,2,non_calculator,2,11(b),2,exponents and surds
3762,0607_w17_qp_22.json,607,w,Oct/Nov,2017,2,non_calculator,2,12,3,variation and proportion
3763,0607_w17_qp_22.json,607,w,Oct/Nov,2017,2,non_calculator,2,13(a),2,exponents and surds
3764,0607_w17_qp_22.json,607,w,Oct/Nov,2017,2,non_calculator,2,13(b),2,exponents and surds
3765,0607_w17_qp_22.json,607,w,Oct/Nov,2017,2,non_calculator,2,14,3,expanding and factorising
3766,0607_w17_qp_22.json,607,w,Oct/Nov,2017,2,non_calculator,2,15(a),2,logarithms
3767,0607_w17_qp_22.json,607,w,Oct/Nov,2017,2,non_calculator,2,15(b),1,logarithms
3768,0607_w17_qp_22.json,607,w,Oct/Nov,2017,2,non_calculator,2,16,1,trigonometry
3769,0607_w17_qp_23.json,607,w,Oct/Nov,2017,2,non_calculator,3,1,1,topics in arithmetic
3770,0607_w17_qp_23.json,607,w,Oct/Nov,2017,2,non_calculator,3,2,2,vectors
3771,0607_w17_qp_23.json,607,w,Oct/Nov,2017,2,non_calculator,3,3,2,angles
3772,0607_w17_qp_23.json,607,w,Oct/Nov,2017,2,non_calculator,3,4,2,topics in arithmetic
3773,0607_w17_qp_23.json,607,w,Oct/Nov,2017,2,non_calculator,3,5,3,solving linear equations
3774,0607_w17_qp_23.json,607,w,Oct/Nov,2017,2,non_calculator,3,6(a),1,exponents and surds
3775,0607_w17_qp_23.json,607,w,Oct/Nov,2017,2,non_calculator,3,6(b),1,exponents and surds
3776,0607_w17_qp_23.json,607,w,Oct/Nov,2017,2,non_calculator,3,7,3,angles
3777,0607_w17_qp_23.json,607,w,Oct/Nov,2017,2,non_calculator,3,8,3,solving linear equations
3778,0607_w17_qp_23.json,607,w,Oct/Nov,2017,2,non_calculator,3,9,2,simultaneous equations
3779,0607_w17_qp_23.json,607,w,Oct/Nov,2017,2,non_calculator,3,10,3,solving quadratic equations
3780,0607_w17_qp_23.json,607,w,Oct/Nov,2017,2,non_calculator,3,11,2,exponents and surds
3781,0607_w17_qp_23.json,607,w,Oct/Nov,2017,2,non_calculator,3,12,2,mensuration
3782,0607_w17_qp_23.json,607,w,Oct/Nov,2017,2,non_calculator,3,13,4,straight lines
3783,0607_w17_qp_23.json,607,w,Oct/Nov,2017,2,non_calculator,3,14,3,solving linear equations
3784,0607_w17_qp_23.json,607,w,Oct/Nov,2017,2,non_calculator,3,15,3,expanding and factorising
3785,0607_w17_qp_23.json,607,w,Oct/Nov,2017,2,non_calculator,3,16,3,probability
3786,0607_w17_qp_41.json,607,w,Oct/Nov,2017,4,calculator,1,1(a)(i),1,statistics
3787,0607_w17_qp_41.json,607,w,Oct/Nov,2017,4,calculator,1,1(a)(ii),1,statistics
3788,0607_w17_qp_41.json,607,w,Oct/Nov,2017,4,calculator,1,1(a)(iii),1,statistics
3789,0607_w17_qp_41.json,607,w,Oct/Nov,2017,4,calculator,1,1(a)(iv),1,statistics
3790,0607_w17_qp_41.json,607,w,Oct/Nov,2017,4,calculator,1,1(a)(v),2,statistics
3791,0607_w17_qp_41.json,607,w,Oct/Nov,2017,4,calculator,1,1(b),1,statistics
3792,0607_w17_qp_41.json,607,w,Oct/Nov,2017,4,calculator,1,2(a),3,topics in arithmetic
3793,0607_w17_qp_41.json,607,w,Oct/Nov,2017,4,calculator,1,2(b),3,topics in arithmetic
3794,0607_w17_qp_41.json,607,w,Oct/Nov,2017,4,calculator,1,2(c),4,topics in arithmetic
3795,0607_w17_qp_41.json,607,w,Oct/Nov,2017,4,calculator,1,3(a),2,sequences
3796,0607_w17_qp_41.json,607,w,Oct/Nov,2017,4,calculator,1,3(b)(i),1,sequences
3797,0607_w17_qp_41.json,607,w,Oct/Nov,2017,4,calculator,1,3(b)(ii),2,sequences
3798,0607_w17_qp_41.json,607,w,Oct/Nov,2017,4,calculator,1,3(c),2,sequences
3799,0607_w17_qp_41.json,607,w,Oct/Nov,2017,4,calculator,1,4(a),2,statistics
3800,0607_w17_qp_41.json,607,w,Oct/Nov,2017,4,calculator,1,4(b),1,statistics
3801,0607_w17_qp_41.json,607,w,Oct/Nov,2017,4,calculator,1,4(c)(i),2,straight lines
3802,0607_w17_qp_41.json,607,w,Oct/Nov,2017,4,calculator,1,4(c)(ii),1,statistics
3803,0607_w17_qp_41.json,607,w,Oct/Nov,2017,4,calculator,1,4(c)(iii),1,statistics
3804,0607_w17_qp_41.json,607,w,Oct/Nov,2017,4,calculator,1,5(a),3,mensuration
3805,0607_w17_qp_41.json,607,w,Oct/Nov,2017,4,calculator,1,5(b),5,mensuration
3806,0607_w17_qp_41.json,607,w,Oct/Nov,2017,4,calculator,1,5(c),2,similarity
3807,0607_w17_qp_41.json,607,w,Oct/Nov,2017,4,calculator,1,6(a),2,transformations
3808,0607_w17_qp_41.json,607,w,Oct/Nov,2017,4,calculator,1,6(b),2,transformations
3809,0607_w17_qp_41.json,607,w,Oct/Nov,2017,4,calculator,1,6(c),3,transformations
3810,0607_w17_qp_41.json,607,w,Oct/Nov,2017,4,calculator,1,7(a),3,topics in arithmetic
3811,0607_w17_qp_41.json,607,w,Oct/Nov,2017,4,calculator,1,7(b)(i),4,topics in arithmetic
3812,0607_w17_qp_41.json,607,w,Oct/Nov,2017,4,calculator,1,7(b)(ii),2,topics in arithmetic
3813,0607_w17_qp_41.json,607,w,Oct/Nov,2017,4,calculator,1,8(a),3,angles
3814,0607_w17_qp_41.json,607,w,Oct/Nov,2017,4,calculator,1,8(b),3,trigonometry
3815,0607_w17_qp_41.json,607,w,Oct/Nov,2017,4,calculator,1,8(c),6,trigonometry
3816,0607_w17_qp_41.json,607,w,Oct/Nov,2017,4,calculator,1,8(d),2,trigonometry
3817,0607_w17_qp_41.json,607,w,Oct/Nov,2017,4,calculator,1,9(a),3,probability
3818,0607_w17_qp_41.json,607,w,Oct/Nov,2017,4,calculator,1,9(b)(i),2,probability
3819,0607_w17_qp_41.json,607,w,Oct/Nov,2017,4,calculator,1,9(b)(ii),3,probability
3820,0607_w17_qp_41.json,607,w,Oct/Nov,2017,4,calculator,1,10(a),1,solving linear equations
3821,0607_w17_qp_41.json,607,w,Oct/Nov,2017,4,calculator,1,10(b)(i),3,simultaneous equations
3822,0607_w17_qp_41.json,607,w,Oct/Nov,2017,4,calculator,1,10(b)(ii),5,solving quadratic equations
3823,0607_w17_qp_41.json,607,w,Oct/Nov,2017,4,calculator,1,11(a),3,graphing functions
3824,0607_w17_qp_41.json,607,w,Oct/Nov,2017,4,calculator,1,11(b),2,graphing functions
3825,0607_w17_qp_41.json,607,w,Oct/Nov,2017,4,calculator,1,11(c),2,graphing functions
3826,0607_w17_qp_41.json,607,w,Oct/Nov,2017,4,calculator,1,11(d)(i),3,functions
3827,0607_w17_qp_41.json,607,w,Oct/Nov,2017,4,calculator,1,11(d)(ii),3,inequalities
3828,0607_w17_qp_41.json,607,w,Oct/Nov,2017,4,calculator,1,12(a),2,solving linear equations
3829,0607_w17_qp_41.json,607,w,Oct/Nov,2017,4,calculator,1,12(b),2,functions
3830,0607_w17_qp_41.json,607,w,Oct/Nov,2017,4,calculator,1,12(c),2,solving linear equations
3831,0607_w17_qp_41.json,607,w,Oct/Nov,2017,4,calculator,1,12(d)(i),1,functions
3832,0607_w17_qp_41.json,607,w,Oct/Nov,2017,4,calculator,1,12(d)(ii),3,functions
3833,0607_w17_qp_41.json,607,w,Oct/Nov,2017,4,calculator,1,12(d)(iii),3,functions
3834,0607_w17_qp_41.json,607,w,Oct/Nov,2017,4,calculator,1,13(a)(i),1,vectors
3835,0607_w17_qp_41.json,607,w,Oct/Nov,2017,4,calculator,1,13(a)(ii),2,vectors
3836,0607_w17_qp_41.json,607,w,Oct/Nov,2017,4,calculator,1,13(a)(iii),2,vectors
3837,0607_w17_qp_41.json,607,w,Oct/Nov,2017,4,calculator,1,13(b),1,vectors
3838,0607_w17_qp_42.json,607,w,Oct/Nov,2017,4,calculator,2,1(a)(i),2,sequences
3839,0607_w17_qp_42.json,607,w,Oct/Nov,2017,4,calculator,2,1(a)(ii),2,sequences
3840,0607_w17_qp_42.json,607,w,Oct/Nov,2017,4,calculator,2,1(b)(i),2,sequences
3841,0607_w17_qp_42.json,607,w,Oct/Nov,2017,4,calculator,2,1(b)(ii),2,sequences
3842,0607_w17_qp_42.json,607,w,Oct/Nov,2017,4,calculator,2,2(a)(i),2,topics in arithmetic
3843,0607_w17_qp_42.json,607,w,Oct/Nov,2017,4,calculator,2,2(a)(ii),2,topics in arithmetic
3844,0607_w17_qp_42.json,607,w,Oct/Nov,2017,4,calculator,2,2(b),3,topics in arithmetic
3845,0607_w17_qp_42.json,607,w,Oct/Nov,2017,4,calculator,2,2(c),2,topics in arithmetic
3846,0607_w17_qp_42.json,607,w,Oct/Nov,2017,4,calculator,2,3(a)(i),2,transformations
3847,0607_w17_qp_42.json,607,w,Oct/Nov,2017,4,calculator,2,3(a)(ii),2,transformations
3848,0607_w17_qp_42.json,607,w,Oct/Nov,2017,4,calculator,2,3(a)(iii),2,transformations
3849,0607_w17_qp_42.json,607,w,Oct/Nov,2017,4,calculator,2,3(b),3,transformations
3850,0607_w17_qp_42.json,607,w,Oct/Nov,2017,4,calculator,2,3(c),2,transformations
3851,0607_w17_qp_42.json,607,w,Oct/Nov,2017,4,calculator,2,4(a),3,graphing functions
3852,0607_w17_qp_42.json,607,w,Oct/Nov,2017,4,calculator,2,4(b),2,graphing functions
3853,0607_w17_qp_42.json,607,w,Oct/Nov,2017,4,calculator,2,4(c),1,graphing functions
3854,0607_w17_qp_42.json,607,w,Oct/Nov,2017,4,calculator,2,4(d)(i),2,graphing functions
3855,0607_w17_qp_42.json,607,w,Oct/Nov,2017,4,calculator,2,4(d)(ii),1,graphing functions
3856,0607_w17_qp_42.json,607,w,Oct/Nov,2017,4,calculator,2,4(e),2,graphing functions
3857,0607_w17_qp_42.json,607,w,Oct/Nov,2017,4,calculator,2,5(a),4,topics in arithmetic
3858,0607_w17_qp_42.json,607,w,Oct/Nov,2017,4,calculator,2,5(b),3,topics in arithmetic
3859,0607_w17_qp_42.json,607,w,Oct/Nov,2017,4,calculator,2,6(a)(i),1,statistics
3860,0607_w17_qp_42.json,607,w,Oct/Nov,2017,4,calculator,2,6(a)(ii),4,statistics
3861,0607_w17_qp_42.json,607,w,Oct/Nov,2017,4,calculator,2,6(a)(iii)(a),1,statistics
3862,0607_w17_qp_42.json,607,w,Oct/Nov,2017,4,calculator,2,6(a)(iii)(b),2,statistics
3863,0607_w17_qp_42.json,607,w,Oct/Nov,2017,4,calculator,2,6(b)(i),2,statistics
3864,0607_w17_qp_42.json,607,w,Oct/Nov,2017,4,calculator,2,6(b)(ii),2,statistics
3865,0607_w17_qp_42.json,607,w,Oct/Nov,2017,4,calculator,2,6(b)(iii),3,statistics
3866,0607_w17_qp_42.json,607,w,Oct/Nov,2017,4,calculator,2,7(a),3,solving linear equations
3867,0607_w17_qp_42.json,607,w,Oct/Nov,2017,4,calculator,2,7(b)(i),3,expanding and factorising
3868,0607_w17_qp_42.json,607,w,Oct/Nov,2017,4,calculator,2,7(b)(ii),2,graphing functions
3869,0607_w17_qp_42.json,607,w,Oct/Nov,2017,4,calculator,2,7(b)(iii),2,mensuration
3870,0607_w17_qp_42.json,607,w,Oct/Nov,2017,4,calculator,2,8(a)(i),1,probability
3871,0607_w17_qp_42.json,607,w,Oct/Nov,2017,4,calculator,2,8(a)(ii),1,probability
3872,0607_w17_qp_42.json,607,w,Oct/Nov,2017,4,calculator,2,8(a)(iii),1,probability
3873,0607_w17_qp_42.json,607,w,Oct/Nov,2017,4,calculator,2,8(b)(i),2,probability
3874,0607_w17_qp_42.json,607,w,Oct/Nov,2017,4,calculator,2,8(b)(ii),3,probability
3875,0607_w17_qp_42.json,607,w,Oct/Nov,2017,4,calculator,2,8(c),2,probability
3876,0607_w17_qp_42.json,607,w,Oct/Nov,2017,4,calculator,2,9(a)(i),3,straight lines
3877,0607_w17_qp_42.json,607,w,Oct/Nov,2017,4,calculator,2,9(a)(ii),2,straight lines
3878,0607_w17_qp_42.json,607,w,Oct/Nov,2017,4,calculator,2,9(b)(i),3,solving quadratic equations
3879,0607_w17_qp_42.json,607,w,Oct/Nov,2017,4,calculator,2,9(b)(ii),2,inequalities
3880,0607_w17_qp_42.json,607,w,Oct/Nov,2017,4,calculator,2,9(c),3,graphing functions
3881,0607_w17_qp_42.json,607,w,Oct/Nov,2017,4,calculator,2,10(a)(i),1,trigonometry
3882,0607_w17_qp_42.json,607,w,Oct/Nov,2017,4,calculator,2,10(a)(ii),2,trigonometry
3883,0607_w17_qp_42.json,607,w,Oct/Nov,2017,4,calculator,2,10(b),3,trigonometry
3884,0607_w17_qp_42.json,607,w,Oct/Nov,2017,4,calculator,2,10(c),3,trigonometry
3885,0607_w17_qp_42.json,607,w,Oct/Nov,2017,4,calculator,2,10(d)(i),4,mensuration
3886,0607_w17_qp_42.json,607,w,Oct/Nov,2017,4,calculator,2,10(d)(ii),3,mensuration
3887,0607_w17_qp_42.json,607,w,Oct/Nov,2017,4,calculator,2,11(a)(i),1,functions
3888,0607_w17_qp_42.json,607,w,Oct/Nov,2017,4,calculator,2,11(a)(ii),1,functions
3889,0607_w17_qp_42.json,607,w,Oct/Nov,2017,4,calculator,2,11(b),2,functions
3890,0607_w17_qp_42.json,607,w,Oct/Nov,2017,4,calculator,2,11(c),3,functions
3891,0607_w17_qp_42.json,607,w,Oct/Nov,2017,4,calculator,2,11(d),2,transformations
3892,0607_w17_qp_42.json,607,w,Oct/Nov,2017,4,calculator,2,11(e),1,logarithms
3893,0607_w17_qp_43.json,607,w,Oct/Nov,2017,4,calculator,3,1(a)(i),1,functions
3894,0607_w17_qp_43.json,607,w,Oct/Nov,2017,4,calculator,3,1(a)(ii),1,functions
3895,0607_w17_qp_43.json,607,w,Oct/Nov,2017,4,calculator,3,1(b),2,functions
3896,0607_w17_qp_43.json,607,w,Oct/Nov,2017,4,calculator,3,1(c),3,functions
3897,0607_w17_qp_43.json,607,w,Oct/Nov,2017,4,calculator,3,1(d),2,functions
3898,0607_w17_qp_43.json,607,w,Oct/Nov,2017,4,calculator,3,2(a),5,topics in arithmetic
3899,0607_w17_qp_43.json,607,w,Oct/Nov,2017,4,calculator,3,2(b)(i),2,topics in arithmetic
3900,0607_w17_qp_43.json,607,w,Oct/Nov,2017,4,calculator,3,2(b)(ii),3,topics in arithmetic
3901,0607_w17_qp_43.json,607,w,Oct/Nov,2017,4,calculator,3,2(c)(i),2,topics in arithmetic
3902,0607_w17_qp_43.json,607,w,Oct/Nov,2017,4,calculator,3,2(c)(ii),3,topics in arithmetic
3903,0607_w17_qp_43.json,607,w,Oct/Nov,2017,4,calculator,3,3(a)(i),2,statistics
3904,0607_w17_qp_43.json,607,w,Oct/Nov,2017,4,calculator,3,3(a)(ii),1,statistics
3905,0607_w17_qp_43.json,607,w,Oct/Nov,2017,4,calculator,3,3(b)(i),1,statistics
3906,0607_w17_qp_43.json,607,w,Oct/Nov,2017,4,calculator,3,3(b)(ii),1,statistics
3907,0607_w17_qp_43.json,607,w,Oct/Nov,2017,4,calculator,3,3(c)(i),2,statistics
3908,0607_w17_qp_43.json,607,w,Oct/Nov,2017,4,calculator,3,3(c)(ii),1,statistics
3909,0607_w17_qp_43.json,607,w,Oct/Nov,2017,4,calculator,3,4(a),3,statistics
3910,0607_w17_qp_43.json,607,w,Oct/Nov,2017,4,calculator,3,4(b),3,probability
3911,0607_w17_qp_43.json,607,w,Oct/Nov,2017,4,calculator,3,4(c)(i),2,statistics
3912,0607_w17_qp_43.json,607,w,Oct/Nov,2017,4,calculator,3,4(c)(ii),4,statistics
3913,0607_w17_qp_43.json,607,w,Oct/Nov,2017,4,calculator,3,5(a)(i),1,vectors
3914,0607_w17_qp_43.json,607,w,Oct/Nov,2017,4,calculator,3,5(a)(ii),2,vectors
3915,0607_w17_qp_43.json,607,w,Oct/Nov,2017,4,calculator,3,5(a)(iii),1,vectors
3916,0607_w17_qp_43.json,607,w,Oct/Nov,2017,4,calculator,3,5(a)(iv),2,vectors
3917,0607_w17_qp_43.json,607,w,Oct/Nov,2017,4,calculator,3,5(b)(i),2,similarity
3918,0607_w17_qp_43.json,607,w,Oct/Nov,2017,4,calculator,3,5(b)(ii),3,similarity
3919,0607_w17_qp_43.json,607,w,Oct/Nov,2017,4,calculator,3,6(a),3,mensuration
3920,0607_w17_qp_43.json,607,w,Oct/Nov,2017,4,calculator,3,6(b),2,Pythagoras
3921,0607_w17_qp_43.json,607,w,Oct/Nov,2017,4,calculator,3,6(c),3,Pythagoras
3922,0607_w17_qp_43.json,607,w,Oct/Nov,2017,4,calculator,3,6(d),2,trigonometry
3923,0607_w17_qp_43.json,607,w,Oct/Nov,2017,4,calculator,3,6(e)(i),3,Pythagoras
3924,0607_w17_qp_43.json,607,w,Oct/Nov,2017,4,calculator,3,6(e)(ii),2,trigonometry
3925,0607_w17_qp_43.json,607,w,Oct/Nov,2017,4,calculator,3,6(f),3,similarity
3926,0607_w17_qp_43.json,607,w,Oct/Nov,2017,4,calculator,3,7(a),3,mensuration
3927,0607_w17_qp_43.json,607,w,Oct/Nov,2017,4,calculator,3,7(b),5,mensuration
3928,0607_w17_qp_43.json,607,w,Oct/Nov,2017,4,calculator,3,8(a),2,transformations
3929,0607_w17_qp_43.json,607,w,Oct/Nov,2017,4,calculator,3,8(b),2,transformations
3930,0607_w17_qp_43.json,607,w,Oct/Nov,2017,4,calculator,3,8(c),2,transformations
3931,0607_w17_qp_43.json,607,w,Oct/Nov,2017,4,calculator,3,9(a)(i),2,graphing functions
3932,0607_w17_qp_43.json,607,w,Oct/Nov,2017,4,calculator,3,9(a)(ii),2,graphing functions
3933,0607_w17_qp_43.json,607,w,Oct/Nov,2017,4,calculator,3,9(a)(iii),1,solving quadratic equations
3934,0607_w17_qp_43.json,607,w,Oct/Nov,2017,4,calculator,3,9(b)(i),2,graphing functions
3935,0607_w17_qp_43.json,607,w,Oct/Nov,2017,4,calculator,3,9(b)(ii),2,graphing functions
3936,0607_w17_qp_43.json,607,w,Oct/Nov,2017,4,calculator,3,9(b)(iii),2,graphing functions
3937,0607_w17_qp_43.json,607,w,Oct/Nov,2017,4,calculator,3,9(b)(iv),2,graphing functions
3938,0607_w17_qp_43.json,607,w,Oct/Nov,2017,4,calculator,3,10(a),4,solving quadratic equations
3939,0607_w17_qp_43.json,607,w,Oct/Nov,2017,4,calculator,3,10(b),2,inequalities
3940,0607_w17_qp_43.json,607,w,Oct/Nov,2017,4,calculator,3,10(c),4,inequalities
3941,0607_w17_qp_43.json,607,w,Oct/Nov,2017,4,calculator,3,11(a),4,simultaneous equations
3942,0607_w17_qp_43.json,607,w,Oct/Nov,2017,4,calculator,3,11(b),2,simultaneous equations
3943,0607_w17_qp_43.json,607,w,Oct/Nov,2017,4,calculator,3,11(c)(i),3,simultaneous equations
3944,0607_w17_qp_43.json,607,w,Oct/Nov,2017,4,calculator,3,11(c)(ii),1,exponents and surds
3945,0607_w18_qp_21.json,607,w,Oct/Nov,2018,2,non_calculator,1,1,1,topics in arithmetic
3946,0607_w18_qp_21.json,607,w,Oct/Nov,2018,2,non_calculator,1,2,1,angles
3947,0607_w18_qp_21.json,607,w,Oct/Nov,2018,2,non_calculator,1,3,2,probability
3948,0607_w18_qp_21.json,607,w,Oct/Nov,2018,2,non_calculator,1,4,1,exponents and surds
3949,0607_w18_qp_21.json,607,w,Oct/Nov,2018,2,non_calculator,1,5,2,solving linear equations
3950,0607_w18_qp_21.json,607,w,Oct/Nov,2018,2,non_calculator,1,6,2,topics in arithmetic
3951,0607_w18_qp_21.json,607,w,Oct/Nov,2018,2,non_calculator,1,7,2,angles
3952,0607_w18_qp_21.json,607,w,Oct/Nov,2018,2,non_calculator,1,8,2,Pythagoras
3953,0607_w18_qp_21.json,607,w,Oct/Nov,2018,2,non_calculator,1,9,2,exponents and surds
3954,0607_w18_qp_21.json,607,w,Oct/Nov,2018,2,non_calculator,1,10,2,inequalities
3955,0607_w18_qp_21.json,607,w,Oct/Nov,2018,2,non_calculator,1,11,2,exponents and surds
3956,0607_w18_qp_21.json,607,w,Oct/Nov,2018,2,non_calculator,1,12,3,sequences
3957,0607_w18_qp_21.json,607,w,Oct/Nov,2018,2,non_calculator,1,13,2,angles
3958,0607_w18_qp_21.json,607,w,Oct/Nov,2018,2,non_calculator,1,14,4,simultaneous equations
3959,0607_w18_qp_21.json,607,w,Oct/Nov,2018,2,non_calculator,1,15,2,expanding and factorising
3960,0607_w18_qp_21.json,607,w,Oct/Nov,2018,2,non_calculator,1,16,3,probability
3961,0607_w18_qp_21.json,607,w,Oct/Nov,2018,2,non_calculator,1,17,3,exponents and surds
3962,0607_w18_qp_21.json,607,w,Oct/Nov,2018,2,non_calculator,1,18,4,mensuration
3963,0607_w18_qp_22.json,607,w,Oct/Nov,2018,2,non_calculator,2,1(a),1,topics in arithmetic
3964,0607_w18_qp_22.json,607,w,Oct/Nov,2018,2,non_calculator,2,1(b),1,topics in arithmetic
3965,0607_w18_qp_22.json,607,w,Oct/Nov,2018,2,non_calculator,2,2,2,exponents and surds
3966,0607_w18_qp_22.json,607,w,Oct/Nov,2018,2,non_calculator,2,3,1,transformations
3967,0607_w18_qp_22.json,607,w,Oct/Nov,2018,2,non_calculator,2,4(a),1,vectors
3968,0607_w18_qp_22.json,607,w,Oct/Nov,2018,2,non_calculator,2,4(b),2,vectors
3969,0607_w18_qp_22.json,607,w,Oct/Nov,2018,2,non_calculator,2,5(a),1,functions
3970,0607_w18_qp_22.json,607,w,Oct/Nov,2018,2,non_calculator,2,5(b),1,functions
3971,0607_w18_qp_22.json,607,w,Oct/Nov,2018,2,non_calculator,2,6,3,inequalities
3972,0607_w18_qp_22.json,607,w,Oct/Nov,2018,2,non_calculator,2,7(a),1,expanding and factorising
3973,0607_w18_qp_22.json,607,w,Oct/Nov,2018,2,non_calculator,2,7(b),2,expanding and factorising
3974,0607_w18_qp_22.json,607,w,Oct/Nov,2018,2,non_calculator,2,8(a),1,exponents and surds
3975,0607_w18_qp_22.json,607,w,Oct/Nov,2018,2,non_calculator,2,8(b),1,exponents and surds
3976,0607_w18_qp_22.json,607,w,Oct/Nov,2018,2,non_calculator,2,9,3,statistics
3977,0607_w18_qp_22.json,607,w,Oct/Nov,2018,2,non_calculator,2,10,3,solving linear equations
3978,0607_w18_qp_22.json,607,w,Oct/Nov,2018,2,non_calculator,2,11,4,graphing functions
3979,0607_w18_qp_22.json,607,w,Oct/Nov,2018,2,non_calculator,2,12(a),2,circle theorems
3980,0607_w18_qp_22.json,607,w,Oct/Nov,2018,2,non_calculator,2,12(b),1,circle theorems
3981,0607_w18_qp_22.json,607,w,Oct/Nov,2018,2,non_calculator,2,12(c),2,circle theorems
3982,0607_w18_qp_22.json,607,w,Oct/Nov,2018,2,non_calculator,2,13,3,exponents and surds
3983,0607_w18_qp_22.json,607,w,Oct/Nov,2018,2,non_calculator,2,14(a),1,logarithms
3984,0607_w18_qp_22.json,607,w,Oct/Nov,2018,2,non_calculator,2,14(b),1,logarithms
3985,0607_w18_qp_22.json,607,w,Oct/Nov,2018,2,non_calculator,2,15(a),1,trigonometry
3986,0607_w18_qp_22.json,607,w,Oct/Nov,2018,2,non_calculator,2,15(b),1,trigonometry
3987,0607_w18_qp_23.json,607,w,Oct/Nov,2018,2,non_calculator,3,1(a),2,straight lines
3988,0607_w18_qp_23.json,607,w,Oct/Nov,2018,2,non_calculator,3,1(b),2,straight lines
3989,0607_w18_qp_23.json,607,w,Oct/Nov,2018,2,non_calculator,3,2,2,solving linear equations
3990,0607_w18_qp_23.json,607,w,Oct/Nov,2018,2,non_calculator,3,3,1,inequalities
3991,0607_w18_qp_23.json,607,w,Oct/Nov,2018,2,non_calculator,3,4(a),1,topics in arithmetic
3992,0607_w18_qp_23.json,607,w,Oct/Nov,2018,2,non_calculator,3,4(b),2,topics in arithmetic
3993,0607_w18_qp_23.json,607,w,Oct/Nov,2018,2,non_calculator,3,5,2,topics in arithmetic
3994,0607_w18_qp_23.json,607,w,Oct/Nov,2018,2,non_calculator,3,6(a),1,exponents and surds
3995,0607_w18_qp_23.json,607,w,Oct/Nov,2018,2,non_calculator,3,6(b),2,exponents and surds
3996,0607_w18_qp_23.json,607,w,Oct/Nov,2018,2,non_calculator,3,7,2,simultaneous equations
3997,0607_w18_qp_23.json,607,w,Oct/Nov,2018,2,non_calculator,3,8(a),2,exponents and surds
3998,0607_w18_qp_23.json,607,w,Oct/Nov,2018,2,non_calculator,3,8(b),2,exponents and surds
3999,0607_w18_qp_23.json,607,w,Oct/Nov,2018,2,non_calculator,3,9(a),1,transformations
4000,0607_w18_qp_23.json,607,w,Oct/Nov,2018,2,non_calculator,3,9(b),1,transformations
4001,0607_w18_qp_23.json,607,w,Oct/Nov,2018,2,non_calculator,3,10,2,mensuration
4002,0607_w18_qp_23.json,607,w,Oct/Nov,2018,2,non_calculator,3,11(a),2,circle theorems
4003,0607_w18_qp_23.json,607,w,Oct/Nov,2018,2,non_calculator,3,11(b),2,circle theorems
4004,0607_w18_qp_23.json,607,w,Oct/Nov,2018,2,non_calculator,3,12,2,trigonometry
4005,0607_w18_qp_23.json,607,w,Oct/Nov,2018,2,non_calculator,3,13,3,straight lines
4006,0607_w18_qp_23.json,607,w,Oct/Nov,2018,2,non_calculator,3,14,3,similarity
4007,0607_w18_qp_23.json,607,w,Oct/Nov,2018,2,non_calculator,3,15,3,expanding and factorising
4008,0607_w18_qp_41.json,607,w,Oct/Nov,2018,4,calculator,1,1(a)(i),1,solving linear equations
4009,0607_w18_qp_41.json,607,w,Oct/Nov,2018,4,calculator,1,1(a)(ii),2,solving linear equations
4010,0607_w18_qp_41.json,607,w,Oct/Nov,2018,4,calculator,1,1(a)(iii),2,solving linear equations
4011,0607_w18_qp_41.json,607,w,Oct/Nov,2018,4,calculator,1,1(b)(i),3,solving quadratic equations
4012,0607_w18_qp_41.json,607,w,Oct/Nov,2018,4,calculator,1,1(b)(ii),3,trigonometry
4013,0607_w18_qp_41.json,607,w,Oct/Nov,2018,4,calculator,1,2(a),1,statistics
4014,0607_w18_qp_41.json,607,w,Oct/Nov,2018,4,calculator,1,2(b),1,statistics
4015,0607_w18_qp_41.json,607,w,Oct/Nov,2018,4,calculator,1,2(c),1,statistics
4016,0607_w18_qp_41.json,607,w,Oct/Nov,2018,4,calculator,1,2(d),2,statistics
4017,0607_w18_qp_41.json,607,w,Oct/Nov,2018,4,calculator,1,2(e),2,statistics
4018,0607_w18_qp_41.json,607,w,Oct/Nov,2018,4,calculator,1,2(f),1,statistics
4019,0607_w18_qp_41.json,607,w,Oct/Nov,2018,4,calculator,1,2(g),3,probability
4020,0607_w18_qp_41.json,607,w,Oct/Nov,2018,4,calculator,1,3(a),3,graphing functions
4021,0607_w18_qp_41.json,607,w,Oct/Nov,2018,4,calculator,1,3(b),2,graphing functions
4022,0607_w18_qp_41.json,607,w,Oct/Nov,2018,4,calculator,1,3(c),1,graphing functions
4023,0607_w18_qp_41.json,607,w,Oct/Nov,2018,4,calculator,1,3(d),3,graphing functions
4024,0607_w18_qp_41.json,607,w,Oct/Nov,2018,4,calculator,1,4(a)(i),1,straight lines
4025,0607_w18_qp_41.json,607,w,Oct/Nov,2018,4,calculator,1,4(a)(ii),1,straight lines
4026,0607_w18_qp_41.json,607,w,Oct/Nov,2018,4,calculator,1,4(a)(iii),2,straight lines
4027,0607_w18_qp_41.json,607,w,Oct/Nov,2018,4,calculator,1,4(b),2,straight lines
4028,0607_w18_qp_41.json,607,w,Oct/Nov,2018,4,calculator,1,4(c),3,straight lines
4029,0607_w18_qp_41.json,607,w,Oct/Nov,2018,4,calculator,1,4(d)(i),1,straight lines
4030,0607_w18_qp_41.json,607,w,Oct/Nov,2018,4,calculator,1,4(d)(ii),3,straight lines
4031,0607_w18_qp_41.json,607,w,Oct/Nov,2018,4,calculator,1,5(a)(i),2,topics in arithmetic
4032,0607_w18_qp_41.json,607,w,Oct/Nov,2018,4,calculator,1,5(a)(ii),3,topics in arithmetic
4033,0607_w18_qp_41.json,607,w,Oct/Nov,2018,4,calculator,1,5(a)(iii),3,topics in arithmetic
4034,0607_w18_qp_41.json,607,w,Oct/Nov,2018,4,calculator,1,5(b),4,topics in arithmetic
4035,0607_w18_qp_41.json,607,w,Oct/Nov,2018,4,calculator,1,5(c)(i),3,topics in arithmetic
4036,0607_w18_qp_41.json,607,w,Oct/Nov,2018,4,calculator,1,5(c)(ii),3,topics in arithmetic
4037,0607_w18_qp_41.json,607,w,Oct/Nov,2018,4,calculator,1,5(d),4,topics in arithmetic
4038,0607_w18_qp_41.json,607,w,Oct/Nov,2018,4,calculator,1,6(a),2,transformations
4039,0607_w18_qp_41.json,607,w,Oct/Nov,2018,4,calculator,1,6(b),2,transformations
4040,0607_w18_qp_41.json,607,w,Oct/Nov,2018,4,calculator,1,6(c),2,transformations
4041,0607_w18_qp_41.json,607,w,Oct/Nov,2018,4,calculator,1,6(d),2,transformations
4042,0607_w18_qp_41.json,607,w,Oct/Nov,2018,4,calculator,1,7(a)(i),2,sequences
4043,0607_w18_qp_41.json,607,w,Oct/Nov,2018,4,calculator,1,7(a)(ii),2,sequences
4044,0607_w18_qp_41.json,607,w,Oct/Nov,2018,4,calculator,1,7(b),2,sequences
4045,0607_w18_qp_41.json,607,w,Oct/Nov,2018,4,calculator,1,7(c),2,sequences
4046,0607_w18_qp_41.json,607,w,Oct/Nov,2018,4,calculator,1,7(d)(i),2,sequences
4047,0607_w18_qp_41.json,607,w,Oct/Nov,2018,4,calculator,1,7(d)(ii),1,sequences
4048,0607_w18_qp_41.json,607,w,Oct/Nov,2018,4,calculator,1,8(a),2,circle theorems
4049,0607_w18_qp_41.json,607,w,Oct/Nov,2018,4,calculator,1,8(b),4,circle theorems
4050,0607_w18_qp_41.json,607,w,Oct/Nov,2018,4,calculator,1,9(a),2,graphing functions
4051,0607_w18_qp_41.json,607,w,Oct/Nov,2018,4,calculator,1,9(b),2,graphing functions
4052,0607_w18_qp_41.json,607,w,Oct/Nov,2018,4,calculator,1,9(c),2,graphing functions
4053,0607_w18_qp_41.json,607,w,Oct/Nov,2018,4,calculator,1,9(d),2,inequalities
4054,0607_w18_qp_41.json,607,w,Oct/Nov,2018,4,calculator,1,10(a)(i),1,vectors
4055,0607_w18_qp_41.json,607,w,Oct/Nov,2018,4,calculator,1,10(a)(ii),1,vectors
4056,0607_w18_qp_41.json,607,w,Oct/Nov,2018,4,calculator,1,10(a)(iii),2,vectors
4057,0607_w18_qp_41.json,607,w,Oct/Nov,2018,4,calculator,1,10(b),1,vectors
4058,0607_w18_qp_41.json,607,w,Oct/Nov,2018,4,calculator,1,10(c),2,similarity
4059,0607_w18_qp_41.json,607,w,Oct/Nov,2018,4,calculator,1,10(d)(i),2,vectors
4060,0607_w18_qp_41.json,607,w,Oct/Nov,2018,4,calculator,1,10(d)(ii),2,vectors
4061,0607_w18_qp_41.json,607,w,Oct/Nov,2018,4,calculator,1,10(e),2,similarity
4062,0607_w18_qp_41.json,607,w,Oct/Nov,2018,4,calculator,1,11(a),2,trigonometry
4063,0607_w18_qp_41.json,607,w,Oct/Nov,2018,4,calculator,1,11(b),3,trigonometry
4064,0607_w18_qp_41.json,607,w,Oct/Nov,2018,4,calculator,1,11(c),3,trigonometry
4065,0607_w18_qp_42.json,607,w,Oct/Nov,2018,4,calculator,2,1(a),3,topics in arithmetic
4066,0607_w18_qp_42.json,607,w,Oct/Nov,2018,4,calculator,2,1(b)(i),3,topics in arithmetic
4067,0607_w18_qp_42.json,607,w,Oct/Nov,2018,4,calculator,2,1(b)(ii),4,topics in arithmetic
4068,0607_w18_qp_42.json,607,w,Oct/Nov,2018,4,calculator,2,2(a)(i),1,statistics
4069,0607_w18_qp_42.json,607,w,Oct/Nov,2018,4,calculator,2,2(a)(ii),1,statistics
4070,0607_w18_qp_42.json,607,w,Oct/Nov,2018,4,calculator,2,2(a)(iii),1,statistics
4071,0607_w18_qp_42.json,607,w,Oct/Nov,2018,4,calculator,2,2(a)(iv),1,statistics
4072,0607_w18_qp_42.json,607,w,Oct/Nov,2018,4,calculator,2,2(a)(v),2,statistics
4073,0607_w18_qp_42.json,607,w,Oct/Nov,2018,4,calculator,2,2(b),1,probability
4074,0607_w18_qp_42.json,607,w,Oct/Nov,2018,4,calculator,2,3(a),2,transformations
4075,0607_w18_qp_42.json,607,w,Oct/Nov,2018,4,calculator,2,3(b),3,transformations
4076,0607_w18_qp_42.json,607,w,Oct/Nov,2018,4,calculator,2,3(c),3,transformations
4077,0607_w18_qp_42.json,607,w,Oct/Nov,2018,4,calculator,2,4(a)(i),2,variation and proportion
4078,0607_w18_qp_42.json,607,w,Oct/Nov,2018,4,calculator,2,4(a)(ii),1,variation and proportion
4079,0607_w18_qp_42.json,607,w,Oct/Nov,2018,4,calculator,2,4(a)(iii),2,variation and proportion
4080,0607_w18_qp_42.json,607,w,Oct/Nov,2018,4,calculator,2,4(b),2,variation and proportion
4081,0607_w18_qp_42.json,607,w,Oct/Nov,2018,4,calculator,2,5(a),2,graphing functions
4082,0607_w18_qp_42.json,607,w,Oct/Nov,2018,4,calculator,2,5(b),2,graphing functions
4083,0607_w18_qp_42.json,607,w,Oct/Nov,2018,4,calculator,2,5(c)(i),1,graphing functions
4084,0607_w18_qp_42.json,607,w,Oct/Nov,2018,4,calculator,2,5(c)(ii),1,graphing functions
4085,0607_w18_qp_42.json,607,w,Oct/Nov,2018,4,calculator,2,5(d),3,graphing functions
4086,0607_w18_qp_42.json,607,w,Oct/Nov,2018,4,calculator,2,6(a),4,trigonometry
4087,0607_w18_qp_42.json,607,w,Oct/Nov,2018,4,calculator,2,6(b)(i),3,mensuration
4088,0607_w18_qp_42.json,607,w,Oct/Nov,2018,4,calculator,2,6(b)(ii),3,mensuration
4089,0607_w18_qp_42.json,607,w,Oct/Nov,2018,4,calculator,2,7(a),4,topics in arithmetic
4090,0607_w18_qp_42.json,607,w,Oct/Nov,2018,4,calculator,2,7(b)(i),2,topics in arithmetic
4091,0607_w18_qp_42.json,607,w,Oct/Nov,2018,4,calculator,2,7(b)(ii),2,topics in arithmetic
4092,0607_w18_qp_42.json,607,w,Oct/Nov,2018,4,calculator,2,8(a),1,sets and Venn diagrams
4093,0607_w18_qp_42.json,607,w,Oct/Nov,2018,4,calculator,2,8(b)(i),2,sets and Venn diagrams
4094,0607_w18_qp_42.json,607,w,Oct/Nov,2018,4,calculator,2,8(b)(ii),3,sets and Venn diagrams
4095,0607_w18_qp_42.json,607,w,Oct/Nov,2018,4,calculator,2,8(c),3,probability
4096,0607_w18_qp_42.json,607,w,Oct/Nov,2018,4,calculator,2,9(a),4,statistics
4097,0607_w18_qp_42.json,607,w,Oct/Nov,2018,4,calculator,2,9(b)(i),1,statistics
4098,0607_w18_qp_42.json,607,w,Oct/Nov,2018,4,calculator,2,9(b)(ii),2,statistics
4099,0607_w18_qp_42.json,607,w,Oct/Nov,2018,4,calculator,2,9(b)(iii),2,statistics
4100,0607_w18_qp_42.json,607,w,Oct/Nov,2018,4,calculator,2,9(c),3,statistics
4101,0607_w18_qp_42.json,607,w,Oct/Nov,2018,4,calculator,2,10(a),4,trigonometry
4102,0607_w18_qp_42.json,607,w,Oct/Nov,2018,4,calculator,2,10(b),4,trigonometry
4103,0607_w18_qp_42.json,607,w,Oct/Nov,2018,4,calculator,2,11(a),3,mensuration
4104,0607_w18_qp_42.json,607,w,Oct/Nov,2018,4,calculator,2,11(b),4,mensuration
4105,0607_w18_qp_42.json,607,w,Oct/Nov,2018,4,calculator,2,12(a),3,graphing functions
4106,0607_w18_qp_42.json,607,w,Oct/Nov,2018,4,calculator,2,12(b),2,graphing functions
4107,0607_w18_qp_42.json,607,w,Oct/Nov,2018,4,calculator,2,12(c)(i),2,functions
4108,0607_w18_qp_42.json,607,w,Oct/Nov,2018,4,calculator,2,12(c)(ii),3,functions
4109,0607_w18_qp_42.json,607,w,Oct/Nov,2018,4,calculator,2,13(a)(i),1,vectors
4110,0607_w18_qp_42.json,607,w,Oct/Nov,2018,4,calculator,2,13(a)(ii),2,vectors
4111,0607_w18_qp_42.json,607,w,Oct/Nov,2018,4,calculator,2,13(b)(i),2,vectors
4112,0607_w18_qp_42.json,607,w,Oct/Nov,2018,4,calculator,2,13(b)(ii),1,vectors
4113,0607_w18_qp_42.json,607,w,Oct/Nov,2018,4,calculator,2,14(a),3,Pythagoras
4114,0607_w18_qp_42.json,607,w,Oct/Nov,2018,4,calculator,2,14(b),2,straight lines
4115,0607_w18_qp_42.json,607,w,Oct/Nov,2018,4,calculator,2,14(c),4,straight lines
4116,0607_w18_qp_43.json,607,w,Oct/Nov,2018,4,calculator,3,1(a)(i),2,topics in arithmetic
4117,0607_w18_qp_43.json,607,w,Oct/Nov,2018,4,calculator,3,1(a)(ii),2,topics in arithmetic
4118,0607_w18_qp_43.json,607,w,Oct/Nov,2018,4,calculator,3,1(b),2,topics in arithmetic
4119,0607_w18_qp_43.json,607,w,Oct/Nov,2018,4,calculator,3,1(c)(i),1,topics in arithmetic
4120,0607_w18_qp_43.json,607,w,Oct/Nov,2018,4,calculator,3,1(c)(ii),2,topics in arithmetic
4121,0607_w18_qp_43.json,607,w,Oct/Nov,2018,4,calculator,3,1(d),3,topics in arithmetic
4122,0607_w18_qp_43.json,607,w,Oct/Nov,2018,4,calculator,3,2(a),3,transformations
4123,0607_w18_qp_43.json,607,w,Oct/Nov,2018,4,calculator,3,2(b),1,transformations
4124,0607_w18_qp_43.json,607,w,Oct/Nov,2018,4,calculator,3,2(c),2,transformations
4125,0607_w18_qp_43.json,607,w,Oct/Nov,2018,4,calculator,3,2(d),2,transformations
4126,0607_w18_qp_43.json,607,w,Oct/Nov,2018,4,calculator,3,3(a)(i),1,vectors
4127,0607_w18_qp_43.json,607,w,Oct/Nov,2018,4,calculator,3,3(a)(ii),1,vectors
4128,0607_w18_qp_43.json,607,w,Oct/Nov,2018,4,calculator,3,3(a)(iii),2,vectors
4129,0607_w18_qp_43.json,607,w,Oct/Nov,2018,4,calculator,3,3(b)(i),2,vectors
4130,0607_w18_qp_43.json,607,w,Oct/Nov,2018,4,calculator,3,3(b)(ii),2,vectors
4131,0607_w18_qp_43.json,607,w,Oct/Nov,2018,4,calculator,3,4(a)(i),3,graphing functions
4132,0607_w18_qp_43.json,607,w,Oct/Nov,2018,4,calculator,3,4(a)(ii),2,graphing functions
4133,0607_w18_qp_43.json,607,w,Oct/Nov,2018,4,calculator,3,4(a)(iii),1,graphing functions
4134,0607_w18_qp_43.json,607,w,Oct/Nov,2018,4,calculator,3,4(a)(iv),2,graphing functions
4135,0607_w18_qp_43.json,607,w,Oct/Nov,2018,4,calculator,3,4(b)(i)(a),2,graphing functions
4136,0607_w18_qp_43.json,607,w,Oct/Nov,2018,4,calculator,3,4(b)(i)(b),2,graphing functions
4137,0607_w18_qp_43.json,607,w,Oct/Nov,2018,4,calculator,3,4(b)(ii),2,inequalities
4138,0607_w18_qp_43.json,607,w,Oct/Nov,2018,4,calculator,3,5(a),2,statistics
4139,0607_w18_qp_43.json,607,w,Oct/Nov,2018,4,calculator,3,5(b),1,statistics
4140,0607_w18_qp_43.json,607,w,Oct/Nov,2018,4,calculator,3,5(c),2,statistics
4141,0607_w18_qp_43.json,607,w,Oct/Nov,2018,4,calculator,3,6(a),2,trigonometry
4142,0607_w18_qp_43.json,607,w,Oct/Nov,2018,4,calculator,3,6(b),3,trigonometry
4143,0607_w18_qp_43.json,607,w,Oct/Nov,2018,4,calculator,3,7(a),3,topics in arithmetic
4144,0607_w18_qp_43.json,607,w,Oct/Nov,2018,4,calculator,3,7(b)(i),2,topics in arithmetic
4145,0607_w18_qp_43.json,607,w,Oct/Nov,2018,4,calculator,3,7(b)(ii),4,topics in arithmetic
4146,0607_w18_qp_43.json,607,w,Oct/Nov,2018,4,calculator,3,8(a),2,graphing functions
4147,0607_w18_qp_43.json,607,w,Oct/Nov,2018,4,calculator,3,8(b),1,graphing functions
4148,0607_w18_qp_43.json,607,w,Oct/Nov,2018,4,calculator,3,8(c)(i),2,solving quadratic equations
4149,0607_w18_qp_43.json,607,w,Oct/Nov,2018,4,calculator,3,8(c)(ii),1,inequalities
4150,0607_w18_qp_43.json,607,w,Oct/Nov,2018,4,calculator,3,8(d),2,solving quadratic equations
4151,0607_w18_qp_43.json,607,w,Oct/Nov,2018,4,calculator,3,8(e),2,graphing functions
4152,0607_w18_qp_43.json,607,w,Oct/Nov,2018,4,calculator,3,8(f),1,inequalities
4153,0607_w18_qp_43.json,607,w,Oct/Nov,2018,4,calculator,3,9(a),2,probability
4154,0607_w18_qp_43.json,607,w,Oct/Nov,2018,4,calculator,3,9(b)(i),1,probability
4155,0607_w18_qp_43.json,607,w,Oct/Nov,2018,4,calculator,3,9(b)(ii),3,probability
4156,0607_w18_qp_43.json,607,w,Oct/Nov,2018,4,calculator,3,9(b)(iii),1,probability
4157,0607_w18_qp_43.json,607,w,Oct/Nov,2018,4,calculator,3,10(a),2,trigonometry
4158,0607_w18_qp_43.json,607,w,Oct/Nov,2018,4,calculator,3,10(b),3,trigonometry
4159,0607_w18_qp_43.json,607,w,Oct/Nov,2018,4,calculator,3,10(c),2,Pythagoras
4160,0607_w18_qp_43.json,607,w,Oct/Nov,2018,4,calculator,3,10(d),2,trigonometry
4161,0607_w18_qp_43.json,607,w,Oct/Nov,2018,4,calculator,3,10(e),3,trigonometry
4162,0607_w18_qp_43.json,607,w,Oct/Nov,2018,4,calculator,3,11(a),2,statistics
4163,0607_w18_qp_43.json,607,w,Oct/Nov,2018,4,calculator,3,11(b),2,statistics
4164,0607_w18_qp_43.json,607,w,Oct/Nov,2018,4,calculator,3,12(a),3,solving linear equations
4165,0607_w18_qp_43.json,607,w,Oct/Nov,2018,4,calculator,3,12(b),3,solving quadratic equations
4166,0607_w18_qp_43.json,607,w,Oct/Nov,2018,4,calculator,3,12(c),3,solving linear equations
4167,0607_w18_qp_43.json,607,w,Oct/Nov,2018,4,calculator,3,12(d),4,solving linear equations
4168,0607_w18_qp_43.json,607,w,Oct/Nov,2018,4,calculator,3,13(a),1,functions
4169,0607_w18_qp_43.json,607,w,Oct/Nov,2018,4,calculator,3,13(b)(i),2,functions
4170,0607_w18_qp_43.json,607,w,Oct/Nov,2018,4,calculator,3,13(b)(ii),3,functions
4171,0607_w18_qp_43.json,607,w,Oct/Nov,2018,4,calculator,3,13(c),1,functions
4172,0607_w18_qp_43.json,607,w,Oct/Nov,2018,4,calculator,3,13(d)(i),2,solving linear equations
4173,0607_w18_qp_43.json,607,w,Oct/Nov,2018,4,calculator,3,13(d)(ii),3,solving quadratic equations
4174,0607_w19_qp_21.json,607,w,Oct/Nov,2019,2,non_calculator,1,1,1,topics in arithmetic
4175,0607_w19_qp_21.json,607,w,Oct/Nov,2019,2,non_calculator,1,2(a),1,topics in arithmetic
4176,0607_w19_qp_21.json,607,w,Oct/Nov,2019,2,non_calculator,1,2(b),1,topics in arithmetic
4177,0607_w19_qp_21.json,607,w,Oct/Nov,2019,2,non_calculator,1,3,2,inequalities
4178,0607_w19_qp_21.json,607,w,Oct/Nov,2019,2,non_calculator,1,4,1,probability
4179,0607_w19_qp_21.json,607,w,Oct/Nov,2019,2,non_calculator,1,5,2,topics in arithmetic
4180,0607_w19_qp_21.json,607,w,Oct/Nov,2019,2,non_calculator,1,6,2,sequences
4181,0607_w19_qp_21.json,607,w,Oct/Nov,2019,2,non_calculator,1,7,3,mensuration
4182,0607_w19_qp_21.json,607,w,Oct/Nov,2019,2,non_calculator,1,8,1,exponents and surds
4183,0607_w19_qp_21.json,607,w,Oct/Nov,2019,2,non_calculator,1,9(a),1,vectors
4184,0607_w19_qp_21.json,607,w,Oct/Nov,2019,2,non_calculator,1,9(b),2,vectors
4185,0607_w19_qp_21.json,607,w,Oct/Nov,2019,2,non_calculator,1,10,3,solving quadratic equations
4186,0607_w19_qp_21.json,607,w,Oct/Nov,2019,2,non_calculator,1,11,2,variation and proportion
4187,0607_w19_qp_21.json,607,w,Oct/Nov,2019,2,non_calculator,1,12(a),1,circle theorems
4188,0607_w19_qp_21.json,607,w,Oct/Nov,2019,2,non_calculator,1,12(b),1,circle theorems
4189,0607_w19_qp_21.json,607,w,Oct/Nov,2019,2,non_calculator,1,13(a),2,exponents and surds
4190,0607_w19_qp_21.json,607,w,Oct/Nov,2019,2,non_calculator,1,13(b),2,exponents and surds
4191,0607_w19_qp_21.json,607,w,Oct/Nov,2019,2,non_calculator,1,14,3,expanding and factorising
4192,0607_w19_qp_21.json,607,w,Oct/Nov,2019,2,non_calculator,1,15,1,exponents and surds
4193,0607_w19_qp_21.json,607,w,Oct/Nov,2019,2,non_calculator,1,16,4,straight lines
4194,0607_w19_qp_21.json,607,w,Oct/Nov,2019,2,non_calculator,1,17,4,expanding and factorising
4195,0607_w19_qp_22.json,607,w,Oct/Nov,2019,2,non_calculator,2,1,1,topics in arithmetic
4196,0607_w19_qp_22.json,607,w,Oct/Nov,2019,2,non_calculator,2,2,1,topics in arithmetic
4197,0607_w19_qp_22.json,607,w,Oct/Nov,2019,2,non_calculator,2,3(a),1,topics in arithmetic
4198,0607_w19_qp_22.json,607,w,Oct/Nov,2019,2,non_calculator,2,3(b),1,topics in arithmetic
4199,0607_w19_qp_22.json,607,w,Oct/Nov,2019,2,non_calculator,2,4,3,angles
4200,0607_w19_qp_22.json,607,w,Oct/Nov,2019,2,non_calculator,2,5,3,topics in arithmetic
4201,0607_w19_qp_22.json,607,w,Oct/Nov,2019,2,non_calculator,2,6,2,angles
4202,0607_w19_qp_22.json,607,w,Oct/Nov,2019,2,non_calculator,2,7,1,trigonometry
4203,0607_w19_qp_22.json,607,w,Oct/Nov,2019,2,non_calculator,2,8,3,solving linear equations
4204,0607_w19_qp_22.json,607,w,Oct/Nov,2019,2,non_calculator,2,9,2,statistics
4205,0607_w19_qp_22.json,607,w,Oct/Nov,2019,2,non_calculator,2,10,5,straight lines
4206,0607_w19_qp_22.json,607,w,Oct/Nov,2019,2,non_calculator,2,11,2,expanding and factorising
4207,0607_w19_qp_22.json,607,w,Oct/Nov,2019,2,non_calculator,2,12(a),2,exponents and surds
4208,0607_w19_qp_22.json,607,w,Oct/Nov,2019,2,non_calculator,2,12(b),3,exponents and surds
4209,0607_w19_qp_22.json,607,w,Oct/Nov,2019,2,non_calculator,2,13,3,logarithms
4210,0607_w19_qp_22.json,607,w,Oct/Nov,2019,2,non_calculator,2,14,4,solving linear equations
4211,0607_w19_qp_22.json,607,w,Oct/Nov,2019,2,non_calculator,2,15,3,probability
4212,0607_w19_qp_23.json,607,w,Oct/Nov,2019,2,non_calculator,3,1(a),1,exponents and surds
4213,0607_w19_qp_23.json,607,w,Oct/Nov,2019,2,non_calculator,3,1(b),1,exponents and surds
4214,0607_w19_qp_23.json,607,w,Oct/Nov,2019,2,non_calculator,3,2(a),1,topics in arithmetic
4215,0607_w19_qp_23.json,607,w,Oct/Nov,2019,2,non_calculator,3,2(b),1,sequences
4216,0607_w19_qp_23.json,607,w,Oct/Nov,2019,2,non_calculator,3,3(a),1,transformations
4217,0607_w19_qp_23.json,607,w,Oct/Nov,2019,2,non_calculator,3,3(b),1,transformations
4218,0607_w19_qp_23.json,607,w,Oct/Nov,2019,2,non_calculator,3,4,2,topics in arithmetic
4219,0607_w19_qp_23.json,607,w,Oct/Nov,2019,2,non_calculator,3,5(a),1,expanding and factorising
4220,0607_w19_qp_23.json,607,w,Oct/Nov,2019,2,non_calculator,3,5(b),2,expanding and factorising
4221,0607_w19_qp_23.json,607,w,Oct/Nov,2019,2,non_calculator,3,6,2,angles
4222,0607_w19_qp_23.json,607,w,Oct/Nov,2019,2,non_calculator,3,7,2,statistics
4223,0607_w19_qp_23.json,607,w,Oct/Nov,2019,2,non_calculator,3,8(a),1,probability
4224,0607_w19_qp_23.json,607,w,Oct/Nov,2019,2,non_calculator,3,8(b),1,probability
4225,0607_w19_qp_23.json,607,w,Oct/Nov,2019,2,non_calculator,3,8(c),1,probability
4226,0607_w19_qp_23.json,607,w,Oct/Nov,2019,2,non_calculator,3,9(a),2,inequalities
4227,0607_w19_qp_23.json,607,w,Oct/Nov,2019,2,non_calculator,3,9(b),1,inequalities
4228,0607_w19_qp_23.json,607,w,Oct/Nov,2019,2,non_calculator,3,10,3,solving linear equations
4229,0607_w19_qp_23.json,607,w,Oct/Nov,2019,2,non_calculator,3,11,3,exponents and surds
4230,0607_w19_qp_23.json,607,w,Oct/Nov,2019,2,non_calculator,3,12(a),1,straight lines
4231,0607_w19_qp_23.json,607,w,Oct/Nov,2019,2,non_calculator,3,12(b),1,straight lines
4232,0607_w19_qp_23.json,607,w,Oct/Nov,2019,2,non_calculator,3,12(c),2,straight lines
4233,0607_w19_qp_23.json,607,w,Oct/Nov,2019,2,non_calculator,3,13,3,similarity
4234,0607_w19_qp_23.json,607,w,Oct/Nov,2019,2,non_calculator,3,14,3,graphing functions
4235,0607_w19_qp_23.json,607,w,Oct/Nov,2019,2,non_calculator,3,15(a),1,statistics
4236,0607_w19_qp_23.json,607,w,Oct/Nov,2019,2,non_calculator,3,15(b),2,statistics
4237,0607_w19_qp_41.json,607,w,Oct/Nov,2019,4,calculator,1,1(a),1,statistics
4238,0607_w19_qp_41.json,607,w,Oct/Nov,2019,4,calculator,1,1(b),1,statistics
4239,0607_w19_qp_41.json,607,w,Oct/Nov,2019,4,calculator,1,1(c),1,statistics
4240,0607_w19_qp_41.json,607,w,Oct/Nov,2019,4,calculator,1,1(d),1,statistics
4241,0607_w19_qp_41.json,607,w,Oct/Nov,2019,4,calculator,1,1(e),1,statistics
4242,0607_w19_qp_41.json,607,w,Oct/Nov,2019,4,calculator,1,1(f),1,statistics
4243,0607_w19_qp_41.json,607,w,Oct/Nov,2019,4,calculator,1,2(a),2,topics in arithmetic
4244,0607_w19_qp_41.json,607,w,Oct/Nov,2019,4,calculator,1,2(b),3,topics in arithmetic
4245,0607_w19_qp_41.json,607,w,Oct/Nov,2019,4,calculator,1,2(c),2,topics in arithmetic
4246,0607_w19_qp_41.json,607,w,Oct/Nov,2019,4,calculator,1,3(a),3,graphing functions
4247,0607_w19_qp_41.json,607,w,Oct/Nov,2019,4,calculator,1,3(b),2,functions
4248,0607_w19_qp_41.json,607,w,Oct/Nov,2019,4,calculator,1,3(c),1,graphing functions
4249,0607_w19_qp_41.json,607,w,Oct/Nov,2019,4,calculator,1,3(d)(i),1,graphing functions
4250,0607_w19_qp_41.json,607,w,Oct/Nov,2019,4,calculator,1,3(d)(ii),2,exponents and surds
4251,0607_w19_qp_41.json,607,w,Oct/Nov,2019,4,calculator,1,4(a)(i),2,transformations
4252,0607_w19_qp_41.json,607,w,Oct/Nov,2019,4,calculator,1,4(a)(ii),3,transformations
4253,0607_w19_qp_41.json,607,w,Oct/Nov,2019,4,calculator,1,4(a)(iii),3,transformations
4254,0607_w19_qp_41.json,607,w,Oct/Nov,2019,4,calculator,1,4(b),2,transformations
4255,0607_w19_qp_41.json,607,w,Oct/Nov,2019,4,calculator,1,5(a),4,topics in arithmetic
4256,0607_w19_qp_41.json,607,w,Oct/Nov,2019,4,calculator,1,5(b),2,topics in arithmetic
4257,0607_w19_qp_41.json,607,w,Oct/Nov,2019,4,calculator,1,5(c),4,topics in arithmetic
4258,0607_w19_qp_41.json,607,w,Oct/Nov,2019,4,calculator,1,6(a),1,probability
4259,0607_w19_qp_41.json,607,w,Oct/Nov,2019,4,calculator,1,6(b)(i),2,probability
4260,0607_w19_qp_41.json,607,w,Oct/Nov,2019,4,calculator,1,6(b)(ii),2,probability
4261,0607_w19_qp_41.json,607,w,Oct/Nov,2019,4,calculator,1,6(c),2,probability
4262,0607_w19_qp_41.json,607,w,Oct/Nov,2019,4,calculator,1,6(d),3,probability
4263,0607_w19_qp_41.json,607,w,Oct/Nov,2019,4,calculator,1,6(e),1,probability
4264,0607_w19_qp_41.json,607,w,Oct/Nov,2019,4,calculator,1,6(f),2,probability
4265,0607_w19_qp_41.json,607,w,Oct/Nov,2019,4,calculator,1,7(a),4,trigonometry
4266,0607_w19_qp_41.json,607,w,Oct/Nov,2019,4,calculator,1,7(b),3,trigonometry
4267,0607_w19_qp_41.json,607,w,Oct/Nov,2019,4,calculator,1,7(c),4,trigonometry
4268,0607_w19_qp_41.json,607,w,Oct/Nov,2019,4,calculator,1,7(d),2,trigonometry
4269,0607_w19_qp_41.json,607,w,Oct/Nov,2019,4,calculator,1,7(e),2,trigonometry
4270,0607_w19_qp_41.json,607,w,Oct/Nov,2019,4,calculator,1,8(a)(i),3,statistics
4271,0607_w19_qp_41.json,607,w,Oct/Nov,2019,4,calculator,1,8(a)(ii),2,statistics
4272,0607_w19_qp_41.json,607,w,Oct/Nov,2019,4,calculator,1,8(a)(iii),2,statistics
4273,0607_w19_qp_41.json,607,w,Oct/Nov,2019,4,calculator,1,8(b)(i),2,statistics
4274,0607_w19_qp_41.json,607,w,Oct/Nov,2019,4,calculator,1,8(b)(ii),2,statistics
4275,0607_w19_qp_41.json,607,w,Oct/Nov,2019,4,calculator,1,9(a),2,topics in arithmetic
4276,0607_w19_qp_41.json,607,w,Oct/Nov,2019,4,calculator,1,9(b),3,topics in arithmetic
4277,0607_w19_qp_41.json,607,w,Oct/Nov,2019,4,calculator,1,9(c),2,topics in arithmetic
4278,0607_w19_qp_41.json,607,w,Oct/Nov,2019,4,calculator,1,9(d)(i),3,solving quadratic equations
4279,0607_w19_qp_41.json,607,w,Oct/Nov,2019,4,calculator,1,9(d)(ii),2,solving quadratic equations
4280,0607_w19_qp_41.json,607,w,Oct/Nov,2019,4,calculator,1,9(d)(iii),3,solving quadratic equations
4281,0607_w19_qp_41.json,607,w,Oct/Nov,2019,4,calculator,1,10(a)(i),1,functions
4282,0607_w19_qp_41.json,607,w,Oct/Nov,2019,4,calculator,1,10(a)(ii),1,functions
4283,0607_w19_qp_41.json,607,w,Oct/Nov,2019,4,calculator,1,10(b),2,functions
4284,0607_w19_qp_41.json,607,w,Oct/Nov,2019,4,calculator,1,10(c),1,functions
4285,0607_w19_qp_41.json,607,w,Oct/Nov,2019,4,calculator,1,10(d),1,logarithms
4286,0607_w19_qp_41.json,607,w,Oct/Nov,2019,4,calculator,1,10(e),2,functions
4287,0607_w19_qp_41.json,607,w,Oct/Nov,2019,4,calculator,1,10(f),3,functions
4288,0607_w19_qp_41.json,607,w,Oct/Nov,2019,4,calculator,1,10(g),2,logarithms
4289,0607_w19_qp_41.json,607,w,Oct/Nov,2019,4,calculator,1,11(a),2,graphing functions
4290,0607_w19_qp_41.json,607,w,Oct/Nov,2019,4,calculator,1,11(b),2,graphing functions
4291,0607_w19_qp_41.json,607,w,Oct/Nov,2019,4,calculator,1,11(c),2,inequalities
4292,0607_w19_qp_41.json,607,w,Oct/Nov,2019,4,calculator,1,11(d)(i),1,graphing functions
4293,0607_w19_qp_41.json,607,w,Oct/Nov,2019,4,calculator,1,11(d)(ii),1,inequalities
4294,0607_w19_qp_41.json,607,w,Oct/Nov,2019,4,calculator,1,11(d)(iii),3,transformations
4295,0607_w19_qp_42.json,607,w,Oct/Nov,2019,4,calculator,2,1(a),1,transformations
4296,0607_w19_qp_42.json,607,w,Oct/Nov,2019,4,calculator,2,1(b),1,transformations
4297,0607_w19_qp_42.json,607,w,Oct/Nov,2019,4,calculator,2,1(c),2,transformations
4298,0607_w19_qp_42.json,607,w,Oct/Nov,2019,4,calculator,2,1(d),2,transformations
4299,0607_w19_qp_42.json,607,w,Oct/Nov,2019,4,calculator,2,1(e),2,transformations
4300,0607_w19_qp_42.json,607,w,Oct/Nov,2019,4,calculator,2,2(a),1,functions
4301,0607_w19_qp_42.json,607,w,Oct/Nov,2019,4,calculator,2,2(b),2,functions
4302,0607_w19_qp_42.json,607,w,Oct/Nov,2019,4,calculator,2,2(c),1,functions
4303,0607_w19_qp_42.json,607,w,Oct/Nov,2019,4,calculator,2,2(d),4,functions
4304,0607_w19_qp_42.json,607,w,Oct/Nov,2019,4,calculator,2,2(e),3,functions
4305,0607_w19_qp_42.json,607,w,Oct/Nov,2019,4,calculator,2,2(f)(i),3,graphing functions
4306,0607_w19_qp_42.json,607,w,Oct/Nov,2019,4,calculator,2,2(f)(ii),1,graphing functions
4307,0607_w19_qp_42.json,607,w,Oct/Nov,2019,4,calculator,2,2(f)(iii),2,inequalities
4308,0607_w19_qp_42.json,607,w,Oct/Nov,2019,4,calculator,2,3(a),1,topics in arithmetic
4309,0607_w19_qp_42.json,607,w,Oct/Nov,2019,4,calculator,2,3(b),3,topics in arithmetic
4310,0607_w19_qp_42.json,607,w,Oct/Nov,2019,4,calculator,2,3(c)(i),1,topics in arithmetic
4311,0607_w19_qp_42.json,607,w,Oct/Nov,2019,4,calculator,2,3(c)(ii),3,topics in arithmetic
4312,0607_w19_qp_42.json,607,w,Oct/Nov,2019,4,calculator,2,4(a)(i),2,solving linear equations
4313,0607_w19_qp_42.json,607,w,Oct/Nov,2019,4,calculator,2,4(a)(ii),2,solving linear equations
4314,0607_w19_qp_42.json,607,w,Oct/Nov,2019,4,calculator,2,4(a)(iii),2,solving linear equations
4315,0607_w19_qp_42.json,607,w,Oct/Nov,2019,4,calculator,2,4(b),4,simultaneous equations
4316,0607_w19_qp_42.json,607,w,Oct/Nov,2019,4,calculator,2,5(a)(i),2,circle theorems
4317,0607_w19_qp_42.json,607,w,Oct/Nov,2019,4,calculator,2,5(a)(ii),1,circle theorems
4318,0607_w19_qp_42.json,607,w,Oct/Nov,2019,4,calculator,2,5(a)(iii),1,circle theorems
4319,0607_w19_qp_42.json,607,w,Oct/Nov,2019,4,calculator,2,5(a)(iv),1,circle theorems
4320,0607_w19_qp_42.json,607,w,Oct/Nov,2019,4,calculator,2,5(a)(v),1,circle theorems
4321,0607_w19_qp_42.json,607,w,Oct/Nov,2019,4,calculator,2,5(a)(vi),1,circle theorems
4322,0607_w19_qp_42.json,607,w,Oct/Nov,2019,4,calculator,2,5(b),1,circle theorems
4323,0607_w19_qp_42.json,607,w,Oct/Nov,2019,4,calculator,2,6(a),1,probability
4324,0607_w19_qp_42.json,607,w,Oct/Nov,2019,4,calculator,2,6(b),1,probability
4325,0607_w19_qp_42.json,607,w,Oct/Nov,2019,4,calculator,2,6(c),2,probability
4326,0607_w19_qp_42.json,607,w,Oct/Nov,2019,4,calculator,2,6(d),3,probability
4327,0607_w19_qp_42.json,607,w,Oct/Nov,2019,4,calculator,2,6(e),2,probability
4328,0607_w19_qp_42.json,607,w,Oct/Nov,2019,4,calculator,2,7(a)(i),2,expanding and factorising
4329,0607_w19_qp_42.json,607,w,Oct/Nov,2019,4,calculator,2,7(a)(ii),2,inequalities
4330,0607_w19_qp_42.json,607,w,Oct/Nov,2019,4,calculator,2,7(b),3,solving quadratic equations
4331,0607_w19_qp_42.json,607,w,Oct/Nov,2019,4,calculator,2,8(a),2,sets and Venn diagrams
4332,0607_w19_qp_42.json,607,w,Oct/Nov,2019,4,calculator,2,8(b)(i),2,sets and Venn diagrams
4333,0607_w19_qp_42.json,607,w,Oct/Nov,2019,4,calculator,2,8(b)(ii),2,sets and Venn diagrams
4334,0607_w19_qp_42.json,607,w,Oct/Nov,2019,4,calculator,2,8(b)(iii),1,sets and Venn diagrams
4335,0607_w19_qp_42.json,607,w,Oct/Nov,2019,4,calculator,2,9(a),3,mensuration
4336,0607_w19_qp_42.json,607,w,Oct/Nov,2019,4,calculator,2,9(b),3,similarity
4337,0607_w19_qp_42.json,607,w,Oct/Nov,2019,4,calculator,2,9(c),2,mensuration
4338,0607_w19_qp_42.json,607,w,Oct/Nov,2019,4,calculator,2,9(d),2,mensuration
4339,0607_w19_qp_42.json,607,w,Oct/Nov,2019,4,calculator,2,9(e),3,mensuration
4340,0607_w19_qp_42.json,607,w,Oct/Nov,2019,4,calculator,2,10(a),2,statistics
4341,0607_w19_qp_42.json,607,w,Oct/Nov,2019,4,calculator,2,10(b),1,statistics
4342,0607_w19_qp_42.json,607,w,Oct/Nov,2019,4,calculator,2,10(c),3,probability
4343,0607_w19_qp_42.json,607,w,Oct/Nov,2019,4,calculator,2,10(d)(i),2,statistics
4344,0607_w19_qp_42.json,607,w,Oct/Nov,2019,4,calculator,2,10(d)(ii),3,statistics
4345,0607_w19_qp_42.json,607,w,Oct/Nov,2019,4,calculator,2,11(a),2,trigonometry
4346,0607_w19_qp_42.json,607,w,Oct/Nov,2019,4,calculator,2,11(b)(i),4,trigonometry
4347,0607_w19_qp_42.json,607,w,Oct/Nov,2019,4,calculator,2,11(b)(ii),5,trigonometry
4348,0607_w19_qp_42.json,607,w,Oct/Nov,2019,4,calculator,2,12(a),4,graphing functions
4349,0607_w19_qp_42.json,607,w,Oct/Nov,2019,4,calculator,2,12(b),3,graphing functions
4350,0607_w19_qp_42.json,607,w,Oct/Nov,2019,4,calculator,2,12(c),2,graphing functions
4351,0607_w19_qp_42.json,607,w,Oct/Nov,2019,4,calculator,2,12(d),2,graphing functions
4352,0607_w19_qp_43.json,607,w,Oct/Nov,2019,4,calculator,3,1(a),3,topics in arithmetic
4353,0607_w19_qp_43.json,607,w,Oct/Nov,2019,4,calculator,3,1(b),3,topics in arithmetic
4354,0607_w19_qp_43.json,607,w,Oct/Nov,2019,4,calculator,3,1(c),3,topics in arithmetic
4355,0607_w19_qp_43.json,607,w,Oct/Nov,2019,4,calculator,3,2(a),1,statistics
4356,0607_w19_qp_43.json,607,w,Oct/Nov,2019,4,calculator,3,2(b),1,statistics
4357,0607_w19_qp_43.json,607,w,Oct/Nov,2019,4,calculator,3,2(c),1,statistics
4358,0607_w19_qp_43.json,607,w,Oct/Nov,2019,4,calculator,3,2(d),2,statistics
4359,0607_w19_qp_43.json,607,w,Oct/Nov,2019,4,calculator,3,2(e),2,statistics
4360,0607_w19_qp_43.json,607,w,Oct/Nov,2019,4,calculator,3,3(a),2,graphing functions
4361,0607_w19_qp_43.json,607,w,Oct/Nov,2019,4,calculator,3,3(b),3,graphing functions
4362,0607_w19_qp_43.json,607,w,Oct/Nov,2019,4,calculator,3,3(c),1,graphing functions
4363,0607_w19_qp_43.json,607,w,Oct/Nov,2019,4,calculator,3,3(d),2,graphing functions
4364,0607_w19_qp_43.json,607,w,Oct/Nov,2019,4,calculator,3,3(e),2,graphing functions
4365,0607_w19_qp_43.json,607,w,Oct/Nov,2019,4,calculator,3,4(a),2,statistics
4366,0607_w19_qp_43.json,607,w,Oct/Nov,2019,4,calculator,3,4(b),1,statistics
4367,0607_w19_qp_43.json,607,w,Oct/Nov,2019,4,calculator,3,4(c),2,statistics
4368,0607_w19_qp_43.json,607,w,Oct/Nov,2019,4,calculator,3,4(d),1,statistics
4369,0607_w19_qp_43.json,607,w,Oct/Nov,2019,4,calculator,3,4(e),1,statistics
4370,0607_w19_qp_43.json,607,w,Oct/Nov,2019,4,calculator,3,5(a),2,transformations
4371,0607_w19_qp_43.json,607,w,Oct/Nov,2019,4,calculator,3,5(b),3,transformations
4372,0607_w19_qp_43.json,607,w,Oct/Nov,2019,4,calculator,3,5(c),3,transformations
4373,0607_w19_qp_43.json,607,w,Oct/Nov,2019,4,calculator,3,5(d),3,transformations
4374,0607_w19_qp_43.json,607,w,Oct/Nov,2019,4,calculator,3,6(a),2,straight lines
4375,0607_w19_qp_43.json,607,w,Oct/Nov,2019,4,calculator,3,6(b)(i),1,vectors
4376,0607_w19_qp_43.json,607,w,Oct/Nov,2019,4,calculator,3,6(b)(ii),3,vectors
4377,0607_w19_qp_43.json,607,w,Oct/Nov,2019,4,calculator,3,7(a)(i),2,mensuration
4378,0607_w19_qp_43.json,607,w,Oct/Nov,2019,4,calculator,3,7(a)(ii),2,mensuration
4379,0607_w19_qp_43.json,607,w,Oct/Nov,2019,4,calculator,3,7(a)(iii),2,mensuration
4380,0607_w19_qp_43.json,607,w,Oct/Nov,2019,4,calculator,3,7(b),5,mensuration
4381,0607_w19_qp_43.json,607,w,Oct/Nov,2019,4,calculator,3,7(c),2,similarity
4382,0607_w19_qp_43.json,607,w,Oct/Nov,2019,4,calculator,3,8(a),2,sets and Venn diagrams
4383,0607_w19_qp_43.json,607,w,Oct/Nov,2019,4,calculator,3,8(b),1,sets and Venn diagrams
4384,0607_w19_qp_43.json,607,w,Oct/Nov,2019,4,calculator,3,8(c),2,probability
4385,0607_w19_qp_43.json,607,w,Oct/Nov,2019,4,calculator,3,8(d),3,probability
4386,0607_w19_qp_43.json,607,w,Oct/Nov,2019,4,calculator,3,9(a),3,trigonometry
4387,0607_w19_qp_43.json,607,w,Oct/Nov,2019,4,calculator,3,9(b),1,circle theorems
4388,0607_w19_qp_43.json,607,w,Oct/Nov,2019,4,calculator,3,9(c),3,trigonometry
4389,0607_w19_qp_43.json,607,w,Oct/Nov,2019,4,calculator,3,9(d),3,mensuration
4390,0607_w19_qp_43.json,607,w,Oct/Nov,2019,4,calculator,3,10(a),1,expanding and factorising
4391,0607_w19_qp_43.json,607,w,Oct/Nov,2019,4,calculator,3,10(b),3,solving quadratic equations
4392,0607_w19_qp_43.json,607,w,Oct/Nov,2019,4,calculator,3,10(c),3,solving quadratic equations
4393,0607_w19_qp_43.json,607,w,Oct/Nov,2019,4,calculator,3,10(d),2,solving quadratic equations
4394,0607_w19_qp_43.json,607,w,Oct/Nov,2019,4,calculator,3,11(a)(i),2,exponents and surds
4395,0607_w19_qp_43.json,607,w,Oct/Nov,2019,4,calculator,3,11(a)(ii),1,logarithms
4396,0607_w19_qp_43.json,607,w,Oct/Nov,2019,4,calculator,3,11(a)(iii),1,logarithms
4397,0607_w19_qp_43.json,607,w,Oct/Nov,2019,4,calculator,3,11(b),2,logarithms
4398,0607_w19_qp_43.json,607,w,Oct/Nov,2019,4,calculator,3,12(a),3,graphing functions
4399,0607_w19_qp_43.json,607,w,Oct/Nov,2019,4,calculator,3,12(b),3,graphing functions
4400,0607_w19_qp_43.json,607,w,Oct/Nov,2019,4,calculator,3,12(c)(i),1,graphing functions
4401,0607_w19_qp_43.json,607,w,Oct/Nov,2019,4,calculator,3,12(c)(ii),3,graphing functions
4402,0607_w19_qp_43.json,607,w,Oct/Nov,2019,4,calculator,3,12(c)(iii),3,inequalities
4403,0607_w19_qp_43.json,607,w,Oct/Nov,2019,4,calculator,3,13(a),1,functions
4404,0607_w19_qp_43.json,607,w,Oct/Nov,2019,4,calculator,3,13(b),2,functions
4405,0607_w19_qp_43.json,607,w,Oct/Nov,2019,4,calculator,3,13(c),2,functions
4406,0607_w19_qp_43.json,607,w,Oct/Nov,2019,4,calculator,3,13(d),2,functions
4407,0607_w19_qp_43.json,607,w,Oct/Nov,2019,4,calculator,3,13(e),2,functions
4408,0607_w19_qp_43.json,607,w,Oct/Nov,2019,4,calculator,3,13(f),2,functions
4409,0607_w20_qp_21.json,607,w,Oct/Nov,2020,2,non_calculator,1,1,1,topics in arithmetic
4410,0607_w20_qp_21.json,607,w,Oct/Nov,2020,2,non_calculator,1,2,1,topics in arithmetic
4411,0607_w20_qp_21.json,607,w,Oct/Nov,2020,2,non_calculator,1,3,2,topics in arithmetic
4412,0607_w20_qp_21.json,607,w,Oct/Nov,2020,2,non_calculator,1,4,3,solving linear equations
4413,0607_w20_qp_21.json,607,w,Oct/Nov,2020,2,non_calculator,1,5,2,topics in arithmetic
4414,0607_w20_qp_21.json,607,w,Oct/Nov,2020,2,non_calculator,1,6,3,statistics
4415,0607_w20_qp_21.json,607,w,Oct/Nov,2020,2,non_calculator,1,7,3,variation and proportion
4416,0607_w20_qp_21.json,607,w,Oct/Nov,2020,2,non_calculator,1,8(a),2,vectors
4417,0607_w20_qp_21.json,607,w,Oct/Nov,2020,2,non_calculator,1,8(b),2,vectors
4418,0607_w20_qp_21.json,607,w,Oct/Nov,2020,2,non_calculator,1,9(a),2,topics in arithmetic
4419,0607_w20_qp_21.json,607,w,Oct/Nov,2020,2,non_calculator,1,9(b),2,topics in arithmetic
4420,0607_w20_qp_21.json,607,w,Oct/Nov,2020,2,non_calculator,1,10(a),1,expanding and factorising
4421,0607_w20_qp_21.json,607,w,Oct/Nov,2020,2,non_calculator,1,10(b),2,expanding and factorising
4422,0607_w20_qp_21.json,607,w,Oct/Nov,2020,2,non_calculator,1,10(c),2,expanding and factorising
4423,0607_w20_qp_21.json,607,w,Oct/Nov,2020,2,non_calculator,1,11,2,exponents and surds
4424,0607_w20_qp_21.json,607,w,Oct/Nov,2020,2,non_calculator,1,12(a),4,statistics
4425,0607_w20_qp_21.json,607,w,Oct/Nov,2020,2,non_calculator,1,12(b),1,statistics
4426,0607_w20_qp_21.json,607,w,Oct/Nov,2020,2,non_calculator,1,13,5,straight lines
4427,0607_w20_qp_22.json,607,w,Oct/Nov,2020,2,non_calculator,2,1,1,angles
4428,0607_w20_qp_22.json,607,w,Oct/Nov,2020,2,non_calculator,2,2,2,exponents and surds
4429,0607_w20_qp_22.json,607,w,Oct/Nov,2020,2,non_calculator,2,3(a),1,sequences
4430,0607_w20_qp_22.json,607,w,Oct/Nov,2020,2,non_calculator,2,3(b),2,sequences
4431,0607_w20_qp_22.json,607,w,Oct/Nov,2020,2,non_calculator,2,4,2,exponents and surds
4432,0607_w20_qp_22.json,607,w,Oct/Nov,2020,2,non_calculator,2,5,2,solving linear equations
4433,0607_w20_qp_22.json,607,w,Oct/Nov,2020,2,non_calculator,2,6,4,mensuration
4434,0607_w20_qp_22.json,607,w,Oct/Nov,2020,2,non_calculator,2,7,2,statistics
4435,0607_w20_qp_22.json,607,w,Oct/Nov,2020,2,non_calculator,2,8(a),2,topics in arithmetic
4436,0607_w20_qp_22.json,607,w,Oct/Nov,2020,2,non_calculator,2,8(b),1,topics in arithmetic
4437,0607_w20_qp_22.json,607,w,Oct/Nov,2020,2,non_calculator,2,8(c),1,topics in arithmetic
4438,0607_w20_qp_22.json,607,w,Oct/Nov,2020,2,non_calculator,2,9(a),1,probability
4439,0607_w20_qp_22.json,607,w,Oct/Nov,2020,2,non_calculator,2,9(b),1,probability
4440,0607_w20_qp_22.json,607,w,Oct/Nov,2020,2,non_calculator,2,9(c),1,probability
4441,0607_w20_qp_22.json,607,w,Oct/Nov,2020,2,non_calculator,2,10(a),2,expanding and factorising
4442,0607_w20_qp_22.json,607,w,Oct/Nov,2020,2,non_calculator,2,10(b),2,expanding and factorising
4443,0607_w20_qp_22.json,607,w,Oct/Nov,2020,2,non_calculator,2,11(a),2,sets and Venn diagrams
4444,0607_w20_qp_22.json,607,w,Oct/Nov,2020,2,non_calculator,2,11(b)(i),1,sets and Venn diagrams
4445,0607_w20_qp_22.json,607,w,Oct/Nov,2020,2,non_calculator,2,11(b)(ii),1,sets and Venn diagrams
4446,0607_w20_qp_22.json,607,w,Oct/Nov,2020,2,non_calculator,2,12(a),1,circle theorems
4447,0607_w20_qp_22.json,607,w,Oct/Nov,2020,2,non_calculator,2,12(b),1,circle theorems
4448,0607_w20_qp_22.json,607,w,Oct/Nov,2020,2,non_calculator,2,12(c),1,circle theorems
4449,0607_w20_qp_22.json,607,w,Oct/Nov,2020,2,non_calculator,2,13(a),1,logarithms
4450,0607_w20_qp_22.json,607,w,Oct/Nov,2020,2,non_calculator,2,13(b),2,logarithms
4451,0607_w20_qp_22.json,607,w,Oct/Nov,2020,2,non_calculator,2,14,3,similarity
4452,0607_w20_qp_23.json,607,w,Oct/Nov,2020,2,non_calculator,3,1,1,topics in arithmetic
4453,0607_w20_qp_23.json,607,w,Oct/Nov,2020,2,non_calculator,3,2,2,solving linear equations
4454,0607_w20_qp_23.json,607,w,Oct/Nov,2020,2,non_calculator,3,3,2,topics in arithmetic
4455,0607_w20_qp_23.json,607,w,Oct/Nov,2020,2,non_calculator,3,4,2,inequalities
4456,0607_w20_qp_23.json,607,w,Oct/Nov,2020,2,non_calculator,3,5,2,simultaneous equations
4457,0607_w20_qp_23.json,607,w,Oct/Nov,2020,2,non_calculator,3,6,2,mensuration
4458,0607_w20_qp_23.json,607,w,Oct/Nov,2020,2,non_calculator,3,7,3,trigonometry
4459,0607_w20_qp_23.json,607,w,Oct/Nov,2020,2,non_calculator,3,8(a),1,exponents and surds
4460,0607_w20_qp_23.json,607,w,Oct/Nov,2020,2,non_calculator,3,8(b),1,logarithms
4461,0607_w20_qp_23.json,607,w,Oct/Nov,2020,2,non_calculator,3,9,2,exponents and surds
4462,0607_w20_qp_23.json,607,w,Oct/Nov,2020,2,non_calculator,3,10,3,algebra
4463,0607_w20_qp_23.json,607,w,Oct/Nov,2020,2,non_calculator,3,11,3,trigonometry
4464,0607_w20_qp_23.json,607,w,Oct/Nov,2020,2,non_calculator,3,12,3,angles
4465,0607_w20_qp_23.json,607,w,Oct/Nov,2020,2,non_calculator,3,13,3,exponents and surds
4466,0607_w20_qp_23.json,607,w,Oct/Nov,2020,2,non_calculator,3,14,2,variation and proportion
4467,0607_w20_qp_23.json,607,w,Oct/Nov,2020,2,non_calculator,3,15,2,logarithms
4468,0607_w20_qp_23.json,607,w,Oct/Nov,2020,2,non_calculator,3,16(a),1,trigonometry
4469,0607_w20_qp_23.json,607,w,Oct/Nov,2020,2,non_calculator,3,16(b),1,trigonometry
4470,0607_w20_qp_23.json,607,w,Oct/Nov,2020,2,non_calculator,3,17,4,expanding and factorising
4471,0607_w20_qp_41.json,607,w,Oct/Nov,2020,4,calculator,1,1(a),1,statistics
4472,0607_w20_qp_41.json,607,w,Oct/Nov,2020,4,calculator,1,1(b)(i),1,statistics
4473,0607_w20_qp_41.json,607,w,Oct/Nov,2020,4,calculator,1,1(b)(ii),1,statistics
4474,0607_w20_qp_41.json,607,w,Oct/Nov,2020,4,calculator,1,1(c)(i),2,statistics
4475,0607_w20_qp_41.json,607,w,Oct/Nov,2020,4,calculator,1,1(c)(ii),1,statistics
4476,0607_w20_qp_41.json,607,w,Oct/Nov,2020,4,calculator,1,2(a)(i),1,topics in arithmetic
4477,0607_w20_qp_41.json,607,w,Oct/Nov,2020,4,calculator,1,2(a)(ii),1,topics in arithmetic
4478,0607_w20_qp_41.json,607,w,Oct/Nov,2020,4,calculator,1,2(a)(iii),1,topics in arithmetic
4479,0607_w20_qp_41.json,607,w,Oct/Nov,2020,4,calculator,1,2(a)(iv),1,topics in arithmetic
4480,0607_w20_qp_41.json,607,w,Oct/Nov,2020,4,calculator,1,2(a)(v),1,topics in arithmetic
4481,0607_w20_qp_41.json,607,w,Oct/Nov,2020,4,calculator,1,2(b)(i),1,topics in arithmetic
4482,0607_w20_qp_41.json,607,w,Oct/Nov,2020,4,calculator,1,2(b)(ii),1,topics in arithmetic
4483,0607_w20_qp_41.json,607,w,Oct/Nov,2020,4,calculator,1,2(b)(iii),2,topics in arithmetic
4484,0607_w20_qp_41.json,607,w,Oct/Nov,2020,4,calculator,1,3(a),4,simultaneous equations
4485,0607_w20_qp_41.json,607,w,Oct/Nov,2020,4,calculator,1,3(b),5,solving quadratic equations
4486,0607_w20_qp_41.json,607,w,Oct/Nov,2020,4,calculator,1,4(a)(i),3,transformations
4487,0607_w20_qp_41.json,607,w,Oct/Nov,2020,4,calculator,1,4(a)(ii),3,transformations
4488,0607_w20_qp_41.json,607,w,Oct/Nov,2020,4,calculator,1,4(a)(iii),2,transformations
4489,0607_w20_qp_41.json,607,w,Oct/Nov,2020,4,calculator,1,4(b)(i),1,transformations
4490,0607_w20_qp_41.json,607,w,Oct/Nov,2020,4,calculator,1,4(b)(ii),2,transformations
4491,0607_w20_qp_41.json,607,w,Oct/Nov,2020,4,calculator,1,5(a),1,circle theorems
4492,0607_w20_qp_41.json,607,w,Oct/Nov,2020,4,calculator,1,5(b),2,circle theorems
4493,0607_w20_qp_41.json,607,w,Oct/Nov,2020,4,calculator,1,5(c),2,circle theorems
4494,0607_w20_qp_41.json,607,w,Oct/Nov,2020,4,calculator,1,5(d),2,circle theorems
4495,0607_w20_qp_41.json,607,w,Oct/Nov,2020,4,calculator,1,5(e),2,circle theorems
4496,0607_w20_qp_41.json,607,w,Oct/Nov,2020,4,calculator,1,5(f),2,circle theorems
4497,0607_w20_qp_41.json,607,w,Oct/Nov,2020,4,calculator,1,6(a),3,sequences
4498,0607_w20_qp_41.json,607,w,Oct/Nov,2020,4,calculator,1,6(b),4,sequences
4499,0607_w20_qp_41.json,607,w,Oct/Nov,2020,4,calculator,1,7(a),3,graphing functions
4500,0607_w20_qp_41.json,607,w,Oct/Nov,2020,4,calculator,1,7(b),1,graphing functions
4501,0607_w20_qp_41.json,607,w,Oct/Nov,2020,4,calculator,1,7(c),2,functions
4502,0607_w20_qp_41.json,607,w,Oct/Nov,2020,4,calculator,1,7(d),3,inequalities
4503,0607_w20_qp_41.json,607,w,Oct/Nov,2020,4,calculator,1,8(a),2,Pythagoras
4504,0607_w20_qp_41.json,607,w,Oct/Nov,2020,4,calculator,1,8(b),2,Pythagoras
4505,0607_w20_qp_41.json,607,w,Oct/Nov,2020,4,calculator,1,8(c),2,trigonometry
4506,0607_w20_qp_41.json,607,w,Oct/Nov,2020,4,calculator,1,8(d),2,trigonometry
4507,0607_w20_qp_41.json,607,w,Oct/Nov,2020,4,calculator,1,9(a)(i),3,mensuration
4508,0607_w20_qp_41.json,607,w,Oct/Nov,2020,4,calculator,1,9(a)(ii),2,similarity
4509,0607_w20_qp_41.json,607,w,Oct/Nov,2020,4,calculator,1,9(b)(i),3,mensuration
4510,0607_w20_qp_41.json,607,w,Oct/Nov,2020,4,calculator,1,9(b)(ii),2,similarity
4511,0607_w20_qp_41.json,607,w,Oct/Nov,2020,4,calculator,1,10(a),3,trigonometry
4512,0607_w20_qp_41.json,607,w,Oct/Nov,2020,4,calculator,1,10(b),3,trigonometry
4513,0607_w20_qp_41.json,607,w,Oct/Nov,2020,4,calculator,1,10(c),3,trigonometry
4514,0607_w20_qp_41.json,607,w,Oct/Nov,2020,4,calculator,1,10(d),4,trigonometry
4515,0607_w20_qp_41.json,607,w,Oct/Nov,2020,4,calculator,1,11(a)(i),1,probability
4516,0607_w20_qp_41.json,607,w,Oct/Nov,2020,4,calculator,1,11(a)(ii),1,probability
4517,0607_w20_qp_41.json,607,w,Oct/Nov,2020,4,calculator,1,11(b)(i),2,probability
4518,0607_w20_qp_41.json,607,w,Oct/Nov,2020,4,calculator,1,11(b)(ii),3,probability
4519,0607_w20_qp_41.json,607,w,Oct/Nov,2020,4,calculator,1,11(b)(iii),1,probability
4520,0607_w20_qp_41.json,607,w,Oct/Nov,2020,4,calculator,1,11(c)(i),3,probability
4521,0607_w20_qp_41.json,607,w,Oct/Nov,2020,4,calculator,1,11(c)(ii),4,probability
4522,0607_w20_qp_41.json,607,w,Oct/Nov,2020,4,calculator,1,12(a),3,solving linear equations
4523,0607_w20_qp_41.json,607,w,Oct/Nov,2020,4,calculator,1,12(b),3,solving linear equations
4524,0607_w20_qp_41.json,607,w,Oct/Nov,2020,4,calculator,1,12(c),3,logarithms
4525,0607_w20_qp_41.json,607,w,Oct/Nov,2020,4,calculator,1,12(d),3,logarithms
4526,0607_w20_qp_42.json,607,w,Oct/Nov,2020,4,calculator,2,1(a),2,topics in arithmetic
4527,0607_w20_qp_42.json,607,w,Oct/Nov,2020,4,calculator,2,1(b)(i),3,topics in arithmetic
4528,0607_w20_qp_42.json,607,w,Oct/Nov,2020,4,calculator,2,1(b)(ii),4,topics in arithmetic
4529,0607_w20_qp_42.json,607,w,Oct/Nov,2020,4,calculator,2,2(a),2,transformations
4530,0607_w20_qp_42.json,607,w,Oct/Nov,2020,4,calculator,2,2(b),2,transformations
4531,0607_w20_qp_42.json,607,w,Oct/Nov,2020,4,calculator,2,2(c),2,transformations
4532,0607_w20_qp_42.json,607,w,Oct/Nov,2020,4,calculator,2,2(d),2,transformations
4533,0607_w20_qp_42.json,607,w,Oct/Nov,2020,4,calculator,2,2(e),3,transformations
4534,0607_w20_qp_42.json,607,w,Oct/Nov,2020,4,calculator,2,3(a),2,statistics
4535,0607_w20_qp_42.json,607,w,Oct/Nov,2020,4,calculator,2,3(b),1,statistics
4536,0607_w20_qp_42.json,607,w,Oct/Nov,2020,4,calculator,2,3(c),2,statistics
4537,0607_w20_qp_42.json,607,w,Oct/Nov,2020,4,calculator,2,3(d),1,statistics
4538,0607_w20_qp_42.json,607,w,Oct/Nov,2020,4,calculator,2,4(a),2,graphing functions
4539,0607_w20_qp_42.json,607,w,Oct/Nov,2020,4,calculator,2,4(b),2,graphing functions
4540,0607_w20_qp_42.json,607,w,Oct/Nov,2020,4,calculator,2,4(c),3,graphing functions
4541,0607_w20_qp_42.json,607,w,Oct/Nov,2020,4,calculator,2,4(d)(i),3,graphing functions
4542,0607_w20_qp_42.json,607,w,Oct/Nov,2020,4,calculator,2,4(d)(ii),2,inequalities
4543,0607_w20_qp_42.json,607,w,Oct/Nov,2020,4,calculator,2,5(a),2,topics in arithmetic
4544,0607_w20_qp_42.json,607,w,Oct/Nov,2020,4,calculator,2,5(b),3,topics in arithmetic
4545,0607_w20_qp_42.json,607,w,Oct/Nov,2020,4,calculator,2,5(c),2,topics in arithmetic
4546,0607_w20_qp_42.json,607,w,Oct/Nov,2020,4,calculator,2,6(a),3,trigonometry
4547,0607_w20_qp_42.json,607,w,Oct/Nov,2020,4,calculator,2,6(b),3,trigonometry
4548,0607_w20_qp_42.json,607,w,Oct/Nov,2020,4,calculator,2,6(c),2,trigonometry
4549,0607_w20_qp_42.json,607,w,Oct/Nov,2020,4,calculator,2,6(d),3,mensuration
4550,0607_w20_qp_42.json,607,w,Oct/Nov,2020,4,calculator,2,7(a),3,straight lines
4551,0607_w20_qp_42.json,607,w,Oct/Nov,2020,4,calculator,2,7(b),3,straight lines
4552,0607_w20_qp_42.json,607,w,Oct/Nov,2020,4,calculator,2,7(c),3,straight lines
4553,0607_w20_qp_42.json,607,w,Oct/Nov,2020,4,calculator,2,7(d),2,simultaneous equations
4554,0607_w20_qp_42.json,607,w,Oct/Nov,2020,4,calculator,2,7(e)(i),2,straight lines
4555,0607_w20_qp_42.json,607,w,Oct/Nov,2020,4,calculator,2,7(e)(ii),1,straight lines
4556,0607_w20_qp_42.json,607,w,Oct/Nov,2020,4,calculator,2,7(f),3,mensuration
4557,0607_w20_qp_42.json,607,w,Oct/Nov,2020,4,calculator,2,8(a),1,probability
4558,0607_w20_qp_42.json,607,w,Oct/Nov,2020,4,calculator,2,8(b)(i),2,probability
4559,0607_w20_qp_42.json,607,w,Oct/Nov,2020,4,calculator,2,8(b)(ii),3,probability
4560,0607_w20_qp_42.json,607,w,Oct/Nov,2020,4,calculator,2,8(c),2,probability
4561,0607_w20_qp_42.json,607,w,Oct/Nov,2020,4,calculator,2,8(d),3,probability
4562,0607_w20_qp_42.json,607,w,Oct/Nov,2020,4,calculator,2,9(a)(i),1,statistics
4563,0607_w20_qp_42.json,607,w,Oct/Nov,2020,4,calculator,2,9(a)(ii),2,statistics
4564,0607_w20_qp_42.json,607,w,Oct/Nov,2020,4,calculator,2,9(b),3,statistics
4565,0607_w20_qp_42.json,607,w,Oct/Nov,2020,4,calculator,2,10(a),2,variation and proportion
4566,0607_w20_qp_42.json,607,w,Oct/Nov,2020,4,calculator,2,10(b),1,variation and proportion
4567,0607_w20_qp_42.json,607,w,Oct/Nov,2020,4,calculator,2,10(c),2,variation and proportion
4568,0607_w20_qp_42.json,607,w,Oct/Nov,2020,4,calculator,2,10(d),3,variation and proportion
4569,0607_w20_qp_42.json,607,w,Oct/Nov,2020,4,calculator,2,11(a),2,solving linear equations
4570,0607_w20_qp_42.json,607,w,Oct/Nov,2020,4,calculator,2,11(b),2,functions
4571,0607_w20_qp_42.json,607,w,Oct/Nov,2020,4,calculator,2,11(c)(i),2,functions
4572,0607_w20_qp_42.json,607,w,Oct/Nov,2020,4,calculator,2,11(c)(ii),3,expanding and factorising
4573,0607_w20_qp_42.json,607,w,Oct/Nov,2020,4,calculator,2,11(d),2,functions
4574,0607_w20_qp_42.json,607,w,Oct/Nov,2020,4,calculator,2,11(e),3,functions
4575,0607_w20_qp_42.json,607,w,Oct/Nov,2020,4,calculator,2,12(a)(i),1,vectors
4576,0607_w20_qp_42.json,607,w,Oct/Nov,2020,4,calculator,2,12(a)(ii),1,vectors
4577,0607_w20_qp_42.json,607,w,Oct/Nov,2020,4,calculator,2,12(a)(iii),2,vectors
4578,0607_w20_qp_42.json,607,w,Oct/Nov,2020,4,calculator,2,12(b),4,simultaneous equations
4579,0607_w20_qp_43.json,607,w,Oct/Nov,2020,4,calculator,3,1(a),1,topics in arithmetic
4580,0607_w20_qp_43.json,607,w,Oct/Nov,2020,4,calculator,3,1(b),2,topics in arithmetic
4581,0607_w20_qp_43.json,607,w,Oct/Nov,2020,4,calculator,3,1(c),2,topics in arithmetic
4582,0607_w20_qp_43.json,607,w,Oct/Nov,2020,4,calculator,3,1(d),3,topics in arithmetic
4583,0607_w20_qp_43.json,607,w,Oct/Nov,2020,4,calculator,3,2(a),3,angles
4584,0607_w20_qp_43.json,607,w,Oct/Nov,2020,4,calculator,3,2(b)(i),1,circle theorems
4585,0607_w20_qp_43.json,607,w,Oct/Nov,2020,4,calculator,3,2(b)(ii),2,circle theorems
4586,0607_w20_qp_43.json,607,w,Oct/Nov,2020,4,calculator,3,2(c)(i),1,similarity
4587,0607_w20_qp_43.json,607,w,Oct/Nov,2020,4,calculator,3,2(c)(ii),3,similarity
4588,0607_w20_qp_43.json,607,w,Oct/Nov,2020,4,calculator,3,2(c)(iii),2,similarity
4589,0607_w20_qp_43.json,607,w,Oct/Nov,2020,4,calculator,3,3(a)(i),1,statistics
4590,0607_w20_qp_43.json,607,w,Oct/Nov,2020,4,calculator,3,3(a)(ii),1,statistics
4591,0607_w20_qp_43.json,607,w,Oct/Nov,2020,4,calculator,3,3(a)(iii),1,statistics
4592,0607_w20_qp_43.json,607,w,Oct/Nov,2020,4,calculator,3,3(a)(iv),1,statistics
4593,0607_w20_qp_43.json,607,w,Oct/Nov,2020,4,calculator,3,3(a)(v),2,statistics
4594,0607_w20_qp_43.json,607,w,Oct/Nov,2020,4,calculator,3,3(b)(i),2,statistics
4595,0607_w20_qp_43.json,607,w,Oct/Nov,2020,4,calculator,3,3(b)(ii),1,statistics
4596,0607_w20_qp_43.json,607,w,Oct/Nov,2020,4,calculator,3,3(b)(iii),2,statistics
4597,0607_w20_qp_43.json,607,w,Oct/Nov,2020,4,calculator,3,3(b)(iv),1,statistics
4598,0607_w20_qp_43.json,607,w,Oct/Nov,2020,4,calculator,3,3(c),2,statistics
4599,0607_w20_qp_43.json,607,w,Oct/Nov,2020,4,calculator,3,4(a)(i),1,sets and Venn diagrams
4600,0607_w20_qp_43.json,607,w,Oct/Nov,2020,4,calculator,3,4(a)(ii),1,sets and Venn diagrams
4601,0607_w20_qp_43.json,607,w,Oct/Nov,2020,4,calculator,3,4(b)(i),1,sets and Venn diagrams
4602,0607_w20_qp_43.json,607,w,Oct/Nov,2020,4,calculator,3,4(b)(ii),1,sets and Venn diagrams
4603,0607_w20_qp_43.json,607,w,Oct/Nov,2020,4,calculator,3,4(b)(iii),1,sets and Venn diagrams
4604,0607_w20_qp_43.json,607,w,Oct/Nov,2020,4,calculator,3,4(c),1,probability
4605,0607_w20_qp_43.json,607,w,Oct/Nov,2020,4,calculator,3,4(d),2,probability
4606,0607_w20_qp_43.json,607,w,Oct/Nov,2020,4,calculator,3,4(e),3,probability
4607,0607_w20_qp_43.json,607,w,Oct/Nov,2020,4,calculator,3,5(a),3,topics in arithmetic
4608,0607_w20_qp_43.json,607,w,Oct/Nov,2020,4,calculator,3,5(b),4,topics in arithmetic
4609,0607_w20_qp_43.json,607,w,Oct/Nov,2020,4,calculator,3,5(c),4,topics in arithmetic
4610,0607_w20_qp_43.json,607,w,Oct/Nov,2020,4,calculator,3,6(a),3,mensuration
4611,0607_w20_qp_43.json,607,w,Oct/Nov,2020,4,calculator,3,6(b)(i),2,mensuration
4612,0607_w20_qp_43.json,607,w,Oct/Nov,2020,4,calculator,3,6(b)(ii),2,mensuration
4613,0607_w20_qp_43.json,607,w,Oct/Nov,2020,4,calculator,3,7(a)(i),1,expanding and factorising
4614,0607_w20_qp_43.json,607,w,Oct/Nov,2020,4,calculator,3,7(a)(ii),5,simultaneous equations
4615,0607_w20_qp_43.json,607,w,Oct/Nov,2020,4,calculator,3,7(b)(i),2,expanding and factorising
4616,0607_w20_qp_43.json,607,w,Oct/Nov,2020,4,calculator,3,7(b)(ii),8,solving quadratic equations
4617,0607_w20_qp_43.json,607,w,Oct/Nov,2020,4,calculator,3,8(a)(i),2,graphing functions
4618,0607_w20_qp_43.json,607,w,Oct/Nov,2020,4,calculator,3,8(a)(ii),3,inequalities
4619,0607_w20_qp_43.json,607,w,Oct/Nov,2020,4,calculator,3,8(a)(iii),3,graphing functions
4620,0607_w20_qp_43.json,607,w,Oct/Nov,2020,4,calculator,3,8(a)(iv),1,inequalities
4621,0607_w20_qp_43.json,607,w,Oct/Nov,2020,4,calculator,3,8(b),3,graphing functions
4622,0607_w20_qp_43.json,607,w,Oct/Nov,2020,4,calculator,3,8(c),3,graphing functions
4623,0607_w20_qp_43.json,607,w,Oct/Nov,2020,4,calculator,3,9(a),1,vectors
4624,0607_w20_qp_43.json,607,w,Oct/Nov,2020,4,calculator,3,9(b),1,vectors
4625,0607_w20_qp_43.json,607,w,Oct/Nov,2020,4,calculator,3,9(c),1,vectors
4626,0607_w20_qp_43.json,607,w,Oct/Nov,2020,4,calculator,3,9(d),1,straight lines
4627,0607_w20_qp_43.json,607,w,Oct/Nov,2020,4,calculator,3,9(e),3,Pythagoras
4628,0607_w20_qp_43.json,607,w,Oct/Nov,2020,4,calculator,3,9(f),3,straight lines
4629,0607_w20_qp_43.json,607,w,Oct/Nov,2020,4,calculator,3,10(a)(i),3,transformations
4630,0607_w20_qp_43.json,607,w,Oct/Nov,2020,4,calculator,3,10(a)(ii),2,transformations
4631,0607_w20_qp_43.json,607,w,Oct/Nov,2020,4,calculator,3,10(a)(iii),2,transformations
4632,0607_w20_qp_43.json,607,w,Oct/Nov,2020,4,calculator,3,10(b),3,transformations
4633,0607_w20_qp_43.json,607,w,Oct/Nov,2020,4,calculator,3,11(a),2,functions
4634,0607_w20_qp_43.json,607,w,Oct/Nov,2020,4,calculator,3,11(b),1,exponents and surds
4635,0607_w20_qp_43.json,607,w,Oct/Nov,2020,4,calculator,3,11(c),2,functions
4636,0607_w20_qp_43.json,607,w,Oct/Nov,2020,4,calculator,3,11(d),1,functions
4637,0607_w21_qp_21.json,607,w,Oct/Nov,2021,2,non_calculator,1,1(a),1,topics in arithmetic
4638,0607_w21_qp_21.json,607,w,Oct/Nov,2021,2,non_calculator,1,1(b),1,topics in arithmetic
4639,0607_w21_qp_21.json,607,w,Oct/Nov,2021,2,non_calculator,1,2(a),1,topics in arithmetic
4640,0607_w21_qp_21.json,607,w,Oct/Nov,2021,2,non_calculator,1,2(b),1,topics in arithmetic
4641,0607_w21_qp_21.json,607,w,Oct/Nov,2021,2,non_calculator,1,3,2,transformations
4642,0607_w21_qp_21.json,607,w,Oct/Nov,2021,2,non_calculator,1,4,3,statistics
4643,0607_w21_qp_21.json,607,w,Oct/Nov,2021,2,non_calculator,1,5,3,solving linear equations
4644,0607_w21_qp_21.json,607,w,Oct/Nov,2021,2,non_calculator,1,6(a),1,exponents and surds
4645,0607_w21_qp_21.json,607,w,Oct/Nov,2021,2,non_calculator,1,6(b)(i),1,exponents and surds
4646,0607_w21_qp_21.json,607,w,Oct/Nov,2021,2,non_calculator,1,6(b)(ii),1,exponents and surds
4647,0607_w21_qp_21.json,607,w,Oct/Nov,2021,2,non_calculator,1,7(a),1,probability
4648,0607_w21_qp_21.json,607,w,Oct/Nov,2021,2,non_calculator,1,7(b)(i),1,probability
4649,0607_w21_qp_21.json,607,w,Oct/Nov,2021,2,non_calculator,1,7(b)(ii),2,probability
4650,0607_w21_qp_21.json,607,w,Oct/Nov,2021,2,non_calculator,1,8,3,simultaneous equations
4651,0607_w21_qp_21.json,607,w,Oct/Nov,2021,2,non_calculator,1,9,2,variation and proportion
4652,0607_w21_qp_21.json,607,w,Oct/Nov,2021,2,non_calculator,1,10,3,mensuration
4653,0607_w21_qp_21.json,607,w,Oct/Nov,2021,2,non_calculator,1,11,4,Pythagoras
4654,0607_w21_qp_21.json,607,w,Oct/Nov,2021,2,non_calculator,1,12(a),1,inequalities
4655,0607_w21_qp_21.json,607,w,Oct/Nov,2021,2,non_calculator,1,12(b),1,inequalities
4656,0607_w21_qp_21.json,607,w,Oct/Nov,2021,2,non_calculator,1,13,3,graphing functions
4657,0607_w21_qp_21.json,607,w,Oct/Nov,2021,2,non_calculator,1,14(a),1,logarithms
4658,0607_w21_qp_21.json,607,w,Oct/Nov,2021,2,non_calculator,1,14(b),3,logarithms
4659,0607_w21_qp_22.json,607,w,Oct/Nov,2021,2,non_calculator,2,1,1,topics in arithmetic
4660,0607_w21_qp_22.json,607,w,Oct/Nov,2021,2,non_calculator,2,2,2,transformations
4661,0607_w21_qp_22.json,607,w,Oct/Nov,2021,2,non_calculator,2,3(a),1,topics in arithmetic
4662,0607_w21_qp_22.json,607,w,Oct/Nov,2021,2,non_calculator,2,3(b),1,topics in arithmetic
4663,0607_w21_qp_22.json,607,w,Oct/Nov,2021,2,non_calculator,2,4,1,inequalities
4664,0607_w21_qp_22.json,607,w,Oct/Nov,2021,2,non_calculator,2,5,2,topics in arithmetic
4665,0607_w21_qp_22.json,607,w,Oct/Nov,2021,2,non_calculator,2,6,1,inequalities
4666,0607_w21_qp_22.json,607,w,Oct/Nov,2021,2,non_calculator,2,7,2,angles
4667,0607_w21_qp_22.json,607,w,Oct/Nov,2021,2,non_calculator,2,8,2,graphing functions
4668,0607_w21_qp_22.json,607,w,Oct/Nov,2021,2,non_calculator,2,9,2,mensuration
4669,0607_w21_qp_22.json,607,w,Oct/Nov,2021,2,non_calculator,2,10(a),1,sets and Venn diagrams
4670,0607_w21_qp_22.json,607,w,Oct/Nov,2021,2,non_calculator,2,10(b),1,sets and Venn diagrams
4671,0607_w21_qp_22.json,607,w,Oct/Nov,2021,2,non_calculator,2,10(c),1,sets and Venn diagrams
4672,0607_w21_qp_22.json,607,w,Oct/Nov,2021,2,non_calculator,2,11,1,solving linear equations
4673,0607_w21_qp_22.json,607,w,Oct/Nov,2021,2,non_calculator,2,12,1,exponents and surds
4674,0607_w21_qp_22.json,607,w,Oct/Nov,2021,2,non_calculator,2,13,2,circle theorems
4675,0607_w21_qp_22.json,607,w,Oct/Nov,2021,2,non_calculator,2,14,2,exponents and surds
4676,0607_w21_qp_22.json,607,w,Oct/Nov,2021,2,non_calculator,2,15,3,solving linear equations
4677,0607_w21_qp_22.json,607,w,Oct/Nov,2021,2,non_calculator,2,16,2,expanding and factorising
4678,0607_w21_qp_22.json,607,w,Oct/Nov,2021,2,non_calculator,2,17,2,exponents and surds
4679,0607_w21_qp_22.json,607,w,Oct/Nov,2021,2,non_calculator,2,18,4,expanding and factorising
4680,0607_w21_qp_22.json,607,w,Oct/Nov,2021,2,non_calculator,2,19,3,logarithms
4681,0607_w21_qp_22.json,607,w,Oct/Nov,2021,2,non_calculator,2,20(a),1,trigonometry
4682,0607_w21_qp_22.json,607,w,Oct/Nov,2021,2,non_calculator,2,20(b),1,trigonometry
4683,0607_w21_qp_23.json,607,w,Oct/Nov,2021,2,non_calculator,3,1(a),1,topics in arithmetic
4684,0607_w21_qp_23.json,607,w,Oct/Nov,2021,2,non_calculator,3,1(b),1,topics in arithmetic
4685,0607_w21_qp_23.json,607,w,Oct/Nov,2021,2,non_calculator,3,2,1,topics in arithmetic
4686,0607_w21_qp_23.json,607,w,Oct/Nov,2021,2,non_calculator,3,3,2,topics in arithmetic
4687,0607_w21_qp_23.json,607,w,Oct/Nov,2021,2,non_calculator,3,4(a),1,solving linear equations
4688,0607_w21_qp_23.json,607,w,Oct/Nov,2021,2,non_calculator,3,4(b),2,solving linear equations
4689,0607_w21_qp_23.json,607,w,Oct/Nov,2021,2,non_calculator,3,5(a),2,solving linear equations
4690,0607_w21_qp_23.json,607,w,Oct/Nov,2021,2,non_calculator,3,5(b),2,probability
4691,0607_w21_qp_23.json,607,w,Oct/Nov,2021,2,non_calculator,3,6(a),2,exponents and surds
4692,0607_w21_qp_23.json,607,w,Oct/Nov,2021,2,non_calculator,3,6(b),3,exponents and surds
4693,0607_w21_qp_23.json,607,w,Oct/Nov,2021,2,non_calculator,3,7,3,Pythagoras
4694,0607_w21_qp_23.json,607,w,Oct/Nov,2021,2,non_calculator,3,8(a),2,angles
4695,0607_w21_qp_23.json,607,w,Oct/Nov,2021,2,non_calculator,3,8(b),2,angles
4696,0607_w21_qp_23.json,607,w,Oct/Nov,2021,2,non_calculator,3,9,2,expanding and factorising
4697,0607_w21_qp_23.json,607,w,Oct/Nov,2021,2,non_calculator,3,10,4,simultaneous equations
4698,0607_w21_qp_23.json,607,w,Oct/Nov,2021,2,non_calculator,3,11(a),1,functions
4699,0607_w21_qp_23.json,607,w,Oct/Nov,2021,2,non_calculator,3,11(b),2,functions
4700,0607_w21_qp_23.json,607,w,Oct/Nov,2021,2,non_calculator,3,12,4,expanding and factorising
4701,0607_w21_qp_23.json,607,w,Oct/Nov,2021,2,non_calculator,3,13,3,probability
4702,0607_w21_qp_41.json,607,w,Oct/Nov,2021,4,calculator,1,1(a),3,topics in arithmetic
4703,0607_w21_qp_41.json,607,w,Oct/Nov,2021,4,calculator,1,1(b),3,topics in arithmetic
4704,0607_w21_qp_41.json,607,w,Oct/Nov,2021,4,calculator,1,1(c),3,topics in arithmetic
4705,0607_w21_qp_41.json,607,w,Oct/Nov,2021,4,calculator,1,2(a)(i),1,transformations
4706,0607_w21_qp_41.json,607,w,Oct/Nov,2021,4,calculator,1,2(a)(ii),1,transformations
4707,0607_w21_qp_41.json,607,w,Oct/Nov,2021,4,calculator,1,2(a)(iii),1,transformations
4708,0607_w21_qp_41.json,607,w,Oct/Nov,2021,4,calculator,1,2(b)(i),3,transformations
4709,0607_w21_qp_41.json,607,w,Oct/Nov,2021,4,calculator,1,2(b)(ii),2,transformations
4710,0607_w21_qp_41.json,607,w,Oct/Nov,2021,4,calculator,1,3(a),2,statistics
4711,0607_w21_qp_41.json,607,w,Oct/Nov,2021,4,calculator,1,3(b),1,statistics
4712,0607_w21_qp_41.json,607,w,Oct/Nov,2021,4,calculator,1,3(c),2,statistics
4713,0607_w21_qp_41.json,607,w,Oct/Nov,2021,4,calculator,1,3(d),1,statistics
4714,0607_w21_qp_41.json,607,w,Oct/Nov,2021,4,calculator,1,3(e),1,statistics
4715,0607_w21_qp_41.json,607,w,Oct/Nov,2021,4,calculator,1,4(a)(i),1,statistics
4716,0607_w21_qp_41.json,607,w,Oct/Nov,2021,4,calculator,1,4(a)(ii),1,statistics
4717,0607_w21_qp_41.json,607,w,Oct/Nov,2021,4,calculator,1,4(a)(iii),1,statistics
4718,0607_w21_qp_41.json,607,w,Oct/Nov,2021,4,calculator,1,4(a)(iv),2,statistics
4719,0607_w21_qp_41.json,607,w,Oct/Nov,2021,4,calculator,1,4(b),1,statistics
4720,0607_w21_qp_41.json,607,w,Oct/Nov,2021,4,calculator,1,5(a),3,graphing functions
4721,0607_w21_qp_41.json,607,w,Oct/Nov,2021,4,calculator,1,5(b),2,graphing functions
4722,0607_w21_qp_41.json,607,w,Oct/Nov,2021,4,calculator,1,5(c),2,graphing functions
4723,0607_w21_qp_41.json,607,w,Oct/Nov,2021,4,calculator,1,5(d),3,graphing functions
4724,0607_w21_qp_41.json,607,w,Oct/Nov,2021,4,calculator,1,5(e),1,graphing functions
4725,0607_w21_qp_41.json,607,w,Oct/Nov,2021,4,calculator,1,6(a),4,statistics
4726,0607_w21_qp_41.json,607,w,Oct/Nov,2021,4,calculator,1,6(b),2,statistics
4727,0607_w21_qp_41.json,607,w,Oct/Nov,2021,4,calculator,1,6(c),2,statistics
4728,0607_w21_qp_41.json,607,w,Oct/Nov,2021,4,calculator,1,7(a),2,sequences
4729,0607_w21_qp_41.json,607,w,Oct/Nov,2021,4,calculator,1,7(b)(i),3,sequences
4730,0607_w21_qp_41.json,607,w,Oct/Nov,2021,4,calculator,1,7(b)(ii),3,sequences
4731,0607_w21_qp_41.json,607,w,Oct/Nov,2021,4,calculator,1,7(b)(iii),3,sequences
4732,0607_w21_qp_41.json,607,w,Oct/Nov,2021,4,calculator,1,8(a),2,mensuration
4733,0607_w21_qp_41.json,607,w,Oct/Nov,2021,4,calculator,1,8(b),4,mensuration
4734,0607_w21_qp_41.json,607,w,Oct/Nov,2021,4,calculator,1,8(c),3,Pythagoras
4735,0607_w21_qp_41.json,607,w,Oct/Nov,2021,4,calculator,1,8(d),2,trigonometry
4736,0607_w21_qp_41.json,607,w,Oct/Nov,2021,4,calculator,1,8(e),3,similarity
4737,0607_w21_qp_41.json,607,w,Oct/Nov,2021,4,calculator,1,9(a),3,simultaneous equations
4738,0607_w21_qp_41.json,607,w,Oct/Nov,2021,4,calculator,1,9(b),4,simultaneous equations
4739,0607_w21_qp_41.json,607,w,Oct/Nov,2021,4,calculator,1,10(a),2,functions
4740,0607_w21_qp_41.json,607,w,Oct/Nov,2021,4,calculator,1,10(b),2,functions
4741,0607_w21_qp_41.json,607,w,Oct/Nov,2021,4,calculator,1,10(c),2,functions
4742,0607_w21_qp_41.json,607,w,Oct/Nov,2021,4,calculator,1,10(d),1,functions
4743,0607_w21_qp_41.json,607,w,Oct/Nov,2021,4,calculator,1,11(a),3,trigonometry
4744,0607_w21_qp_41.json,607,w,Oct/Nov,2021,4,calculator,1,11(b)(i),3,trigonometry
4745,0607_w21_qp_41.json,607,w,Oct/Nov,2021,4,calculator,1,11(b)(ii),1,trigonometry
4746,0607_w21_qp_41.json,607,w,Oct/Nov,2021,4,calculator,1,11(c),5,trigonometry
4747,0607_w21_qp_41.json,607,w,Oct/Nov,2021,4,calculator,1,12(a)(i),2,sets and Venn diagrams
4748,0607_w21_qp_41.json,607,w,Oct/Nov,2021,4,calculator,1,12(a)(ii),1,sets and Venn diagrams
4749,0607_w21_qp_41.json,607,w,Oct/Nov,2021,4,calculator,1,12(b)(i),2,probability
4750,0607_w21_qp_41.json,607,w,Oct/Nov,2021,4,calculator,1,12(b)(ii),3,probability
4751,0607_w21_qp_41.json,607,w,Oct/Nov,2021,4,calculator,1,12(b)(iii),3,probability
4752,0607_w21_qp_41.json,607,w,Oct/Nov,2021,4,calculator,1,13(a),4,solving linear equations
4753,0607_w21_qp_41.json,607,w,Oct/Nov,2021,4,calculator,1,13(b)(i),2,graphing functions
4754,0607_w21_qp_41.json,607,w,Oct/Nov,2021,4,calculator,1,13(b)(ii),1,graphing functions
4755,0607_w21_qp_41.json,607,w,Oct/Nov,2021,4,calculator,1,13(b)(iii),2,graphing functions
4756,0607_w21_qp_42.json,607,w,Oct/Nov,2021,4,calculator,2,1(a)(i),1,topics in arithmetic
4757,0607_w21_qp_42.json,607,w,Oct/Nov,2021,4,calculator,2,1(a)(ii),2,topics in arithmetic
4758,0607_w21_qp_42.json,607,w,Oct/Nov,2021,4,calculator,2,1(b)(i),3,topics in arithmetic
4759,0607_w21_qp_42.json,607,w,Oct/Nov,2021,4,calculator,2,1(b)(ii),2,topics in arithmetic
4760,0607_w21_qp_42.json,607,w,Oct/Nov,2021,4,calculator,2,2(a),2,graphing functions
4761,0607_w21_qp_42.json,607,w,Oct/Nov,2021,4,calculator,2,2(b),1,graphing functions
4762,0607_w21_qp_42.json,607,w,Oct/Nov,2021,4,calculator,2,2(c),2,graphing functions
4763,0607_w21_qp_42.json,607,w,Oct/Nov,2021,4,calculator,2,2(d),2,graphing functions
4764,0607_w21_qp_42.json,607,w,Oct/Nov,2021,4,calculator,2,2(e)(i),1,graphing functions
4765,0607_w21_qp_42.json,607,w,Oct/Nov,2021,4,calculator,2,2(e)(ii),1,graphing functions
4766,0607_w21_qp_42.json,607,w,Oct/Nov,2021,4,calculator,2,2(f),1,inequalities
4767,0607_w21_qp_42.json,607,w,Oct/Nov,2021,4,calculator,2,3(a)(i),3,topics in arithmetic
4768,0607_w21_qp_42.json,607,w,Oct/Nov,2021,4,calculator,2,3(a)(ii),4,topics in arithmetic
4769,0607_w21_qp_42.json,607,w,Oct/Nov,2021,4,calculator,2,3(b),3,topics in arithmetic
4770,0607_w21_qp_42.json,607,w,Oct/Nov,2021,4,calculator,2,4(a)(i),1,statistics
4771,0607_w21_qp_42.json,607,w,Oct/Nov,2021,4,calculator,2,4(a)(ii),1,statistics
4772,0607_w21_qp_42.json,607,w,Oct/Nov,2021,4,calculator,2,4(a)(iii),2,statistics
4773,0607_w21_qp_42.json,607,w,Oct/Nov,2021,4,calculator,2,4(a)(iv),2,statistics
4774,0607_w21_qp_42.json,607,w,Oct/Nov,2021,4,calculator,2,4(b),2,statistics
4775,0607_w21_qp_42.json,607,w,Oct/Nov,2021,4,calculator,2,5(a)(i),1,transformations
4776,0607_w21_qp_42.json,607,w,Oct/Nov,2021,4,calculator,2,5(a)(ii),2,transformations
4777,0607_w21_qp_42.json,607,w,Oct/Nov,2021,4,calculator,2,5(a)(iii),2,transformations
4778,0607_w21_qp_42.json,607,w,Oct/Nov,2021,4,calculator,2,5(a)(iv),2,transformations
4779,0607_w21_qp_42.json,607,w,Oct/Nov,2021,4,calculator,2,5(a)(v),3,transformations
4780,0607_w21_qp_42.json,607,w,Oct/Nov,2021,4,calculator,2,5(b)(i),1,transformations
4781,0607_w21_qp_42.json,607,w,Oct/Nov,2021,4,calculator,2,5(b)(ii),1,transformations
4782,0607_w21_qp_42.json,607,w,Oct/Nov,2021,4,calculator,2,6(a)(i),2,vectors
4783,0607_w21_qp_42.json,607,w,Oct/Nov,2021,4,calculator,2,6(a)(ii),2,vectors
4784,0607_w21_qp_42.json,607,w,Oct/Nov,2021,4,calculator,2,6(a)(iii),1,vectors
4785,0607_w21_qp_42.json,607,w,Oct/Nov,2021,4,calculator,2,6(a)(iv),2,vectors
4786,0607_w21_qp_42.json,607,w,Oct/Nov,2021,4,calculator,2,6(b)(i),5,straight lines
4787,0607_w21_qp_42.json,607,w,Oct/Nov,2021,4,calculator,2,6(b)(ii),2,straight lines
4788,0607_w21_qp_42.json,607,w,Oct/Nov,2021,4,calculator,2,7(a),5,simultaneous equations
4789,0607_w21_qp_42.json,607,w,Oct/Nov,2021,4,calculator,2,7(b),7,solving quadratic equations
4790,0607_w21_qp_42.json,607,w,Oct/Nov,2021,4,calculator,2,8(a)(i)(a),1,functions
4791,0607_w21_qp_42.json,607,w,Oct/Nov,2021,4,calculator,2,8(a)(i)(b),1,functions
4792,0607_w21_qp_42.json,607,w,Oct/Nov,2021,4,calculator,2,8(a)(ii),2,functions
4793,0607_w21_qp_42.json,607,w,Oct/Nov,2021,4,calculator,2,8(a)(iii),2,solving linear equations
4794,0607_w21_qp_42.json,607,w,Oct/Nov,2021,4,calculator,2,8(a)(iv),2,functions
4795,0607_w21_qp_42.json,607,w,Oct/Nov,2021,4,calculator,2,8(a)(v),4,functions
4796,0607_w21_qp_42.json,607,w,Oct/Nov,2021,4,calculator,2,8(b)(i),1,exponents and surds
4797,0607_w21_qp_42.json,607,w,Oct/Nov,2021,4,calculator,2,8(b)(ii),2,logarithms
4798,0607_w21_qp_42.json,607,w,Oct/Nov,2021,4,calculator,2,9(a),9,sequences
4799,0607_w21_qp_42.json,607,w,Oct/Nov,2021,4,calculator,2,9(b),4,variation and proportion
4800,0607_w21_qp_42.json,607,w,Oct/Nov,2021,4,calculator,2,10(a),3,probability
4801,0607_w21_qp_42.json,607,w,Oct/Nov,2021,4,calculator,2,10(b),3,probability
4802,0607_w21_qp_42.json,607,w,Oct/Nov,2021,4,calculator,2,11(a),7,mensuration
4803,0607_w21_qp_42.json,607,w,Oct/Nov,2021,4,calculator,2,11(b)(i),1,trigonometry
4804,0607_w21_qp_42.json,607,w,Oct/Nov,2021,4,calculator,2,11(b)(ii),4,trigonometry
4805,0607_w21_qp_43.json,607,w,Oct/Nov,2021,4,calculator,3,1(a)(i),1,statistics
4806,0607_w21_qp_43.json,607,w,Oct/Nov,2021,4,calculator,3,1(a)(ii),1,statistics
4807,0607_w21_qp_43.json,607,w,Oct/Nov,2021,4,calculator,3,1(a)(iii),1,statistics
4808,0607_w21_qp_43.json,607,w,Oct/Nov,2021,4,calculator,3,1(a)(iv),2,statistics
4809,0607_w21_qp_43.json,607,w,Oct/Nov,2021,4,calculator,3,1(a)(v),2,statistics
4810,0607_w21_qp_43.json,607,w,Oct/Nov,2021,4,calculator,3,1(b),2,statistics
4811,0607_w21_qp_43.json,607,w,Oct/Nov,2021,4,calculator,3,2(a),1,transformations
4812,0607_w21_qp_43.json,607,w,Oct/Nov,2021,4,calculator,3,2(b),1,transformations
4813,0607_w21_qp_43.json,607,w,Oct/Nov,2021,4,calculator,3,2(c),2,transformations
4814,0607_w21_qp_43.json,607,w,Oct/Nov,2021,4,calculator,3,2(d),2,transformations
4815,0607_w21_qp_43.json,607,w,Oct/Nov,2021,4,calculator,3,3(a)(i),1,topics in arithmetic
4816,0607_w21_qp_43.json,607,w,Oct/Nov,2021,4,calculator,3,3(a)(ii),2,topics in arithmetic
4817,0607_w21_qp_43.json,607,w,Oct/Nov,2021,4,calculator,3,3(b)(i),1,topics in arithmetic
4818,0607_w21_qp_43.json,607,w,Oct/Nov,2021,4,calculator,3,3(b)(ii),1,topics in arithmetic
4819,0607_w21_qp_43.json,607,w,Oct/Nov,2021,4,calculator,3,4(a),2,straight lines
4820,0607_w21_qp_43.json,607,w,Oct/Nov,2021,4,calculator,3,4(b),2,straight lines
4821,0607_w21_qp_43.json,607,w,Oct/Nov,2021,4,calculator,3,4(c),3,straight lines
4822,0607_w21_qp_43.json,607,w,Oct/Nov,2021,4,calculator,3,4(d),2,straight lines
4823,0607_w21_qp_43.json,607,w,Oct/Nov,2021,4,calculator,3,4(e),3,straight lines
4824,0607_w21_qp_43.json,607,w,Oct/Nov,2021,4,calculator,3,5(a)(i),1,topics in arithmetic
4825,0607_w21_qp_43.json,607,w,Oct/Nov,2021,4,calculator,3,5(a)(ii),5,topics in arithmetic
4826,0607_w21_qp_43.json,607,w,Oct/Nov,2021,4,calculator,3,5(b)(i),3,topics in arithmetic
4827,0607_w21_qp_43.json,607,w,Oct/Nov,2021,4,calculator,3,5(b)(ii),3,topics in arithmetic
4828,0607_w21_qp_43.json,607,w,Oct/Nov,2021,4,calculator,3,6(a),2,sets and Venn diagrams
4829,0607_w21_qp_43.json,607,w,Oct/Nov,2021,4,calculator,3,6(b),2,sets and Venn diagrams
4830,0607_w21_qp_43.json,607,w,Oct/Nov,2021,4,calculator,3,6(c)(i),1,sets and Venn diagrams
4831,0607_w21_qp_43.json,607,w,Oct/Nov,2021,4,calculator,3,6(c)(ii),1,sets and Venn diagrams
4832,0607_w21_qp_43.json,607,w,Oct/Nov,2021,4,calculator,3,6(c)(iii),1,sets and Venn diagrams
4833,0607_w21_qp_43.json,607,w,Oct/Nov,2021,4,calculator,3,6(d),1,sets and Venn diagrams
4834,0607_w21_qp_43.json,607,w,Oct/Nov,2021,4,calculator,3,7(a)(i),2,variation and proportion
4835,0607_w21_qp_43.json,607,w,Oct/Nov,2021,4,calculator,3,7(a)(ii),2,variation and proportion
4836,0607_w21_qp_43.json,607,w,Oct/Nov,2021,4,calculator,3,7(b),3,variation and proportion
4837,0607_w21_qp_43.json,607,w,Oct/Nov,2021,4,calculator,3,8(a),2,graphing functions
4838,0607_w21_qp_43.json,607,w,Oct/Nov,2021,4,calculator,3,8(b),1,graphing functions
4839,0607_w21_qp_43.json,607,w,Oct/Nov,2021,4,calculator,3,8(c),2,graphing functions
4840,0607_w21_qp_43.json,607,w,Oct/Nov,2021,4,calculator,3,8(d)(i),2,transformations
4841,0607_w21_qp_43.json,607,w,Oct/Nov,2021,4,calculator,3,8(d)(ii),2,functions
4842,0607_w21_qp_43.json,607,w,Oct/Nov,2021,4,calculator,3,8(d)(iii),2,functions
4843,0607_w21_qp_43.json,607,w,Oct/Nov,2021,4,calculator,3,9(a),1,circle theorems
4844,0607_w21_qp_43.json,607,w,Oct/Nov,2021,4,calculator,3,9(b)(i),1,circle theorems
4845,0607_w21_qp_43.json,607,w,Oct/Nov,2021,4,calculator,3,9(b)(ii),1,circle theorems
4846,0607_w21_qp_43.json,607,w,Oct/Nov,2021,4,calculator,3,9(b)(iii),1,circle theorems
4847,0607_w21_qp_43.json,607,w,Oct/Nov,2021,4,calculator,3,9(c),1,circle theorems
4848,0607_w21_qp_43.json,607,w,Oct/Nov,2021,4,calculator,3,9(d)(i),1,similarity
4849,0607_w21_qp_43.json,607,w,Oct/Nov,2021,4,calculator,3,9(d)(ii),1,similarity
4850,0607_w21_qp_43.json,607,w,Oct/Nov,2021,4,calculator,3,10(a),5,mensuration
4851,0607_w21_qp_43.json,607,w,Oct/Nov,2021,4,calculator,3,10(b),4,mensuration
4852,0607_w21_qp_43.json,607,w,Oct/Nov,2021,4,calculator,3,10(c),3,similarity
4853,0607_w21_qp_43.json,607,w,Oct/Nov,2021,4,calculator,3,11(a),3,trigonometry
4854,0607_w21_qp_43.json,607,w,Oct/Nov,2021,4,calculator,3,11(b),4,trigonometry
4855,0607_w21_qp_43.json,607,w,Oct/Nov,2021,4,calculator,3,11(c),4,trigonometry
4856,0607_w21_qp_43.json,607,w,Oct/Nov,2021,4,calculator,3,12(a)(i),3,solving linear equations
4857,0607_w21_qp_43.json,607,w,Oct/Nov,2021,4,calculator,3,12(a)(ii),3,inequalities
4858,0607_w21_qp_43.json,607,w,Oct/Nov,2021,4,calculator,3,12(b)(i),3,solving quadratic equations
4859,0607_w21_qp_43.json,607,w,Oct/Nov,2021,4,calculator,3,12(b)(ii),2,trigonometry
4860,0607_w21_qp_43.json,607,w,Oct/Nov,2021,4,calculator,3,13(a),1,probability
4861,0607_w21_qp_43.json,607,w,Oct/Nov,2021,4,calculator,3,13(b)(i),2,probability
4862,0607_w21_qp_43.json,607,w,Oct/Nov,2021,4,calculator,3,13(b)(ii),3,probability
4863,0607_w21_qp_43.json,607,w,Oct/Nov,2021,4,calculator,3,13(b)(iii),3,probability
4864,0607_w22_qp_21.json,607,w,Oct/Nov,2022,2,non_calculator,1,1(a),1,topics in arithmetic
4865,0607_w22_qp_21.json,607,w,Oct/Nov,2022,2,non_calculator,1,1(b),1,topics in arithmetic
4866,0607_w22_qp_21.json,607,w,Oct/Nov,2022,2,non_calculator,1,2(a),1,topics in arithmetic
4867,0607_w22_qp_21.json,607,w,Oct/Nov,2022,2,non_calculator,1,2(b),1,topics in arithmetic
4868,0607_w22_qp_21.json,607,w,Oct/Nov,2022,2,non_calculator,1,3,1,expanding and factorising
4869,0607_w22_qp_21.json,607,w,Oct/Nov,2022,2,non_calculator,1,4,1,mensuration
4870,0607_w22_qp_21.json,607,w,Oct/Nov,2022,2,non_calculator,1,5,1,exponents and surds
4871,0607_w22_qp_21.json,607,w,Oct/Nov,2022,2,non_calculator,1,6(a),2,exponents and surds
4872,0607_w22_qp_21.json,607,w,Oct/Nov,2022,2,non_calculator,1,6(b),2,exponents and surds
4873,0607_w22_qp_21.json,607,w,Oct/Nov,2022,2,non_calculator,1,7(a),1,statistics
4874,0607_w22_qp_21.json,607,w,Oct/Nov,2022,2,non_calculator,1,7(b),2,statistics
4875,0607_w22_qp_21.json,607,w,Oct/Nov,2022,2,non_calculator,1,8(a),2,sequences
4876,0607_w22_qp_21.json,607,w,Oct/Nov,2022,2,non_calculator,1,8(b),2,sequences
4877,0607_w22_qp_21.json,607,w,Oct/Nov,2022,2,non_calculator,1,9(a),1,angles
4878,0607_w22_qp_21.json,607,w,Oct/Nov,2022,2,non_calculator,1,9(b),2,angles
4879,0607_w22_qp_21.json,607,w,Oct/Nov,2022,2,non_calculator,1,10,5,straight lines
4880,0607_w22_qp_21.json,607,w,Oct/Nov,2022,2,non_calculator,1,11(a),3,solving quadratic equations
4881,0607_w22_qp_21.json,607,w,Oct/Nov,2022,2,non_calculator,1,11(b),2,solving linear equations
4882,0607_w22_qp_21.json,607,w,Oct/Nov,2022,2,non_calculator,1,12,3,probability
4883,0607_w22_qp_21.json,607,w,Oct/Nov,2022,2,non_calculator,1,13,2,logarithms
4884,0607_w22_qp_21.json,607,w,Oct/Nov,2022,2,non_calculator,1,14,4,mensuration
4885,0607_w22_qp_22.json,607,w,Oct/Nov,2022,2,non_calculator,2,1(a),2,statistics
4886,0607_w22_qp_22.json,607,w,Oct/Nov,2022,2,non_calculator,2,1(b),2,statistics
4887,0607_w22_qp_22.json,607,w,Oct/Nov,2022,2,non_calculator,2,2,3,angles
4888,0607_w22_qp_22.json,607,w,Oct/Nov,2022,2,non_calculator,2,3,2,topics in arithmetic
4889,0607_w22_qp_22.json,607,w,Oct/Nov,2022,2,non_calculator,2,4(a),1,exponents and surds
4890,0607_w22_qp_22.json,607,w,Oct/Nov,2022,2,non_calculator,2,4(b),1,exponents and surds
4891,0607_w22_qp_22.json,607,w,Oct/Nov,2022,2,non_calculator,2,5(a),1,probability
4892,0607_w22_qp_22.json,607,w,Oct/Nov,2022,2,non_calculator,2,5(b),1,probability
4893,0607_w22_qp_22.json,607,w,Oct/Nov,2022,2,non_calculator,2,6,2,inequalities
4894,0607_w22_qp_22.json,607,w,Oct/Nov,2022,2,non_calculator,2,7(a),2,transformations
4895,0607_w22_qp_22.json,607,w,Oct/Nov,2022,2,non_calculator,2,7(b),2,transformations
4896,0607_w22_qp_22.json,607,w,Oct/Nov,2022,2,non_calculator,2,8,1,exponents and surds
4897,0607_w22_qp_22.json,607,w,Oct/Nov,2022,2,non_calculator,2,9,3,variation and proportion
4898,0607_w22_qp_22.json,607,w,Oct/Nov,2022,2,non_calculator,2,10,3,trigonometry
4899,0607_w22_qp_22.json,607,w,Oct/Nov,2022,2,non_calculator,2,11,3,expanding and factorising
4900,0607_w22_qp_22.json,607,w,Oct/Nov,2022,2,non_calculator,2,12(a),2,functions
4901,0607_w22_qp_22.json,607,w,Oct/Nov,2022,2,non_calculator,2,12(b),2,functions
4902,0607_w22_qp_22.json,607,w,Oct/Nov,2022,2,non_calculator,2,13(a),2,circle theorems
4903,0607_w22_qp_22.json,607,w,Oct/Nov,2022,2,non_calculator,2,13(b),2,circle theorems
4904,0607_w22_qp_22.json,607,w,Oct/Nov,2022,2,non_calculator,2,14,3,logarithms
4905,0607_w22_qp_23.json,607,w,Oct/Nov,2022,2,non_calculator,3,1,2,angles
4906,0607_w22_qp_23.json,607,w,Oct/Nov,2022,2,non_calculator,3,2,2,solving linear equations
4907,0607_w22_qp_23.json,607,w,Oct/Nov,2022,2,non_calculator,3,3,1,exponents and surds
4908,0607_w22_qp_23.json,607,w,Oct/Nov,2022,2,non_calculator,3,4,2,topics in arithmetic
4909,0607_w22_qp_23.json,607,w,Oct/Nov,2022,2,non_calculator,3,5(a),1,probability
4910,0607_w22_qp_23.json,607,w,Oct/Nov,2022,2,non_calculator,3,5(b),1,probability
4911,0607_w22_qp_23.json,607,w,Oct/Nov,2022,2,non_calculator,3,6,3,mensuration
4912,0607_w22_qp_23.json,607,w,Oct/Nov,2022,2,non_calculator,3,7,2,exponents and surds
4913,0607_w22_qp_23.json,607,w,Oct/Nov,2022,2,non_calculator,3,8(a),1,similarity
4914,0607_w22_qp_23.json,607,w,Oct/Nov,2022,2,non_calculator,3,8(b),2,similarity
4915,0607_w22_qp_23.json,607,w,Oct/Nov,2022,2,non_calculator,3,9(a),1,sets and Venn diagrams
4916,0607_w22_qp_23.json,607,w,Oct/Nov,2022,2,non_calculator,3,9(b),1,sets and Venn diagrams
4917,0607_w22_qp_23.json,607,w,Oct/Nov,2022,2,non_calculator,3,9(c),1,sets and Venn diagrams
4918,0607_w22_qp_23.json,607,w,Oct/Nov,2022,2,non_calculator,3,10,3,exponents and surds
4919,0607_w22_qp_23.json,607,w,Oct/Nov,2022,2,non_calculator,3,11(a),1,circle theorems
4920,0607_w22_qp_23.json,607,w,Oct/Nov,2022,2,non_calculator,3,11(b),1,circle theorems
4921,0607_w22_qp_23.json,607,w,Oct/Nov,2022,2,non_calculator,3,11(c),1,circle theorems
4922,0607_w22_qp_23.json,607,w,Oct/Nov,2022,2,non_calculator,3,11(d),1,circle theorems
4923,0607_w22_qp_23.json,607,w,Oct/Nov,2022,2,non_calculator,3,12,2,exponents and surds
4924,0607_w22_qp_23.json,607,w,Oct/Nov,2022,2,non_calculator,3,13(a),1,expanding and factorising
4925,0607_w22_qp_23.json,607,w,Oct/Nov,2022,2,non_calculator,3,13(b),2,expanding and factorising
4926,0607_w22_qp_23.json,607,w,Oct/Nov,2022,2,non_calculator,3,14,2,exponents and surds
4927,0607_w22_qp_23.json,607,w,Oct/Nov,2022,2,non_calculator,3,15,1,logarithms
4928,0607_w22_qp_23.json,607,w,Oct/Nov,2022,2,non_calculator,3,16,2,exponents and surds
4929,0607_w22_qp_23.json,607,w,Oct/Nov,2022,2,non_calculator,3,17,3,expanding and factorising
4930,0607_w22_qp_41.json,607,w,Oct/Nov,2022,4,calculator,1,1(a),3,transformations
4931,0607_w22_qp_41.json,607,w,Oct/Nov,2022,4,calculator,1,1(b),2,transformations
4932,0607_w22_qp_41.json,607,w,Oct/Nov,2022,4,calculator,1,1(c),2,transformations
4933,0607_w22_qp_41.json,607,w,Oct/Nov,2022,4,calculator,1,1(d),2,transformations
4934,0607_w22_qp_41.json,607,w,Oct/Nov,2022,4,calculator,1,2(a)(i),2,statistics
4935,0607_w22_qp_41.json,607,w,Oct/Nov,2022,4,calculator,1,2(a)(ii),1,statistics
4936,0607_w22_qp_41.json,607,w,Oct/Nov,2022,4,calculator,1,2(b),1,statistics
4937,0607_w22_qp_41.json,607,w,Oct/Nov,2022,4,calculator,1,2(c),2,statistics
4938,0607_w22_qp_41.json,607,w,Oct/Nov,2022,4,calculator,1,2(d)(i),1,statistics
4939,0607_w22_qp_41.json,607,w,Oct/Nov,2022,4,calculator,1,2(d)(ii),1,statistics
4940,0607_w22_qp_41.json,607,w,Oct/Nov,2022,4,calculator,1,2(e),1,statistics
4941,0607_w22_qp_41.json,607,w,Oct/Nov,2022,4,calculator,1,3(a),4,topics in arithmetic
4942,0607_w22_qp_41.json,607,w,Oct/Nov,2022,4,calculator,1,3(b)(i),2,topics in arithmetic
4943,0607_w22_qp_41.json,607,w,Oct/Nov,2022,4,calculator,1,3(b)(ii),2,topics in arithmetic
4944,0607_w22_qp_41.json,607,w,Oct/Nov,2022,4,calculator,1,3(c),3,solving linear equations
4945,0607_w22_qp_41.json,607,w,Oct/Nov,2022,4,calculator,1,3(d),3,topics in arithmetic
4946,0607_w22_qp_41.json,607,w,Oct/Nov,2022,4,calculator,1,4(a),1,circle theorems
4947,0607_w22_qp_41.json,607,w,Oct/Nov,2022,4,calculator,1,4(b)(i),1,circle theorems
4948,0607_w22_qp_41.json,607,w,Oct/Nov,2022,4,calculator,1,4(b)(ii),1,circle theorems
4949,0607_w22_qp_41.json,607,w,Oct/Nov,2022,4,calculator,1,4(b)(iii),1,circle theorems
4950,0607_w22_qp_41.json,607,w,Oct/Nov,2022,4,calculator,1,4(c)(i),1,similarity
4951,0607_w22_qp_41.json,607,w,Oct/Nov,2022,4,calculator,1,4(c)(ii),1,similarity
4952,0607_w22_qp_41.json,607,w,Oct/Nov,2022,4,calculator,1,5(a),3,graphing functions
4953,0607_w22_qp_41.json,607,w,Oct/Nov,2022,4,calculator,1,5(b),1,graphing functions
4954,0607_w22_qp_41.json,607,w,Oct/Nov,2022,4,calculator,1,5(c),3,graphing functions
4955,0607_w22_qp_41.json,607,w,Oct/Nov,2022,4,calculator,1,5(d),1,graphing functions
4956,0607_w22_qp_41.json,607,w,Oct/Nov,2022,4,calculator,1,5(e),2,graphing functions
4957,0607_w22_qp_41.json,607,w,Oct/Nov,2022,4,calculator,1,5(f),3,inequalities
4958,0607_w22_qp_41.json,607,w,Oct/Nov,2022,4,calculator,1,6(a),3,variation and proportion
4959,0607_w22_qp_41.json,607,w,Oct/Nov,2022,4,calculator,1,6(b),4,variation and proportion
4960,0607_w22_qp_41.json,607,w,Oct/Nov,2022,4,calculator,1,7(a),4,simultaneous equations
4961,0607_w22_qp_41.json,607,w,Oct/Nov,2022,4,calculator,1,7(b)(i),1,functions
4962,0607_w22_qp_41.json,607,w,Oct/Nov,2022,4,calculator,1,7(b)(ii),2,functions
4963,0607_w22_qp_41.json,607,w,Oct/Nov,2022,4,calculator,1,7(b)(iii),3,functions
4964,0607_w22_qp_41.json,607,w,Oct/Nov,2022,4,calculator,1,7(b)(iv),3,functions
4965,0607_w22_qp_41.json,607,w,Oct/Nov,2022,4,calculator,1,8(a),3,statistics
4966,0607_w22_qp_41.json,607,w,Oct/Nov,2022,4,calculator,1,8(b)(i),1,statistics
4967,0607_w22_qp_41.json,607,w,Oct/Nov,2022,4,calculator,1,8(b)(ii),2,statistics
4968,0607_w22_qp_41.json,607,w,Oct/Nov,2022,4,calculator,1,8(c),2,statistics
4969,0607_w22_qp_41.json,607,w,Oct/Nov,2022,4,calculator,1,8(d),1,statistics
4970,0607_w22_qp_41.json,607,w,Oct/Nov,2022,4,calculator,1,8(e),2,statistics
4971,0607_w22_qp_41.json,607,w,Oct/Nov,2022,4,calculator,1,9(a)(i),2,expanding and factorising
4972,0607_w22_qp_41.json,607,w,Oct/Nov,2022,4,calculator,1,9(a)(ii),1,mensuration
4973,0607_w22_qp_41.json,607,w,Oct/Nov,2022,4,calculator,1,9(b),2,mensuration
4974,0607_w22_qp_41.json,607,w,Oct/Nov,2022,4,calculator,1,9(c),4,solving quadratic equations
4975,0607_w22_qp_41.json,607,w,Oct/Nov,2022,4,calculator,1,10(a)(i),2,probability
4976,0607_w22_qp_41.json,607,w,Oct/Nov,2022,4,calculator,1,10(a)(ii),2,probability
4977,0607_w22_qp_41.json,607,w,Oct/Nov,2022,4,calculator,1,10(b),3,probability
4978,0607_w22_qp_41.json,607,w,Oct/Nov,2022,4,calculator,1,11(a),2,trigonometry
4979,0607_w22_qp_41.json,607,w,Oct/Nov,2022,4,calculator,1,11(b),2,Pythagoras
4980,0607_w22_qp_41.json,607,w,Oct/Nov,2022,4,calculator,1,11(c),5,trigonometry
4981,0607_w22_qp_41.json,607,w,Oct/Nov,2022,4,calculator,1,11(d),2,mensuration
4982,0607_w22_qp_41.json,607,w,Oct/Nov,2022,4,calculator,1,12(a)(i),1,exponents and surds
4983,0607_w22_qp_41.json,607,w,Oct/Nov,2022,4,calculator,1,12(a)(ii),1,exponents and surds
4984,0607_w22_qp_41.json,607,w,Oct/Nov,2022,4,calculator,1,12(b)(i),1,exponents and surds
4985,0607_w22_qp_41.json,607,w,Oct/Nov,2022,4,calculator,1,12(b)(ii),1,exponents and surds
4986,0607_w22_qp_41.json,607,w,Oct/Nov,2022,4,calculator,1,12(c)(i),3,exponents and surds
4987,0607_w22_qp_41.json,607,w,Oct/Nov,2022,4,calculator,1,12(c)(ii),4,solving quadratic equations
4988,0607_w22_qp_42.json,607,w,Oct/Nov,2022,4,calculator,2,1(a),1,topics in arithmetic
4989,0607_w22_qp_42.json,607,w,Oct/Nov,2022,4,calculator,2,1(b)(i),2,topics in arithmetic
4990,0607_w22_qp_42.json,607,w,Oct/Nov,2022,4,calculator,2,1(b)(ii),4,topics in arithmetic
4991,0607_w22_qp_42.json,607,w,Oct/Nov,2022,4,calculator,2,2(a),2,statistics
4992,0607_w22_qp_42.json,607,w,Oct/Nov,2022,4,calculator,2,2(b),1,statistics
4993,0607_w22_qp_42.json,607,w,Oct/Nov,2022,4,calculator,2,2(c),2,statistics
4994,0607_w22_qp_42.json,607,w,Oct/Nov,2022,4,calculator,2,2(d),1,statistics
4995,0607_w22_qp_42.json,607,w,Oct/Nov,2022,4,calculator,2,2(e),1,statistics
4996,0607_w22_qp_42.json,607,w,Oct/Nov,2022,4,calculator,2,3(a),2,topics in arithmetic
4997,0607_w22_qp_42.json,607,w,Oct/Nov,2022,4,calculator,2,3(b),2,topics in arithmetic
4998,0607_w22_qp_42.json,607,w,Oct/Nov,2022,4,calculator,2,3(c)(i),2,topics in arithmetic
4999,0607_w22_qp_42.json,607,w,Oct/Nov,2022,4,calculator,2,3(c)(ii),4,topics in arithmetic
5000,0607_w22_qp_42.json,607,w,Oct/Nov,2022,4,calculator,2,4(a),3,straight lines
5001,0607_w22_qp_42.json,607,w,Oct/Nov,2022,4,calculator,2,4(b),5,straight lines
5002,0607_w22_qp_42.json,607,w,Oct/Nov,2022,4,calculator,2,4(c),2,straight lines
5003,0607_w22_qp_42.json,607,w,Oct/Nov,2022,4,calculator,2,5(a)(i),1,statistics
5004,0607_w22_qp_42.json,607,w,Oct/Nov,2022,4,calculator,2,5(a)(ii),2,statistics
5005,0607_w22_qp_42.json,607,w,Oct/Nov,2022,4,calculator,2,5(b),2,statistics
5006,0607_w22_qp_42.json,607,w,Oct/Nov,2022,4,calculator,2,5(c),1,statistics
5007,0607_w22_qp_42.json,607,w,Oct/Nov,2022,4,calculator,2,5(d),2,statistics
5008,0607_w22_qp_42.json,607,w,Oct/Nov,2022,4,calculator,2,6(a)(i),2,expanding and factorising
5009,0607_w22_qp_42.json,607,w,Oct/Nov,2022,4,calculator,2,6(a)(ii),2,expanding and factorising
5010,0607_w22_qp_42.json,607,w,Oct/Nov,2022,4,calculator,2,6(b)(i),3,expanding and factorising
5011,0607_w22_qp_42.json,607,w,Oct/Nov,2022,4,calculator,2,6(b)(ii),2,expanding and factorising
5012,0607_w22_qp_42.json,607,w,Oct/Nov,2022,4,calculator,2,6(c)(i),1,exponents and surds
5013,0607_w22_qp_42.json,607,w,Oct/Nov,2022,4,calculator,2,6(c)(ii),2,exponents and surds
5014,0607_w22_qp_42.json,607,w,Oct/Nov,2022,4,calculator,2,6(c)(iii),2,solving linear equations
5015,0607_w22_qp_42.json,607,w,Oct/Nov,2022,4,calculator,2,6(d),3,solving quadratic equations
5016,0607_w22_qp_42.json,607,w,Oct/Nov,2022,4,calculator,2,7(a),3,mensuration
5017,0607_w22_qp_42.json,607,w,Oct/Nov,2022,4,calculator,2,7(b)(i),4,mensuration
5018,0607_w22_qp_42.json,607,w,Oct/Nov,2022,4,calculator,2,7(b)(ii),2,mensuration
5019,0607_w22_qp_42.json,607,w,Oct/Nov,2022,4,calculator,2,8(a),2,sets and Venn diagrams
5020,0607_w22_qp_42.json,607,w,Oct/Nov,2022,4,calculator,2,8(b)(i),3,sets and Venn diagrams
5021,0607_w22_qp_42.json,607,w,Oct/Nov,2022,4,calculator,2,8(b)(ii),1,sets and Venn diagrams
5022,0607_w22_qp_42.json,607,w,Oct/Nov,2022,4,calculator,2,8(b)(iii),1,sets and Venn diagrams
5023,0607_w22_qp_42.json,607,w,Oct/Nov,2022,4,calculator,2,8(b)(iv),1,sets and Venn diagrams
5024,0607_w22_qp_42.json,607,w,Oct/Nov,2022,4,calculator,2,9(a),2,probability
5025,0607_w22_qp_42.json,607,w,Oct/Nov,2022,4,calculator,2,9(b),1,probability
5026,0607_w22_qp_42.json,607,w,Oct/Nov,2022,4,calculator,2,9(c),2,probability
5027,0607_w22_qp_42.json,607,w,Oct/Nov,2022,4,calculator,2,9(d),2,probability
5028,0607_w22_qp_42.json,607,w,Oct/Nov,2022,4,calculator,2,9(e),3,probability
5029,0607_w22_qp_42.json,607,w,Oct/Nov,2022,4,calculator,2,10(a),4,mensuration
5030,0607_w22_qp_42.json,607,w,Oct/Nov,2022,4,calculator,2,10(b),1,mensuration
5031,0607_w22_qp_42.json,607,w,Oct/Nov,2022,4,calculator,2,10(c),2,mensuration
5032,0607_w22_qp_42.json,607,w,Oct/Nov,2022,4,calculator,2,10(d),3,similarity
5033,0607_w22_qp_42.json,607,w,Oct/Nov,2022,4,calculator,2,11(a),4,graphing functions
5034,0607_w22_qp_42.json,607,w,Oct/Nov,2022,4,calculator,2,11(b),2,graphing functions
5035,0607_w22_qp_42.json,607,w,Oct/Nov,2022,4,calculator,2,11(c)(i),2,graphing functions
5036,0607_w22_qp_42.json,607,w,Oct/Nov,2022,4,calculator,2,11(c)(ii),2,graphing functions
5037,0607_w22_qp_42.json,607,w,Oct/Nov,2022,4,calculator,2,11(c)(iii),2,graphing functions
5038,0607_w22_qp_42.json,607,w,Oct/Nov,2022,4,calculator,2,11(d)(i),3,functions
5039,0607_w22_qp_42.json,607,w,Oct/Nov,2022,4,calculator,2,11(d)(ii),3,inequalities
5040,0607_w22_qp_42.json,607,w,Oct/Nov,2022,4,calculator,2,12(a),2,expanding and factorising
5041,0607_w22_qp_42.json,607,w,Oct/Nov,2022,4,calculator,2,12(b)(i),1,expanding and factorising
5042,0607_w22_qp_42.json,607,w,Oct/Nov,2022,4,calculator,2,12(b)(ii),3,expanding and factorising
5043,0607_w22_qp_43.json,607,w,Oct/Nov,2022,4,calculator,3,1(a),2,transformations
5044,0607_w22_qp_43.json,607,w,Oct/Nov,2022,4,calculator,3,1(b),2,transformations
5045,0607_w22_qp_43.json,607,w,Oct/Nov,2022,4,calculator,3,1(c),2,transformations
5046,0607_w22_qp_43.json,607,w,Oct/Nov,2022,4,calculator,3,1(d),3,transformations
5047,0607_w22_qp_43.json,607,w,Oct/Nov,2022,4,calculator,3,2(a),2,graphing functions
5048,0607_w22_qp_43.json,607,w,Oct/Nov,2022,4,calculator,3,2(b),1,graphing functions
5049,0607_w22_qp_43.json,607,w,Oct/Nov,2022,4,calculator,3,2(c),1,solving quadratic equations
5050,0607_w22_qp_43.json,607,w,Oct/Nov,2022,4,calculator,3,2(d),1,graphing functions
5051,0607_w22_qp_43.json,607,w,Oct/Nov,2022,4,calculator,3,2(e),2,graphing functions
5052,0607_w22_qp_43.json,607,w,Oct/Nov,2022,4,calculator,3,2(f)(i),3,solving quadratic equations
5053,0607_w22_qp_43.json,607,w,Oct/Nov,2022,4,calculator,3,2(f)(ii),2,expanding and factorising
5054,0607_w22_qp_43.json,607,w,Oct/Nov,2022,4,calculator,3,3(a),3,solving linear equations
5055,0607_w22_qp_43.json,607,w,Oct/Nov,2022,4,calculator,3,3(b),5,simultaneous equations
5056,0607_w22_qp_43.json,607,w,Oct/Nov,2022,4,calculator,3,4,11,sequences
5057,0607_w22_qp_43.json,607,w,Oct/Nov,2022,4,calculator,3,5(a)(i),1,topics in arithmetic
5058,0607_w22_qp_43.json,607,w,Oct/Nov,2022,4,calculator,3,5(a)(ii),2,topics in arithmetic
5059,0607_w22_qp_43.json,607,w,Oct/Nov,2022,4,calculator,3,5(a)(iii),3,topics in arithmetic
5060,0607_w22_qp_43.json,607,w,Oct/Nov,2022,4,calculator,3,5(b)(i),2,topics in arithmetic
5061,0607_w22_qp_43.json,607,w,Oct/Nov,2022,4,calculator,3,5(b)(ii),2,topics in arithmetic
5062,0607_w22_qp_43.json,607,w,Oct/Nov,2022,4,calculator,3,5(c),4,logarithms
5063,0607_w22_qp_43.json,607,w,Oct/Nov,2022,4,calculator,3,6(a)(i),1,vectors
5064,0607_w22_qp_43.json,607,w,Oct/Nov,2022,4,calculator,3,6(a)(ii),2,vectors
5065,0607_w22_qp_43.json,607,w,Oct/Nov,2022,4,calculator,3,6(a)(iii),2,vectors
5066,0607_w22_qp_43.json,607,w,Oct/Nov,2022,4,calculator,3,6(b)(i),1,vectors
5067,0607_w22_qp_43.json,607,w,Oct/Nov,2022,4,calculator,3,6(b)(ii),1,vectors
5068,0607_w22_qp_43.json,607,w,Oct/Nov,2022,4,calculator,3,6(c),7,straight lines
5069,0607_w22_qp_43.json,607,w,Oct/Nov,2022,4,calculator,3,7(a)(i),2,statistics
5070,0607_w22_qp_43.json,607,w,Oct/Nov,2022,4,calculator,3,7(a)(ii),2,statistics
5071,0607_w22_qp_43.json,607,w,Oct/Nov,2022,4,calculator,3,7(b)(i),1,statistics
5072,0607_w22_qp_43.json,607,w,Oct/Nov,2022,4,calculator,3,7(b)(ii),2,statistics
5073,0607_w22_qp_43.json,607,w,Oct/Nov,2022,4,calculator,3,7(b)(iii),1,statistics
5074,0607_w22_qp_43.json,607,w,Oct/Nov,2022,4,calculator,3,7(b)(iv),1,statistics
5075,0607_w22_qp_43.json,607,w,Oct/Nov,2022,4,calculator,3,7(c)(i),2,probability
5076,0607_w22_qp_43.json,607,w,Oct/Nov,2022,4,calculator,3,7(c)(ii),3,probability
5077,0607_w22_qp_43.json,607,w,Oct/Nov,2022,4,calculator,3,8(a)(i),1,trigonometry
5078,0607_w22_qp_43.json,607,w,Oct/Nov,2022,4,calculator,3,8(a)(ii),3,trigonometry
5079,0607_w22_qp_43.json,607,w,Oct/Nov,2022,4,calculator,3,8(b),3,trigonometry
5080,0607_w22_qp_43.json,607,w,Oct/Nov,2022,4,calculator,3,8(c),4,mensuration
5081,0607_w22_qp_43.json,607,w,Oct/Nov,2022,4,calculator,3,8(d),4,trigonometry
5082,0607_w22_qp_43.json,607,w,Oct/Nov,2022,4,calculator,3,9(a)(i),1,functions
5083,0607_w22_qp_43.json,607,w,Oct/Nov,2022,4,calculator,3,9(a)(ii),2,functions
5084,0607_w22_qp_43.json,607,w,Oct/Nov,2022,4,calculator,3,9(a)(iii),3,functions
5085,0607_w22_qp_43.json,607,w,Oct/Nov,2022,4,calculator,3,9(a)(iv),3,functions
5086,0607_w22_qp_43.json,607,w,Oct/Nov,2022,4,calculator,3,9(a)(v),2,functions
5087,0607_w22_qp_43.json,607,w,Oct/Nov,2022,4,calculator,3,9(a)(vi),2,functions
5088,0607_w22_qp_43.json,607,w,Oct/Nov,2022,4,calculator,3,9(b)(i),1,logarithms
5089,0607_w22_qp_43.json,607,w,Oct/Nov,2022,4,calculator,3,9(b)(ii),2,logarithms
5090,0607_w22_qp_43.json,607,w,Oct/Nov,2022,4,calculator,3,10(a),2,variation and proportion
5091,0607_w22_qp_43.json,607,w,Oct/Nov,2022,4,calculator,3,10(b),5,variation and proportion
5092,0607_w23_qp_21.json,607,w,Oct/Nov,2023,2,non_calculator,1,1,1,angles
5093,0607_w23_qp_21.json,607,w,Oct/Nov,2023,2,non_calculator,1,2(a),1,statistics
5094,0607_w23_qp_21.json,607,w,Oct/Nov,2023,2,non_calculator,1,2(b),2,statistics
5095,0607_w23_qp_21.json,607,w,Oct/Nov,2023,2,non_calculator,1,3,2,straight lines
5096,0607_w23_qp_21.json,607,w,Oct/Nov,2023,2,non_calculator,1,4(a),1,topics in arithmetic
5097,0607_w23_qp_21.json,607,w,Oct/Nov,2023,2,non_calculator,1,4(b),1,exponents and surds
5098,0607_w23_qp_21.json,607,w,Oct/Nov,2023,2,non_calculator,1,4(c),1,inequalities
5099,0607_w23_qp_21.json,607,w,Oct/Nov,2023,2,non_calculator,1,4(d),1,topics in arithmetic
5100,0607_w23_qp_21.json,607,w,Oct/Nov,2023,2,non_calculator,1,5,2,solving linear equations
5101,0607_w23_qp_21.json,607,w,Oct/Nov,2023,2,non_calculator,1,6,3,sequences
5102,0607_w23_qp_21.json,607,w,Oct/Nov,2023,2,non_calculator,1,7(a),2,functions
5103,0607_w23_qp_21.json,607,w,Oct/Nov,2023,2,non_calculator,1,7(b),2,solving linear equations
5104,0607_w23_qp_21.json,607,w,Oct/Nov,2023,2,non_calculator,1,8,3,Pythagoras
5105,0607_w23_qp_21.json,607,w,Oct/Nov,2023,2,non_calculator,1,9,2,probability
5106,0607_w23_qp_21.json,607,w,Oct/Nov,2023,2,non_calculator,1,10,1,exponents and surds
5107,0607_w23_qp_21.json,607,w,Oct/Nov,2023,2,non_calculator,1,11,3,mensuration
5108,0607_w23_qp_21.json,607,w,Oct/Nov,2023,2,non_calculator,1,12,2,circle theorems
5109,0607_w23_qp_21.json,607,w,Oct/Nov,2023,2,non_calculator,1,13,2,variation and proportion
5110,0607_w23_qp_21.json,607,w,Oct/Nov,2023,2,non_calculator,1,14,4,straight lines
5111,0607_w23_qp_21.json,607,w,Oct/Nov,2023,2,non_calculator,1,15,2,exponents and surds
5112,0607_w23_qp_21.json,607,w,Oct/Nov,2023,2,non_calculator,1,16,2,logarithms
5113,0607_w23_qp_22.json,607,w,Oct/Nov,2023,2,non_calculator,2,1,1,topics in arithmetic
5114,0607_w23_qp_22.json,607,w,Oct/Nov,2023,2,non_calculator,2,2,1,topics in arithmetic
5115,0607_w23_qp_22.json,607,w,Oct/Nov,2023,2,non_calculator,2,3,2,solving linear equations
5116,0607_w23_qp_22.json,607,w,Oct/Nov,2023,2,non_calculator,2,4,1,topics in arithmetic
5117,0607_w23_qp_22.json,607,w,Oct/Nov,2023,2,non_calculator,2,5(a),1,statistics
5118,0607_w23_qp_22.json,607,w,Oct/Nov,2023,2,non_calculator,2,5(b),1,statistics
5119,0607_w23_qp_22.json,607,w,Oct/Nov,2023,2,non_calculator,2,6(a),2,topics in arithmetic
5120,0607_w23_qp_22.json,607,w,Oct/Nov,2023,2,non_calculator,2,6(b),3,topics in arithmetic
5121,0607_w23_qp_22.json,607,w,Oct/Nov,2023,2,non_calculator,2,7,1,exponents and surds
5122,0607_w23_qp_22.json,607,w,Oct/Nov,2023,2,non_calculator,2,8,1,topics in arithmetic
5123,0607_w23_qp_22.json,607,w,Oct/Nov,2023,2,non_calculator,2,9,2,expanding and factorising
5124,0607_w23_qp_22.json,607,w,Oct/Nov,2023,2,non_calculator,2,10(a),2,straight lines
5125,0607_w23_qp_22.json,607,w,Oct/Nov,2023,2,non_calculator,2,10(b),3,straight lines
5126,0607_w23_qp_22.json,607,w,Oct/Nov,2023,2,non_calculator,2,11(a),1,sets and Venn diagrams
5127,0607_w23_qp_22.json,607,w,Oct/Nov,2023,2,non_calculator,2,11(b),1,sets and Venn diagrams
5128,0607_w23_qp_22.json,607,w,Oct/Nov,2023,2,non_calculator,2,11(c),2,sets and Venn diagrams
5129,0607_w23_qp_22.json,607,w,Oct/Nov,2023,2,non_calculator,2,12,3,solving quadratic equations
5130,0607_w23_qp_22.json,607,w,Oct/Nov,2023,2,non_calculator,2,13,2,vectors
5131,0607_w23_qp_22.json,607,w,Oct/Nov,2023,2,non_calculator,2,14,3,solving linear equations
5132,0607_w23_qp_22.json,607,w,Oct/Nov,2023,2,non_calculator,2,15(a),2,graphing functions
5133,0607_w23_qp_22.json,607,w,Oct/Nov,2023,2,non_calculator,2,15(b),1,graphing functions
5134,0607_w23_qp_22.json,607,w,Oct/Nov,2023,2,non_calculator,2,16(a),1,logarithms
5135,0607_w23_qp_22.json,607,w,Oct/Nov,2023,2,non_calculator,2,16(b),3,logarithms
5136,0607_w23_qp_23.json,607,w,Oct/Nov,2023,2,non_calculator,3,1(a),1,topics in arithmetic
5137,0607_w23_qp_23.json,607,w,Oct/Nov,2023,2,non_calculator,3,1(b),1,topics in arithmetic
5138,0607_w23_qp_23.json,607,w,Oct/Nov,2023,2,non_calculator,3,2,1,topics in arithmetic
5139,0607_w23_qp_23.json,607,w,Oct/Nov,2023,2,non_calculator,3,3,2,topics in arithmetic
5140,0607_w23_qp_23.json,607,w,Oct/Nov,2023,2,non_calculator,3,4(a),2,inequalities
5141,0607_w23_qp_23.json,607,w,Oct/Nov,2023,2,non_calculator,3,4(b),1,inequalities
5142,0607_w23_qp_23.json,607,w,Oct/Nov,2023,2,non_calculator,3,5(a),2,statistics
5143,0607_w23_qp_23.json,607,w,Oct/Nov,2023,2,non_calculator,3,5(b),1,statistics
5144,0607_w23_qp_23.json,607,w,Oct/Nov,2023,2,non_calculator,3,6,3,angles
5145,0607_w23_qp_23.json,607,w,Oct/Nov,2023,2,non_calculator,3,7,2,exponents and surds
5146,0607_w23_qp_23.json,607,w,Oct/Nov,2023,2,non_calculator,3,8(a),1,sequences
5147,0607_w23_qp_23.json,607,w,Oct/Nov,2023,2,non_calculator,3,8(b),2,sequences
5148,0607_w23_qp_23.json,607,w,Oct/Nov,2023,2,non_calculator,3,9,3,similarity
5149,0607_w23_qp_23.json,607,w,Oct/Nov,2023,2,non_calculator,3,10(a),1,circle theorems
5150,0607_w23_qp_23.json,607,w,Oct/Nov,2023,2,non_calculator,3,10(b),1,circle theorems
5151,0607_w23_qp_23.json,607,w,Oct/Nov,2023,2,non_calculator,3,10(c),1,circle theorems
5152,0607_w23_qp_23.json,607,w,Oct/Nov,2023,2,non_calculator,3,11,2,exponents and surds
5153,0607_w23_qp_23.json,607,w,Oct/Nov,2023,2,non_calculator,3,12,2,variation and proportion
5154,0607_w23_qp_23.json,607,w,Oct/Nov,2023,2,non_calculator,3,13,4,mensuration
5155,0607_w23_qp_23.json,607,w,Oct/Nov,2023,2,non_calculator,3,14,4,logarithms
5156,0607_w23_qp_23.json,607,w,Oct/Nov,2023,2,non_calculator,3,15,3,expanding and factorising
5157,0607_w23_qp_41.json,607,w,Oct/Nov,2023,4,calculator,1,1(a),1,topics in arithmetic
5158,0607_w23_qp_41.json,607,w,Oct/Nov,2023,4,calculator,1,1(b),2,topics in arithmetic
5159,0607_w23_qp_41.json,607,w,Oct/Nov,2023,4,calculator,1,1(c),2,topics in arithmetic
5160,0607_w23_qp_41.json,607,w,Oct/Nov,2023,4,calculator,1,1(d)(i),2,topics in arithmetic
5161,0607_w23_qp_41.json,607,w,Oct/Nov,2023,4,calculator,1,1(d)(ii),4,topics in arithmetic
5162,0607_w23_qp_41.json,607,w,Oct/Nov,2023,4,calculator,1,2(a),3,graphing functions
5163,0607_w23_qp_41.json,607,w,Oct/Nov,2023,4,calculator,1,2(b),1,graphing functions
5164,0607_w23_qp_41.json,607,w,Oct/Nov,2023,4,calculator,1,2(c),2,graphing functions
5165,0607_w23_qp_41.json,607,w,Oct/Nov,2023,4,calculator,1,2(d),2,graphing functions
5166,0607_w23_qp_41.json,607,w,Oct/Nov,2023,4,calculator,1,2(e),3,graphing functions
5167,0607_w23_qp_41.json,607,w,Oct/Nov,2023,4,calculator,1,3(a)(i),1,statistics
5168,0607_w23_qp_41.json,607,w,Oct/Nov,2023,4,calculator,1,3(a)(ii),2,statistics
5169,0607_w23_qp_41.json,607,w,Oct/Nov,2023,4,calculator,1,3(a)(iii),2,statistics
5170,0607_w23_qp_41.json,607,w,Oct/Nov,2023,4,calculator,1,3(b),2,statistics
5171,0607_w23_qp_41.json,607,w,Oct/Nov,2023,4,calculator,1,3(c),2,statistics
5172,0607_w23_qp_41.json,607,w,Oct/Nov,2023,4,calculator,1,4(a)(i),2,vectors
5173,0607_w23_qp_41.json,607,w,Oct/Nov,2023,4,calculator,1,4(a)(ii),1,vectors
5174,0607_w23_qp_41.json,607,w,Oct/Nov,2023,4,calculator,1,4(a)(iii),2,vectors
5175,0607_w23_qp_41.json,607,w,Oct/Nov,2023,4,calculator,1,4(b),2,vectors
5176,0607_w23_qp_41.json,607,w,Oct/Nov,2023,4,calculator,1,4(c)(i),2,transformations
5177,0607_w23_qp_41.json,607,w,Oct/Nov,2023,4,calculator,1,4(c)(ii),3,transformations
5178,0607_w23_qp_41.json,607,w,Oct/Nov,2023,4,calculator,1,4(c)(iii),1,transformations
5179,0607_w23_qp_41.json,607,w,Oct/Nov,2023,4,calculator,1,4(c)(iv),2,transformations
5180,0607_w23_qp_41.json,607,w,Oct/Nov,2023,4,calculator,1,5(a),2,functions
5181,0607_w23_qp_41.json,607,w,Oct/Nov,2023,4,calculator,1,5(b)(i),2,solving linear equations
5182,0607_w23_qp_41.json,607,w,Oct/Nov,2023,4,calculator,1,5(b)(ii),3,solving quadratic equations
5183,0607_w23_qp_41.json,607,w,Oct/Nov,2023,4,calculator,1,5(c),2,functions
5184,0607_w23_qp_41.json,607,w,Oct/Nov,2023,4,calculator,1,5(d),2,functions
5185,0607_w23_qp_41.json,607,w,Oct/Nov,2023,4,calculator,1,5(e),1,functions
5186,0607_w23_qp_41.json,607,w,Oct/Nov,2023,4,calculator,1,5(f),2,logarithms
5187,0607_w23_qp_41.json,607,w,Oct/Nov,2023,4,calculator,1,6(a),2,topics in arithmetic
5188,0607_w23_qp_41.json,607,w,Oct/Nov,2023,4,calculator,1,6(b),3,topics in arithmetic
5189,0607_w23_qp_41.json,607,w,Oct/Nov,2023,4,calculator,1,6(c)(i),2,exponents and surds
5190,0607_w23_qp_41.json,607,w,Oct/Nov,2023,4,calculator,1,6(c)(ii),2,exponents and surds
5191,0607_w23_qp_41.json,607,w,Oct/Nov,2023,4,calculator,1,7(a),3,solving linear equations
5192,0607_w23_qp_41.json,607,w,Oct/Nov,2023,4,calculator,1,7(b)(i),3,solving quadratic equations
5193,0607_w23_qp_41.json,607,w,Oct/Nov,2023,4,calculator,1,7(b)(ii),3,solving quadratic equations
5194,0607_w23_qp_41.json,607,w,Oct/Nov,2023,4,calculator,1,7(b)(iii),1,solving quadratic equations
5195,0607_w23_qp_41.json,607,w,Oct/Nov,2023,4,calculator,1,8(a),2,mensuration
5196,0607_w23_qp_41.json,607,w,Oct/Nov,2023,4,calculator,1,8(b),2,mensuration
5197,0607_w23_qp_41.json,607,w,Oct/Nov,2023,4,calculator,1,8(c),4,mensuration
5198,0607_w23_qp_41.json,607,w,Oct/Nov,2023,4,calculator,1,8(d),2,similarity
5199,0607_w23_qp_41.json,607,w,Oct/Nov,2023,4,calculator,1,9(a),1,probability
5200,0607_w23_qp_41.json,607,w,Oct/Nov,2023,4,calculator,1,9(b),2,probability
5201,0607_w23_qp_41.json,607,w,Oct/Nov,2023,4,calculator,1,9(c),3,probability
5202,0607_w23_qp_41.json,607,w,Oct/Nov,2023,4,calculator,1,9(d),3,probability
5203,0607_w23_qp_41.json,607,w,Oct/Nov,2023,4,calculator,1,10(a)(i),1,expanding and factorising
5204,0607_w23_qp_41.json,607,w,Oct/Nov,2023,4,calculator,1,10(a)(ii),2,expanding and factorising
5205,0607_w23_qp_41.json,607,w,Oct/Nov,2023,4,calculator,1,10(b),4,expanding and factorising
5206,0607_w23_qp_41.json,607,w,Oct/Nov,2023,4,calculator,1,10(c),3,expanding and factorising
5207,0607_w23_qp_41.json,607,w,Oct/Nov,2023,4,calculator,1,11(a),2,trigonometry
5208,0607_w23_qp_41.json,607,w,Oct/Nov,2023,4,calculator,1,11(b),3,trigonometry
5209,0607_w23_qp_41.json,607,w,Oct/Nov,2023,4,calculator,1,11(c),3,trigonometry
5210,0607_w23_qp_41.json,607,w,Oct/Nov,2023,4,calculator,1,11(d),4,circle theorems
5211,0607_w23_qp_42.json,607,w,Oct/Nov,2023,4,calculator,2,1(a),2,transformations
5212,0607_w23_qp_42.json,607,w,Oct/Nov,2023,4,calculator,2,1(b),2,transformations
5213,0607_w23_qp_42.json,607,w,Oct/Nov,2023,4,calculator,2,1(c),3,transformations
5214,0607_w23_qp_42.json,607,w,Oct/Nov,2023,4,calculator,2,1(d),2,transformations
5215,0607_w23_qp_42.json,607,w,Oct/Nov,2023,4,calculator,2,2(a)(i),1,functions
5216,0607_w23_qp_42.json,607,w,Oct/Nov,2023,4,calculator,2,2(a)(ii),1,functions
5217,0607_w23_qp_42.json,607,w,Oct/Nov,2023,4,calculator,2,2(b),1,functions
5218,0607_w23_qp_42.json,607,w,Oct/Nov,2023,4,calculator,2,2(c),2,functions
5219,0607_w23_qp_42.json,607,w,Oct/Nov,2023,4,calculator,2,2(d),2,functions
5220,0607_w23_qp_42.json,607,w,Oct/Nov,2023,4,calculator,2,2(e),3,functions
5221,0607_w23_qp_42.json,607,w,Oct/Nov,2023,4,calculator,2,3(a),2,variation and proportion
5222,0607_w23_qp_42.json,607,w,Oct/Nov,2023,4,calculator,2,3(b),2,variation and proportion
5223,0607_w23_qp_42.json,607,w,Oct/Nov,2023,4,calculator,2,3(c),3,variation and proportion
5224,0607_w23_qp_42.json,607,w,Oct/Nov,2023,4,calculator,2,4(a)(i),2,statistics
5225,0607_w23_qp_42.json,607,w,Oct/Nov,2023,4,calculator,2,4(a)(ii),1,statistics
5226,0607_w23_qp_42.json,607,w,Oct/Nov,2023,4,calculator,2,4(a)(iii),2,statistics
5227,0607_w23_qp_42.json,607,w,Oct/Nov,2023,4,calculator,2,4(a)(iv),1,statistics
5228,0607_w23_qp_42.json,607,w,Oct/Nov,2023,4,calculator,2,4(b),2,topics in arithmetic
5229,0607_w23_qp_42.json,607,w,Oct/Nov,2023,4,calculator,2,4(c),2,statistics
5230,0607_w23_qp_42.json,607,w,Oct/Nov,2023,4,calculator,2,5(a)(i),4,graphing functions
5231,0607_w23_qp_42.json,607,w,Oct/Nov,2023,4,calculator,2,5(a)(ii),2,inequalities
5232,0607_w23_qp_42.json,607,w,Oct/Nov,2023,4,calculator,2,5(b)(i),2,graphing functions
5233,0607_w23_qp_42.json,607,w,Oct/Nov,2023,4,calculator,2,5(b)(ii),2,graphing functions
5234,0607_w23_qp_42.json,607,w,Oct/Nov,2023,4,calculator,2,5(b)(iii),2,graphing functions
5235,0607_w23_qp_42.json,607,w,Oct/Nov,2023,4,calculator,2,5(b)(iv),2,graphing functions
5236,0607_w23_qp_42.json,607,w,Oct/Nov,2023,4,calculator,2,5(b)(v),1,graphing functions
5237,0607_w23_qp_42.json,607,w,Oct/Nov,2023,4,calculator,2,6(a)(i),2,angles
5238,0607_w23_qp_42.json,607,w,Oct/Nov,2023,4,calculator,2,6(a)(ii)(a),2,topics in arithmetic
5239,0607_w23_qp_42.json,607,w,Oct/Nov,2023,4,calculator,2,6(a)(ii)(b),2,topics in arithmetic
5240,0607_w23_qp_42.json,607,w,Oct/Nov,2023,4,calculator,2,6(b),4,topics in arithmetic
5241,0607_w23_qp_42.json,607,w,Oct/Nov,2023,4,calculator,2,7(a),3,trigonometry
5242,0607_w23_qp_42.json,607,w,Oct/Nov,2023,4,calculator,2,7(b),2,trigonometry
5243,0607_w23_qp_42.json,607,w,Oct/Nov,2023,4,calculator,2,7(c),4,trigonometry
5244,0607_w23_qp_42.json,607,w,Oct/Nov,2023,4,calculator,2,8(a)(i),2,Pythagoras
5245,0607_w23_qp_42.json,607,w,Oct/Nov,2023,4,calculator,2,8(a)(ii),3,Pythagoras
5246,0607_w23_qp_42.json,607,w,Oct/Nov,2023,4,calculator,2,8(a)(iii),3,trigonometry
5247,0607_w23_qp_42.json,607,w,Oct/Nov,2023,4,calculator,2,8(b)(i),3,similarity
5248,0607_w23_qp_42.json,607,w,Oct/Nov,2023,4,calculator,2,8(b)(ii),2,mensuration
5249,0607_w23_qp_42.json,607,w,Oct/Nov,2023,4,calculator,2,9(a)(i),3,probability
5250,0607_w23_qp_42.json,607,w,Oct/Nov,2023,4,calculator,2,9(a)(ii),4,probability
5251,0607_w23_qp_42.json,607,w,Oct/Nov,2023,4,calculator,2,9(b)(i),1,algebra
5252,0607_w23_qp_42.json,607,w,Oct/Nov,2023,4,calculator,2,9(b)(ii)(a),1,probability
5253,0607_w23_qp_42.json,607,w,Oct/Nov,2023,4,calculator,2,9(b)(ii)(b),5,simultaneous equations
5254,0607_w23_qp_42.json,607,w,Oct/Nov,2023,4,calculator,2,10(a),1,circle theorems
5255,0607_w23_qp_42.json,607,w,Oct/Nov,2023,4,calculator,2,10(b),2,circle theorems
5256,0607_w23_qp_42.json,607,w,Oct/Nov,2023,4,calculator,2,10(c)(i),4,trigonometry
5257,0607_w23_qp_42.json,607,w,Oct/Nov,2023,4,calculator,2,10(c)(ii),4,mensuration
5258,0607_w23_qp_42.json,607,w,Oct/Nov,2023,4,calculator,2,11(a),3,exponents and surds
5259,0607_w23_qp_42.json,607,w,Oct/Nov,2023,4,calculator,2,11(b),2,exponents and surds
5260,0607_w23_qp_42.json,607,w,Oct/Nov,2023,4,calculator,2,11(c)(i),5,solving quadratic equations
5261,0607_w23_qp_42.json,607,w,Oct/Nov,2023,4,calculator,2,11(c)(ii),2,solving quadratic equations
5262,0607_w23_qp_43.json,607,w,Oct/Nov,2023,4,calculator,3,1(a),1,topics in arithmetic
5263,0607_w23_qp_43.json,607,w,Oct/Nov,2023,4,calculator,3,1(b),2,topics in arithmetic
5264,0607_w23_qp_43.json,607,w,Oct/Nov,2023,4,calculator,3,1(c),3,topics in arithmetic
5265,0607_w23_qp_43.json,607,w,Oct/Nov,2023,4,calculator,3,2(a)(i),1,statistics
5266,0607_w23_qp_43.json,607,w,Oct/Nov,2023,4,calculator,3,2(a)(ii),1,statistics
5267,0607_w23_qp_43.json,607,w,Oct/Nov,2023,4,calculator,3,2(a)(iii),1,statistics
5268,0607_w23_qp_43.json,607,w,Oct/Nov,2023,4,calculator,3,2(a)(iv),1,statistics
5269,0607_w23_qp_43.json,607,w,Oct/Nov,2023,4,calculator,3,2(a)(v),1,statistics
5270,0607_w23_qp_43.json,607,w,Oct/Nov,2023,4,calculator,3,2(b),1,statistics
5271,0607_w23_qp_43.json,607,w,Oct/Nov,2023,4,calculator,3,3(a),2,transformations
5272,0607_w23_qp_43.json,607,w,Oct/Nov,2023,4,calculator,3,3(b),3,transformations
5273,0607_w23_qp_43.json,607,w,Oct/Nov,2023,4,calculator,3,3(c)(i),4,transformations
5274,0607_w23_qp_43.json,607,w,Oct/Nov,2023,4,calculator,3,3(c)(ii),2,transformations
5275,0607_w23_qp_43.json,607,w,Oct/Nov,2023,4,calculator,3,4(a),2,graphing functions
5276,0607_w23_qp_43.json,607,w,Oct/Nov,2023,4,calculator,3,4(b),3,graphing functions
5277,0607_w23_qp_43.json,607,w,Oct/Nov,2023,4,calculator,3,4(c),2,graphing functions
5278,0607_w23_qp_43.json,607,w,Oct/Nov,2023,4,calculator,3,4(d),2,graphing functions
5279,0607_w23_qp_43.json,607,w,Oct/Nov,2023,4,calculator,3,5(a),2,topics in arithmetic
5280,0607_w23_qp_43.json,607,w,Oct/Nov,2023,4,calculator,3,5(b),1,topics in arithmetic
5281,0607_w23_qp_43.json,607,w,Oct/Nov,2023,4,calculator,3,5(c),4,topics in arithmetic
5282,0607_w23_qp_43.json,607,w,Oct/Nov,2023,4,calculator,3,6(a)(i),2,mensuration
5283,0607_w23_qp_43.json,607,w,Oct/Nov,2023,4,calculator,3,6(a)(ii),2,Pythagoras
5284,0607_w23_qp_43.json,607,w,Oct/Nov,2023,4,calculator,3,6(b)(i),4,mensuration
5285,0607_w23_qp_43.json,607,w,Oct/Nov,2023,4,calculator,3,6(b)(ii),4,mensuration
5286,0607_w23_qp_43.json,607,w,Oct/Nov,2023,4,calculator,3,7(a)(i),1,statistics
5287,0607_w23_qp_43.json,607,w,Oct/Nov,2023,4,calculator,3,7(a)(ii),2,statistics
5288,0607_w23_qp_43.json,607,w,Oct/Nov,2023,4,calculator,3,7(b),2,statistics
5289,0607_w23_qp_43.json,607,w,Oct/Nov,2023,4,calculator,3,7(c),2,statistics
5290,0607_w23_qp_43.json,607,w,Oct/Nov,2023,4,calculator,3,7(d),2,statistics
5291,0607_w23_qp_43.json,607,w,Oct/Nov,2023,4,calculator,3,8(a),2,solving linear equations
5292,0607_w23_qp_43.json,607,w,Oct/Nov,2023,4,calculator,3,8(b)(i),2,solving linear equations
5293,0607_w23_qp_43.json,607,w,Oct/Nov,2023,4,calculator,3,8(b)(ii),3,solving linear equations
5294,0607_w23_qp_43.json,607,w,Oct/Nov,2023,4,calculator,3,8(c),2,solving quadratic equations
5295,0607_w23_qp_43.json,607,w,Oct/Nov,2023,4,calculator,3,8(d),3,solving linear equations
5296,0607_w23_qp_43.json,607,w,Oct/Nov,2023,4,calculator,3,8(e),4,expanding and factorising
5297,0607_w23_qp_43.json,607,w,Oct/Nov,2023,4,calculator,3,9(a),2,sets and Venn diagrams
5298,0607_w23_qp_43.json,607,w,Oct/Nov,2023,4,calculator,3,9(b)(i),1,sets and Venn diagrams
5299,0607_w23_qp_43.json,607,w,Oct/Nov,2023,4,calculator,3,9(b)(ii),1,probability
5300,0607_w23_qp_43.json,607,w,Oct/Nov,2023,4,calculator,3,9(b)(iii),3,probability
5301,0607_w23_qp_43.json,607,w,Oct/Nov,2023,4,calculator,3,9(b)(iv),3,probability
5302,0607_w23_qp_43.json,607,w,Oct/Nov,2023,4,calculator,3,10(a)(i),1,functions
5303,0607_w23_qp_43.json,607,w,Oct/Nov,2023,4,calculator,3,10(a)(ii),2,functions
5304,0607_w23_qp_43.json,607,w,Oct/Nov,2023,4,calculator,3,10(a)(iii),2,functions
5305,0607_w23_qp_43.json,607,w,Oct/Nov,2023,4,calculator,3,10(a)(iv),2,functions
5306,0607_w23_qp_43.json,607,w,Oct/Nov,2023,4,calculator,3,10(b)(i),3,graphing functions
5307,0607_w23_qp_43.json,607,w,Oct/Nov,2023,4,calculator,3,10(b)(ii),1,graphing functions
5308,0607_w23_qp_43.json,607,w,Oct/Nov,2023,4,calculator,3,10(b)(iii),3,graphing functions
5309,0607_w23_qp_43.json,607,w,Oct/Nov,2023,4,calculator,3,10(b)(iv),3,expanding and factorising
5310,0607_w23_qp_43.json,607,w,Oct/Nov,2023,4,calculator,3,11(a),2,trigonometry
5311,0607_w23_qp_43.json,607,w,Oct/Nov,2023,4,calculator,3,11(b)(i),4,trigonometry
5312,0607_w23_qp_43.json,607,w,Oct/Nov,2023,4,calculator,3,11(b)(ii),3,trigonometry
5313,0607_w23_qp_43.json,607,w,Oct/Nov,2023,4,calculator,3,12(a)(i),1,straight lines
5314,0607_w23_qp_43.json,607,w,Oct/Nov,2023,4,calculator,3,12(a)(ii),2,straight lines
5315,0607_w23_qp_43.json,607,w,Oct/Nov,2023,4,calculator,3,12(b),5,straight lines
5316,0607_w24_qp_21.json,607,w,Oct/Nov,2024,2,non_calculator,1,1,1,topics in arithmetic
5317,0607_w24_qp_21.json,607,w,Oct/Nov,2024,2,non_calculator,1,2(a),1,topics in arithmetic
5318,0607_w24_qp_21.json,607,w,Oct/Nov,2024,2,non_calculator,1,2(b),2,topics in arithmetic
5319,0607_w24_qp_21.json,607,w,Oct/Nov,2024,2,non_calculator,1,3(a),1,statistics
5320,0607_w24_qp_21.json,607,w,Oct/Nov,2024,2,non_calculator,1,3(b),2,statistics
5321,0607_w24_qp_21.json,607,w,Oct/Nov,2024,2,non_calculator,1,4,2,expanding and factorising
5322,0607_w24_qp_21.json,607,w,Oct/Nov,2024,2,non_calculator,1,5,2,exponents and surds
5323,0607_w24_qp_21.json,607,w,Oct/Nov,2024,2,non_calculator,1,6,2,angles
5324,0607_w24_qp_21.json,607,w,Oct/Nov,2024,2,non_calculator,1,7,3,variation and proportion
5325,0607_w24_qp_21.json,607,w,Oct/Nov,2024,2,non_calculator,1,8(a),2,expanding and factorising
5326,0607_w24_qp_21.json,607,w,Oct/Nov,2024,2,non_calculator,1,8(b),2,expanding and factorising
5327,0607_w24_qp_21.json,607,w,Oct/Nov,2024,2,non_calculator,1,9(a),1,topics in arithmetic
5328,0607_w24_qp_21.json,607,w,Oct/Nov,2024,2,non_calculator,1,9(b),1,topics in arithmetic
5329,0607_w24_qp_21.json,607,w,Oct/Nov,2024,2,non_calculator,1,10(a),1,circle theorems
5330,0607_w24_qp_21.json,607,w,Oct/Nov,2024,2,non_calculator,1,10(b),1,circle theorems
5331,0607_w24_qp_21.json,607,w,Oct/Nov,2024,2,non_calculator,1,10(c),1,circle theorems
5332,0607_w24_qp_21.json,607,w,Oct/Nov,2024,2,non_calculator,1,11(a),2,exponents and surds
5333,0607_w24_qp_21.json,607,w,Oct/Nov,2024,2,non_calculator,1,11(b),2,exponents and surds
5334,0607_w24_qp_21.json,607,w,Oct/Nov,2024,2,non_calculator,1,12(a),1,probability
5335,0607_w24_qp_21.json,607,w,Oct/Nov,2024,2,non_calculator,1,12(b),2,probability
5336,0607_w24_qp_21.json,607,w,Oct/Nov,2024,2,non_calculator,1,13,5,straight lines
5337,0607_w24_qp_21.json,607,w,Oct/Nov,2024,2,non_calculator,1,14,3,topics in arithmetic
5338,0607_w24_qp_22.json,607,w,Oct/Nov,2024,2,non_calculator,2,1,1,topics in arithmetic
5339,0607_w24_qp_22.json,607,w,Oct/Nov,2024,2,non_calculator,2,2,1,topics in arithmetic
5340,0607_w24_qp_22.json,607,w,Oct/Nov,2024,2,non_calculator,2,3,2,expanding and factorising
5341,0607_w24_qp_22.json,607,w,Oct/Nov,2024,2,non_calculator,2,4,2,topics in arithmetic
5342,0607_w24_qp_22.json,607,w,Oct/Nov,2024,2,non_calculator,2,5,2,topics in arithmetic
5343,0607_w24_qp_22.json,607,w,Oct/Nov,2024,2,non_calculator,2,6(a),1,topics in arithmetic
5344,0607_w24_qp_22.json,607,w,Oct/Nov,2024,2,non_calculator,2,6(b),1,topics in arithmetic
5345,0607_w24_qp_22.json,607,w,Oct/Nov,2024,2,non_calculator,2,7(a),1,statistics
5346,0607_w24_qp_22.json,607,w,Oct/Nov,2024,2,non_calculator,2,7(b),1,statistics
5347,0607_w24_qp_22.json,607,w,Oct/Nov,2024,2,non_calculator,2,7(c),2,statistics
5348,0607_w24_qp_22.json,607,w,Oct/Nov,2024,2,non_calculator,2,8,2,topics in arithmetic
5349,0607_w24_qp_22.json,607,w,Oct/Nov,2024,2,non_calculator,2,9,3,angles
5350,0607_w24_qp_22.json,607,w,Oct/Nov,2024,2,non_calculator,2,10,2,statistics
5351,0607_w24_qp_22.json,607,w,Oct/Nov,2024,2,non_calculator,2,11,2,exponents and surds
5352,0607_w24_qp_22.json,607,w,Oct/Nov,2024,2,non_calculator,2,12(a),2,circle theorems
5353,0607_w24_qp_22.json,607,w,Oct/Nov,2024,2,non_calculator,2,12(b),1,circle theorems
5354,0607_w24_qp_22.json,607,w,Oct/Nov,2024,2,non_calculator,2,13,2,exponents and surds
5355,0607_w24_qp_22.json,607,w,Oct/Nov,2024,2,non_calculator,2,14,2,similarity
5356,0607_w24_qp_22.json,607,w,Oct/Nov,2024,2,non_calculator,2,15,3,expanding and factorising
5357,0607_w24_qp_22.json,607,w,Oct/Nov,2024,2,non_calculator,2,16,2,variation and proportion
5358,0607_w24_qp_22.json,607,w,Oct/Nov,2024,2,non_calculator,2,17,2,trigonometry
5359,0607_w24_qp_22.json,607,w,Oct/Nov,2024,2,non_calculator,2,18,3,logarithms
5360,0607_w24_qp_23.json,607,w,Oct/Nov,2024,2,non_calculator,3,1(a),1,transformations
5361,0607_w24_qp_23.json,607,w,Oct/Nov,2024,2,non_calculator,3,1(b),1,transformations
5362,0607_w24_qp_23.json,607,w,Oct/Nov,2024,2,non_calculator,3,2,2,topics in arithmetic
5363,0607_w24_qp_23.json,607,w,Oct/Nov,2024,2,non_calculator,3,3,2,topics in arithmetic
5364,0607_w24_qp_23.json,607,w,Oct/Nov,2024,2,non_calculator,3,4,1,solving linear equations
5365,0607_w24_qp_23.json,607,w,Oct/Nov,2024,2,non_calculator,3,5(a),1,exponents and surds
5366,0607_w24_qp_23.json,607,w,Oct/Nov,2024,2,non_calculator,3,5(b),2,exponents and surds
5367,0607_w24_qp_23.json,607,w,Oct/Nov,2024,2,non_calculator,3,6(a),1,angles
5368,0607_w24_qp_23.json,607,w,Oct/Nov,2024,2,non_calculator,3,6(b),2,angles
5369,0607_w24_qp_23.json,607,w,Oct/Nov,2024,2,non_calculator,3,7,2,solving quadratic equations
5370,0607_w24_qp_23.json,607,w,Oct/Nov,2024,2,non_calculator,3,8,1,exponents and surds
5371,0607_w24_qp_23.json,607,w,Oct/Nov,2024,2,non_calculator,3,9,2,circle theorems
5372,0607_w24_qp_23.json,607,w,Oct/Nov,2024,2,non_calculator,3,10,3,solving linear equations
5373,0607_w24_qp_23.json,607,w,Oct/Nov,2024,2,non_calculator,3,11(a),1,probability
5374,0607_w24_qp_23.json,607,w,Oct/Nov,2024,2,non_calculator,3,11(b),2,probability
5375,0607_w24_qp_23.json,607,w,Oct/Nov,2024,2,non_calculator,3,11(c),2,probability
5376,0607_w24_qp_23.json,607,w,Oct/Nov,2024,2,non_calculator,3,12(a),2,exponents and surds
5377,0607_w24_qp_23.json,607,w,Oct/Nov,2024,2,non_calculator,3,12(b),2,exponents and surds
5378,0607_w24_qp_23.json,607,w,Oct/Nov,2024,2,non_calculator,3,13,3,expanding and factorising
5379,0607_w24_qp_23.json,607,w,Oct/Nov,2024,2,non_calculator,3,14(a),1,logarithms
5380,0607_w24_qp_23.json,607,w,Oct/Nov,2024,2,non_calculator,3,14(b),2,logarithms
5381,0607_w24_qp_23.json,607,w,Oct/Nov,2024,2,non_calculator,3,15,4,solving quadratic equations
5382,0607_w24_qp_41.json,607,w,Oct/Nov,2024,4,calculator,1,1(a)(i),2,solving linear equations
5383,0607_w24_qp_41.json,607,w,Oct/Nov,2024,4,calculator,1,1(a)(ii),2,solving linear equations
5384,0607_w24_qp_41.json,607,w,Oct/Nov,2024,4,calculator,1,1(a)(iii),3,solving linear equations
5385,0607_w24_qp_41.json,607,w,Oct/Nov,2024,4,calculator,1,1(b),3,solving quadratic equations
5386,0607_w24_qp_41.json,607,w,Oct/Nov,2024,4,calculator,1,2(a)(i),2,topics in arithmetic
5387,0607_w24_qp_41.json,607,w,Oct/Nov,2024,4,calculator,1,2(a)(ii),1,topics in arithmetic
5388,0607_w24_qp_41.json,607,w,Oct/Nov,2024,4,calculator,1,2(a)(iii),1,topics in arithmetic
5389,0607_w24_qp_41.json,607,w,Oct/Nov,2024,4,calculator,1,2(b),1,topics in arithmetic
5390,0607_w24_qp_41.json,607,w,Oct/Nov,2024,4,calculator,1,2(c)(i),1,topics in arithmetic
5391,0607_w24_qp_41.json,607,w,Oct/Nov,2024,4,calculator,1,2(c)(ii),1,topics in arithmetic
5392,0607_w24_qp_41.json,607,w,Oct/Nov,2024,4,calculator,1,2(d),3,topics in arithmetic
5393,0607_w24_qp_41.json,607,w,Oct/Nov,2024,4,calculator,1,3(a)(i),2,statistics
5394,0607_w24_qp_41.json,607,w,Oct/Nov,2024,4,calculator,1,3(a)(ii),1,statistics
5395,0607_w24_qp_41.json,607,w,Oct/Nov,2024,4,calculator,1,3(b),1,statistics
5396,0607_w24_qp_41.json,607,w,Oct/Nov,2024,4,calculator,1,3(c)(i),2,statistics
5397,0607_w24_qp_41.json,607,w,Oct/Nov,2024,4,calculator,1,3(c)(ii),1,statistics
5398,0607_w24_qp_41.json,607,w,Oct/Nov,2024,4,calculator,1,3(c)(iii),1,statistics
5399,0607_w24_qp_41.json,607,w,Oct/Nov,2024,4,calculator,1,4(a)(i),3,topics in arithmetic
5400,0607_w24_qp_41.json,607,w,Oct/Nov,2024,4,calculator,1,4(a)(ii),2,topics in arithmetic
5401,0607_w24_qp_41.json,607,w,Oct/Nov,2024,4,calculator,1,4(a)(iii),2,topics in arithmetic
5402,0607_w24_qp_41.json,607,w,Oct/Nov,2024,4,calculator,1,4(b)(i),2,topics in arithmetic
5403,0607_w24_qp_41.json,607,w,Oct/Nov,2024,4,calculator,1,4(b)(ii),2,topics in arithmetic
5404,0607_w24_qp_41.json,607,w,Oct/Nov,2024,4,calculator,1,4(c),2,topics in arithmetic
5405,0607_w24_qp_41.json,607,w,Oct/Nov,2024,4,calculator,1,4(d),3,topics in arithmetic
5406,0607_w24_qp_41.json,607,w,Oct/Nov,2024,4,calculator,1,5(a),2,trigonometry
5407,0607_w24_qp_41.json,607,w,Oct/Nov,2024,4,calculator,1,5(b),3,trigonometry
5408,0607_w24_qp_41.json,607,w,Oct/Nov,2024,4,calculator,1,5(c),3,trigonometry
5409,0607_w24_qp_41.json,607,w,Oct/Nov,2024,4,calculator,1,5(d),2,trigonometry
5410,0607_w24_qp_41.json,607,w,Oct/Nov,2024,4,calculator,1,6(a)(i),2,transformations
5411,0607_w24_qp_41.json,607,w,Oct/Nov,2024,4,calculator,1,6(a)(ii),1,transformations
5412,0607_w24_qp_41.json,607,w,Oct/Nov,2024,4,calculator,1,6(a)(iii),3,transformations
5413,0607_w24_qp_41.json,607,w,Oct/Nov,2024,4,calculator,1,6(b)(i),2,transformations
5414,0607_w24_qp_41.json,607,w,Oct/Nov,2024,4,calculator,1,6(b)(ii),2,transformations
5415,0607_w24_qp_41.json,607,w,Oct/Nov,2024,4,calculator,1,7(a)(i),2,sets and Venn diagrams
5416,0607_w24_qp_41.json,607,w,Oct/Nov,2024,4,calculator,1,7(a)(ii),2,sets and Venn diagrams
5417,0607_w24_qp_41.json,607,w,Oct/Nov,2024,4,calculator,1,7(a)(iii)(a),2,sets and Venn diagrams
5418,0607_w24_qp_41.json,607,w,Oct/Nov,2024,4,calculator,1,7(a)(iii)(b),1,sets and Venn diagrams
5419,0607_w24_qp_41.json,607,w,Oct/Nov,2024,4,calculator,1,7(b),4,probability
5420,0607_w24_qp_41.json,607,w,Oct/Nov,2024,4,calculator,1,8(a),3,sequences
5421,0607_w24_qp_41.json,607,w,Oct/Nov,2024,4,calculator,1,8(b),3,sequences
5422,0607_w24_qp_41.json,607,w,Oct/Nov,2024,4,calculator,1,8(c),3,sequences
5423,0607_w24_qp_41.json,607,w,Oct/Nov,2024,4,calculator,1,8(d),3,sequences
5424,0607_w24_qp_41.json,607,w,Oct/Nov,2024,4,calculator,1,9(a),3,graphing functions
5425,0607_w24_qp_41.json,607,w,Oct/Nov,2024,4,calculator,1,9(b),2,graphing functions
5426,0607_w24_qp_41.json,607,w,Oct/Nov,2024,4,calculator,1,9(c),2,graphing functions
5427,0607_w24_qp_41.json,607,w,Oct/Nov,2024,4,calculator,1,9(d),3,graphing functions
5428,0607_w24_qp_41.json,607,w,Oct/Nov,2024,4,calculator,1,9(e),3,inequalities
5429,0607_w24_qp_41.json,607,w,Oct/Nov,2024,4,calculator,1,10(a),4,mensuration
5430,0607_w24_qp_41.json,607,w,Oct/Nov,2024,4,calculator,1,10(b),2,mensuration
5431,0607_w24_qp_41.json,607,w,Oct/Nov,2024,4,calculator,1,10(c)(i),2,similarity
5432,0607_w24_qp_41.json,607,w,Oct/Nov,2024,4,calculator,1,10(c)(ii),4,similarity
5433,0607_w24_qp_41.json,607,w,Oct/Nov,2024,4,calculator,1,11(a),4,logarithms
5434,0607_w24_qp_41.json,607,w,Oct/Nov,2024,4,calculator,1,11(b),4,solving linear equations
5435,0607_w24_qp_42.json,607,w,Oct/Nov,2024,4,calculator,2,1(a),2,straight lines
5436,0607_w24_qp_42.json,607,w,Oct/Nov,2024,4,calculator,2,1(b)(i),1,vectors
5437,0607_w24_qp_42.json,607,w,Oct/Nov,2024,4,calculator,2,1(b)(ii),2,straight lines
5438,0607_w24_qp_42.json,607,w,Oct/Nov,2024,4,calculator,2,1(c),2,vectors
5439,0607_w24_qp_42.json,607,w,Oct/Nov,2024,4,calculator,2,1(d),2,straight lines
5440,0607_w24_qp_42.json,607,w,Oct/Nov,2024,4,calculator,2,2(a),2,graphing functions
5441,0607_w24_qp_42.json,607,w,Oct/Nov,2024,4,calculator,2,2(b),1,graphing functions
5442,0607_w24_qp_42.json,607,w,Oct/Nov,2024,4,calculator,2,2(c),2,graphing functions
5443,0607_w24_qp_42.json,607,w,Oct/Nov,2024,4,calculator,2,2(d)(i),2,graphing functions
5444,0607_w24_qp_42.json,607,w,Oct/Nov,2024,4,calculator,2,2(d)(ii),2,inequalities
5445,0607_w24_qp_42.json,607,w,Oct/Nov,2024,4,calculator,2,3(a),1,topics in arithmetic
5446,0607_w24_qp_42.json,607,w,Oct/Nov,2024,4,calculator,2,3(b),2,topics in arithmetic
5447,0607_w24_qp_42.json,607,w,Oct/Nov,2024,4,calculator,2,3(c),2,topics in arithmetic
5448,0607_w24_qp_42.json,607,w,Oct/Nov,2024,4,calculator,2,3(d),4,topics in arithmetic
5449,0607_w24_qp_42.json,607,w,Oct/Nov,2024,4,calculator,2,4(a)(i),3,mensuration
5450,0607_w24_qp_42.json,607,w,Oct/Nov,2024,4,calculator,2,4(a)(ii),3,mensuration
5451,0607_w24_qp_42.json,607,w,Oct/Nov,2024,4,calculator,2,4(b),5,mensuration
5452,0607_w24_qp_42.json,607,w,Oct/Nov,2024,4,calculator,2,5(a)(i),2,expanding and factorising
5453,0607_w24_qp_42.json,607,w,Oct/Nov,2024,4,calculator,2,5(a)(ii),2,expanding and factorising
5454,0607_w24_qp_42.json,607,w,Oct/Nov,2024,4,calculator,2,5(b),8,sequences
5455,0607_w24_qp_42.json,607,w,Oct/Nov,2024,4,calculator,2,6(a)(i),3,transformations
5456,0607_w24_qp_42.json,607,w,Oct/Nov,2024,4,calculator,2,6(a)(ii),3,transformations
5457,0607_w24_qp_42.json,607,w,Oct/Nov,2024,4,calculator,2,6(b),2,transformations
5458,0607_w24_qp_42.json,607,w,Oct/Nov,2024,4,calculator,2,7(a),2,inequalities
5459,0607_w24_qp_42.json,607,w,Oct/Nov,2024,4,calculator,2,7(b)(i),2,inequalities
5460,0607_w24_qp_42.json,607,w,Oct/Nov,2024,4,calculator,2,7(b)(ii),2,inequalities
5461,0607_w24_qp_42.json,607,w,Oct/Nov,2024,4,calculator,2,7(c),3,solving linear equations
5462,0607_w24_qp_42.json,607,w,Oct/Nov,2024,4,calculator,2,7(d)(i),3,solving quadratic equations
5463,0607_w24_qp_42.json,607,w,Oct/Nov,2024,4,calculator,2,7(d)(ii),3,solving quadratic equations
5464,0607_w24_qp_42.json,607,w,Oct/Nov,2024,4,calculator,2,8(a),2,Pythagoras
5465,0607_w24_qp_42.json,607,w,Oct/Nov,2024,4,calculator,2,8(b),2,trigonometry
5466,0607_w24_qp_42.json,607,w,Oct/Nov,2024,4,calculator,2,8(c),3,trigonometry
5467,0607_w24_qp_42.json,607,w,Oct/Nov,2024,4,calculator,2,8(d),3,trigonometry
5468,0607_w24_qp_42.json,607,w,Oct/Nov,2024,4,calculator,2,8(e),5,trigonometry
5469,0607_w24_qp_42.json,607,w,Oct/Nov,2024,4,calculator,2,9(a),1,functions
5470,0607_w24_qp_42.json,607,w,Oct/Nov,2024,4,calculator,2,9(b),1,functions
5471,0607_w24_qp_42.json,607,w,Oct/Nov,2024,4,calculator,2,9(c),2,graphing functions
5472,0607_w24_qp_42.json,607,w,Oct/Nov,2024,4,calculator,2,9(d),2,functions
5473,0607_w24_qp_42.json,607,w,Oct/Nov,2024,4,calculator,2,9(e),2,functions
5474,0607_w24_qp_42.json,607,w,Oct/Nov,2024,4,calculator,2,9(f),3,functions
5475,0607_w24_qp_42.json,607,w,Oct/Nov,2024,4,calculator,2,10(a)(i),2,statistics
5476,0607_w24_qp_42.json,607,w,Oct/Nov,2024,4,calculator,2,10(a)(ii),1,probability
5477,0607_w24_qp_42.json,607,w,Oct/Nov,2024,4,calculator,2,10(a)(iii),3,probability
5478,0607_w24_qp_42.json,607,w,Oct/Nov,2024,4,calculator,2,10(b)(i),2,sets and Venn diagrams
5479,0607_w24_qp_42.json,607,w,Oct/Nov,2024,4,calculator,2,10(b)(ii),1,sets and Venn diagrams
5480,0607_w24_qp_42.json,607,w,Oct/Nov,2024,4,calculator,2,10(b)(iii),1,probability
5481,0607_w24_qp_42.json,607,w,Oct/Nov,2024,4,calculator,2,10(b)(iv),2,probability
5482,0607_w24_qp_42.json,607,w,Oct/Nov,2024,4,calculator,2,11(a),2,exponents and surds
5483,0607_w24_qp_42.json,607,w,Oct/Nov,2024,4,calculator,2,11(b),3,exponents and surds
5484,0607_w24_qp_42.json,607,w,Oct/Nov,2024,4,calculator,2,11(c)(i),2,exponents and surds
5485,0607_w24_qp_42.json,607,w,Oct/Nov,2024,4,calculator,2,11(c)(ii),2,exponents and surds
5486,0607_w24_qp_43.json,607,w,Oct/Nov,2024,4,calculator,3,1(a),2,statistics
5487,0607_w24_qp_43.json,607,w,Oct/Nov,2024,4,calculator,3,1(b),2,statistics
5488,0607_w24_qp_43.json,607,w,Oct/Nov,2024,4,calculator,3,1(c),3,statistics
5489,0607_w24_qp_43.json,607,w,Oct/Nov,2024,4,calculator,3,1(d),2,statistics
5490,0607_w24_qp_43.json,607,w,Oct/Nov,2024,4,calculator,3,2(a),2,topics in arithmetic
5491,0607_w24_qp_43.json,607,w,Oct/Nov,2024,4,calculator,3,2(b),2,topics in arithmetic
5492,0607_w24_qp_43.json,607,w,Oct/Nov,2024,4,calculator,3,2(c),3,topics in arithmetic
5493,0607_w24_qp_43.json,607,w,Oct/Nov,2024,4,calculator,3,2(d),2,topics in arithmetic
5494,0607_w24_qp_43.json,607,w,Oct/Nov,2024,4,calculator,3,2(e)(i),2,topics in arithmetic
5495,0607_w24_qp_43.json,607,w,Oct/Nov,2024,4,calculator,3,2(e)(ii),4,topics in arithmetic
5496,0607_w24_qp_43.json,607,w,Oct/Nov,2024,4,calculator,3,3(a)(i),3,straight lines
5497,0607_w24_qp_43.json,607,w,Oct/Nov,2024,4,calculator,3,3(a)(ii),2,straight lines
5498,0607_w24_qp_43.json,607,w,Oct/Nov,2024,4,calculator,3,3(a)(iii),4,straight lines
5499,0607_w24_qp_43.json,607,w,Oct/Nov,2024,4,calculator,3,3(b),2,vectors
5500,0607_w24_qp_43.json,607,w,Oct/Nov,2024,4,calculator,3,4(a),2,graphing functions
5501,0607_w24_qp_43.json,607,w,Oct/Nov,2024,4,calculator,3,4(b),3,solving quadratic equations
5502,0607_w24_qp_43.json,607,w,Oct/Nov,2024,4,calculator,3,4(c),3,graphing functions
5503,0607_w24_qp_43.json,607,w,Oct/Nov,2024,4,calculator,3,4(d),1,graphing functions
5504,0607_w24_qp_43.json,607,w,Oct/Nov,2024,4,calculator,3,4(e),4,inequalities
5505,0607_w24_qp_43.json,607,w,Oct/Nov,2024,4,calculator,3,5(a),2,transformations
5506,0607_w24_qp_43.json,607,w,Oct/Nov,2024,4,calculator,3,5(b)(i),2,transformations
5507,0607_w24_qp_43.json,607,w,Oct/Nov,2024,4,calculator,3,5(b)(ii),4,transformations
5508,0607_w24_qp_43.json,607,w,Oct/Nov,2024,4,calculator,3,5(c),3,transformations
5509,0607_w24_qp_43.json,607,w,Oct/Nov,2024,4,calculator,3,6(a),1,functions
5510,0607_w24_qp_43.json,607,w,Oct/Nov,2024,4,calculator,3,6(b),1,functions
5511,0607_w24_qp_43.json,607,w,Oct/Nov,2024,4,calculator,3,6(c),2,functions
5512,0607_w24_qp_43.json,607,w,Oct/Nov,2024,4,calculator,3,6(d),2,functions
5513,0607_w24_qp_43.json,607,w,Oct/Nov,2024,4,calculator,3,6(e),3,functions
5514,0607_w24_qp_43.json,607,w,Oct/Nov,2024,4,calculator,3,7(a)(i),3,sequences
5515,0607_w24_qp_43.json,607,w,Oct/Nov,2024,4,calculator,3,7(a)(ii),3,sequences
5516,0607_w24_qp_43.json,607,w,Oct/Nov,2024,4,calculator,3,7(b),3,sequences
5517,0607_w24_qp_43.json,607,w,Oct/Nov,2024,4,calculator,3,8(a),2,solving linear equations
5518,0607_w24_qp_43.json,607,w,Oct/Nov,2024,4,calculator,3,8(b),2,expanding and factorising
5519,0607_w24_qp_43.json,607,w,Oct/Nov,2024,4,calculator,3,8(c),2,inequalities
5520,0607_w24_qp_43.json,607,w,Oct/Nov,2024,4,calculator,3,8(d),3,simultaneous equations
5521,0607_w24_qp_43.json,607,w,Oct/Nov,2024,4,calculator,3,8(e),3,variation and proportion
5522,0607_w24_qp_43.json,607,w,Oct/Nov,2024,4,calculator,3,9(a),3,trigonometry
5523,0607_w24_qp_43.json,607,w,Oct/Nov,2024,4,calculator,3,9(b),3,trigonometry
5524,0607_w24_qp_43.json,607,w,Oct/Nov,2024,4,calculator,3,9(c),3,mensuration
5525,0607_w24_qp_43.json,607,w,Oct/Nov,2024,4,calculator,3,10(a)(i),4,mensuration
5526,0607_w24_qp_43.json,607,w,Oct/Nov,2024,4,calculator,3,10(a)(ii),2,mensuration
5527,0607_w24_qp_43.json,607,w,Oct/Nov,2024,4,calculator,3,10(b)(i),4,Pythagoras
5528,0607_w24_qp_43.json,607,w,Oct/Nov,2024,4,calculator,3,10(b)(ii),2,trigonometry
5529,0607_w24_qp_43.json,607,w,Oct/Nov,2024,4,calculator,3,11(a),1,sets and Venn diagrams
5530,0607_w24_qp_43.json,607,w,Oct/Nov,2024,4,calculator,3,11(b),1,sets and Venn diagrams
5531,0607_w24_qp_43.json,607,w,Oct/Nov,2024,4,calculator,3,11(c),1,sets and Venn diagrams
5532,0607_w24_qp_43.json,607,w,Oct/Nov,2024,4,calculator,3,11(d),1,probability
5533,0607_w24_qp_43.json,607,w,Oct/Nov,2024,4,calculator,3,11(e),3,probability
5534,0607_w24_qp_43.json,607,w,Oct/Nov,2024,4,calculator,3,11(f),3,probability
5535,0607_w25_qp_21.json,607,w,Oct/Nov,2025,2,non_calculator,1,1,2,topics in arithmetic
5536,0607_w25_qp_21.json,607,w,Oct/Nov,2025,2,non_calculator,1,2,2,topics in arithmetic
5537,0607_w25_qp_21.json,607,w,Oct/Nov,2025,2,non_calculator,1,3,2,topics in arithmetic
5538,0607_w25_qp_21.json,607,w,Oct/Nov,2025,2,non_calculator,1,4(a)(i),1,angles
5539,0607_w25_qp_21.json,607,w,Oct/Nov,2025,2,non_calculator,1,4(a)(ii),2,angles
5540,0607_w25_qp_21.json,607,w,Oct/Nov,2025,2,non_calculator,1,4(b),1,angles
5541,0607_w25_qp_21.json,607,w,Oct/Nov,2025,2,non_calculator,1,5,2,vectors
5542,0607_w25_qp_21.json,607,w,Oct/Nov,2025,2,non_calculator,1,6(a),2,statistics
5543,0607_w25_qp_21.json,607,w,Oct/Nov,2025,2,non_calculator,1,6(b),1,statistics
5544,0607_w25_qp_21.json,607,w,Oct/Nov,2025,2,non_calculator,1,7,1,mensuration
5545,0607_w25_qp_21.json,607,w,Oct/Nov,2025,2,non_calculator,1,8(a),2,solving linear equations
5546,0607_w25_qp_21.json,607,w,Oct/Nov,2025,2,non_calculator,1,8(b),3,solving linear equations
5547,0607_w25_qp_21.json,607,w,Oct/Nov,2025,2,non_calculator,1,9,3,Pythagoras
5548,0607_w25_qp_21.json,607,w,Oct/Nov,2025,2,non_calculator,1,10,4,topics in arithmetic
5549,0607_w25_qp_21.json,607,w,Oct/Nov,2025,2,non_calculator,1,11(a),1,sets and Venn diagrams
5550,0607_w25_qp_21.json,607,w,Oct/Nov,2025,2,non_calculator,1,11(b)(i),1,sets and Venn diagrams
5551,0607_w25_qp_21.json,607,w,Oct/Nov,2025,2,non_calculator,1,11(b)(ii),1,sets and Venn diagrams
5552,0607_w25_qp_21.json,607,w,Oct/Nov,2025,2,non_calculator,1,11(c)(i),2,probability
5553,0607_w25_qp_21.json,607,w,Oct/Nov,2025,2,non_calculator,1,11(c)(ii),3,probability
5554,0607_w25_qp_21.json,607,w,Oct/Nov,2025,2,non_calculator,1,12,3,trigonometry
5555,0607_w25_qp_21.json,607,w,Oct/Nov,2025,2,non_calculator,1,13(a),1,exponents and surds
5556,0607_w25_qp_21.json,607,w,Oct/Nov,2025,2,non_calculator,1,13(b),2,exponents and surds
5557,0607_w25_qp_21.json,607,w,Oct/Nov,2025,2,non_calculator,1,14(a),1,inequalities
5558,0607_w25_qp_21.json,607,w,Oct/Nov,2025,2,non_calculator,1,14(b),1,inequalities
5559,0607_w25_qp_21.json,607,w,Oct/Nov,2025,2,non_calculator,1,14(c),2,inequalities
5560,0607_w25_qp_21.json,607,w,Oct/Nov,2025,2,non_calculator,1,15(a),1,functions
5561,0607_w25_qp_21.json,607,w,Oct/Nov,2025,2,non_calculator,1,15(b),2,functions
5562,0607_w25_qp_21.json,607,w,Oct/Nov,2025,2,non_calculator,1,15(c),2,functions
5563,0607_w25_qp_21.json,607,w,Oct/Nov,2025,2,non_calculator,1,15(d),2,functions
5564,0607_w25_qp_21.json,607,w,Oct/Nov,2025,2,non_calculator,1,15(e),4,solving quadratic equations
5565,0607_w25_qp_21.json,607,w,Oct/Nov,2025,2,non_calculator,1,16(a),1,angles
5566,0607_w25_qp_21.json,607,w,Oct/Nov,2025,2,non_calculator,1,16(b),4,trigonometry
5567,0607_w25_qp_21.json,607,w,Oct/Nov,2025,2,non_calculator,1,17,2,exponents and surds
5568,0607_w25_qp_21.json,607,w,Oct/Nov,2025,2,non_calculator,1,18(a),3,similarity
5569,0607_w25_qp_21.json,607,w,Oct/Nov,2025,2,non_calculator,1,18(b),2,similarity
5570,0607_w25_qp_21.json,607,w,Oct/Nov,2025,2,non_calculator,1,18(c),1,similarity
5571,0607_w25_qp_21.json,607,w,Oct/Nov,2025,2,non_calculator,1,19,5,expanding and factorising
5572,0607_w25_qp_22.json,607,w,Oct/Nov,2025,2,non_calculator,2,1(a),1,topics in arithmetic
5573,0607_w25_qp_22.json,607,w,Oct/Nov,2025,2,non_calculator,2,1(b),1,exponents and surds
5574,0607_w25_qp_22.json,607,w,Oct/Nov,2025,2,non_calculator,2,1(c),2,exponents and surds
5575,0607_w25_qp_22.json,607,w,Oct/Nov,2025,2,non_calculator,2,2,2,expanding and factorising
5576,0607_w25_qp_22.json,607,w,Oct/Nov,2025,2,non_calculator,2,3,1,topics in arithmetic
5577,0607_w25_qp_22.json,607,w,Oct/Nov,2025,2,non_calculator,2,4,1,topics in arithmetic
5578,0607_w25_qp_22.json,607,w,Oct/Nov,2025,2,non_calculator,2,5(a),1,statistics
5579,0607_w25_qp_22.json,607,w,Oct/Nov,2025,2,non_calculator,2,5(b),1,probability
5580,0607_w25_qp_22.json,607,w,Oct/Nov,2025,2,non_calculator,2,5(c),2,statistics
5581,0607_w25_qp_22.json,607,w,Oct/Nov,2025,2,non_calculator,2,6,3,solving linear equations
5582,0607_w25_qp_22.json,607,w,Oct/Nov,2025,2,non_calculator,2,7,3,sequences
5583,0607_w25_qp_22.json,607,w,Oct/Nov,2025,2,non_calculator,2,8,4,Pythagoras
5584,0607_w25_qp_22.json,607,w,Oct/Nov,2025,2,non_calculator,2,9,3,topics in arithmetic
5585,0607_w25_qp_22.json,607,w,Oct/Nov,2025,2,non_calculator,2,10(a),2,transformations
5586,0607_w25_qp_22.json,607,w,Oct/Nov,2025,2,non_calculator,2,10(b),2,transformations
5587,0607_w25_qp_22.json,607,w,Oct/Nov,2025,2,non_calculator,2,10(c),3,transformations
5588,0607_w25_qp_22.json,607,w,Oct/Nov,2025,2,non_calculator,2,11,1,exponents and surds
5589,0607_w25_qp_22.json,607,w,Oct/Nov,2025,2,non_calculator,2,12(a),3,statistics
5590,0607_w25_qp_22.json,607,w,Oct/Nov,2025,2,non_calculator,2,12(b),2,statistics
5591,0607_w25_qp_22.json,607,w,Oct/Nov,2025,2,non_calculator,2,12(c),2,statistics
5592,0607_w25_qp_22.json,607,w,Oct/Nov,2025,2,non_calculator,2,13,4,simultaneous equations
5593,0607_w25_qp_22.json,607,w,Oct/Nov,2025,2,non_calculator,2,14(a)(i),1,circle theorems
5594,0607_w25_qp_22.json,607,w,Oct/Nov,2025,2,non_calculator,2,14(a)(ii),1,circle theorems
5595,0607_w25_qp_22.json,607,w,Oct/Nov,2025,2,non_calculator,2,14(a)(iii),1,circle theorems
5596,0607_w25_qp_22.json,607,w,Oct/Nov,2025,2,non_calculator,2,14(a)(iv),1,circle theorems
5597,0607_w25_qp_22.json,607,w,Oct/Nov,2025,2,non_calculator,2,14(b),1,similarity
5598,0607_w25_qp_22.json,607,w,Oct/Nov,2025,2,non_calculator,2,15,2,graphing functions
5599,0607_w25_qp_22.json,607,w,Oct/Nov,2025,2,non_calculator,2,16,3,exponents and surds
5600,0607_w25_qp_22.json,607,w,Oct/Nov,2025,2,non_calculator,2,17,2,trigonometry
5601,0607_w25_qp_22.json,607,w,Oct/Nov,2025,2,non_calculator,2,18,5,straight lines
5602,0607_w25_qp_22.json,607,w,Oct/Nov,2025,2,non_calculator,2,19,1,functions
5603,0607_w25_qp_22.json,607,w,Oct/Nov,2025,2,non_calculator,2,20(a),2,expanding and factorising
5604,0607_w25_qp_22.json,607,w,Oct/Nov,2025,2,non_calculator,2,20(b),1,solving quadratic equations
5605,0607_w25_qp_22.json,607,w,Oct/Nov,2025,2,non_calculator,2,20(c),3,trigonometry
5606,0607_w25_qp_22.json,607,w,Oct/Nov,2025,2,non_calculator,2,21,3,expanding and factorising
5607,0607_w25_qp_22.json,607,w,Oct/Nov,2025,2,non_calculator,2,22,4,solving quadratic equations
5608,0607_w25_qp_23.json,607,w,Oct/Nov,2025,2,non_calculator,3,1(a),1,angles
5609,0607_w25_qp_23.json,607,w,Oct/Nov,2025,2,non_calculator,3,1(b),1,angles
5610,0607_w25_qp_23.json,607,w,Oct/Nov,2025,2,non_calculator,3,2,2,solving linear equations
5611,0607_w25_qp_23.json,607,w,Oct/Nov,2025,2,non_calculator,3,3(a),1,topics in arithmetic
5612,0607_w25_qp_23.json,607,w,Oct/Nov,2025,2,non_calculator,3,3(b),2,topics in arithmetic
5613,0607_w25_qp_23.json,607,w,Oct/Nov,2025,2,non_calculator,3,4,2,expanding and factorising
5614,0607_w25_qp_23.json,607,w,Oct/Nov,2025,2,non_calculator,3,5,2,topics in arithmetic
5615,0607_w25_qp_23.json,607,w,Oct/Nov,2025,2,non_calculator,3,6(a),1,sequences
5616,0607_w25_qp_23.json,607,w,Oct/Nov,2025,2,non_calculator,3,6(b),2,sequences
5617,0607_w25_qp_23.json,607,w,Oct/Nov,2025,2,non_calculator,3,7(a),1,sets and Venn diagrams
5618,0607_w25_qp_23.json,607,w,Oct/Nov,2025,2,non_calculator,3,7(b),1,sets and Venn diagrams
5619,0607_w25_qp_23.json,607,w,Oct/Nov,2025,2,non_calculator,3,8,2,angles
5620,0607_w25_qp_23.json,607,w,Oct/Nov,2025,2,non_calculator,3,9,2,exponents and surds
5621,0607_w25_qp_23.json,607,w,Oct/Nov,2025,2,non_calculator,3,10(a),2,circle theorems
5622,0607_w25_qp_23.json,607,w,Oct/Nov,2025,2,non_calculator,3,10(b),2,circle theorems
5623,0607_w25_qp_23.json,607,w,Oct/Nov,2025,2,non_calculator,3,11(a),2,exponents and surds
5624,0607_w25_qp_23.json,607,w,Oct/Nov,2025,2,non_calculator,3,11(b),2,exponents and surds
5625,0607_w25_qp_23.json,607,w,Oct/Nov,2025,2,non_calculator,3,12(a),1,exponents and surds
5626,0607_w25_qp_23.json,607,w,Oct/Nov,2025,2,non_calculator,3,12(b),2,exponents and surds
5627,0607_w25_qp_23.json,607,w,Oct/Nov,2025,2,non_calculator,3,13(a),2,transformations
5628,0607_w25_qp_23.json,607,w,Oct/Nov,2025,2,non_calculator,3,13(b),3,transformations
5629,0607_w25_qp_23.json,607,w,Oct/Nov,2025,2,non_calculator,3,14(a),3,Pythagoras
5630,0607_w25_qp_23.json,607,w,Oct/Nov,2025,2,non_calculator,3,14(b),4,straight lines
5631,0607_w25_qp_23.json,607,w,Oct/Nov,2025,2,non_calculator,3,15(a),2,mensuration
5632,0607_w25_qp_23.json,607,w,Oct/Nov,2025,2,non_calculator,3,15(b),2,expanding and factorising
5633,0607_w25_qp_23.json,607,w,Oct/Nov,2025,2,non_calculator,3,15(c),3,mensuration
5634,0607_w25_qp_23.json,607,w,Oct/Nov,2025,2,non_calculator,3,16(a),1,exponents and surds
5635,0607_w25_qp_23.json,607,w,Oct/Nov,2025,2,non_calculator,3,16(b),2,exponents and surds
5636,0607_w25_qp_23.json,607,w,Oct/Nov,2025,2,non_calculator,3,17,3,solving quadratic equations
5637,0607_w25_qp_23.json,607,w,Oct/Nov,2025,2,non_calculator,3,18(a),1,functions
5638,0607_w25_qp_23.json,607,w,Oct/Nov,2025,2,non_calculator,3,18(b),2,functions
5639,0607_w25_qp_23.json,607,w,Oct/Nov,2025,2,non_calculator,3,18(c),2,functions
5640,0607_w25_qp_23.json,607,w,Oct/Nov,2025,2,non_calculator,3,19,3,expanding and factorising
5641,0607_w25_qp_23.json,607,w,Oct/Nov,2025,2,non_calculator,3,20(a),1,probability
5642,0607_w25_qp_23.json,607,w,Oct/Nov,2025,2,non_calculator,3,20(b),2,probability
5643,0607_w25_qp_23.json,607,w,Oct/Nov,2025,2,non_calculator,3,20(c),2,probability
5644,0607_w25_qp_23.json,607,w,Oct/Nov,2025,2,non_calculator,3,20(d),2,probability
5645,0607_w25_qp_23.json,607,w,Oct/Nov,2025,2,non_calculator,3,21,4,mensuration
5646,0607_w25_qp_41.json,607,w,Oct/Nov,2025,4,calculator,1,1(a),2,statistics
5647,0607_w25_qp_41.json,607,w,Oct/Nov,2025,4,calculator,1,1(b),1,statistics
5648,0607_w25_qp_41.json,607,w,Oct/Nov,2025,4,calculator,1,1(c),2,statistics
5649,0607_w25_qp_41.json,607,w,Oct/Nov,2025,4,calculator,1,1(d),1,statistics
5650,0607_w25_qp_41.json,607,w,Oct/Nov,2025,4,calculator,1,2,1,exponents and surds
5651,0607_w25_qp_41.json,607,w,Oct/Nov,2025,4,calculator,1,3,2,topics in arithmetic
5652,0607_w25_qp_41.json,607,w,Oct/Nov,2025,4,calculator,1,4,2,topics in arithmetic
5653,0607_w25_qp_41.json,607,w,Oct/Nov,2025,4,calculator,1,5,2,inequalities
5654,0607_w25_qp_41.json,607,w,Oct/Nov,2025,4,calculator,1,6(a),2,topics in arithmetic
5655,0607_w25_qp_41.json,607,w,Oct/Nov,2025,4,calculator,1,6(b),3,topics in arithmetic
5656,0607_w25_qp_41.json,607,w,Oct/Nov,2025,4,calculator,1,6(c),4,topics in arithmetic
5657,0607_w25_qp_41.json,607,w,Oct/Nov,2025,4,calculator,1,7(a),5,mensuration
5658,0607_w25_qp_41.json,607,w,Oct/Nov,2025,4,calculator,1,7(b),2,angles
5659,0607_w25_qp_41.json,607,w,Oct/Nov,2025,4,calculator,1,8(a),3,graphing functions
5660,0607_w25_qp_41.json,607,w,Oct/Nov,2025,4,calculator,1,8(b),2,graphing functions
5661,0607_w25_qp_41.json,607,w,Oct/Nov,2025,4,calculator,1,8(c),2,graphing functions
5662,0607_w25_qp_41.json,607,w,Oct/Nov,2025,4,calculator,1,8(d),1,graphing functions
5663,0607_w25_qp_41.json,607,w,Oct/Nov,2025,4,calculator,1,8(e),2,graphing functions
5664,0607_w25_qp_41.json,607,w,Oct/Nov,2025,4,calculator,1,9(a),4,trigonometry
5665,0607_w25_qp_41.json,607,w,Oct/Nov,2025,4,calculator,1,9(b),2,trigonometry
5666,0607_w25_qp_41.json,607,w,Oct/Nov,2025,4,calculator,1,10(a),2,variation and proportion
5667,0607_w25_qp_41.json,607,w,Oct/Nov,2025,4,calculator,1,10(b),2,variation and proportion
5668,0607_w25_qp_41.json,607,w,Oct/Nov,2025,4,calculator,1,10(c),3,variation and proportion
5669,0607_w25_qp_41.json,607,w,Oct/Nov,2025,4,calculator,1,11,3,statistics
5670,0607_w25_qp_41.json,607,w,Oct/Nov,2025,4,calculator,1,12,3,transformations
5671,0607_w25_qp_41.json,607,w,Oct/Nov,2025,4,calculator,1,13(a),3,straight lines
5672,0607_w25_qp_41.json,607,w,Oct/Nov,2025,4,calculator,1,13(b),2,straight lines
5673,0607_w25_qp_41.json,607,w,Oct/Nov,2025,4,calculator,1,14(a),3,mensuration
5674,0607_w25_qp_41.json,607,w,Oct/Nov,2025,4,calculator,1,14(b),4,mensuration
5675,0607_w25_qp_41.json,607,w,Oct/Nov,2025,4,calculator,1,15(a),3,functions
5676,0607_w25_qp_41.json,607,w,Oct/Nov,2025,4,calculator,1,15(b),2,transformations
5677,0607_w25_qp_42.json,607,w,Oct/Nov,2025,4,calculator,2,1(a),2,topics in arithmetic
5678,0607_w25_qp_42.json,607,w,Oct/Nov,2025,4,calculator,2,1(b),1,topics in arithmetic
5679,0607_w25_qp_42.json,607,w,Oct/Nov,2025,4,calculator,2,2(a),1,statistics
5680,0607_w25_qp_42.json,607,w,Oct/Nov,2025,4,calculator,2,2(b),1,statistics
5681,0607_w25_qp_42.json,607,w,Oct/Nov,2025,4,calculator,2,2(c),2,statistics
5682,0607_w25_qp_42.json,607,w,Oct/Nov,2025,4,calculator,2,3,2,expanding and factorising
5683,0607_w25_qp_42.json,607,w,Oct/Nov,2025,4,calculator,2,4,2,angles
5684,0607_w25_qp_42.json,607,w,Oct/Nov,2025,4,calculator,2,5,2,mensuration
5685,0607_w25_qp_42.json,607,w,Oct/Nov,2025,4,calculator,2,6,2,topics in arithmetic
5686,0607_w25_qp_42.json,607,w,Oct/Nov,2025,4,calculator,2,7,2,expanding and factorising
5687,0607_w25_qp_42.json,607,w,Oct/Nov,2025,4,calculator,2,8(a)(i),3,graphing functions
5688,0607_w25_qp_42.json,607,w,Oct/Nov,2025,4,calculator,2,8(a)(ii),2,graphing functions
5689,0607_w25_qp_42.json,607,w,Oct/Nov,2025,4,calculator,2,8(a)(iii),2,graphing functions
5690,0607_w25_qp_42.json,607,w,Oct/Nov,2025,4,calculator,2,8(b),1,graphing functions
5691,0607_w25_qp_42.json,607,w,Oct/Nov,2025,4,calculator,2,8(c),3,inequalities
5692,0607_w25_qp_42.json,607,w,Oct/Nov,2025,4,calculator,2,9,2,probability
5693,0607_w25_qp_42.json,607,w,Oct/Nov,2025,4,calculator,2,10(a),2,statistics
5694,0607_w25_qp_42.json,607,w,Oct/Nov,2025,4,calculator,2,10(b),1,statistics
5695,0607_w25_qp_42.json,607,w,Oct/Nov,2025,4,calculator,2,10(c),1,statistics
5696,0607_w25_qp_42.json,607,w,Oct/Nov,2025,4,calculator,2,11,2,trigonometry
5697,0607_w25_qp_42.json,607,w,Oct/Nov,2025,4,calculator,2,12,4,solving linear equations
5698,0607_w25_qp_42.json,607,w,Oct/Nov,2025,4,calculator,2,13,3,expanding and factorising
5699,0607_w25_qp_42.json,607,w,Oct/Nov,2025,4,calculator,2,14(a),3,trigonometry
5700,0607_w25_qp_42.json,607,w,Oct/Nov,2025,4,calculator,2,14(b),3,trigonometry
5701,0607_w25_qp_42.json,607,w,Oct/Nov,2025,4,calculator,2,14(c),4,mensuration
5702,0607_w25_qp_42.json,607,w,Oct/Nov,2025,4,calculator,2,15(a)(i),3,topics in arithmetic
5703,0607_w25_qp_42.json,607,w,Oct/Nov,2025,4,calculator,2,15(a)(ii),4,topics in arithmetic
5704,0607_w25_qp_42.json,607,w,Oct/Nov,2025,4,calculator,2,15(b),3,topics in arithmetic
5705,0607_w25_qp_42.json,607,w,Oct/Nov,2025,4,calculator,2,16,5,probability
5706,0607_w25_qp_42.json,607,w,Oct/Nov,2025,4,calculator,2,17(a),4,mensuration
5707,0607_w25_qp_42.json,607,w,Oct/Nov,2025,4,calculator,2,17(b),3,similarity
5708,0607_w25_qp_43.json,607,w,Oct/Nov,2025,4,calculator,3,1,2,angles
5709,0607_w25_qp_43.json,607,w,Oct/Nov,2025,4,calculator,3,2,2,exponents and surds
5710,0607_w25_qp_43.json,607,w,Oct/Nov,2025,4,calculator,3,3,1,topics in arithmetic
5711,0607_w25_qp_43.json,607,w,Oct/Nov,2025,4,calculator,3,4(a),2,graphing functions
5712,0607_w25_qp_43.json,607,w,Oct/Nov,2025,4,calculator,3,4(b),2,graphing functions
5713,0607_w25_qp_43.json,607,w,Oct/Nov,2025,4,calculator,3,4(c),1,graphing functions
5714,0607_w25_qp_43.json,607,w,Oct/Nov,2025,4,calculator,3,4(d),1,graphing functions
5715,0607_w25_qp_43.json,607,w,Oct/Nov,2025,4,calculator,3,4(e),3,graphing functions
5716,0607_w25_qp_43.json,607,w,Oct/Nov,2025,4,calculator,3,4(f)(i),1,graphing functions
5717,0607_w25_qp_43.json,607,w,Oct/Nov,2025,4,calculator,3,4(f)(ii),1,inequalities
5718,0607_w25_qp_43.json,607,w,Oct/Nov,2025,4,calculator,3,5,3,simultaneous equations
5719,0607_w25_qp_43.json,607,w,Oct/Nov,2025,4,calculator,3,6,2,topics in arithmetic
5720,0607_w25_qp_43.json,607,w,Oct/Nov,2025,4,calculator,3,7(a)(i),3,statistics
5721,0607_w25_qp_43.json,607,w,Oct/Nov,2025,4,calculator,3,7(a)(ii)(a),1,statistics
5722,0607_w25_qp_43.json,607,w,Oct/Nov,2025,4,calculator,3,7(a)(ii)(b),2,statistics
5723,0607_w25_qp_43.json,607,w,Oct/Nov,2025,4,calculator,3,7(b)(i),1,statistics
5724,0607_w25_qp_43.json,607,w,Oct/Nov,2025,4,calculator,3,7(b)(ii),2,statistics
5725,0607_w25_qp_43.json,607,w,Oct/Nov,2025,4,calculator,3,8,3,vectors
5726,0607_w25_qp_43.json,607,w,Oct/Nov,2025,4,calculator,3,9,5,mensuration
5727,0607_w25_qp_43.json,607,w,Oct/Nov,2025,4,calculator,3,10,4,mensuration
5728,0607_w25_qp_43.json,607,w,Oct/Nov,2025,4,calculator,3,11,2,solving linear equations
5729,0607_w25_qp_43.json,607,w,Oct/Nov,2025,4,calculator,3,12,3,variation and proportion
5730,0607_w25_qp_43.json,607,w,Oct/Nov,2025,4,calculator,3,13(a),3,topics in arithmetic
5731,0607_w25_qp_43.json,607,w,Oct/Nov,2025,4,calculator,3,13(b)(i),2,topics in arithmetic
5732,0607_w25_qp_43.json,607,w,Oct/Nov,2025,4,calculator,3,13(b)(ii),4,topics in arithmetic
5733,0607_w25_qp_43.json,607,w,Oct/Nov,2025,4,calculator,3,14(a),3,trigonometry
5734,0607_w25_qp_43.json,607,w,Oct/Nov,2025,4,calculator,3,14(b),3,trigonometry
5735,0607_w25_qp_43.json,607,w,Oct/Nov,2025,4,calculator,3,14(c),2,trigonometry
5736,0607_w25_qp_43.json,607,w,Oct/Nov,2025,4,calculator,3,15,3,trigonometry
5737,0607_w25_qp_43.json,607,w,Oct/Nov,2025,4,calculator,3,16,3,expanding and factorising
5738,0607_w25_qp_43.json,607,w,Oct/Nov,2025,4,calculator,3,17,3,similarity
5739,0607_w25_qp_43.json,607,w,Oct/Nov,2025,4,calculator,3,18,2,trigonometry
