filename,question_number,topic,confidence
0607_m21_qp_22.json,1(a),statistics,high
0607_m21_qp_22.json,1(b),statistics,high
0607_m21_qp_22.json,2,vectors,high
0607_m21_qp_22.json,3,topics in arithmetic,high
0607_m21_qp_22.json,4,solving linear equations,high
0607_m21_qp_22.json,5(a),straight lines,high
0607_m21_qp_22.json,5(b),Pythagoras,high
0607_m21_qp_22.json,6,exponents and surds,high
0607_m21_qp_22.json,7(a),probability,high
0607_m21_qp_22.json,7(b),probability,high
0607_m21_qp_22.json,8,expanding and factorising,high
0607_m21_qp_22.json,9(a),circle theorems,high
0607_m21_qp_22.json,9(b)(i),circle theorems,high
0607_m21_qp_22.json,9(b)(ii),circle theorems,high
0607_m21_qp_22.json,10,topics in arithmetic,high
0607_m21_qp_22.json,11,sequences,high
0607_m21_qp_22.json,12,solving linear equations,high
0607_m21_qp_22.json,13,exponents and surds,high
0607_m21_qp_22.json,14,expanding and factorising,high
0607_m21_qp_42.json,1(a)(i),transformations,high
0607_m21_qp_42.json,1(a)(ii),transformations,high
0607_m21_qp_42.json,1(a)(iii),transformations,high
0607_m21_qp_42.json,1(b),transformations,high
0607_m21_qp_42.json,2(a),topics in arithmetic,high
0607_m21_qp_42.json,2(b),topics in arithmetic,high
0607_m21_qp_42.json,2(c),topics in arithmetic,high
0607_m21_qp_42.json,2(d)(i),topics in arithmetic,high
0607_m21_qp_42.json,2(d)(ii),topics in arithmetic,high
0607_m21_qp_42.json,2(e)(i),topics in arithmetic,high
0607_m21_qp_42.json,2(e)(ii),topics in arithmetic,high
0607_m21_qp_42.json,2(f),topics in arithmetic,high
0607_m21_qp_42.json,3(a)(i),straight lines,high
0607_m21_qp_42.json,3(a)(ii),straight lines,high
0607_m21_qp_42.json,3(b),straight lines,high
0607_m21_qp_42.json,3(c),straight lines,high
0607_m21_qp_42.json,3(d),straight lines,high
0607_m21_qp_42.json,3(e)(i),inequalities,high
0607_m21_qp_42.json,3(e)(ii),inequalities,high
0607_m21_qp_42.json,4(a)(i),statistics,high
0607_m21_qp_42.json,4(a)(ii),statistics,high
0607_m21_qp_42.json,4(b)(i),statistics,high
0607_m21_qp_42.json,4(b)(ii),statistics,high
0607_m21_qp_42.json,4(b)(iii)(a),statistics,high
0607_m21_qp_42.json,4(b)(iii)(b),statistics,high
0607_m21_qp_42.json,5(a),trigonometry,high
0607_m21_qp_42.json,5(b),mensuration,high
0607_m21_qp_42.json,5(c),mensuration,high
0607_m21_qp_42.json,5(d)(i),solving quadratic equations,high
0607_m21_qp_42.json,5(d)(ii),expanding and factorising,high
0607_m21_qp_42.json,5(d)(iii),solving quadratic equations,high
0607_m21_qp_42.json,5(d)(iv),solving quadratic equations,high
0607_m21_qp_42.json,6(a)(i),variation and proportion,high
0607_m21_qp_42.json,6(a)(ii),variation and proportion,high
0607_m21_qp_42.json,6(a)(iii),variation and proportion,high
0607_m21_qp_42.json,6(b),variation and proportion,high
0607_m21_qp_42.json,7(a),functions,high
0607_m21_qp_42.json,7(b),functions,high
0607_m21_qp_42.json,7(c),inequalities,high
0607_m21_qp_42.json,8(a),angles,high
0607_m21_qp_42.json,8(b),trigonometry,high
0607_m21_qp_42.json,8(c),trigonometry,high
0607_m21_qp_42.json,8(d),topics in arithmetic,high
0607_m21_qp_42.json,9(a)(i),sets and Venn diagrams,high
0607_m21_qp_42.json,9(a)(ii),sets and Venn diagrams,high
0607_m21_qp_42.json,9(a)(iii),sets and Venn diagrams,high
0607_m21_qp_42.json,9(b)(i),probability,high
0607_m21_qp_42.json,9(b)(ii),probability,high
0607_m21_qp_42.json,10(a),similarity,high
0607_m21_qp_42.json,10(b),mensuration,high
0607_m21_qp_42.json,11(a),functions,high
0607_m21_qp_42.json,11(b),functions,high
0607_m21_qp_42.json,11(c),functions,high
0607_m21_qp_42.json,11(d),functions,high
0607_m21_qp_42.json,11(e),functions,high
0607_m22_qp_22.json,1,topics in arithmetic,high
0607_m22_qp_22.json,2,topics in arithmetic,high
0607_m22_qp_22.json,3,topics in arithmetic,high
0607_m22_qp_22.json,4(a),vectors,high
0607_m22_qp_22.json,4(b),vectors,high
0607_m22_qp_22.json,5,topics in arithmetic,high
0607_m22_qp_22.json,6,topics in arithmetic,high
0607_m22_qp_22.json,7,mensuration,high
0607_m22_qp_22.json,8,exponents and surds,high
0607_m22_qp_22.json,9,topics in arithmetic,high
0607_m22_qp_22.json,10(a),similarity,high
0607_m22_qp_22.json,10(b),similarity,high
0607_m22_qp_22.json,11,expanding and factorising,high
0607_m22_qp_22.json,12(a),transformations,high
0607_m22_qp_22.json,12(b),transformations,high
0607_m22_qp_22.json,13,exponents and surds,high
0607_m22_qp_22.json,14(a),topics in arithmetic,high
0607_m22_qp_22.json,14(b),topics in arithmetic,high
0607_m22_qp_22.json,15,expanding and factorising,high
0607_m22_qp_22.json,16,solving quadratic equations,high
0607_m22_qp_22.json,17,expanding and factorising,high
0607_m22_qp_22.json,18,logarithms,high
0607_m22_qp_42.json,1(a),straight lines,high
0607_m22_qp_42.json,1(b)(i),straight lines,high
0607_m22_qp_42.json,1(b)(ii),straight lines,high
0607_m22_qp_42.json,2(a),topics in arithmetic,high
0607_m22_qp_42.json,2(b),topics in arithmetic,high
0607_m22_qp_42.json,2(c),topics in arithmetic,high
0607_m22_qp_42.json,2(d)(i),topics in arithmetic,high
0607_m22_qp_42.json,2(d)(ii),topics in arithmetic,high
0607_m22_qp_42.json,2(e),topics in arithmetic,high
0607_m22_qp_42.json,3(a)(i),statistics,high
0607_m22_qp_42.json,3(a)(ii),statistics,high
0607_m22_qp_42.json,3(a)(iii),statistics,high
0607_m22_qp_42.json,3(a)(iv),statistics,high
0607_m22_qp_42.json,3(b),statistics,high
0607_m22_qp_42.json,3(c),statistics,high
0607_m22_qp_42.json,4(a),angles,high
0607_m22_qp_42.json,4(b),angles,high
0607_m22_qp_42.json,5(a)(i),expanding and factorising,high
0607_m22_qp_42.json,5(a)(ii),expanding and factorising,high
0607_m22_qp_42.json,5(a)(iii),solving quadratic equations,high
0607_m22_qp_42.json,5(b)(i),solving linear equations,high
0607_m22_qp_42.json,5(b)(ii),solving linear equations,high
0607_m22_qp_42.json,5(b)(iii),solving linear equations,high
0607_m22_qp_42.json,6(a),expanding and factorising,high
0607_m22_qp_42.json,6(b),expanding and factorising,high
0607_m22_qp_42.json,6(c),mensuration,high
0607_m22_qp_42.json,7(a),functions,high
0607_m22_qp_42.json,7(b),functions,high
0607_m22_qp_42.json,7(c),functions,high
0607_m22_qp_42.json,7(d),functions,high
0607_m22_qp_42.json,7(e)(i),functions,high
0607_m22_qp_42.json,7(e)(ii),functions,high
0607_m22_qp_42.json,7(e)(iii),inequalities,high
0607_m22_qp_42.json,8(a)(i),functions,high
0607_m22_qp_42.json,8(a)(ii),functions,high
0607_m22_qp_42.json,8(b),functions,high
0607_m22_qp_42.json,8(c),functions,high
0607_m22_qp_42.json,8(d),functions,high
0607_m22_qp_42.json,8(e),functions,high
0607_m22_qp_42.json,8(f),functions,high
0607_m22_qp_42.json,9(a),trigonometry,high
0607_m22_qp_42.json,9(b)(i),trigonometry,high
0607_m22_qp_42.json,9(b)(ii),trigonometry,high
0607_m22_qp_42.json,9(c),trigonometry,high
0607_m22_qp_42.json,10(a),probability,high
0607_m22_qp_42.json,10(b)(i),probability,high
0607_m22_qp_42.json,10(b)(ii),probability,high
0607_m22_qp_42.json,10(c)(i),probability,high
0607_m22_qp_42.json,10(c)(ii),probability,high
0607_m22_qp_42.json,11(a),trigonometry,high
0607_m22_qp_42.json,11(b)(i),trigonometry,high
0607_m22_qp_42.json,11(b)(ii),trigonometry,high
0607_m22_qp_42.json,11(b)(iii),trigonometry,high
0607_m23_qp_22.json,1(a),topics in arithmetic,high
0607_m23_qp_22.json,1(b),topics in arithmetic,high
0607_m23_qp_22.json,2,topics in arithmetic,high
0607_m23_qp_22.json,3(a),topics in arithmetic,high
0607_m23_qp_22.json,3(b),topics in arithmetic,high
0607_m23_qp_22.json,4,angles,high
0607_m23_qp_22.json,5,probability,high
0607_m23_qp_22.json,6,solving linear equations,high
0607_m23_qp_22.json,7,inequalities,high
0607_m23_qp_22.json,8(a),exponents and surds,high
0607_m23_qp_22.json,8(b),exponents and surds,high
0607_m23_qp_22.json,9,angles,high
0607_m23_qp_22.json,10,Pythagoras,high
0607_m23_qp_22.json,11,simultaneous equations,high
0607_m23_qp_22.json,12,expanding and factorising,high
0607_m23_qp_22.json,13(a),sets and Venn diagrams,high
0607_m23_qp_22.json,13(b),sets and Venn diagrams,high
0607_m23_qp_22.json,14,solving linear equations,high
0607_m23_qp_22.json,15,expanding and factorising,high
0607_m23_qp_22.json,16,mensuration,high
0607_m23_qp_22.json,17,probability,high
0607_m23_qp_42.json,1(a),statistics,high
0607_m23_qp_42.json,1(b),statistics,high
0607_m23_qp_42.json,1(c),statistics,high
0607_m23_qp_42.json,1(d),statistics,high
0607_m23_qp_42.json,1(e),statistics,high
0607_m23_qp_42.json,2(a),transformations,high
0607_m23_qp_42.json,2(b),transformations,high
0607_m23_qp_42.json,2(c),transformations,high
0607_m23_qp_42.json,2(d),transformations,high
0607_m23_qp_42.json,3(a),circle theorems,high
0607_m23_qp_42.json,3(b)(i),circle theorems,high
0607_m23_qp_42.json,3(b)(ii),circle theorems,high
0607_m23_qp_42.json,3(b)(iii),circle theorems,high
0607_m23_qp_42.json,3(b)(iv),circle theorems,high
0607_m23_qp_42.json,3(b)(v),circle theorems,high
0607_m23_qp_42.json,3(c),circle theorems,high
0607_m23_qp_42.json,4(a),statistics,high
0607_m23_qp_42.json,4(b),statistics,high
0607_m23_qp_42.json,4(c),statistics,high
0607_m23_qp_42.json,4(d)(i),statistics,high
0607_m23_qp_42.json,4(d)(ii),statistics,high
0607_m23_qp_42.json,5(a),variation and proportion,high
0607_m23_qp_42.json,5(b),solving linear equations,high
0607_m23_qp_42.json,5(c),solving linear equations,high
0607_m23_qp_42.json,5(d),logarithms,high
0607_m23_qp_42.json,5(e),solving quadratic equations,high
0607_m23_qp_42.json,6(a),functions,high
0607_m23_qp_42.json,6(b),functions,high
0607_m23_qp_42.json,6(c),functions,high
0607_m23_qp_42.json,6(d),functions,high
0607_m23_qp_42.json,6(e)(i),functions,high
0607_m23_qp_42.json,6(e)(ii),inequalities,high
0607_m23_qp_42.json,7(a),variation and proportion,high
0607_m23_qp_42.json,7(b),variation and proportion,high
0607_m23_qp_42.json,7(c),variation and proportion,high
0607_m23_qp_42.json,8(a),trigonometry,high
0607_m23_qp_42.json,8(b),trigonometry,high
0607_m23_qp_42.json,8(c)(i),trigonometry,high
0607_m23_qp_42.json,8(c)(ii),trigonometry,high
0607_m23_qp_42.json,8(d),trigonometry,high
0607_m23_qp_42.json,9(a)(i),topics in arithmetic,high
0607_m23_qp_42.json,9(a)(ii),topics in arithmetic,high
0607_m23_qp_42.json,9(b)(i),topics in arithmetic,high
0607_m23_qp_42.json,9(b)(ii),topics in arithmetic,high
0607_m23_qp_42.json,9(c),topics in arithmetic,high
0607_m23_qp_42.json,10(a),trigonometry,high
0607_m23_qp_42.json,10(b),trigonometry,high
0607_m23_qp_42.json,11(a)(i),mensuration,high
0607_m23_qp_42.json,11(a)(ii),mensuration,high
0607_m23_qp_42.json,11(b),mensuration,high
0607_m23_qp_42.json,11(c),similarity,high
0607_m23_qp_42.json,12(a)(i),probability,high
0607_m23_qp_42.json,12(a)(ii),probability,high
0607_m23_qp_42.json,12(b),probability,high
0607_m24_qp_22.json,1,topics in arithmetic,high
0607_m24_qp_22.json,2,topics in arithmetic,high
0607_m24_qp_22.json,3(a),transformations,high
0607_m24_qp_22.json,3(b),transformations,high
0607_m24_qp_22.json,4,exponents and surds,high
0607_m24_qp_22.json,5(a),topics in arithmetic,high
0607_m24_qp_22.json,5(b),topics in arithmetic,high
0607_m24_qp_22.json,6,angles,high
0607_m24_qp_22.json,7(a),statistics,high
0607_m24_qp_22.json,7(b),statistics,high
0607_m24_qp_22.json,8,simultaneous equations,high
0607_m24_qp_22.json,9(a),topics in arithmetic,high
0607_m24_qp_22.json,9(b),topics in arithmetic,high
0607_m24_qp_22.json,10,exponents and surds,high
0607_m24_qp_22.json,11,Pythagoras,high
0607_m24_qp_22.json,12,solving linear equations,high
0607_m24_qp_22.json,13(a),exponents and surds,high
0607_m24_qp_22.json,13(b),exponents and surds,high
0607_m24_qp_22.json,14,variation and proportion,high
0607_m24_qp_22.json,15,logarithms,high
0607_m24_qp_42.json,1(a),trigonometry,high
0607_m24_qp_42.json,1(b),trigonometry,high
0607_m24_qp_42.json,1(c)(i),trigonometry,high
0607_m24_qp_42.json,1(c)(ii),trigonometry,high
0607_m24_qp_42.json,1(c)(iii),inequalities,high
0607_m24_qp_42.json,2(a),topics in arithmetic,high
0607_m24_qp_42.json,2(b),topics in arithmetic,high
0607_m24_qp_42.json,2(c)(i),expanding and factorising,high
0607_m24_qp_42.json,2(c)(ii),expanding and factorising,high
0607_m24_qp_42.json,2(c)(iii),solving quadratic equations,high
0607_m24_qp_42.json,2(c)(iv),solving quadratic equations,high
0607_m24_qp_42.json,3(a),transformations,high
0607_m24_qp_42.json,3(b),transformations,high
0607_m24_qp_42.json,3(c)(i),transformations,high
0607_m24_qp_42.json,3(c)(ii),transformations,high
0607_m24_qp_42.json,3(c)(iii),transformations,high
0607_m24_qp_42.json,4(a),statistics,high
0607_m24_qp_42.json,4(b),statistics,high
0607_m24_qp_42.json,4(c),straight lines,high
0607_m24_qp_42.json,4(d),straight lines,high
0607_m24_qp_42.json,4(e),statistics,high
0607_m24_qp_42.json,5(a),trigonometry,high
0607_m24_qp_42.json,5(b),trigonometry,high
0607_m24_qp_42.json,5(c),trigonometry,high
0607_m24_qp_42.json,6(a)(i),sets and Venn diagrams,high
0607_m24_qp_42.json,6(a)(ii),sets and Venn diagrams,high
0607_m24_qp_42.json,6(a)(iii),sets and Venn diagrams,high
0607_m24_qp_42.json,6(b)(i),probability,high
0607_m24_qp_42.json,6(b)(ii),probability,high
0607_m24_qp_42.json,6(b)(iii),probability,high
0607_m24_qp_42.json,7(a)(i),angles,high
0607_m24_qp_42.json,7(a)(ii),angles,high
0607_m24_qp_42.json,7(a)(iii),angles,high
0607_m24_qp_42.json,7(b)(i),similarity,high
0607_m24_qp_42.json,7(b)(ii),similarity,high
0607_m24_qp_42.json,8(a),statistics,high
0607_m24_qp_42.json,8(b)(i),statistics,high
0607_m24_qp_42.json,8(b)(ii),statistics,high
0607_m24_qp_42.json,8(c),statistics,high
0607_m24_qp_42.json,9(a),straight lines,high
0607_m24_qp_42.json,9(b),straight lines,high
0607_m24_qp_42.json,9(c),straight lines,high
0607_m24_qp_42.json,9(d),straight lines,high
0607_m24_qp_42.json,9(e),straight lines,high
0607_m24_qp_42.json,10(a)(i),functions,high
0607_m24_qp_42.json,10(a)(ii),functions,high
0607_m24_qp_42.json,10(a)(iii),functions,high
0607_m24_qp_42.json,10(b)(i),functions,high
0607_m24_qp_42.json,10(b)(ii),functions,high
0607_m24_qp_42.json,10(b)(iii),functions,high
0607_m24_qp_42.json,11(a),inequalities,high
0607_m24_qp_42.json,11(b),expanding and factorising,high
0607_m24_qp_42.json,11(c)(i),topics in arithmetic,high
0607_m24_qp_42.json,11(c)(ii),expanding and factorising,high
0607_m25_qp_22.json,1,topics in arithmetic,high
0607_m25_qp_22.json,2,inequalities,high
0607_m25_qp_22.json,3,angles,high
0607_m25_qp_22.json,4,statistics,high
0607_m25_qp_22.json,5,vectors,high
0607_m25_qp_22.json,6(a),sets and Venn diagrams,high
0607_m25_qp_22.json,6(b),sets and Venn diagrams,high
0607_m25_qp_22.json,7,topics in arithmetic,high
0607_m25_qp_22.json,8,topics in arithmetic,high
0607_m25_qp_22.json,9(a),simultaneous equations,high
0607_m25_qp_22.json,9(b),straight lines,high
0607_m25_qp_22.json,10(a),probability,high
0607_m25_qp_22.json,10(b)(i),probability,high
0607_m25_qp_22.json,10(b)(ii),probability,high
0607_m25_qp_22.json,11,sequences,high
0607_m25_qp_22.json,12(a)(i),transformations,high
0607_m25_qp_22.json,12(a)(ii),transformations,high
0607_m25_qp_22.json,12(b),transformations,high
0607_m25_qp_22.json,13,inequalities,high
0607_m25_qp_22.json,14(a),exponents and surds,high
0607_m25_qp_22.json,14(b),exponents and surds,high
0607_m25_qp_22.json,14(c),exponents and surds,high
0607_m25_qp_22.json,15,expanding and factorising,high
0607_m25_qp_22.json,16,mensuration,high
0607_m25_qp_22.json,17,straight lines,high
0607_m25_qp_22.json,18(a),solving linear equations,high
0607_m25_qp_22.json,18(b),solving linear equations,high
0607_m25_qp_22.json,19,similarity,high
0607_m25_qp_22.json,20,probability,high
0607_m25_qp_22.json,21(a),exponents and surds,high
0607_m25_qp_22.json,21(b),exponents and surds,high
0607_m25_qp_22.json,22,solving quadratic equations,high
0607_m25_qp_22.json,23(a),functions,high
0607_m25_qp_22.json,23(b),trigonometry,high
0607_m25_qp_42.json,1(a),mensuration,high
0607_m25_qp_42.json,1(b),mensuration,high
0607_m25_qp_42.json,2,topics in arithmetic,high
0607_m25_qp_42.json,3,topics in arithmetic,high
0607_m25_qp_42.json,4(a),vectors,high
0607_m25_qp_42.json,4(b),vectors,high
0607_m25_qp_42.json,5,topics in arithmetic,high
0607_m25_qp_42.json,6,circle theorems,high
0607_m25_qp_42.json,7,topics in arithmetic,high
0607_m25_qp_42.json,8(a),functions,high
0607_m25_qp_42.json,8(b),inequalities,high
0607_m25_qp_42.json,9(a),statistics,high
0607_m25_qp_42.json,9(b),statistics,high
0607_m25_qp_42.json,10,statistics,high
0607_m25_qp_42.json,11,topics in arithmetic,high
0607_m25_qp_42.json,12(a),mensuration,high
0607_m25_qp_42.json,12(b)(i),topics in arithmetic,high
0607_m25_qp_42.json,12(b)(ii),topics in arithmetic,high
0607_m25_qp_42.json,13(a),functions,high
0607_m25_qp_42.json,13(b),functions,high
0607_m25_qp_42.json,13(c),functions,high
0607_m25_qp_42.json,13(d),functions,high
0607_m25_qp_42.json,14(a),trigonometry,high
0607_m25_qp_42.json,14(b),trigonometry,high
0607_m25_qp_42.json,14(c),trigonometry,high
0607_m25_qp_42.json,15(a),angles,high
0607_m25_qp_42.json,15(b),mensuration,high
0607_m25_qp_42.json,15(c),mensuration,high
0607_m25_qp_42.json,16,probability,high
0607_m25_qp_42.json,17,exponents and surds,high
0607_m25_qp_42.json,18(a),expanding and factorising,high
0607_m25_qp_42.json,18(b),solving quadratic equations,high
0607_s14_qp_21.json,1(a),expanding and factorising,high
0607_s14_qp_21.json,1(b),expanding and factorising,high
0607_s14_qp_21.json,2(a),exponents and surds,high
0607_s14_qp_21.json,2(b),trigonometry,high
0607_s14_qp_21.json,2(c),trigonometry,high
0607_s14_qp_21.json,3(a),topics in arithmetic,high
0607_s14_qp_21.json,3(b),expanding and factorising,high
0607_s14_qp_21.json,4,topics in arithmetic,high
0607_s14_qp_21.json,5(a),topics in arithmetic,high
0607_s14_qp_21.json,5(b),variation and proportion,high
0607_s14_qp_21.json,6(a),exponents and surds,high
0607_s14_qp_21.json,6(b),exponents and surds,high
0607_s14_qp_21.json,7(a),straight lines,high
0607_s14_qp_21.json,7(b),inequalities,high
0607_s14_qp_21.json,7(c)(i),inequalities,high
0607_s14_qp_21.json,7(c)(ii),inequalities,high
0607_s14_qp_21.json,8(a),probability,high
0607_s14_qp_21.json,8(b)(i),probability,high
0607_s14_qp_21.json,8(b)(ii),probability,high
0607_s14_qp_21.json,9(a),statistics,high
0607_s14_qp_21.json,9(b),statistics,high
0607_s14_qp_21.json,10,solving quadratic equations,high
0607_s14_qp_22.json,1(a),vectors,high
0607_s14_qp_22.json,1(b),vectors,high
0607_s14_qp_22.json,2(a),transformations,high
0607_s14_qp_22.json,2(b),transformations,high
0607_s14_qp_22.json,2(c),transformations,high
0607_s14_qp_22.json,3,statistics,high
0607_s14_qp_22.json,4(a),topics in arithmetic,high
0607_s14_qp_22.json,4(b),exponents and surds,high
0607_s14_qp_22.json,5(a),expanding and factorising,high
0607_s14_qp_22.json,5(b),expanding and factorising,high
0607_s14_qp_22.json,6(a)(i),exponents and surds,high
0607_s14_qp_22.json,6(a)(ii),exponents and surds,high
0607_s14_qp_22.json,6(b)(i),topics in arithmetic,high
0607_s14_qp_22.json,6(b)(ii),topics in arithmetic,high
0607_s14_qp_22.json,7(a),probability,high
0607_s14_qp_22.json,7(b),probability,high
0607_s14_qp_22.json,7(c),probability,high
0607_s14_qp_22.json,8(a),variation and proportion,high
0607_s14_qp_22.json,8(b),variation and proportion,high
0607_s14_qp_22.json,9(a),topics in arithmetic,high
0607_s14_qp_22.json,9(b),topics in arithmetic,high
0607_s14_qp_22.json,10,expanding and factorising,medium
0607_s14_qp_23.json,1,topics in arithmetic,high
0607_s14_qp_23.json,2(a),topics in arithmetic,high
0607_s14_qp_23.json,2(b),topics in arithmetic,high
0607_s14_qp_23.json,3(a),sequences,high
0607_s14_qp_23.json,3(b),sequences,high
0607_s14_qp_23.json,3(c),sequences,high
0607_s14_qp_23.json,4(a),expanding and factorising,high
0607_s14_qp_23.json,4(b),solving linear equations,high
0607_s14_qp_23.json,5(a),exponents and surds,high
0607_s14_qp_23.json,5(b),exponents and surds,high
0607_s14_qp_23.json,6(a),circle theorems,high
0607_s14_qp_23.json,6(b),circle theorems,high
0607_s14_qp_23.json,7,variation and proportion,high
0607_s14_qp_23.json,8(a),exponents and surds,high
0607_s14_qp_23.json,8(b),exponents and surds,high
0607_s14_qp_23.json,9(a),transformations,high
0607_s14_qp_23.json,9(b),transformations,high
0607_s14_qp_23.json,10,trigonometry,high
0607_s14_qp_23.json,11(a),sets and Venn diagrams,high
0607_s14_qp_23.json,11(b),sets and Venn diagrams,high
0607_s14_qp_23.json,11(c),sets and Venn diagrams,high
0607_s14_qp_23.json,11(d),sets and Venn diagrams,high
0607_s14_qp_23.json,12(a),functions,high
0607_s14_qp_23.json,12(b),functions,high
0607_s14_qp_41.json,1(a),transformations,high
0607_s14_qp_41.json,1(b),transformations,high
0607_s14_qp_41.json,1(c),transformations,high
0607_s14_qp_41.json,1(d),transformations,high
0607_s14_qp_41.json,2(a),vectors,high
0607_s14_qp_41.json,2(b),straight lines,high
0607_s14_qp_41.json,2(c),straight lines,high
0607_s14_qp_41.json,2(d),straight lines,high
0607_s14_qp_41.json,2(e),vectors,high
0607_s14_qp_41.json,2(f),Pythagoras,high
0607_s14_qp_41.json,3(a),similarity,high
0607_s14_qp_41.json,3(b),similarity,high
0607_s14_qp_41.json,3(c),similarity,high
0607_s14_qp_41.json,4(a)(i),angles,high
0607_s14_qp_41.json,4(a)(ii),angles,high
0607_s14_qp_41.json,4(b),trigonometry,high
0607_s14_qp_41.json,4(c),trigonometry,high
0607_s14_qp_41.json,4(d),trigonometry,high
0607_s14_qp_41.json,5(a),logarithms,high
0607_s14_qp_41.json,5(b),simultaneous equations,high
0607_s14_qp_41.json,6(a),functions,high
0607_s14_qp_41.json,6(b),functions,high
0607_s14_qp_41.json,6(c),functions,high
0607_s14_qp_41.json,6(d)(i),functions,high
0607_s14_qp_41.json,6(d)(ii),functions,high
0607_s14_qp_41.json,7(a),statistics,high
0607_s14_qp_41.json,7(b),statistics,high
0607_s14_qp_41.json,7(c),statistics,high
0607_s14_qp_41.json,7(d),statistics,high
0607_s14_qp_41.json,7(e),statistics,high
0607_s14_qp_41.json,7(f),probability,high
0607_s14_qp_41.json,8(a),sets and Venn diagrams,high
0607_s14_qp_41.json,8(b),sets and Venn diagrams,high
0607_s14_qp_41.json,8(c),sets and Venn diagrams,high
0607_s14_qp_41.json,8(d),sets and Venn diagrams,high
0607_s14_qp_41.json,9(a)(i),sequences,high
0607_s14_qp_41.json,9(a)(ii),sequences,high
0607_s14_qp_41.json,9(b),sequences,high
0607_s14_qp_41.json,10(a),topics in arithmetic,high
0607_s14_qp_41.json,10(b),topics in arithmetic,high
0607_s14_qp_41.json,11(a)(i),mensuration,high
0607_s14_qp_41.json,11(a)(ii),mensuration,high
0607_s14_qp_41.json,11(a)(iii),mensuration,high
0607_s14_qp_41.json,11(b)(i),mensuration,high
0607_s14_qp_41.json,11(b)(ii),mensuration,high
0607_s14_qp_41.json,12(a),variation and proportion,high
0607_s14_qp_41.json,12(b)(i),solving quadratic equations,high
0607_s14_qp_41.json,12(b)(ii),solving quadratic equations,high
0607_s14_qp_41.json,12(b)(iii),solving quadratic equations,high
0607_s14_qp_41.json,12(b)(iv),mensuration,high
0607_s14_qp_41.json,13(a)(i),statistics,high
0607_s14_qp_41.json,13(a)(ii),statistics,high
0607_s14_qp_41.json,13(b)(i),statistics,high
0607_s14_qp_41.json,13(b)(ii),statistics,high
0607_s14_qp_41.json,13(c)(i),straight lines,high
0607_s14_qp_41.json,13(c)(ii),statistics,high
0607_s14_qp_41.json,13(c)(iii),statistics,high
0607_s14_qp_41.json,14(a)(i),functions,high
0607_s14_qp_41.json,14(a)(ii),functions,high
0607_s14_qp_41.json,14(a)(iii),functions,high
0607_s14_qp_41.json,14(a)(iv),functions,high
0607_s14_qp_41.json,14(b),inequalities,high
0607_s14_qp_42.json,1(a),topics in arithmetic,high
0607_s14_qp_42.json,1(b),topics in arithmetic,high
0607_s14_qp_42.json,1(c),topics in arithmetic,high
0607_s14_qp_42.json,1(d),topics in arithmetic,high
0607_s14_qp_42.json,1(e),topics in arithmetic,high
0607_s14_qp_42.json,2(a),functions,high
0607_s14_qp_42.json,2(b),functions,high
0607_s14_qp_42.json,2(c),functions,high
0607_s14_qp_42.json,2(d),functions,high
0607_s14_qp_42.json,3(a),transformations,high
0607_s14_qp_42.json,3(b),transformations,high
0607_s14_qp_42.json,4(a),mensuration,high
0607_s14_qp_42.json,4(b),mensuration,high
0607_s14_qp_42.json,4(c),similarity,high
0607_s14_qp_42.json,5(a),statistics,high
0607_s14_qp_42.json,5(b),statistics,high
0607_s14_qp_42.json,5(c)(i),statistics,high
0607_s14_qp_42.json,5(c)(ii),statistics,high
0607_s14_qp_42.json,5(d),statistics,high
0607_s14_qp_42.json,5(e),statistics,high
0607_s14_qp_42.json,5(f),statistics,high
0607_s14_qp_42.json,5(g),statistics,high
0607_s14_qp_42.json,6(a),straight lines,high
0607_s14_qp_42.json,6(b),straight lines,high
0607_s14_qp_42.json,6(c),straight lines,high
0607_s14_qp_42.json,7(a),sets and Venn diagrams,high
0607_s14_qp_42.json,7(b),sets and Venn diagrams,high
0607_s14_qp_42.json,7(c),probability,high
0607_s14_qp_42.json,7(d),probability,high
0607_s14_qp_42.json,7(e),probability,high
0607_s14_qp_42.json,8(a),functions,high
0607_s14_qp_42.json,8(b),functions,high
0607_s14_qp_42.json,8(c),functions,high
0607_s14_qp_42.json,8(d),functions,high
0607_s14_qp_42.json,9(a)(i),statistics,high
0607_s14_qp_42.json,9(a)(ii),statistics,high
0607_s14_qp_42.json,9(a)(iii),statistics,high
0607_s14_qp_42.json,9(a)(iv),statistics,high
0607_s14_qp_42.json,9(a)(v),statistics,high
0607_s14_qp_42.json,9(b)(i),statistics,high
0607_s14_qp_42.json,9(b)(ii),statistics,high
0607_s14_qp_42.json,10(a),simultaneous equations,high
0607_s14_qp_42.json,10(b),solving quadratic equations,high
0607_s14_qp_42.json,10(c)(i),solving quadratic equations,high
0607_s14_qp_42.json,10(c)(ii),solving quadratic equations,high
0607_s14_qp_42.json,10(c)(iii),solving quadratic equations,high
0607_s14_qp_42.json,11(a)(i),circle theorems,high
0607_s14_qp_42.json,11(a)(ii),circle theorems,high
0607_s14_qp_42.json,11(a)(iii),circle theorems,high
0607_s14_qp_42.json,11(b)(i),trigonometry,high
0607_s14_qp_42.json,11(b)(ii),trigonometry,high
0607_s14_qp_42.json,11(b)(iii),trigonometry,high
0607_s14_qp_42.json,12(a),trigonometry,high
0607_s14_qp_42.json,12(b),trigonometry,high
0607_s14_qp_42.json,12(c),trigonometry,high
0607_s14_qp_42.json,13(a),solving linear equations,high
0607_s14_qp_42.json,13(b)(i),solving linear equations,high
0607_s14_qp_42.json,13(b)(ii),solving linear equations,high
0607_s14_qp_42.json,13(c),topics in arithmetic,high
0607_s14_qp_43.json,1(a),topics in arithmetic,high
0607_s14_qp_43.json,1(b),topics in arithmetic,high
0607_s14_qp_43.json,1(c),topics in arithmetic,high
0607_s14_qp_43.json,2(a)(i),topics in arithmetic,high
0607_s14_qp_43.json,2(a)(ii),topics in arithmetic,high
0607_s14_qp_43.json,2(a)(iii),topics in arithmetic,high
0607_s14_qp_43.json,2(b),topics in arithmetic,high
0607_s14_qp_43.json,2(c),topics in arithmetic,high
0607_s14_qp_43.json,3(a),inequalities,high
0607_s14_qp_43.json,3(b),inequalities,high
0607_s14_qp_43.json,3(c),solving quadratic equations,high
0607_s14_qp_43.json,4(a)(i),vectors,high
0607_s14_qp_43.json,4(a)(ii),vectors,high
0607_s14_qp_43.json,4(b)(i),vectors,high
0607_s14_qp_43.json,4(b)(ii),straight lines,high
0607_s14_qp_43.json,5(a),statistics,high
0607_s14_qp_43.json,5(b),statistics,high
0607_s14_qp_43.json,5(c),statistics,high
0607_s14_qp_43.json,5(d)(i),statistics,high
0607_s14_qp_43.json,5(d)(ii),statistics,high
0607_s14_qp_43.json,6(a),functions,high
0607_s14_qp_43.json,6(b),functions,high
0607_s14_qp_43.json,6(c),functions,high
0607_s14_qp_43.json,6(d),functions,high
0607_s14_qp_43.json,6(e),functions,high
0607_s14_qp_43.json,7(a),angles,high
0607_s14_qp_43.json,7(b),circle theorems,high
0607_s14_qp_43.json,7(c),similarity,high
0607_s14_qp_43.json,8(a)(i),mensuration,high
0607_s14_qp_43.json,8(a)(ii),mensuration,high
0607_s14_qp_43.json,8(b),mensuration,high
0607_s14_qp_43.json,9(a),functions,high
0607_s14_qp_43.json,9(b),functions,high
0607_s14_qp_43.json,10(a),trigonometry,high
0607_s14_qp_43.json,10(b),trigonometry,high
0607_s14_qp_43.json,10(c)(i),trigonometry,high
0607_s14_qp_43.json,10(c)(ii),trigonometry,high
0607_s14_qp_43.json,10(d)(i),angles,high
0607_s14_qp_43.json,10(d)(ii),angles,high
0607_s14_qp_43.json,11(a),expanding and factorising,high
0607_s14_qp_43.json,11(b),expanding and factorising,high
0607_s14_qp_43.json,12(a),statistics,high
0607_s14_qp_43.json,12(b),statistics,high
0607_s14_qp_43.json,13(a)(i),probability,high
0607_s14_qp_43.json,13(a)(ii),probability,high
0607_s14_qp_43.json,13(b)(i),probability,high
0607_s14_qp_43.json,13(b)(ii),probability,high
0607_s14_qp_43.json,13(b)(iii),probability,high
0607_s14_qp_43.json,14(a),trigonometry,high
0607_s14_qp_43.json,14(b),trigonometry,high
0607_s14_qp_43.json,14(c),trigonometry,high
0607_s15_qp_21.json,1(a),topics in arithmetic,high
0607_s15_qp_21.json,1(b),topics in arithmetic,high
0607_s15_qp_21.json,2(a),expanding and factorising,high
0607_s15_qp_21.json,2(b),expanding and factorising,high
0607_s15_qp_21.json,3,exponents and surds,high
0607_s15_qp_21.json,4,exponents and surds,high
0607_s15_qp_21.json,5(a),exponents and surds,high
0607_s15_qp_21.json,5(b),exponents and surds,high
0607_s15_qp_21.json,6,logarithms,high
0607_s15_qp_21.json,7,topics in arithmetic,high
0607_s15_qp_21.json,8(a),angles,high
0607_s15_qp_21.json,8(b),angles,high
0607_s15_qp_21.json,9(a),functions,high
0607_s15_qp_21.json,9(b),functions,high
0607_s15_qp_21.json,9(c),functions,high
0607_s15_qp_21.json,10(a),vectors,high
0607_s15_qp_21.json,10(b),vectors,high
0607_s15_qp_21.json,11,straight lines,high
0607_s15_qp_22.json,1(a),topics in arithmetic,high
0607_s15_qp_22.json,1(b),solving linear equations,high
0607_s15_qp_22.json,2(a)(i),exponents and surds,high
0607_s15_qp_22.json,2(a)(ii),exponents and surds,high
0607_s15_qp_22.json,2(b),exponents and surds,high
0607_s15_qp_22.json,3,vectors,high
0607_s15_qp_22.json,4(a),statistics,high
0607_s15_qp_22.json,4(b),statistics,high
0607_s15_qp_22.json,4(c),probability,high
0607_s15_qp_22.json,5(a),straight lines,high
0607_s15_qp_22.json,5(b),straight lines,high
0607_s15_qp_22.json,6,exponents and surds,high
0607_s15_qp_22.json,7,inequalities,high
0607_s15_qp_22.json,8,mensuration,high
0607_s15_qp_22.json,9,simultaneous equations,high
0607_s15_qp_22.json,10(a),logarithms,high
0607_s15_qp_22.json,10(b),logarithms,high
0607_s15_qp_22.json,10(c),logarithms,high
0607_s15_qp_22.json,11(a),circle theorems,high
0607_s15_qp_22.json,11(b),circle theorems,high
0607_s15_qp_22.json,11(c),circle theorems,high
0607_s15_qp_22.json,12,functions,high
0607_s15_qp_23.json,1(a),topics in arithmetic,high
0607_s15_qp_23.json,1(b),topics in arithmetic,high
0607_s15_qp_23.json,2,topics in arithmetic,high
0607_s15_qp_23.json,3(a)(i),topics in arithmetic,high
0607_s15_qp_23.json,3(a)(ii),exponents and surds,high
0607_s15_qp_23.json,3(b),topics in arithmetic,high
0607_s15_qp_23.json,4(a),mensuration,high
0607_s15_qp_23.json,4(b),transformations,medium
0607_s15_qp_23.json,5,inequalities,high
0607_s15_qp_23.json,6(a),statistics,high
0607_s15_qp_23.json,6(b)(i),probability,high
0607_s15_qp_23.json,6(b)(ii),probability,high
0607_s15_qp_23.json,7(a),simultaneous equations,high
0607_s15_qp_23.json,7(b)(i),inequalities,high
0607_s15_qp_23.json,7(b)(ii),inequalities,high
0607_s15_qp_23.json,8(a),circle theorems,high
0607_s15_qp_23.json,8(b),circle theorems,high
0607_s15_qp_23.json,8(c),circle theorems,high
0607_s15_qp_23.json,9,sets and Venn diagrams,high
0607_s15_qp_23.json,10(a),expanding and factorising,high
0607_s15_qp_23.json,10(b),solving linear equations,high
0607_s15_qp_23.json,11(a),logarithms,high
0607_s15_qp_23.json,11(b)(i),logarithms,high
0607_s15_qp_23.json,11(b)(ii),logarithms,high
0607_s15_qp_23.json,12,functions,high
0607_s15_qp_41.json,1(a),statistics,high
0607_s15_qp_41.json,1(b),statistics,high
0607_s15_qp_41.json,1(c),statistics,high
0607_s15_qp_41.json,1(d),statistics,high
0607_s15_qp_41.json,1(e),statistics,high
0607_s15_qp_41.json,2,simultaneous equations,high
0607_s15_qp_41.json,3(a),topics in arithmetic,high
0607_s15_qp_41.json,3(b),topics in arithmetic,high
0607_s15_qp_41.json,4(a),transformations,high
0607_s15_qp_41.json,4(b),transformations,high
0607_s15_qp_41.json,4(c),transformations,high
0607_s15_qp_41.json,5(a)(i),variation and proportion,high
0607_s15_qp_41.json,5(a)(ii),variation and proportion,high
0607_s15_qp_41.json,5(a)(iii),variation and proportion,high
0607_s15_qp_41.json,5(b),functions,high
0607_s15_qp_41.json,6(a),sets and Venn diagrams,high
0607_s15_qp_41.json,6(b),sets and Venn diagrams,high
0607_s15_qp_41.json,6(c)(i),sets and Venn diagrams,high
0607_s15_qp_41.json,6(c)(ii),sets and Venn diagrams,high
0607_s15_qp_41.json,6(c)(iii),sets and Venn diagrams,high
0607_s15_qp_41.json,6(d)(i),sets and Venn diagrams,high
0607_s15_qp_41.json,6(d)(ii),sets and Venn diagrams,high
0607_s15_qp_41.json,7(a),mensuration,high
0607_s15_qp_41.json,7(b),mensuration,high
0607_s15_qp_41.json,7(c),mensuration,high
0607_s15_qp_41.json,7(d),topics in arithmetic,high
0607_s15_qp_41.json,7(e),mensuration,high
0607_s15_qp_41.json,8(a)(i),circle theorems,high
0607_s15_qp_41.json,8(a)(ii),circle theorems,high
0607_s15_qp_41.json,8(a)(iii),circle theorems,high
0607_s15_qp_41.json,8(b),circle theorems,high
0607_s15_qp_41.json,8(c)(i),similarity,high
0607_s15_qp_41.json,8(c)(ii),similarity,high
0607_s15_qp_41.json,9(a)(i),statistics,high
0607_s15_qp_41.json,9(a)(ii),statistics,high
0607_s15_qp_41.json,9(b)(i),statistics,high
0607_s15_qp_41.json,9(b)(ii),statistics,high
0607_s15_qp_41.json,9(c)(i),straight lines,high
0607_s15_qp_41.json,9(c)(ii),straight lines,high
0607_s15_qp_41.json,10(a),trigonometry,high
0607_s15_qp_41.json,10(b),trigonometry,high
0607_s15_qp_41.json,10(c),trigonometry,high
0607_s15_qp_41.json,11(a)(i),topics in arithmetic,high
0607_s15_qp_41.json,11(a)(ii),logarithms,medium
0607_s15_qp_41.json,11(b)(i),topics in arithmetic,high
0607_s15_qp_41.json,11(b)(ii),logarithms,medium
0607_s15_qp_41.json,11(c),logarithms,medium
0607_s15_qp_41.json,12(a),probability,high
0607_s15_qp_41.json,12(b)(i),probability,high
0607_s15_qp_41.json,12(b)(ii),probability,high
0607_s15_qp_41.json,12(c),probability,high
0607_s15_qp_41.json,13(a),solving quadratic equations,high
0607_s15_qp_41.json,13(b),expanding and factorising,high
0607_s15_qp_41.json,13(c),mensuration,high
0607_s15_qp_41.json,13(d),solving linear equations,high
0607_s15_qp_41.json,14(a),expanding and factorising,high
0607_s15_qp_41.json,14(b),solving linear equations,high
0607_s15_qp_41.json,14(c),expanding and factorising,high
0607_s15_qp_41.json,14(d),variation and proportion,high
0607_s15_qp_41.json,15(a)(i),functions,high
0607_s15_qp_41.json,15(a)(ii),functions,high
0607_s15_qp_41.json,15(a)(iii),functions,high
0607_s15_qp_41.json,15(b)(i),functions,high
0607_s15_qp_41.json,15(b)(ii),functions,high
0607_s15_qp_41.json,15(c),inequalities,high
0607_s15_qp_42.json,1(a)(i),topics in arithmetic,high
0607_s15_qp_42.json,1(a)(ii),topics in arithmetic,high
0607_s15_qp_42.json,1(b),topics in arithmetic,high
0607_s15_qp_42.json,2(a),transformations,high
0607_s15_qp_42.json,2(b),transformations,high
0607_s15_qp_42.json,2(c),transformations,high
0607_s15_qp_42.json,3(a),topics in arithmetic,high
0607_s15_qp_42.json,3(b),topics in arithmetic,high
0607_s15_qp_42.json,3(c),topics in arithmetic,high
0607_s15_qp_42.json,4(a),functions,high
0607_s15_qp_42.json,4(b),functions,high
0607_s15_qp_42.json,4(c),functions,high
0607_s15_qp_42.json,4(d),functions,high
0607_s15_qp_42.json,4(e),functions,high
0607_s15_qp_42.json,5(a),statistics,high
0607_s15_qp_42.json,5(b),statistics,high
0607_s15_qp_42.json,5(c)(i),statistics,high
0607_s15_qp_42.json,5(c)(ii),statistics,high
0607_s15_qp_42.json,5(d),statistics,high
0607_s15_qp_42.json,5(e),statistics,high
0607_s15_qp_42.json,6(a),trigonometry,high
0607_s15_qp_42.json,6(b),trigonometry,high
0607_s15_qp_42.json,6(c),mensuration,high
0607_s15_qp_42.json,6(d),mensuration,high
0607_s15_qp_42.json,7(a),inequalities,high
0607_s15_qp_42.json,7(b)(i),inequalities,high
0607_s15_qp_42.json,7(b)(ii),inequalities,high
0607_s15_qp_42.json,8(a)(i),statistics,high
0607_s15_qp_42.json,8(a)(ii),statistics,high
0607_s15_qp_42.json,8(b)(i),statistics,high
0607_s15_qp_42.json,8(b)(ii),statistics,high
0607_s15_qp_42.json,8(b)(iii),statistics,high
0607_s15_qp_42.json,8(b)(iv),statistics,high
0607_s15_qp_42.json,9(a),probability,high
0607_s15_qp_42.json,9(b)(i),probability,high
0607_s15_qp_42.json,9(b)(ii),probability,high
0607_s15_qp_42.json,9(b)(iii),probability,high
0607_s15_qp_42.json,10(a),trigonometry,high
0607_s15_qp_42.json,10(b),trigonometry,high
0607_s15_qp_42.json,10(c),trigonometry,high
0607_s15_qp_42.json,10(d),trigonometry,high
0607_s15_qp_42.json,11(a)(i),trigonometry,high
0607_s15_qp_42.json,11(a)(ii),trigonometry,high
0607_s15_qp_42.json,11(b),trigonometry,high
0607_s15_qp_42.json,12(a),functions,high
0607_s15_qp_42.json,12(b)(i),functions,high
0607_s15_qp_42.json,12(b)(ii),functions,high
0607_s15_qp_42.json,12(c)(i),functions,high
0607_s15_qp_42.json,12(c)(ii),functions,high
0607_s15_qp_42.json,13(a),similarity,high
0607_s15_qp_42.json,13(b)(i),similarity,high
0607_s15_qp_42.json,13(b)(ii),similarity,high
0607_s15_qp_42.json,13(b)(iii),similarity,high
0607_s15_qp_43.json,1(a),topics in arithmetic,high
0607_s15_qp_43.json,1(b),topics in arithmetic,high
0607_s15_qp_43.json,1(c),topics in arithmetic,high
0607_s15_qp_43.json,2(a)(i),transformations,high
0607_s15_qp_43.json,2(a)(ii),transformations,high
0607_s15_qp_43.json,2(a)(iii),transformations,high
0607_s15_qp_43.json,2(b),transformations,high
0607_s15_qp_43.json,3(a)(i),topics in arithmetic,high
0607_s15_qp_43.json,3(a)(ii),topics in arithmetic,high
0607_s15_qp_43.json,3(b)(i),topics in arithmetic,high
0607_s15_qp_43.json,3(b)(ii),topics in arithmetic,high
0607_s15_qp_43.json,4(a),straight lines,high
0607_s15_qp_43.json,4(b),Pythagoras,high
0607_s15_qp_43.json,4(c),straight lines,high
0607_s15_qp_43.json,4(d),straight lines,high
0607_s15_qp_43.json,4(e),straight lines,high
0607_s15_qp_43.json,4(f),straight lines,high
0607_s15_qp_43.json,5(a),mensuration,high
0607_s15_qp_43.json,5(b),functions,high
0607_s15_qp_43.json,5(c),solving quadratic equations,high
0607_s15_qp_43.json,5(d),solving quadratic equations,high
0607_s15_qp_43.json,5(e),functions,high
0607_s15_qp_43.json,6(a)(i),sequences,high
0607_s15_qp_43.json,6(a)(ii),sequences,high
0607_s15_qp_43.json,6(b)(i),sequences,high
0607_s15_qp_43.json,6(b)(ii),sequences,high
0607_s15_qp_43.json,7(a),trigonometry,high
0607_s15_qp_43.json,7(b),trigonometry,high
0607_s15_qp_43.json,7(c),trigonometry,high
0607_s15_qp_43.json,8(a),statistics,high
0607_s15_qp_43.json,8(b),statistics,high
0607_s15_qp_43.json,8(c)(i),statistics,high
0607_s15_qp_43.json,8(c)(ii),statistics,high
0607_s15_qp_43.json,9(a)(i),similarity,high
0607_s15_qp_43.json,9(a)(ii),similarity,high
0607_s15_qp_43.json,9(a)(iii),similarity,high
0607_s15_qp_43.json,9(b)(i),mensuration,high
0607_s15_qp_43.json,9(b)(ii),mensuration,high
0607_s15_qp_43.json,10(a),probability,high
0607_s15_qp_43.json,10(b)(i),probability,high
0607_s15_qp_43.json,10(b)(ii),probability,high
0607_s15_qp_43.json,10(b)(iii),probability,high
0607_s15_qp_43.json,11(a),functions,high
0607_s15_qp_43.json,11(b),functions,high
0607_s15_qp_43.json,11(c),functions,high
0607_s15_qp_43.json,11(d),functions,high
0607_s15_qp_43.json,11(e),solving linear equations,high
0607_s15_qp_43.json,12(a)(i),functions,high
0607_s15_qp_43.json,12(a)(ii),functions,high
0607_s15_qp_43.json,12(b)(i),functions,high
0607_s15_qp_43.json,12(b)(ii),functions,high
0607_s15_qp_43.json,12(b)(iii),functions,high
0607_s16_qp_21.json,1(a),topics in arithmetic,high
0607_s16_qp_21.json,1(b),topics in arithmetic,high
0607_s16_qp_21.json,2(a),transformations,high
0607_s16_qp_21.json,2(b),transformations,high
0607_s16_qp_21.json,3,topics in arithmetic,high
0607_s16_qp_21.json,4(a),exponents and surds,high
0607_s16_qp_21.json,4(b),topics in arithmetic,high
0607_s16_qp_21.json,4(c),topics in arithmetic,high
0607_s16_qp_21.json,5(a),statistics,high
0607_s16_qp_21.json,5(b)(i),statistics,high
0607_s16_qp_21.json,5(b)(ii),statistics,high
0607_s16_qp_21.json,6,solving linear equations,high
0607_s16_qp_21.json,7(a),sets and Venn diagrams,high
0607_s16_qp_21.json,7(b)(i),sets and Venn diagrams,high
0607_s16_qp_21.json,7(b)(ii),sets and Venn diagrams,high
0607_s16_qp_21.json,8,inequalities,high
0607_s16_qp_21.json,9(a),circle theorems,high
0607_s16_qp_21.json,9(b),circle theorems,high
0607_s16_qp_21.json,10(a),expanding and factorising,high
0607_s16_qp_21.json,10(b),expanding and factorising,high
0607_s16_qp_21.json,11,exponents and surds,high
0607_s16_qp_21.json,12,vectors,high
0607_s16_qp_21.json,13,functions,high
0607_s16_qp_21.json,14,functions,high
0607_s16_qp_22.json,1,topics in arithmetic,high
0607_s16_qp_22.json,2,topics in arithmetic,high
0607_s16_qp_22.json,3,angles,high
0607_s16_qp_22.json,4,solving linear equations,high
0607_s16_qp_22.json,5(a),probability,high
0607_s16_qp_22.json,5(b),probability,high
0607_s16_qp_22.json,6,simultaneous equations,high
0607_s16_qp_22.json,7,exponents and surds,high
0607_s16_qp_22.json,8,inequalities,high
0607_s16_qp_22.json,9(a),exponents and surds,high
0607_s16_qp_22.json,9(b)(i),exponents and surds,high
0607_s16_qp_22.json,9(b)(ii),exponents and surds,high
0607_s16_qp_22.json,10,straight lines,high
0607_s16_qp_22.json,11,expanding and factorising,high
0607_s16_qp_22.json,12,exponents and surds,high
0607_s16_qp_22.json,13,mensuration,high
0607_s16_qp_22.json,14,statistics,high
0607_s16_qp_22.json,15,variation and proportion,high
0607_s16_qp_22.json,16,logarithms,high
0607_s16_qp_22.json,17,transformations,high
0607_s16_qp_23.json,1,topics in arithmetic,high
0607_s16_qp_23.json,2,variation and proportion,high
0607_s16_qp_23.json,3,statistics,high
0607_s16_qp_23.json,4(a),angles,high
0607_s16_qp_23.json,4(b),angles,high
0607_s16_qp_23.json,5,solving linear equations,high
0607_s16_qp_23.json,6(a),sequences,high
0607_s16_qp_23.json,6(b),sequences,high
0607_s16_qp_23.json,6(c),sequences,high
0607_s16_qp_23.json,7(a),topics in arithmetic,high
0607_s16_qp_23.json,7(b),topics in arithmetic,high
0607_s16_qp_23.json,8,expanding and factorising,high
0607_s16_qp_23.json,9,topics in arithmetic,high
0607_s16_qp_23.json,10,expanding and factorising,high
0607_s16_qp_23.json,11(a),exponents and surds,high
0607_s16_qp_23.json,11(b),exponents and surds,high
0607_s16_qp_23.json,12,simultaneous equations,high
0607_s16_qp_23.json,13(a),functions,high
0607_s16_qp_23.json,13(b),functions,high
0607_s16_qp_41.json,1(a)(i),topics in arithmetic,high
0607_s16_qp_41.json,1(a)(ii),topics in arithmetic,high
0607_s16_qp_41.json,1(b),topics in arithmetic,high
0607_s16_qp_41.json,2(a),variation and proportion,high
0607_s16_qp_41.json,2(b),variation and proportion,high
0607_s16_qp_41.json,2(c),variation and proportion,high
0607_s16_qp_41.json,3(a)(i),transformations,high
0607_s16_qp_41.json,3(a)(ii),transformations,high
0607_s16_qp_41.json,3(b)(i),transformations,high
0607_s16_qp_41.json,3(b)(ii),transformations,high
0607_s16_qp_41.json,4(a),mensuration,high
0607_s16_qp_41.json,4(b)(i),similarity,high
0607_s16_qp_41.json,4(b)(ii),similarity,high
0607_s16_qp_41.json,5(a),statistics,high
0607_s16_qp_41.json,5(b),statistics,high
0607_s16_qp_41.json,5(c)(i),statistics,high
0607_s16_qp_41.json,5(c)(ii),statistics,high
0607_s16_qp_41.json,5(d)(i),statistics,high
0607_s16_qp_41.json,5(d)(ii),statistics,high
0607_s16_qp_41.json,6(a),sequences,high
0607_s16_qp_41.json,6(b),sequences,high
0607_s16_qp_41.json,6(c),expanding and factorising,high
0607_s16_qp_41.json,6(d),sequences,high
0607_s16_qp_41.json,7(a),trigonometry,high
0607_s16_qp_41.json,7(b),trigonometry,high
0607_s16_qp_41.json,7(c),trigonometry,high
0607_s16_qp_41.json,8(a)(i),functions,high
0607_s16_qp_41.json,8(a)(ii),solving quadratic equations,high
0607_s16_qp_41.json,8(a)(iii),functions,high
0607_s16_qp_41.json,8(b)(i),functions,high
0607_s16_qp_41.json,8(b)(ii),functions,high
0607_s16_qp_41.json,8(b)(iii),functions,high
0607_s16_qp_41.json,9(a),topics in arithmetic,high
0607_s16_qp_41.json,9(b),topics in arithmetic,high
0607_s16_qp_41.json,9(c),topics in arithmetic,high
0607_s16_qp_41.json,10(a),straight lines,high
0607_s16_qp_41.json,10(b),straight lines,high
0607_s16_qp_41.json,10(c),simultaneous equations,high
0607_s16_qp_41.json,11(a),trigonometry,high
0607_s16_qp_41.json,11(b)(i),solving quadratic equations,high
0607_s16_qp_41.json,11(b)(ii),trigonometry,high
0607_s16_qp_41.json,11(c),trigonometry,high
0607_s16_qp_41.json,12(a),statistics,high
0607_s16_qp_41.json,12(b),statistics,high
0607_s16_qp_41.json,12(c)(i),statistics,high
0607_s16_qp_41.json,12(c)(ii),statistics,high
0607_s16_qp_41.json,12(d)(i),probability,high
0607_s16_qp_41.json,12(d)(ii),probability,high
0607_s16_qp_41.json,13(a)(i),functions,high
0607_s16_qp_41.json,13(a)(ii),functions,high
0607_s16_qp_41.json,13(a)(iii),functions,high
0607_s16_qp_41.json,13(b),functions,high
0607_s16_qp_42.json,1(a),transformations,high
0607_s16_qp_42.json,1(b),transformations,high
0607_s16_qp_42.json,1(c),transformations,high
0607_s16_qp_42.json,1(d)(i),transformations,high
0607_s16_qp_42.json,1(d)(ii),transformations,high
0607_s16_qp_42.json,2(a),topics in arithmetic,high
0607_s16_qp_42.json,2(b)(i),topics in arithmetic,high
0607_s16_qp_42.json,2(b)(ii),topics in arithmetic,high
0607_s16_qp_42.json,2(b)(iii),topics in arithmetic,high
0607_s16_qp_42.json,2(b)(iv),topics in arithmetic,high
0607_s16_qp_42.json,2(c),topics in arithmetic,high
0607_s16_qp_42.json,3(a)(i),statistics,high
0607_s16_qp_42.json,3(a)(ii),statistics,high
0607_s16_qp_42.json,3(a)(iii),statistics,high
0607_s16_qp_42.json,3(b),topics in arithmetic,high
0607_s16_qp_42.json,4(a),solving linear equations,high
0607_s16_qp_42.json,4(b),solving quadratic equations,high
0607_s16_qp_42.json,5(a),similarity,high
0607_s16_qp_42.json,5(b),similarity,high
0607_s16_qp_42.json,5(c),trigonometry,high
0607_s16_qp_42.json,6(a),functions,high
0607_s16_qp_42.json,6(b),functions,high
0607_s16_qp_42.json,6(c),functions,high
0607_s16_qp_42.json,6(d),functions,high
0607_s16_qp_42.json,6(e),functions,high
0607_s16_qp_42.json,6(f),functions,high
0607_s16_qp_42.json,7(a)(i),mensuration,high
0607_s16_qp_42.json,7(a)(ii),mensuration,high
0607_s16_qp_42.json,7(a)(iii),mensuration,high
0607_s16_qp_42.json,7(a)(iv),mensuration,high
0607_s16_qp_42.json,7(b),mensuration,high
0607_s16_qp_42.json,8(a),functions,high
0607_s16_qp_42.json,8(b),functions,high
0607_s16_qp_42.json,8(c),functions,high
0607_s16_qp_42.json,8(d),functions,high
0607_s16_qp_42.json,9(a),sets and Venn diagrams,high
0607_s16_qp_42.json,9(b),probability,high
0607_s16_qp_42.json,9(c),probability,high
0607_s16_qp_42.json,9(d),sets and Venn diagrams,high
0607_s16_qp_42.json,10(a),functions,high
0607_s16_qp_42.json,10(b),functions,high
0607_s16_qp_42.json,10(c),functions,high
0607_s16_qp_42.json,10(d),functions,high
0607_s16_qp_42.json,11(a),trigonometry,high
0607_s16_qp_42.json,11(b),trigonometry,high
0607_s16_qp_42.json,11(c),trigonometry,high
0607_s16_qp_42.json,12(a),sequences,high
0607_s16_qp_42.json,12(b)(i),sequences,high
0607_s16_qp_42.json,12(b)(ii),sequences,high
0607_s16_qp_43.json,1(a)(i),topics in arithmetic,high
0607_s16_qp_43.json,1(a)(ii),topics in arithmetic,high
0607_s16_qp_43.json,1(a)(iii),topics in arithmetic,high
0607_s16_qp_43.json,1(a)(iv),topics in arithmetic,high
0607_s16_qp_43.json,1(b),topics in arithmetic,high
0607_s16_qp_43.json,2(a),expanding and factorising,high
0607_s16_qp_43.json,2(b),inequalities,high
0607_s16_qp_43.json,2(c),trigonometry,high
0607_s16_qp_43.json,3(a),variation and proportion,high
0607_s16_qp_43.json,3(b),variation and proportion,high
0607_s16_qp_43.json,3(c),variation and proportion,high
0607_s16_qp_43.json,4(a)(i),mensuration,high
0607_s16_qp_43.json,4(a)(ii),mensuration,high
0607_s16_qp_43.json,4(b),mensuration,high
0607_s16_qp_43.json,5(a),trigonometry,high
0607_s16_qp_43.json,5(b),trigonometry,high
0607_s16_qp_43.json,5(c),trigonometry,high
0607_s16_qp_43.json,5(d),trigonometry,high
0607_s16_qp_43.json,6(a),statistics,high
0607_s16_qp_43.json,6(b)(i),statistics,high
0607_s16_qp_43.json,6(b)(ii),statistics,high
0607_s16_qp_43.json,7(a),topics in arithmetic,high
0607_s16_qp_43.json,7(b),topics in arithmetic,high
0607_s16_qp_43.json,8(a),vectors,high
0607_s16_qp_43.json,8(b),vectors,high
0607_s16_qp_43.json,8(c),vectors,high
0607_s16_qp_43.json,9(a),transformations,high
0607_s16_qp_43.json,9(b)(i),transformations,high
0607_s16_qp_43.json,9(b)(ii),transformations,high
0607_s16_qp_43.json,9(b)(iii),transformations,high
0607_s16_qp_43.json,10(a)(i),statistics,high
0607_s16_qp_43.json,10(a)(ii),statistics,high
0607_s16_qp_43.json,10(b)(i),statistics,high
0607_s16_qp_43.json,10(b)(ii),statistics,high
0607_s16_qp_43.json,10(c)(i),straight lines,high
0607_s16_qp_43.json,10(c)(ii),straight lines,high
0607_s16_qp_43.json,10(c)(iii),statistics,high
0607_s16_qp_43.json,11(a),functions,high
0607_s16_qp_43.json,11(b),functions,high
0607_s16_qp_43.json,11(c),functions,high
0607_s16_qp_43.json,11(d),functions,high
0607_s16_qp_43.json,12(a),circle theorems,high
0607_s16_qp_43.json,12(b),circle theorems,high
0607_s16_qp_43.json,12(c),circle theorems,high
0607_s16_qp_43.json,13(a)(i),mensuration,high
0607_s16_qp_43.json,13(a)(ii),mensuration,high
0607_s16_qp_43.json,13(a)(iii),mensuration,high
0607_s16_qp_43.json,13(b),sequences,high
0607_s16_qp_43.json,14(a)(i),probability,high
0607_s16_qp_43.json,14(a)(ii),probability,high
0607_s16_qp_43.json,14(b)(i),probability,high
0607_s16_qp_43.json,14(b)(ii),probability,high
0607_s17_qp_21.json,1,topics in arithmetic,high
0607_s17_qp_21.json,2(a),topics in arithmetic,high
0607_s17_qp_21.json,2(b),topics in arithmetic,high
0607_s17_qp_21.json,3,expanding and factorising,high
0607_s17_qp_21.json,4,mensuration,high
0607_s17_qp_21.json,5,exponents and surds,high
0607_s17_qp_21.json,6,topics in arithmetic,high
0607_s17_qp_21.json,7,functions,high
0607_s17_qp_21.json,8,angles,high
0607_s17_qp_21.json,9,simultaneous equations,high
0607_s17_qp_21.json,10,vectors,high
0607_s17_qp_21.json,11,straight lines,high
0607_s17_qp_21.json,12,solving quadratic equations,high
0607_s17_qp_21.json,13,exponents and surds,high
0607_s17_qp_21.json,14,probability,high
0607_s17_qp_21.json,15,expanding and factorising,high
0607_s17_qp_21.json,16,logarithms,high
0607_s17_qp_21.json,17,trigonometry,high
0607_s17_qp_22.json,1(a),topics in arithmetic,high
0607_s17_qp_22.json,1(b),topics in arithmetic,high
0607_s17_qp_22.json,2(a),statistics,high
0607_s17_qp_22.json,2(b),statistics,high
0607_s17_qp_22.json,3,expanding and factorising,high
0607_s17_qp_22.json,4,transformations,high
0607_s17_qp_22.json,5,expanding and factorising,high
0607_s17_qp_22.json,6,mensuration,high
0607_s17_qp_22.json,7(a),inequalities,high
0607_s17_qp_22.json,7(b),inequalities,high
0607_s17_qp_22.json,8(a),similarity,high
0607_s17_qp_22.json,8(b),similarity,high
0607_s17_qp_22.json,9(a),sets and Venn diagrams,high
0607_s17_qp_22.json,9(b),sets and Venn diagrams,high
0607_s17_qp_22.json,10,expanding and factorising,high
0607_s17_qp_22.json,11,functions,high
0607_s17_qp_22.json,12(a),angles,high
0607_s17_qp_22.json,12(b),angles,high
0607_s17_qp_22.json,13,exponents and surds,high
0607_s17_qp_22.json,14,logarithms,high
0607_s17_qp_22.json,15,solving quadratic equations,high
0607_s17_qp_23.json,1,topics in arithmetic,high
0607_s17_qp_23.json,2,topics in arithmetic,high
0607_s17_qp_23.json,3,solving linear equations,high
0607_s17_qp_23.json,4(a),sequences,high
0607_s17_qp_23.json,4(b),sequences,high
0607_s17_qp_23.json,5,expanding and factorising,high
0607_s17_qp_23.json,6,topics in arithmetic,high
0607_s17_qp_23.json,7,solving linear equations,high
0607_s17_qp_23.json,8(a),exponents and surds,high
0607_s17_qp_23.json,8(b),exponents and surds,high
0607_s17_qp_23.json,9,circle theorems,high
0607_s17_qp_23.json,10,simultaneous equations,high
0607_s17_qp_23.json,11,functions,high
0607_s17_qp_23.json,12,exponents and surds,high
0607_s17_qp_23.json,13(a),exponents and surds,high
0607_s17_qp_23.json,13(b),exponents and surds,high
0607_s17_qp_23.json,14(a),expanding and factorising,high
0607_s17_qp_23.json,14(b),expanding and factorising,high
0607_s17_qp_23.json,15,variation and proportion,high
0607_s17_qp_23.json,16,functions,high
0607_s17_qp_23.json,17,trigonometry,high
0607_s17_qp_23.json,18,logarithms,high
0607_s17_qp_41.json,1(a)(i),sequences,high
0607_s17_qp_41.json,1(a)(ii),sequences,high
0607_s17_qp_41.json,1(a)(iii),sequences,high
0607_s17_qp_41.json,1(a)(iv),sequences,high
0607_s17_qp_41.json,1(b),sequences,high
0607_s17_qp_41.json,2(a),statistics,high
0607_s17_qp_41.json,2(b)(i),statistics,high
0607_s17_qp_41.json,2(b)(ii),statistics,high
0607_s17_qp_41.json,2(c)(i),statistics,high
0607_s17_qp_41.json,2(c)(ii),statistics,high
0607_s17_qp_41.json,2(c)(iii),statistics,high
0607_s17_qp_41.json,3(a),trigonometry,high
0607_s17_qp_41.json,3(b),trigonometry,high
0607_s17_qp_41.json,3(c),trigonometry,high
0607_s17_qp_41.json,3(d),mensuration,high
0607_s17_qp_41.json,4(a),transformations,high
0607_s17_qp_41.json,4(b),transformations,high
0607_s17_qp_41.json,4(c),transformations,high
0607_s17_qp_41.json,4(d),transformations,high
0607_s17_qp_41.json,4(e),transformations,high
0607_s17_qp_41.json,5(a),circle theorems,high
0607_s17_qp_41.json,5(b)(i),circle theorems,high
0607_s17_qp_41.json,5(b)(ii),circle theorems,high
0607_s17_qp_41.json,5(b)(iii),circle theorems,high
0607_s17_qp_41.json,5(b)(iv),circle theorems,high
0607_s17_qp_41.json,5(c),circle theorems,high
0607_s17_qp_41.json,6(a),variation and proportion,high
0607_s17_qp_41.json,6(b),variation and proportion,high
0607_s17_qp_41.json,6(c),variation and proportion,high
0607_s17_qp_41.json,7(a),functions,high
0607_s17_qp_41.json,7(b),functions,high
0607_s17_qp_41.json,7(c),functions,high
0607_s17_qp_41.json,8(a),sets and Venn diagrams,high
0607_s17_qp_41.json,8(b)(i),sets and Venn diagrams,high
0607_s17_qp_41.json,8(b)(ii),sets and Venn diagrams,high
0607_s17_qp_41.json,8(c),probability,high
0607_s17_qp_41.json,8(d),probability,high
0607_s17_qp_41.json,8(e),probability,high
0607_s17_qp_41.json,8(f),probability,high
0607_s17_qp_41.json,9(a),trigonometry,high
0607_s17_qp_41.json,9(b),trigonometry,high
0607_s17_qp_41.json,10(a),functions,high
0607_s17_qp_41.json,10(b),functions,high
0607_s17_qp_41.json,10(c),functions,high
0607_s17_qp_41.json,11(a)(i),topics in arithmetic,high
0607_s17_qp_41.json,11(a)(ii),topics in arithmetic,high
0607_s17_qp_41.json,11(b),topics in arithmetic,high
0607_s17_qp_41.json,11(c),topics in arithmetic,high
0607_s17_qp_41.json,11(d)(i),solving quadratic equations,high
0607_s17_qp_41.json,11(d)(ii),solving quadratic equations,high
0607_s17_qp_42.json,1(a),topics in arithmetic,high
0607_s17_qp_42.json,1(b)(i),topics in arithmetic,high
0607_s17_qp_42.json,1(b)(ii),sequences,high
0607_s17_qp_42.json,2(a)(i),transformations,high
0607_s17_qp_42.json,2(a)(ii),transformations,high
0607_s17_qp_42.json,2(a)(iii),transformations,high
0607_s17_qp_42.json,2(b)(i),transformations,high
0607_s17_qp_42.json,2(b)(ii),transformations,high
0607_s17_qp_42.json,3(a),statistics,high
0607_s17_qp_42.json,3(b),statistics,high
0607_s17_qp_42.json,3(c)(i),statistics,high
0607_s17_qp_42.json,3(c)(ii),statistics,high
0607_s17_qp_42.json,4(a)(i),vectors,high
0607_s17_qp_42.json,4(a)(ii),vectors,high
0607_s17_qp_42.json,4(a)(iii),vectors,high
0607_s17_qp_42.json,4(b),vectors,high
0607_s17_qp_42.json,5(a),topics in arithmetic,high
0607_s17_qp_42.json,5(b)(i),topics in arithmetic,high
0607_s17_qp_42.json,5(b)(ii),variation and proportion,high
0607_s17_qp_42.json,5(b)(iii),variation and proportion,high
0607_s17_qp_42.json,6(a)(i),variation and proportion,high
0607_s17_qp_42.json,6(a)(ii),variation and proportion,high
0607_s17_qp_42.json,6(a)(iii),variation and proportion,high
0607_s17_qp_42.json,6(b)(i),variation and proportion,high
0607_s17_qp_42.json,6(b)(ii),variation and proportion,high
0607_s17_qp_42.json,6(c),simultaneous equations,high
0607_s17_qp_42.json,6(d),variation and proportion,high
0607_s17_qp_42.json,7(a),trigonometry,high
0607_s17_qp_42.json,7(b),trigonometry,high
0607_s17_qp_42.json,7(c),trigonometry,high
0607_s17_qp_42.json,7(d),trigonometry,high
0607_s17_qp_42.json,8(a),functions,high
0607_s17_qp_42.json,8(b),functions,high
0607_s17_qp_42.json,8(c),functions,high
0607_s17_qp_42.json,8(d),inequalities,high
0607_s17_qp_42.json,9(a)(i),trigonometry,high
0607_s17_qp_42.json,9(a)(ii),solving quadratic equations,high
0607_s17_qp_42.json,9(b)(i),solving quadratic equations,high
0607_s17_qp_42.json,9(b)(ii),trigonometry,high
0607_s17_qp_42.json,10(a)(i),straight lines,high
0607_s17_qp_42.json,10(a)(ii),straight lines,high
0607_s17_qp_42.json,10(b),straight lines,high
0607_s17_qp_42.json,10(c),straight lines,high
0607_s17_qp_42.json,10(d),mensuration,high
0607_s17_qp_42.json,11(a),statistics,high
0607_s17_qp_42.json,11(b),statistics,high
0607_s17_qp_42.json,11(c)(i),probability,high
0607_s17_qp_42.json,11(c)(ii),probability,high
0607_s17_qp_42.json,12(a),functions,high
0607_s17_qp_42.json,12(b),functions,high
0607_s17_qp_42.json,12(c),functions,high
0607_s17_qp_42.json,12(d),functions,high
0607_s17_qp_42.json,12(e),functions,high
0607_s17_qp_42.json,12(f),transformations,high
0607_s17_qp_42.json,12(g),transformations,high
0607_s17_qp_43.json,1(a),transformations,high
0607_s17_qp_43.json,1(b)(i),transformations,high
0607_s17_qp_43.json,1(b)(ii),transformations,high
0607_s17_qp_43.json,1(b)(iii),transformations,high
0607_s17_qp_43.json,1(c),transformations,high
0607_s17_qp_43.json,2(a)(i),angles,high
0607_s17_qp_43.json,2(a)(ii),angles,high
0607_s17_qp_43.json,2(b),angles,high
0607_s17_qp_43.json,2(c)(i),similarity,high
0607_s17_qp_43.json,2(c)(ii)(a),similarity,high
0607_s17_qp_43.json,2(c)(ii)(b),similarity,high
0607_s17_qp_43.json,3(a)(i),statistics,high
0607_s17_qp_43.json,3(a)(ii),statistics,high
0607_s17_qp_43.json,3(a)(iii),statistics,high
0607_s17_qp_43.json,3(b)(i),statistics,high
0607_s17_qp_43.json,3(b)(ii),statistics,high
0607_s17_qp_43.json,3(b)(iii),statistics,high
0607_s17_qp_43.json,3(b)(iv),straight lines,high
0607_s17_qp_43.json,3(b)(v),straight lines,high
0607_s17_qp_43.json,4(a)(i),topics in arithmetic,high
0607_s17_qp_43.json,4(a)(ii),topics in arithmetic,high
0607_s17_qp_43.json,4(a)(iii),topics in arithmetic,high
0607_s17_qp_43.json,4(a)(iv),topics in arithmetic,high
0607_s17_qp_43.json,4(a)(v),topics in arithmetic,high
0607_s17_qp_43.json,4(b),logarithms,high
0607_s17_qp_43.json,5(a),mensuration,high
0607_s17_qp_43.json,5(b),mensuration,high
0607_s17_qp_43.json,5(c),mensuration,high
0607_s17_qp_43.json,6(a),functions,high
0607_s17_qp_43.json,6(b),functions,high
0607_s17_qp_43.json,6(c),functions,high
0607_s17_qp_43.json,6(d),functions,high
0607_s17_qp_43.json,6(e),inequalities,high
0607_s17_qp_43.json,6(f)(i),functions,high
0607_s17_qp_43.json,6(f)(ii),functions,high
0607_s17_qp_43.json,7(a),trigonometry,high
0607_s17_qp_43.json,7(b),trigonometry,high
0607_s17_qp_43.json,8(a),functions,high
0607_s17_qp_43.json,8(b),functions,high
0607_s17_qp_43.json,8(c),expanding and factorising,high
0607_s17_qp_43.json,8(d),functions,high
0607_s17_qp_43.json,8(e)(i),solving linear equations,high
0607_s17_qp_43.json,8(e)(ii),functions,high
0607_s17_qp_43.json,9(a),sets and Venn diagrams,high
0607_s17_qp_43.json,9(b)(i),sets and Venn diagrams,high
0607_s17_qp_43.json,9(b)(ii),sets and Venn diagrams,high
0607_s17_qp_43.json,9(c),sets and Venn diagrams,high
0607_s17_qp_43.json,9(d),probability,high
0607_s17_qp_43.json,9(e)(i),probability,high
0607_s17_qp_43.json,9(e)(ii),probability,high
0607_s17_qp_43.json,9(f),probability,high
0607_s17_qp_43.json,9(g),sets and Venn diagrams,high
0607_s17_qp_43.json,10(a)(i),statistics,high
0607_s17_qp_43.json,10(a)(ii),statistics,high
0607_s17_qp_43.json,10(b)(i),solving quadratic equations,high
0607_s17_qp_43.json,10(b)(ii),solving quadratic equations,high
0607_s17_qp_43.json,11(a)(i),vectors,high
0607_s17_qp_43.json,11(a)(ii),vectors,high
0607_s17_qp_43.json,11(a)(iii),vectors,high
0607_s17_qp_43.json,11(b),vectors,high
0607_s18_qp_21.json,1(a),topics in arithmetic,high
0607_s18_qp_21.json,1(b),topics in arithmetic,high
0607_s18_qp_21.json,2(a),angles,high
0607_s18_qp_21.json,2(b),angles,high
0607_s18_qp_21.json,2(c),angles,high
0607_s18_qp_21.json,3,simultaneous equations,high
0607_s18_qp_21.json,4(a),topics in arithmetic,high
0607_s18_qp_21.json,4(b),topics in arithmetic,high
0607_s18_qp_21.json,5,sequences,high
0607_s18_qp_21.json,6(a),expanding and factorising,high
0607_s18_qp_21.json,6(b),expanding and factorising,high
0607_s18_qp_21.json,7,circle theorems,high
0607_s18_qp_21.json,8,variation and proportion,high
0607_s18_qp_21.json,9(a),exponents and surds,high
0607_s18_qp_21.json,9(b),exponents and surds,high
0607_s18_qp_21.json,10,solving linear equations,high
0607_s18_qp_21.json,11,sets and Venn diagrams,high
0607_s18_qp_21.json,12(a),exponents and surds,high
0607_s18_qp_21.json,12(b),exponents and surds,high
0607_s18_qp_21.json,13,expanding and factorising,high
0607_s18_qp_21.json,14(a),logarithms,high
0607_s18_qp_21.json,14(b),logarithms,high
0607_s18_qp_21.json,15,mensuration,high
0607_s18_qp_22.json,1,mensuration,high
0607_s18_qp_22.json,2,angles,high
0607_s18_qp_22.json,3,probability,high
0607_s18_qp_22.json,4,topics in arithmetic,high
0607_s18_qp_22.json,5,solving linear equations,high
0607_s18_qp_22.json,6,topics in arithmetic,high
0607_s18_qp_22.json,7,inequalities,high
0607_s18_qp_22.json,8,straight lines,high
0607_s18_qp_22.json,9,topics in arithmetic,high
0607_s18_qp_22.json,10,statistics,high
0607_s18_qp_22.json,11(a),sequences,high
0607_s18_qp_22.json,11(b),sequences,high
0607_s18_qp_22.json,12,exponents and surds,high
0607_s18_qp_22.json,13,sets and Venn diagrams,high
0607_s18_qp_22.json,14,straight lines,high
0607_s18_qp_22.json,15,expanding and factorising,high
0607_s18_qp_22.json,16,probability,high
0607_s18_qp_22.json,17,expanding and factorising,high
0607_s18_qp_22.json,18,expanding and factorising,high
0607_s18_qp_23.json,1(a),straight lines,high
0607_s18_qp_23.json,1(b),straight lines,high
0607_s18_qp_23.json,1(c),straight lines,high
0607_s18_qp_23.json,2,topics in arithmetic,high
0607_s18_qp_23.json,3,expanding and factorising,high
0607_s18_qp_23.json,4,exponents and surds,high
0607_s18_qp_23.json,5,solving linear equations,high
0607_s18_qp_23.json,6(a),topics in arithmetic,high
0607_s18_qp_23.json,6(b),topics in arithmetic,high
0607_s18_qp_23.json,7(a),vectors,high
0607_s18_qp_23.json,7(b),vectors,high
0607_s18_qp_23.json,8,topics in arithmetic,high
0607_s18_qp_23.json,9,variation and proportion,high
0607_s18_qp_23.json,10,inequalities,high
0607_s18_qp_23.json,11(a),probability,high
0607_s18_qp_23.json,11(b),probability,high
0607_s18_qp_23.json,11(c),probability,high
0607_s18_qp_23.json,12(a),functions,high
0607_s18_qp_23.json,12(b),functions,high
0607_s18_qp_23.json,13(a),statistics,high
0607_s18_qp_23.json,13(b),statistics,high
0607_s18_qp_23.json,14,solving linear equations,high
0607_s18_qp_23.json,15(a),logarithms,high
0607_s18_qp_23.json,15(b),logarithms,high
0607_s18_qp_41.json,1(a)(i),transformations,high
0607_s18_qp_41.json,1(a)(ii),transformations,high
0607_s18_qp_41.json,1(b),transformations,high
0607_s18_qp_41.json,1(c),transformations,high
0607_s18_qp_41.json,2(a),topics in arithmetic,high
0607_s18_qp_41.json,2(b),topics in arithmetic,high
0607_s18_qp_41.json,2(c),topics in arithmetic,high
0607_s18_qp_41.json,2(d),topics in arithmetic,high
0607_s18_qp_41.json,2(e),topics in arithmetic,high
0607_s18_qp_41.json,3(a),straight lines,high
0607_s18_qp_41.json,3(b)(i),straight lines,high
0607_s18_qp_41.json,3(b)(ii),straight lines,high
0607_s18_qp_41.json,3(c),straight lines,high
0607_s18_qp_41.json,4(a)(i),statistics,high
0607_s18_qp_41.json,4(a)(ii),statistics,high
0607_s18_qp_41.json,4(a)(iii),statistics,high
0607_s18_qp_41.json,4(b)(i),statistics,high
0607_s18_qp_41.json,4(b)(ii),statistics,high
0607_s18_qp_41.json,4(b)(iii),statistics,high
0607_s18_qp_41.json,4(c)(i),statistics,high
0607_s18_qp_41.json,4(c)(ii),statistics,high
0607_s18_qp_41.json,5(a)(i),functions,high
0607_s18_qp_41.json,5(a)(ii),functions,high
0607_s18_qp_41.json,5(b)(i),functions,high
0607_s18_qp_41.json,5(b)(ii),functions,high
0607_s18_qp_41.json,5(b)(iii),functions,high
0607_s18_qp_41.json,5(b)(iv),functions,high
0607_s18_qp_41.json,5(c)(i),functions,high
0607_s18_qp_41.json,5(c)(ii),inequalities,high
0607_s18_qp_41.json,5(c)(iii),functions,high
0607_s18_qp_41.json,6(a)(i)(a),mensuration,high
0607_s18_qp_41.json,6(a)(i)(b),mensuration,high
0607_s18_qp_41.json,6(a)(ii),mensuration,high
0607_s18_qp_41.json,6(b),similarity,high
0607_s18_qp_41.json,7(a),probability,high
0607_s18_qp_41.json,7(b),probability,high
0607_s18_qp_41.json,7(c),probability,high
0607_s18_qp_41.json,8(a),topics in arithmetic,high
0607_s18_qp_41.json,8(b),topics in arithmetic,high
0607_s18_qp_41.json,9(a),trigonometry,high
0607_s18_qp_41.json,9(b),trigonometry,high
0607_s18_qp_41.json,9(c),trigonometry,high
0607_s18_qp_41.json,9(d),mensuration,high
0607_s18_qp_41.json,10(a),topics in arithmetic,high
0607_s18_qp_41.json,10(b)(i),topics in arithmetic,high
0607_s18_qp_41.json,10(b)(ii),solving linear equations,high
0607_s18_qp_41.json,10(c)(i),topics in arithmetic,high
0607_s18_qp_41.json,10(c)(ii),solving linear equations,high
0607_s18_qp_41.json,11(a),functions,high
0607_s18_qp_41.json,11(b),functions,high
0607_s18_qp_41.json,11(c),functions,high
0607_s18_qp_41.json,11(d),functions,high
0607_s18_qp_41.json,11(e),functions,high
0607_s18_qp_41.json,11(f),trigonometry,high
0607_s18_qp_42.json,1(a),topics in arithmetic,high
0607_s18_qp_42.json,1(b)(i),topics in arithmetic,high
0607_s18_qp_42.json,1(b)(ii),topics in arithmetic,high
0607_s18_qp_42.json,1(c),topics in arithmetic,high
0607_s18_qp_42.json,1(d),topics in arithmetic,high
0607_s18_qp_42.json,1(e),exponents and surds,high
0607_s18_qp_42.json,1(f),topics in arithmetic,high
0607_s18_qp_42.json,2(a),functions,high
0607_s18_qp_42.json,2(b),functions,high
0607_s18_qp_42.json,2(c),functions,high
0607_s18_qp_42.json,3(a)(i),variation and proportion,high
0607_s18_qp_42.json,3(a)(ii),variation and proportion,high
0607_s18_qp_42.json,3(a)(iii),variation and proportion,high
0607_s18_qp_42.json,3(b),variation and proportion,high
0607_s18_qp_42.json,4(a)(i),statistics,high
0607_s18_qp_42.json,4(a)(ii),probability,high
0607_s18_qp_42.json,4(a)(iii),probability,high
0607_s18_qp_42.json,4(b)(i),statistics,high
0607_s18_qp_42.json,4(b)(ii),statistics,high
0607_s18_qp_42.json,5(a),Pythagoras,high
0607_s18_qp_42.json,5(b),angles,high
0607_s18_qp_42.json,5(c),mensuration,high
0607_s18_qp_42.json,5(d),mensuration,high
0607_s18_qp_42.json,5(e),similarity,high
0607_s18_qp_42.json,6(a),transformations,high
0607_s18_qp_42.json,6(b),transformations,high
0607_s18_qp_42.json,6(c),transformations,high
0607_s18_qp_42.json,6(d),transformations,high
0607_s18_qp_42.json,6(e),transformations,high
0607_s18_qp_42.json,7(a),sequences,high
0607_s18_qp_42.json,7(b),sequences,high
0607_s18_qp_42.json,7(c),similarity,high
0607_s18_qp_42.json,7(d)(i),mensuration,high
0607_s18_qp_42.json,7(d)(ii),mensuration,high
0607_s18_qp_42.json,7(d)(iii),mensuration,high
0607_s18_qp_42.json,7(d)(iv),solving linear equations,high
0607_s18_qp_42.json,8(a),circle theorems,high
0607_s18_qp_42.json,8(b)(i),circle theorems,high
0607_s18_qp_42.json,8(b)(ii),circle theorems,high
0607_s18_qp_42.json,8(b)(iii),circle theorems,high
0607_s18_qp_42.json,8(b)(iv),circle theorems,high
0607_s18_qp_42.json,8(b)(v),circle theorems,high
0607_s18_qp_42.json,9(a),trigonometry,high
0607_s18_qp_42.json,9(b),trigonometry,high
0607_s18_qp_42.json,9(c),trigonometry,high
0607_s18_qp_42.json,9(d),trigonometry,high
0607_s18_qp_42.json,10(a)(i),statistics,high
0607_s18_qp_42.json,10(a)(ii),statistics,high
0607_s18_qp_42.json,10(b)(i),statistics,high
0607_s18_qp_42.json,10(b)(ii),statistics,high
0607_s18_qp_42.json,10(c)(i),straight lines,high
0607_s18_qp_42.json,10(c)(ii),straight lines,high
0607_s18_qp_42.json,10(c)(iii),straight lines,high
0607_s18_qp_42.json,11(a)(i),functions,high
0607_s18_qp_42.json,11(a)(ii),functions,high
0607_s18_qp_42.json,11(b),functions,high
0607_s18_qp_42.json,11(c)(i),functions,high
0607_s18_qp_42.json,11(c)(ii),functions,high
0607_s18_qp_42.json,11(d)(i),functions,high
0607_s18_qp_42.json,11(d)(ii),inequalities,high
0607_s18_qp_43.json,1(a),statistics,high
0607_s18_qp_43.json,1(b),statistics,high
0607_s18_qp_43.json,1(c),statistics,high
0607_s18_qp_43.json,1(d),statistics,high
0607_s18_qp_43.json,1(e),statistics,high
0607_s18_qp_43.json,1(f),statistics,high
0607_s18_qp_43.json,2(a),topics in arithmetic,high
0607_s18_qp_43.json,2(b),topics in arithmetic,high
0607_s18_qp_43.json,2(c),topics in arithmetic,high
0607_s18_qp_43.json,2(d),topics in arithmetic,high
0607_s18_qp_43.json,3(a),transformations,high
0607_s18_qp_43.json,3(b),transformations,high
0607_s18_qp_43.json,3(c),transformations,high
0607_s18_qp_43.json,4(a),statistics,high
0607_s18_qp_43.json,4(b)(i),statistics,high
0607_s18_qp_43.json,4(b)(ii),statistics,high
0607_s18_qp_43.json,4(c)(i),statistics,high
0607_s18_qp_43.json,4(c)(ii),statistics,high
0607_s18_qp_43.json,4(c)(iii),statistics,high
0607_s18_qp_43.json,5(a),functions,high
0607_s18_qp_43.json,5(b),functions,high
0607_s18_qp_43.json,5(c),functions,high
0607_s18_qp_43.json,5(d),functions,high
0607_s18_qp_43.json,5(e)(i),functions,high
0607_s18_qp_43.json,5(e)(ii),inequalities,high
0607_s18_qp_43.json,6(a),vectors,high
0607_s18_qp_43.json,6(b),vectors,high
0607_s18_qp_43.json,6(c)(i),vectors,high
0607_s18_qp_43.json,6(c)(ii),vectors,high
0607_s18_qp_43.json,7(a),mensuration,high
0607_s18_qp_43.json,7(b),mensuration,high
0607_s18_qp_43.json,7(c),similarity,high
0607_s18_qp_43.json,8(a),probability,high
0607_s18_qp_43.json,8(b),probability,high
0607_s18_qp_43.json,8(c),probability,high
0607_s18_qp_43.json,9(a),sequences,high
0607_s18_qp_43.json,9(b)(i),sequences,high
0607_s18_qp_43.json,9(b)(ii),sequences,high
0607_s18_qp_43.json,9(c),sequences,high
0607_s18_qp_43.json,10(a),solving linear equations,high
0607_s18_qp_43.json,10(b)(i),solving quadratic equations,high
0607_s18_qp_43.json,10(b)(ii),solving quadratic equations,high
0607_s18_qp_43.json,10(b)(iii),solving linear equations,high
0607_s18_qp_43.json,11(a)(i),similarity,high
0607_s18_qp_43.json,11(a)(ii),similarity,high
0607_s18_qp_43.json,11(b),similarity,high
0607_s18_qp_43.json,11(c)(i),similarity,high
0607_s18_qp_43.json,11(c)(ii),similarity,high
0607_s18_qp_43.json,12(a),functions,high
0607_s18_qp_43.json,12(b),functions,high
0607_s18_qp_43.json,12(c),functions,high
0607_s18_qp_43.json,12(d),functions,high
0607_s18_qp_43.json,12(e),functions,high
0607_s18_qp_43.json,12(f),functions,high
0607_s19_qp_21.json,1(a),topics in arithmetic,high
0607_s19_qp_21.json,1(b),topics in arithmetic,high
0607_s19_qp_21.json,2,topics in arithmetic,high
0607_s19_qp_21.json,3,angles,high
0607_s19_qp_21.json,4,expanding and factorising,high
0607_s19_qp_21.json,5(a),topics in arithmetic,high
0607_s19_qp_21.json,5(b),topics in arithmetic,high
0607_s19_qp_21.json,6(a),inequalities,high
0607_s19_qp_21.json,6(b),inequalities,high
0607_s19_qp_21.json,7,topics in arithmetic,high
0607_s19_qp_21.json,8(a),variation and proportion,high
0607_s19_qp_21.json,8(b),variation and proportion,high
0607_s19_qp_21.json,9,expanding and factorising,high
0607_s19_qp_21.json,10(a),sets and Venn diagrams,high
0607_s19_qp_21.json,10(b),sets and Venn diagrams,high
0607_s19_qp_21.json,11(a),straight lines,high
0607_s19_qp_21.json,11(b),straight lines,high
0607_s19_qp_21.json,12,mensuration,high
0607_s19_qp_21.json,13,solving linear equations,high
0607_s19_qp_21.json,14(a),logarithms,high
0607_s19_qp_21.json,14(b),logarithms,high
0607_s19_qp_22.json,1,solving linear equations,high
0607_s19_qp_22.json,2,angles,high
0607_s19_qp_22.json,3,vectors,high
0607_s19_qp_22.json,4(a),topics in arithmetic,high
0607_s19_qp_22.json,4(b),solving linear equations,high
0607_s19_qp_22.json,5(a),statistics,high
0607_s19_qp_22.json,5(b),statistics,high
0607_s19_qp_22.json,6,topics in arithmetic,high
0607_s19_qp_22.json,7,topics in arithmetic,high
0607_s19_qp_22.json,8,simultaneous equations,high
0607_s19_qp_22.json,9,straight lines,high
0607_s19_qp_22.json,10,exponents and surds,high
0607_s19_qp_22.json,11,sets and Venn diagrams,high
0607_s19_qp_22.json,12,expanding and factorising,high
0607_s19_qp_22.json,13,topics in arithmetic,high
0607_s19_qp_22.json,14,expanding and factorising,high
0607_s19_qp_22.json,15,circle theorems,high
0607_s19_qp_22.json,16,exponents and surds,high
0607_s19_qp_22.json,17,variation and proportion,high
0607_s19_qp_22.json,18,expanding and factorising,high
0607_s19_qp_22.json,19(a),logarithms,high
0607_s19_qp_22.json,19(b),logarithms,high
0607_s19_qp_23.json,1,exponents and surds,high
0607_s19_qp_23.json,2,functions,high
0607_s19_qp_23.json,3,solving linear equations,medium
0607_s19_qp_23.json,4,expanding and factorising,high
0607_s19_qp_23.json,5,angles,medium
0607_s19_qp_23.json,6,statistics,high
0607_s19_qp_23.json,7,topics in arithmetic,high
0607_s19_qp_23.json,8(a),topics in arithmetic,high
0607_s19_qp_23.json,8(b),topics in arithmetic,high
0607_s19_qp_23.json,9,probability,high
0607_s19_qp_23.json,10(a),vectors,high
0607_s19_qp_23.json,10(b),vectors,high
0607_s19_qp_23.json,11(a),topics in arithmetic,high
0607_s19_qp_23.json,11(b),topics in arithmetic,high
0607_s19_qp_23.json,12,straight lines,high
0607_s19_qp_23.json,13,solving linear equations,high
0607_s19_qp_23.json,14,expanding and factorising,high
0607_s19_qp_23.json,15,topics in arithmetic,high
0607_s19_qp_23.json,16,circle theorems,high
0607_s19_qp_23.json,17,statistics,high
0607_s19_qp_41.json,1(a),topics in arithmetic,high
0607_s19_qp_41.json,1(b),topics in arithmetic,high
0607_s19_qp_41.json,1(c),topics in arithmetic,high
0607_s19_qp_41.json,2(a),transformations,high
0607_s19_qp_41.json,2(b),transformations,high
0607_s19_qp_41.json,2(c)(i),trigonometry,high
0607_s19_qp_41.json,2(c)(ii),similarity,high
0607_s19_qp_41.json,3(a),topics in arithmetic,high
0607_s19_qp_41.json,3(b),topics in arithmetic,high
0607_s19_qp_41.json,4(a),statistics,high
0607_s19_qp_41.json,4(b),statistics,high
0607_s19_qp_41.json,4(c)(i),statistics,high
0607_s19_qp_41.json,4(c)(ii),statistics,high
0607_s19_qp_41.json,4(c)(iii),statistics,high
0607_s19_qp_41.json,4(d)(i),statistics,high
0607_s19_qp_41.json,4(d)(ii),statistics,high
0607_s19_qp_41.json,5(a),statistics,high
0607_s19_qp_41.json,5(b),probability,high
0607_s19_qp_41.json,5(c)(i),probability,high
0607_s19_qp_41.json,5(c)(ii),probability,high
0607_s19_qp_41.json,6(a)(i),variation and proportion,high
0607_s19_qp_41.json,6(a)(ii),variation and proportion,high
0607_s19_qp_41.json,6(a)(iii),variation and proportion,high
0607_s19_qp_41.json,6(b),variation and proportion,high
0607_s19_qp_41.json,7(a),vectors,high
0607_s19_qp_41.json,7(b),vectors,high
0607_s19_qp_41.json,8(a),trigonometry,high
0607_s19_qp_41.json,8(b),trigonometry,high
0607_s19_qp_41.json,8(c),trigonometry,high
0607_s19_qp_41.json,8(d),trigonometry,high
0607_s19_qp_41.json,9(a),expanding and factorising,high
0607_s19_qp_41.json,9(b),solving quadratic equations,high
0607_s19_qp_41.json,9(c),solving quadratic equations,high
0607_s19_qp_41.json,10(a)(i),functions,high
0607_s19_qp_41.json,10(a)(ii),functions,high
0607_s19_qp_41.json,10(a)(iii),solving linear equations,high
0607_s19_qp_41.json,10(a)(iv),functions,high
0607_s19_qp_41.json,10(a)(v),functions,high
0607_s19_qp_41.json,10(a)(vi),expanding and factorising,high
0607_s19_qp_41.json,10(b),functions,high
0607_s19_qp_41.json,11(a),functions,high
0607_s19_qp_41.json,11(b),functions,high
0607_s19_qp_41.json,11(c),functions,high
0607_s19_qp_41.json,11(d)(i),functions,high
0607_s19_qp_41.json,11(d)(ii),inequalities,high
0607_s19_qp_41.json,12(a),sequences,high
0607_s19_qp_41.json,12(b),sequences,high
0607_s19_qp_42.json,1(a),topics in arithmetic,high
0607_s19_qp_42.json,1(b),topics in arithmetic,high
0607_s19_qp_42.json,1(c),topics in arithmetic,high
0607_s19_qp_42.json,1(d)(i),topics in arithmetic,high
0607_s19_qp_42.json,1(d)(ii),topics in arithmetic,high
0607_s19_qp_42.json,2(a),functions,high
0607_s19_qp_42.json,2(b),functions,high
0607_s19_qp_42.json,2(c),logarithms,high
0607_s19_qp_42.json,2(d),functions,high
0607_s19_qp_42.json,2(e),functions,high
0607_s19_qp_42.json,2(f),inequalities,high
0607_s19_qp_42.json,3(a),probability,high
0607_s19_qp_42.json,3(b)(i),probability,high
0607_s19_qp_42.json,3(b)(ii),probability,high
0607_s19_qp_42.json,4(a),mensuration,high
0607_s19_qp_42.json,4(b),mensuration,high
0607_s19_qp_42.json,4(c),mensuration,high
0607_s19_qp_42.json,4(d),similarity,high
0607_s19_qp_42.json,5(a),topics in arithmetic,high
0607_s19_qp_42.json,5(b),topics in arithmetic,high
0607_s19_qp_42.json,5(c),topics in arithmetic,high
0607_s19_qp_42.json,6(a),transformations,high
0607_s19_qp_42.json,6(b),transformations,high
0607_s19_qp_42.json,6(c),transformations,high
0607_s19_qp_42.json,6(d),transformations,high
0607_s19_qp_42.json,7(a),functions,high
0607_s19_qp_42.json,7(b)(i),functions,high
0607_s19_qp_42.json,7(b)(ii),functions,high
0607_s19_qp_42.json,7(b)(iii),solving quadratic equations,high
0607_s19_qp_42.json,7(b)(iv),solving quadratic equations,high
0607_s19_qp_42.json,8(a),sequences,high
0607_s19_qp_42.json,8(b),sequences,high
0607_s19_qp_42.json,8(c),sequences,high
0607_s19_qp_42.json,8(d),sequences,high
0607_s19_qp_42.json,9(a),statistics,high
0607_s19_qp_42.json,9(b),statistics,high
0607_s19_qp_42.json,9(c),statistics,high
0607_s19_qp_42.json,9(d)(i),statistics,high
0607_s19_qp_42.json,9(d)(ii),probability,high
0607_s19_qp_42.json,9(d)(iii),probability,high
0607_s19_qp_42.json,10(a),simultaneous equations,high
0607_s19_qp_42.json,10(b)(i),expanding and factorising,high
0607_s19_qp_42.json,10(b)(ii),expanding and factorising,high
0607_s19_qp_42.json,10(b)(iii),solving quadratic equations,high
0607_s19_qp_42.json,11(a),trigonometry,high
0607_s19_qp_42.json,11(b),trigonometry,high
0607_s19_qp_42.json,11(c),mensuration,high
0607_s19_qp_42.json,11(d),trigonometry,high
0607_s19_qp_42.json,12(a),functions,high
0607_s19_qp_42.json,12(b),functions,high
0607_s19_qp_42.json,12(c),functions,high
0607_s19_qp_42.json,12(d),functions,high
0607_s19_qp_42.json,12(e),functions,high
0607_s19_qp_42.json,12(f)(i),logarithms,high
0607_s19_qp_42.json,12(f)(ii),logarithms,high
0607_s19_qp_42.json,12(f)(iii),logarithms,high
0607_s19_qp_43.json,1(a),mensuration,high
0607_s19_qp_43.json,1(b),mensuration,high
0607_s19_qp_43.json,2(a)(i),statistics,high
0607_s19_qp_43.json,2(a)(ii),statistics,high
0607_s19_qp_43.json,2(b),statistics,high
0607_s19_qp_43.json,2(c)(i),statistics,high
0607_s19_qp_43.json,2(c)(ii),statistics,high
0607_s19_qp_43.json,2(d),statistics,high
0607_s19_qp_43.json,3(a)(i),probability,high
0607_s19_qp_43.json,3(a)(ii),probability,high
0607_s19_qp_43.json,3(b),probability,high
0607_s19_qp_43.json,3(c),probability,high
0607_s19_qp_43.json,4(a),functions,high
0607_s19_qp_43.json,4(b),functions,high
0607_s19_qp_43.json,4(c)(i),functions,high
0607_s19_qp_43.json,4(c)(ii),functions,high
0607_s19_qp_43.json,4(c)(iii),functions,high
0607_s19_qp_43.json,5(a),sets and Venn diagrams,high
0607_s19_qp_43.json,5(b),sets and Venn diagrams,high
0607_s19_qp_43.json,5(c),sets and Venn diagrams,high
0607_s19_qp_43.json,5(d),sets and Venn diagrams,high
0607_s19_qp_43.json,6(a)(i),transformations,high
0607_s19_qp_43.json,6(a)(ii),transformations,high
0607_s19_qp_43.json,6(a)(iii),transformations,high
0607_s19_qp_43.json,6(b),transformations,high
0607_s19_qp_43.json,6(c),transformations,high
0607_s19_qp_43.json,7(a)(i),topics in arithmetic,high
0607_s19_qp_43.json,7(a)(ii),topics in arithmetic,high
0607_s19_qp_43.json,7(b),topics in arithmetic,high
0607_s19_qp_43.json,7(c),topics in arithmetic,high
0607_s19_qp_43.json,8(a),functions,high
0607_s19_qp_43.json,8(b),functions,high
0607_s19_qp_43.json,8(c),functions,high
0607_s19_qp_43.json,8(d)(i),functions,high
0607_s19_qp_43.json,8(d)(ii),functions,high
0607_s19_qp_43.json,9(a)(i),solving linear equations,high
0607_s19_qp_43.json,9(a)(ii),solving linear equations,high
0607_s19_qp_43.json,9(a)(iii),solving quadratic equations,high
0607_s19_qp_43.json,9(b)(i),inequalities,high
0607_s19_qp_43.json,9(b)(ii),inequalities,high
0607_s19_qp_43.json,9(c),simultaneous equations,high
0607_s19_qp_43.json,9(d),logarithms,high
0607_s19_qp_43.json,10(a),vectors,high
0607_s19_qp_43.json,10(b),vectors,high
0607_s19_qp_43.json,10(c),vectors,high
0607_s19_qp_43.json,10(d),straight lines,high
0607_s19_qp_43.json,10(e),vectors,high
0607_s19_qp_43.json,11(a),trigonometry,high
0607_s19_qp_43.json,11(b),trigonometry,high
0607_s19_qp_43.json,11(c),trigonometry,high
0607_s19_qp_43.json,11(d),trigonometry,high
0607_s19_qp_43.json,11(e),trigonometry,high
0607_s19_qp_43.json,12(a)(i),variation and proportion,high
0607_s19_qp_43.json,12(a)(ii),variation and proportion,high
0607_s19_qp_43.json,12(b)(i),sequences,high
0607_s19_qp_43.json,12(b)(ii),sequences,high
0607_s19_qp_43.json,12(b)(iii),sequences,high
0607_s19_qp_43.json,12(b)(iv),sequences,high
0607_s20_qp_21.json,1,mensuration,high
0607_s20_qp_21.json,2(a),vectors,high
0607_s20_qp_21.json,2(b),vectors,high
0607_s20_qp_21.json,3,topics in arithmetic,high
0607_s20_qp_21.json,4,topics in arithmetic,high
0607_s20_qp_21.json,5,mensuration,high
0607_s20_qp_21.json,6,angles,high
0607_s20_qp_21.json,7(a),exponents and surds,high
0607_s20_qp_21.json,7(b),exponents and surds,high
0607_s20_qp_21.json,8,solving linear equations,high
0607_s20_qp_21.json,9,circle theorems,high
0607_s20_qp_21.json,10,topics in arithmetic,high
0607_s20_qp_21.json,11,variation and proportion,high
0607_s20_qp_21.json,12,logarithms,high
0607_s20_qp_21.json,13,exponents and surds,high
0607_s20_qp_21.json,14,straight lines,high
0607_s20_qp_21.json,15,expanding and factorising,high
0607_s20_qp_21.json,16,expanding and factorising,high
0607_s20_qp_22.json,1,topics in arithmetic,high
0607_s20_qp_22.json,2,topics in arithmetic,high
0607_s20_qp_22.json,3(a),topics in arithmetic,high
0607_s20_qp_22.json,3(b),topics in arithmetic,high
0607_s20_qp_22.json,3(c),topics in arithmetic,high
0607_s20_qp_22.json,4,topics in arithmetic,high
0607_s20_qp_22.json,5,solving linear equations,high
0607_s20_qp_22.json,6,angles,high
0607_s20_qp_22.json,7(a),exponents and surds,high
0607_s20_qp_22.json,7(b),exponents and surds,high
0607_s20_qp_22.json,8,simultaneous equations,high
0607_s20_qp_22.json,9,angles,high
0607_s20_qp_22.json,10,solving linear equations,high
0607_s20_qp_22.json,11(a),statistics,high
0607_s20_qp_22.json,11(b),statistics,high
0607_s20_qp_22.json,12,expanding and factorising,high
0607_s20_qp_22.json,13,inequalities,high
0607_s20_qp_22.json,14,straight lines,high
0607_s20_qp_22.json,15,trigonometry,high
0607_s20_qp_23.json,1(a),topics in arithmetic,high
0607_s20_qp_23.json,1(b),topics in arithmetic,high
0607_s20_qp_23.json,2,topics in arithmetic,high
0607_s20_qp_23.json,3,exponents and surds,high
0607_s20_qp_23.json,4(a),angles,high
0607_s20_qp_23.json,4(b),angles,high
0607_s20_qp_23.json,5,inequalities,high
0607_s20_qp_23.json,6(a),probability,high
0607_s20_qp_23.json,6(b),probability,high
0607_s20_qp_23.json,6(c),probability,high
0607_s20_qp_23.json,7,topics in arithmetic,high
0607_s20_qp_23.json,8,Pythagoras,high
0607_s20_qp_23.json,9(a),circle theorems,high
0607_s20_qp_23.json,9(b),circle theorems,high
0607_s20_qp_23.json,10,simultaneous equations,high
0607_s20_qp_23.json,11(a),trigonometry,high
0607_s20_qp_23.json,11(b),trigonometry,high
0607_s20_qp_23.json,12(a),expanding and factorising,high
0607_s20_qp_23.json,12(b),expanding and factorising,high
0607_s20_qp_23.json,13(a),logarithms,high
0607_s20_qp_23.json,13(b),logarithms,high
0607_s20_qp_23.json,14,variation and proportion,high
0607_s20_qp_23.json,15(a),sets and Venn diagrams,high
0607_s20_qp_23.json,15(b),sets and Venn diagrams,high
0607_s20_qp_41.json,1(a)(i),transformations,high
0607_s20_qp_41.json,1(a)(ii),transformations,high
0607_s20_qp_41.json,1(a)(iii),transformations,high
0607_s20_qp_41.json,1(b)(i),transformations,high
0607_s20_qp_41.json,1(b)(ii),transformations,high
0607_s20_qp_41.json,2(a)(i),statistics,high
0607_s20_qp_41.json,2(a)(ii),statistics,high
0607_s20_qp_41.json,2(a)(iii),statistics,high
0607_s20_qp_41.json,2(a)(iv),statistics,high
0607_s20_qp_41.json,2(b)(i),statistics,high
0607_s20_qp_41.json,2(b)(ii),statistics,high
0607_s20_qp_41.json,2(b)(iii),statistics,high
0607_s20_qp_41.json,2(b)(iv),statistics,high
0607_s20_qp_41.json,2(b)(v)(a),statistics,high
0607_s20_qp_41.json,2(b)(v)(b),statistics,high
0607_s20_qp_41.json,3(a),straight lines,high
0607_s20_qp_41.json,3(b),Pythagoras,high
0607_s20_qp_41.json,3(c),straight lines,high
0607_s20_qp_41.json,3(d),straight lines,high
0607_s20_qp_41.json,4(a),sequences,high
0607_s20_qp_41.json,4(b),sequences,high
0607_s20_qp_41.json,4(c),sequences,high
0607_s20_qp_41.json,5(a)(i),expanding and factorising,high
0607_s20_qp_41.json,5(a)(ii),expanding and factorising,high
0607_s20_qp_41.json,5(b)(i),expanding and factorising,high
0607_s20_qp_41.json,5(b)(ii),expanding and factorising,high
0607_s20_qp_41.json,5(b)(iii),expanding and factorising,high
0607_s20_qp_41.json,6(a)(i),logarithms,high
0607_s20_qp_41.json,6(a)(ii)(a),logarithms,high
0607_s20_qp_41.json,6(a)(ii)(b),logarithms,high
0607_s20_qp_41.json,6(b)(i),logarithms,high
0607_s20_qp_41.json,6(b)(ii),logarithms,high
0607_s20_qp_41.json,6(c),logarithms,high
0607_s20_qp_41.json,7(a),topics in arithmetic,high
0607_s20_qp_41.json,7(b),topics in arithmetic,high
0607_s20_qp_41.json,7(c),logarithms,high
0607_s20_qp_41.json,7(d),logarithms,high
0607_s20_qp_41.json,8(a)(i),probability,high
0607_s20_qp_41.json,8(a)(ii),probability,high
0607_s20_qp_41.json,8(b)(i),sets and Venn diagrams,high
0607_s20_qp_41.json,8(b)(ii),probability,high
0607_s20_qp_41.json,9(a),functions,high
0607_s20_qp_41.json,9(b),inequalities,high
0607_s20_qp_41.json,9(c),functions,high
0607_s20_qp_41.json,10(a),functions,high
0607_s20_qp_41.json,10(b),functions,high
0607_s20_qp_41.json,10(c),exponents and surds,high
0607_s20_qp_41.json,10(d),functions,high
0607_s20_qp_41.json,11(a),trigonometry,high
0607_s20_qp_41.json,11(b)(i),mensuration,high
0607_s20_qp_41.json,11(b)(ii),Pythagoras,high
0607_s20_qp_41.json,11(b)(iii),trigonometry,high
0607_s20_qp_42.json,1(a),statistics,high
0607_s20_qp_42.json,1(b),statistics,high
0607_s20_qp_42.json,1(c),statistics,high
0607_s20_qp_42.json,1(d),statistics,high
0607_s20_qp_42.json,1(e),statistics,high
0607_s20_qp_42.json,1(f),probability,high
0607_s20_qp_42.json,2(a)(i),transformations,high
0607_s20_qp_42.json,2(a)(ii),transformations,high
0607_s20_qp_42.json,2(b)(i),transformations,high
0607_s20_qp_42.json,2(b)(ii),transformations,high
0607_s20_qp_42.json,2(b)(iii),transformations,high
0607_s20_qp_42.json,2(b)(iv),transformations,high
0607_s20_qp_42.json,3(a)(i),statistics,high
0607_s20_qp_42.json,3(a)(ii),statistics,high
0607_s20_qp_42.json,3(b),statistics,high
0607_s20_qp_42.json,3(c)(i),statistics,high
0607_s20_qp_42.json,3(c)(ii),statistics,high
0607_s20_qp_42.json,3(c)(iii),statistics,high
0607_s20_qp_42.json,4(a)(i),mensuration,high
0607_s20_qp_42.json,4(a)(ii),topics in arithmetic,high
0607_s20_qp_42.json,4(b),mensuration,high
0607_s20_qp_42.json,4(c)(i),mensuration,high
0607_s20_qp_42.json,4(c)(ii),mensuration,high
0607_s20_qp_42.json,5(a)(i),probability,high
0607_s20_qp_42.json,5(a)(ii),probability,high
0607_s20_qp_42.json,5(a)(iii),probability,high
0607_s20_qp_42.json,5(b),probability,high
0607_s20_qp_42.json,5(c),probability,high
0607_s20_qp_42.json,5(d),probability,high
0607_s20_qp_42.json,6(a),topics in arithmetic,high
0607_s20_qp_42.json,6(b),topics in arithmetic,high
0607_s20_qp_42.json,7(a)(i),functions,high
0607_s20_qp_42.json,7(a)(ii),functions,high
0607_s20_qp_42.json,7(a)(iii),functions,high
0607_s20_qp_42.json,7(b),functions,high
0607_s20_qp_42.json,7(c),functions,high
0607_s20_qp_42.json,7(d),inequalities,high
0607_s20_qp_42.json,8(a)(i),angles,high
0607_s20_qp_42.json,8(a)(ii),angles,high
0607_s20_qp_42.json,8(b),trigonometry,high
0607_s20_qp_42.json,8(c),trigonometry,high
0607_s20_qp_42.json,8(d),trigonometry,high
0607_s20_qp_42.json,8(e),trigonometry,high
0607_s20_qp_42.json,9(a)(i),functions,high
0607_s20_qp_42.json,9(a)(ii),functions,high
0607_s20_qp_42.json,9(b),functions,high
0607_s20_qp_42.json,9(c),functions,high
0607_s20_qp_42.json,9(d),expanding and factorising,high
0607_s20_qp_42.json,10,trigonometry,high
0607_s20_qp_42.json,11(a)(i),solving linear equations,high
0607_s20_qp_42.json,11(a)(ii),solving linear equations,high
0607_s20_qp_42.json,11(a)(iii),solving linear equations,high
0607_s20_qp_42.json,11(b)(i),solving quadratic equations,high
0607_s20_qp_42.json,11(b)(ii),solving quadratic equations,high
0607_s20_qp_42.json,11(c),logarithms,high
0607_s20_qp_43.json,1(a),sequences,high
0607_s20_qp_43.json,1(b),sequences,high
0607_s20_qp_43.json,1(c),sequences,high
0607_s20_qp_43.json,2(a),statistics,high
0607_s20_qp_43.json,2(b),statistics,high
0607_s20_qp_43.json,2(c)(i),straight lines,high
0607_s20_qp_43.json,2(c)(ii),straight lines,high
0607_s20_qp_43.json,3(a)(i),topics in arithmetic,high
0607_s20_qp_43.json,3(a)(ii),topics in arithmetic,high
0607_s20_qp_43.json,3(b)(i),topics in arithmetic,high
0607_s20_qp_43.json,3(b)(ii),topics in arithmetic,high
0607_s20_qp_43.json,4(a),functions,high
0607_s20_qp_43.json,4(b),functions,high
0607_s20_qp_43.json,4(c)(i),functions,high
0607_s20_qp_43.json,4(c)(ii),functions,high
0607_s20_qp_43.json,4(d),functions,high
0607_s20_qp_43.json,5(a)(i),transformations,high
0607_s20_qp_43.json,5(a)(ii),transformations,high
0607_s20_qp_43.json,5(a)(iii),transformations,high
0607_s20_qp_43.json,5(b)(i),transformations,high
0607_s20_qp_43.json,5(b)(ii),transformations,high
0607_s20_qp_43.json,5(b)(iii),transformations,high
0607_s20_qp_43.json,6(a)(i),statistics,high
0607_s20_qp_43.json,6(a)(ii),statistics,high
0607_s20_qp_43.json,6(a)(iii),statistics,high
0607_s20_qp_43.json,6(b)(i),statistics,high
0607_s20_qp_43.json,6(b)(ii),statistics,high
0607_s20_qp_43.json,6(b)(iii),statistics,high
0607_s20_qp_43.json,7(a),trigonometry,high
0607_s20_qp_43.json,7(b),mensuration,high
0607_s20_qp_43.json,7(c),mensuration,high
0607_s20_qp_43.json,8(a)(i),statistics,high
0607_s20_qp_43.json,8(a)(ii),statistics,high
0607_s20_qp_43.json,8(a)(iii),statistics,high
0607_s20_qp_43.json,8(b)(i),probability,high
0607_s20_qp_43.json,8(b)(ii),probability,high
0607_s20_qp_43.json,8(b)(iii),probability,high
0607_s20_qp_43.json,9(a),straight lines,high
0607_s20_qp_43.json,9(b),straight lines,high
0607_s20_qp_43.json,9(c),transformations,high
0607_s20_qp_43.json,9(d),straight lines,high
0607_s20_qp_43.json,10(a),expanding and factorising,high
0607_s20_qp_43.json,10(b),solving quadratic equations,high
0607_s20_qp_43.json,10(c),mensuration,high
0607_s20_qp_43.json,11(a),trigonometry,high
0607_s20_qp_43.json,11(b),trigonometry,high
0607_s20_qp_43.json,11(c),trigonometry,high
0607_s20_qp_43.json,11(d),trigonometry,high
0607_s20_qp_43.json,12(a),functions,high
0607_s20_qp_43.json,12(b),functions,high
0607_s20_qp_43.json,12(c),functions,high
0607_s20_qp_43.json,12(d),functions,high
0607_s20_qp_43.json,12(e),functions,high
0607_s21_qp_21.json,1(a),topics in arithmetic,high
0607_s21_qp_21.json,1(b),topics in arithmetic,high
0607_s21_qp_21.json,1(c),topics in arithmetic,high
0607_s21_qp_21.json,2(a),topics in arithmetic,high
0607_s21_qp_21.json,2(b),topics in arithmetic,high
0607_s21_qp_21.json,3(a),topics in arithmetic,high
0607_s21_qp_21.json,3(b),topics in arithmetic,high
0607_s21_qp_21.json,4(a),solving linear equations,high
0607_s21_qp_21.json,4(b),solving linear equations,high
0607_s21_qp_21.json,5(a),exponents and surds,high
0607_s21_qp_21.json,5(b),exponents and surds,high
0607_s21_qp_21.json,6,angles,high
0607_s21_qp_21.json,7(a),expanding and factorising,high
0607_s21_qp_21.json,7(b),expanding and factorising,high
0607_s21_qp_21.json,8(a),vectors,high
0607_s21_qp_21.json,8(b),vectors,high
0607_s21_qp_21.json,9,solving linear equations,high
0607_s21_qp_21.json,10(a),trigonometry,high
0607_s21_qp_21.json,10(b),trigonometry,high
0607_s21_qp_21.json,11,straight lines,high
0607_s21_qp_21.json,12(a),probability,high
0607_s21_qp_21.json,12(b),probability,high
0607_s21_qp_22.json,1,topics in arithmetic,high
0607_s21_qp_22.json,2,statistics,high
0607_s21_qp_22.json,3,topics in arithmetic,high
0607_s21_qp_22.json,4,topics in arithmetic,medium
0607_s21_qp_22.json,5,angles,high
0607_s21_qp_22.json,6(a),expanding and factorising,high
0607_s21_qp_22.json,6(b),expanding and factorising,high
0607_s21_qp_22.json,7,inequalities,high
0607_s21_qp_22.json,8,exponents and surds,high
0607_s21_qp_22.json,9,angles,high
0607_s21_qp_22.json,10(a),exponents and surds,high
0607_s21_qp_22.json,10(b),exponents and surds,high
0607_s21_qp_22.json,11,solving linear equations,high
0607_s21_qp_22.json,12,mensuration,high
0607_s21_qp_22.json,13,statistics,high
0607_s21_qp_22.json,14,variation and proportion,medium
0607_s21_qp_22.json,15,inequalities,high
0607_s21_qp_22.json,16,expanding and factorising,high
0607_s21_qp_23.json,1,topics in arithmetic,high
0607_s21_qp_23.json,2,topics in arithmetic,high
0607_s21_qp_23.json,3,functions,high
0607_s21_qp_23.json,4,mensuration,high
0607_s21_qp_23.json,5,angles,high
0607_s21_qp_23.json,6,sets and Venn diagrams,high
0607_s21_qp_23.json,7,angles,high
0607_s21_qp_23.json,8,topics in arithmetic,high
0607_s21_qp_23.json,9,topics in arithmetic,high
0607_s21_qp_23.json,10,probability,high
0607_s21_qp_23.json,11(a),sequences,high
0607_s21_qp_23.json,11(b),sequences,high
0607_s21_qp_23.json,12,expanding and factorising,high
0607_s21_qp_23.json,13(a),Pythagoras,high
0607_s21_qp_23.json,13(b),similarity,high
0607_s21_qp_23.json,14,solving linear equations,high
0607_s21_qp_23.json,15,circle theorems,high
0607_s21_qp_23.json,16,variation and proportion,high
0607_s21_qp_23.json,17,exponents and surds,high
0607_s21_qp_23.json,18,functions,high
0607_s21_qp_23.json,19,expanding and factorising,high
0607_s21_qp_23.json,20,logarithms,high
0607_s21_qp_41.json,1(a),statistics,high
0607_s21_qp_41.json,1(b),statistics,high
0607_s21_qp_41.json,1(c)(i),statistics,high
0607_s21_qp_41.json,1(c)(ii),statistics,high
0607_s21_qp_41.json,2(a),transformations,high
0607_s21_qp_41.json,2(b),transformations,high
0607_s21_qp_41.json,2(c),transformations,high
0607_s21_qp_41.json,2(d),transformations,high
0607_s21_qp_41.json,2(e),transformations,high
0607_s21_qp_41.json,3(a),sequences,high
0607_s21_qp_41.json,3(b),sequences,high
0607_s21_qp_41.json,3(c),sequences,high
0607_s21_qp_41.json,3(d),sequences,high
0607_s21_qp_41.json,4(a),statistics,high
0607_s21_qp_41.json,4(b),statistics,high
0607_s21_qp_41.json,4(c),statistics,high
0607_s21_qp_41.json,4(d)(i),statistics,high
0607_s21_qp_41.json,4(d)(ii),statistics,high
0607_s21_qp_41.json,4(e),statistics,high
0607_s21_qp_41.json,5(a)(i),functions,high
0607_s21_qp_41.json,5(a)(ii),functions,high
0607_s21_qp_41.json,5(b),functions,high
0607_s21_qp_41.json,5(c),functions,high
0607_s21_qp_41.json,5(d),functions,high
0607_s21_qp_41.json,5(e),functions,high
0607_s21_qp_41.json,5(f)(i),functions,high
0607_s21_qp_41.json,5(f)(ii),functions,high
0607_s21_qp_41.json,5(f)(iii),functions,high
0607_s21_qp_41.json,5(f)(iv),inequalities,high
0607_s21_qp_41.json,6(a)(i),topics in arithmetic,high
0607_s21_qp_41.json,6(a)(ii),topics in arithmetic,high
0607_s21_qp_41.json,6(b)(i),topics in arithmetic,high
0607_s21_qp_41.json,6(b)(ii),topics in arithmetic,high
0607_s21_qp_41.json,6(c),topics in arithmetic,high
0607_s21_qp_41.json,7(a),simultaneous equations,high
0607_s21_qp_41.json,7(b)(i),solving linear equations,high
0607_s21_qp_41.json,7(b)(ii),solving linear equations,high
0607_s21_qp_41.json,7(b)(iii),solving linear equations,high
0607_s21_qp_41.json,7(c),logarithms,high
0607_s21_qp_41.json,8(a),probability,high
0607_s21_qp_41.json,8(b),probability,high
0607_s21_qp_41.json,8(c),probability,high
0607_s21_qp_41.json,8(d),probability,high
0607_s21_qp_41.json,8(e),probability,high
0607_s21_qp_41.json,9(a),mensuration,high
0607_s21_qp_41.json,9(b)(i),mensuration,high
0607_s21_qp_41.json,9(b)(ii),similarity,high
0607_s21_qp_41.json,9(c),trigonometry,high
0607_s21_qp_41.json,10(a)(i),circle theorems,high
0607_s21_qp_41.json,10(a)(ii),circle theorems,high
0607_s21_qp_41.json,10(a)(iii),circle theorems,high
0607_s21_qp_41.json,10(a)(iv),circle theorems,high
0607_s21_qp_41.json,10(a)(v),circle theorems,high
0607_s21_qp_41.json,10(b),circle theorems,high
0607_s21_qp_41.json,11(a),logarithms,high
0607_s21_qp_41.json,11(b),solving quadratic equations,high
0607_s21_qp_42.json,1(a),topics in arithmetic,high
0607_s21_qp_42.json,1(b),topics in arithmetic,high
0607_s21_qp_42.json,1(c),topics in arithmetic,high
0607_s21_qp_42.json,2(a)(i),transformations,high
0607_s21_qp_42.json,2(a)(ii),transformations,high
0607_s21_qp_42.json,2(b),transformations,high
0607_s21_qp_42.json,3(a),statistics,high
0607_s21_qp_42.json,3(b),statistics,high
0607_s21_qp_42.json,3(c),statistics,high
0607_s21_qp_42.json,3(d),statistics,high
0607_s21_qp_42.json,4(a),functions,high
0607_s21_qp_42.json,4(b),functions,high
0607_s21_qp_42.json,4(c),inequalities,high
0607_s21_qp_42.json,4(d),functions,high
0607_s21_qp_42.json,5(a),Pythagoras,high
0607_s21_qp_42.json,5(b),trigonometry,high
0607_s21_qp_42.json,5(c),trigonometry,high
0607_s21_qp_42.json,5(d),trigonometry,high
0607_s21_qp_42.json,5(e),trigonometry,high
0607_s21_qp_42.json,6(a)(i),statistics,high
0607_s21_qp_42.json,6(a)(ii),statistics,high
0607_s21_qp_42.json,6(a)(iii),statistics,high
0607_s21_qp_42.json,6(b)(i),statistics,high
0607_s21_qp_42.json,6(b)(ii),statistics,high
0607_s21_qp_42.json,7(a),solving linear equations,high
0607_s21_qp_42.json,7(b),solving quadratic equations,high
0607_s21_qp_42.json,7(c),solving quadratic equations,high
0607_s21_qp_42.json,8(a)(i),variation and proportion,high
0607_s21_qp_42.json,8(a)(ii),variation and proportion,high
0607_s21_qp_42.json,8(a)(iii),variation and proportion,high
0607_s21_qp_42.json,8(a)(iv),variation and proportion,high
0607_s21_qp_42.json,8(b),variation and proportion,high
0607_s21_qp_42.json,9(a),mensuration,high
0607_s21_qp_42.json,9(b)(i),similarity,high
0607_s21_qp_42.json,9(b)(ii),mensuration,high
0607_s21_qp_42.json,10(a),probability,high
0607_s21_qp_42.json,10(b)(i),probability,high
0607_s21_qp_42.json,10(b)(ii),probability,high
0607_s21_qp_42.json,10(c),probability,high
0607_s21_qp_42.json,11(a),straight lines,high
0607_s21_qp_42.json,11(b),straight lines,high
0607_s21_qp_42.json,11(c),straight lines,high
0607_s21_qp_42.json,11(d)(i),Pythagoras,high
0607_s21_qp_42.json,11(d)(ii),straight lines,high
0607_s21_qp_42.json,12(a),functions,high
0607_s21_qp_42.json,12(b),functions,high
0607_s21_qp_42.json,12(c),functions,high
0607_s21_qp_42.json,12(d),functions,high
0607_s21_qp_42.json,12(e),functions,high
0607_s21_qp_42.json,13(a),functions,high
0607_s21_qp_42.json,13(b),functions,high
0607_s21_qp_42.json,13(c),solving quadratic equations,high
0607_s21_qp_43.json,1(a),functions,high
0607_s21_qp_43.json,1(b),functions,high
0607_s21_qp_43.json,1(c),functions,high
0607_s21_qp_43.json,1(d)(i),functions,high
0607_s21_qp_43.json,1(d)(ii),transformations,high
0607_s21_qp_43.json,2(a),topics in arithmetic,high
0607_s21_qp_43.json,2(b)(i),topics in arithmetic,high
0607_s21_qp_43.json,2(b)(ii),topics in arithmetic,high
0607_s21_qp_43.json,2(c),topics in arithmetic,high
0607_s21_qp_43.json,2(d),topics in arithmetic,high
0607_s21_qp_43.json,3(a),straight lines,high
0607_s21_qp_43.json,3(b),straight lines,high
0607_s21_qp_43.json,3(c),straight lines,high
0607_s21_qp_43.json,3(d),mensuration,high
0607_s21_qp_43.json,4(a),mensuration,high
0607_s21_qp_43.json,4(b)(i),mensuration,high
0607_s21_qp_43.json,4(b)(ii),mensuration,high
0607_s21_qp_43.json,5(a),statistics,high
0607_s21_qp_43.json,5(b),statistics,high
0607_s21_qp_43.json,6(a)(i),statistics,high
0607_s21_qp_43.json,6(a)(ii),statistics,high
0607_s21_qp_43.json,6(a)(iii),statistics,high
0607_s21_qp_43.json,6(b)(i),statistics,high
0607_s21_qp_43.json,6(b)(ii),statistics,high
0607_s21_qp_43.json,6(b)(iii),statistics,high
0607_s21_qp_43.json,7(a),angles,high
0607_s21_qp_43.json,7(b),solving quadratic equations,high
0607_s21_qp_43.json,7(c),Pythagoras,high
0607_s21_qp_43.json,7(d),Pythagoras,high
0607_s21_qp_43.json,8(a),trigonometry,high
0607_s21_qp_43.json,8(b),trigonometry,high
0607_s21_qp_43.json,8(c),trigonometry,high
0607_s21_qp_43.json,8(d),trigonometry,high
0607_s21_qp_43.json,9(a),functions,high
0607_s21_qp_43.json,9(b),functions,high
0607_s21_qp_43.json,9(c)(i),functions,high
0607_s21_qp_43.json,9(c)(ii),inequalities,high
0607_s21_qp_43.json,10(a)(i),probability,high
0607_s21_qp_43.json,10(a)(ii),probability,high
0607_s21_qp_43.json,10(a)(iii),probability,high
0607_s21_qp_43.json,10(b),probability,high
0607_s21_qp_43.json,11(a)(i),functions,high
0607_s21_qp_43.json,11(a)(ii),functions,high
0607_s21_qp_43.json,11(a)(iii),functions,high
0607_s21_qp_43.json,11(a)(iv),functions,high
0607_s21_qp_43.json,11(a)(v),functions,high
0607_s21_qp_43.json,11(b)(i),logarithms,high
0607_s21_qp_43.json,11(b)(ii),logarithms,high
0607_s22_qp_21.json,1,inequalities,high
0607_s22_qp_21.json,2,topics in arithmetic,high
0607_s22_qp_21.json,3(a),topics in arithmetic,high
0607_s22_qp_21.json,3(b),topics in arithmetic,high
0607_s22_qp_21.json,4,expanding and factorising,high
0607_s22_qp_21.json,5(a),topics in arithmetic,high
0607_s22_qp_21.json,5(b),topics in arithmetic,high
0607_s22_qp_21.json,6(a),solving linear equations,high
0607_s22_qp_21.json,6(b),solving linear equations,high
0607_s22_qp_21.json,7(a),probability,high
0607_s22_qp_21.json,7(b),probability,high
0607_s22_qp_21.json,8,exponents and surds,high
0607_s22_qp_21.json,9,topics in arithmetic,high
0607_s22_qp_21.json,10,vectors,high
0607_s22_qp_21.json,11(a),sets and Venn diagrams,high
0607_s22_qp_21.json,11(b),sets and Venn diagrams,high
0607_s22_qp_21.json,11(c),sets and Venn diagrams,high
0607_s22_qp_21.json,12(a),circle theorems,high
0607_s22_qp_21.json,12(b),circle theorems,high
0607_s22_qp_21.json,13(a),exponents and surds,high
0607_s22_qp_21.json,13(b),exponents and surds,high
0607_s22_qp_21.json,14,expanding and factorising,high
0607_s22_qp_21.json,15(a),expanding and factorising,high
0607_s22_qp_21.json,15(b),inequalities,high
0607_s22_qp_21.json,16,logarithms,high
0607_s22_qp_22.json,1,topics in arithmetic,high
0607_s22_qp_22.json,2(a),topics in arithmetic,high
0607_s22_qp_22.json,2(b),topics in arithmetic,high
0607_s22_qp_22.json,3,solving linear equations,high
0607_s22_qp_22.json,4,mensuration,high
0607_s22_qp_22.json,5,exponents and surds,high
0607_s22_qp_22.json,6,angles,high
0607_s22_qp_22.json,7,topics in arithmetic,high
0607_s22_qp_22.json,8,statistics,high
0607_s22_qp_22.json,9,simultaneous equations,high
0607_s22_qp_22.json,10,straight lines,high
0607_s22_qp_22.json,11,solving quadratic equations,high
0607_s22_qp_22.json,12,trigonometry,high
0607_s22_qp_22.json,13(a),probability,high
0607_s22_qp_22.json,13(b),probability,high
0607_s22_qp_22.json,14,functions,high
0607_s22_qp_22.json,15,probability,high
0607_s22_qp_22.json,16,logarithms,high
0607_s22_qp_22.json,17(a),exponents and surds,high
0607_s22_qp_22.json,17(b),exponents and surds,high
0607_s22_qp_22.json,17(c),exponents and surds,high
0607_s22_qp_23.json,1(a),topics in arithmetic,high
0607_s22_qp_23.json,1(b),topics in arithmetic,high
0607_s22_qp_23.json,2(a),statistics,high
0607_s22_qp_23.json,2(b),statistics,high
0607_s22_qp_23.json,3,inequalities,high
0607_s22_qp_23.json,4(a),topics in arithmetic,high
0607_s22_qp_23.json,4(b),topics in arithmetic,high
0607_s22_qp_23.json,5,expanding and factorising,high
0607_s22_qp_23.json,6,angles,high
0607_s22_qp_23.json,7(a),probability,high
0607_s22_qp_23.json,7(b),probability,high
0607_s22_qp_23.json,8,expanding and factorising,high
0607_s22_qp_23.json,9(a),similarity,high
0607_s22_qp_23.json,9(b),similarity,high
0607_s22_qp_23.json,10(a),straight lines,high
0607_s22_qp_23.json,10(b),straight lines,high
0607_s22_qp_23.json,11(a),variation and proportion,high
0607_s22_qp_23.json,11(b),variation and proportion,high
0607_s22_qp_23.json,12,vectors,high
0607_s22_qp_41.json,1(a),transformations,high
0607_s22_qp_41.json,1(b),transformations,high
0607_s22_qp_41.json,1(c),transformations,high
0607_s22_qp_41.json,1(d),transformations,high
0607_s22_qp_41.json,2(a)(i),statistics,high
0607_s22_qp_41.json,2(a)(ii),statistics,high
0607_s22_qp_41.json,2(a)(iii),statistics,high
0607_s22_qp_41.json,2(b),statistics,high
0607_s22_qp_41.json,2(c)(i),statistics,high
0607_s22_qp_41.json,2(c)(ii),statistics,high
0607_s22_qp_41.json,2(c)(iii),statistics,high
0607_s22_qp_41.json,3(a),functions,high
0607_s22_qp_41.json,3(b),functions,high
0607_s22_qp_41.json,3(c),functions,high
0607_s22_qp_41.json,3(d),inequalities,high
0607_s22_qp_41.json,4(a),topics in arithmetic,high
0607_s22_qp_41.json,4(b),topics in arithmetic,high
0607_s22_qp_41.json,4(c),topics in arithmetic,high
0607_s22_qp_41.json,4(d)(i),topics in arithmetic,high
0607_s22_qp_41.json,4(d)(ii),logarithms,high
0607_s22_qp_41.json,5(a),sequences,high
0607_s22_qp_41.json,5(b),sequences,high
0607_s22_qp_41.json,5(c),sequences,high
0607_s22_qp_41.json,5(d),probability,high
0607_s22_qp_41.json,5(e),probability,high
0607_s22_qp_41.json,6(a),circle theorems,high
0607_s22_qp_41.json,6(b),mensuration,high
0607_s22_qp_41.json,7(a),mensuration,high
0607_s22_qp_41.json,7(b)(i),similarity,high
0607_s22_qp_41.json,7(b)(ii),similarity,high
0607_s22_qp_41.json,8(a),Pythagoras,high
0607_s22_qp_41.json,8(b),straight lines,high
0607_s22_qp_41.json,9(a)(i),functions,high
0607_s22_qp_41.json,9(a)(ii),functions,high
0607_s22_qp_41.json,9(a)(iii),functions,high
0607_s22_qp_41.json,9(a)(iv),logarithms,high
0607_s22_qp_41.json,9(b)(i),functions,high
0607_s22_qp_41.json,9(b)(ii),functions,high
0607_s22_qp_41.json,10(a),expanding and factorising,high
0607_s22_qp_41.json,10(b),expanding and factorising,high
0607_s22_qp_41.json,10(c),sequences,high
0607_s22_qp_41.json,11(a),mensuration,high
0607_s22_qp_41.json,11(b),topics in arithmetic,high
0607_s22_qp_41.json,12(a),trigonometry,high
0607_s22_qp_41.json,12(b),trigonometry,high
0607_s22_qp_42.json,1(a),transformations,high
0607_s22_qp_42.json,1(b),transformations,high
0607_s22_qp_42.json,1(c),transformations,high
0607_s22_qp_42.json,2(a)(i),statistics,high
0607_s22_qp_42.json,2(a)(ii),statistics,high
0607_s22_qp_42.json,2(b),statistics,high
0607_s22_qp_42.json,2(c)(i),straight lines,high
0607_s22_qp_42.json,2(c)(ii),straight lines,high
0607_s22_qp_42.json,2(d)(i),straight lines,high
0607_s22_qp_42.json,2(d)(ii),straight lines,high
0607_s22_qp_42.json,3(a),angles,high
0607_s22_qp_42.json,3(b),angles,high
0607_s22_qp_42.json,3(c),circle theorems,high
0607_s22_qp_42.json,4(a),functions,high
0607_s22_qp_42.json,4(b),functions,high
0607_s22_qp_42.json,4(c),functions,high
0607_s22_qp_42.json,4(d),functions,high
0607_s22_qp_42.json,4(e),functions,high
0607_s22_qp_42.json,4(f),inequalities,high
0607_s22_qp_42.json,5(a)(i),topics in arithmetic,high
0607_s22_qp_42.json,5(a)(ii),topics in arithmetic,high
0607_s22_qp_42.json,5(b)(i),topics in arithmetic,high
0607_s22_qp_42.json,5(b)(ii),topics in arithmetic,high
0607_s22_qp_42.json,5(c)(i),topics in arithmetic,high
0607_s22_qp_42.json,5(c)(ii),logarithms,medium
0607_s22_qp_42.json,6(a),statistics,high
0607_s22_qp_42.json,6(b),statistics,high
0607_s22_qp_42.json,6(c),statistics,high
0607_s22_qp_42.json,6(d)(i),statistics,high
0607_s22_qp_42.json,6(d)(ii),statistics,high
0607_s22_qp_42.json,6(e),statistics,high
0607_s22_qp_42.json,7(a)(i),trigonometry,high
0607_s22_qp_42.json,7(a)(ii),trigonometry,high
0607_s22_qp_42.json,7(b),trigonometry,high
0607_s22_qp_42.json,7(c),trigonometry,high
0607_s22_qp_42.json,7(d),trigonometry,high
0607_s22_qp_42.json,7(e),trigonometry,high
0607_s22_qp_42.json,8(a),sets and Venn diagrams,high
0607_s22_qp_42.json,8(b),sets and Venn diagrams,high
0607_s22_qp_42.json,8(c),sets and Venn diagrams,high
0607_s22_qp_42.json,8(d),sets and Venn diagrams,high
0607_s22_qp_42.json,9(a),sequences,high
0607_s22_qp_42.json,9(b),sequences,high
0607_s22_qp_42.json,9(c),sequences,high
0607_s22_qp_42.json,10(a),topics in arithmetic,high
0607_s22_qp_42.json,10(b),expanding and factorising,high
0607_s22_qp_42.json,10(c)(i),expanding and factorising,high
0607_s22_qp_42.json,10(c)(ii),expanding and factorising,high
0607_s22_qp_42.json,10(c)(iii),expanding and factorising,high
0607_s22_qp_42.json,10(d),solving linear equations,high
0607_s22_qp_42.json,10(e),inequalities,high
0607_s22_qp_42.json,11(a),mensuration,high
0607_s22_qp_42.json,11(b),similarity,high
0607_s22_qp_42.json,11(c)(i),mensuration,high
0607_s22_qp_42.json,11(c)(ii),mensuration,high
0607_s22_qp_42.json,11(c)(iii),expanding and factorising,high
0607_s22_qp_42.json,11(c)(iv),solving quadratic equations,high
0607_s22_qp_42.json,12(a)(i),probability,high
0607_s22_qp_42.json,12(a)(ii),probability,high
0607_s22_qp_42.json,12(a)(iii),probability,high
0607_s22_qp_42.json,12(b),probability,high
0607_s22_qp_43.json,1(a),topics in arithmetic,high
0607_s22_qp_43.json,1(b),topics in arithmetic,high
0607_s22_qp_43.json,1(c),topics in arithmetic,high
0607_s22_qp_43.json,2(a),statistics,high
0607_s22_qp_43.json,2(b),statistics,high
0607_s22_qp_43.json,2(c)(i),statistics,high
0607_s22_qp_43.json,2(c)(ii),statistics,high
0607_s22_qp_43.json,2(c)(iii),statistics,high
0607_s22_qp_43.json,2(c)(iv),statistics,high
0607_s22_qp_43.json,3(a),transformations,high
0607_s22_qp_43.json,3(b)(i),transformations,high
0607_s22_qp_43.json,3(b)(ii),transformations,high
0607_s22_qp_43.json,3(c),transformations,high
0607_s22_qp_43.json,4(a),solving linear equations,high
0607_s22_qp_43.json,4(b),topics in arithmetic,high
0607_s22_qp_43.json,4(c),simultaneous equations,high
0607_s22_qp_43.json,4(d),expanding and factorising,high
0607_s22_qp_43.json,5(a),functions,high
0607_s22_qp_43.json,5(b),functions,high
0607_s22_qp_43.json,5(c),functions,high
0607_s22_qp_43.json,5(d),functions,high
0607_s22_qp_43.json,5(e)(i),functions,high
0607_s22_qp_43.json,5(e)(ii),functions,high
0607_s22_qp_43.json,6(a),mensuration,high
0607_s22_qp_43.json,6(b),mensuration,high
0607_s22_qp_43.json,7(a),sets and Venn diagrams,high
0607_s22_qp_43.json,7(b)(i),probability,high
0607_s22_qp_43.json,7(b)(ii),probability,high
0607_s22_qp_43.json,7(b)(iii),probability,high
0607_s22_qp_43.json,8(a),topics in arithmetic,high
0607_s22_qp_43.json,8(b),trigonometry,high
0607_s22_qp_43.json,8(c)(i),trigonometry,high
0607_s22_qp_43.json,8(c)(ii),trigonometry,high
0607_s22_qp_43.json,8(d),topics in arithmetic,high
0607_s22_qp_43.json,9(a)(i),functions,high
0607_s22_qp_43.json,9(a)(ii),functions,high
0607_s22_qp_43.json,9(a)(iii),functions,high
0607_s22_qp_43.json,9(a)(iv),functions,high
0607_s22_qp_43.json,9(b),functions,high
0607_s22_qp_43.json,9(c),functions,high
0607_s22_qp_43.json,9(d),functions,high
0607_s22_qp_43.json,10(a)(i),circle theorems,high
0607_s22_qp_43.json,10(a)(ii),circle theorems,high
0607_s22_qp_43.json,10(a)(iii),circle theorems,high
0607_s22_qp_43.json,10(a)(iv),circle theorems,high
0607_s22_qp_43.json,10(a)(v),circle theorems,high
0607_s22_qp_43.json,10(b),mensuration,high
0607_s22_qp_43.json,11(a),variation and proportion,high
0607_s22_qp_43.json,11(b),solving quadratic equations,high
0607_s22_qp_43.json,11(c),solving quadratic equations,high
0607_s23_qp_21.json,1(a),topics in arithmetic,high
0607_s23_qp_21.json,1(b),topics in arithmetic,high
0607_s23_qp_21.json,1(c),topics in arithmetic,high
0607_s23_qp_21.json,2,solving linear equations,high
0607_s23_qp_21.json,3(a),topics in arithmetic,high
0607_s23_qp_21.json,3(b),vectors,high
0607_s23_qp_21.json,4(a),expanding and factorising,high
0607_s23_qp_21.json,4(b),expanding and factorising,high
0607_s23_qp_21.json,5(a),topics in arithmetic,high
0607_s23_qp_21.json,5(b),topics in arithmetic,high
0607_s23_qp_21.json,6,transformations,high
0607_s23_qp_21.json,7,angles,high
0607_s23_qp_21.json,8,solving linear equations,high
0607_s23_qp_21.json,9,exponents and surds,high
0607_s23_qp_21.json,10,circle theorems,high
0607_s23_qp_21.json,11,exponents and surds,high
0607_s23_qp_21.json,12,functions,high
0607_s23_qp_21.json,13,variation and proportion,high
0607_s23_qp_21.json,14,functions,high
0607_s23_qp_21.json,15(a),expanding and factorising,high
0607_s23_qp_21.json,15(b),expanding and factorising,high
0607_s23_qp_22.json,1(a),topics in arithmetic,high
0607_s23_qp_22.json,1(b),topics in arithmetic,high
0607_s23_qp_22.json,1(c),topics in arithmetic,high
0607_s23_qp_22.json,2(a),topics in arithmetic,high
0607_s23_qp_22.json,2(b),topics in arithmetic,high
0607_s23_qp_22.json,3(a),inequalities,high
0607_s23_qp_22.json,3(b),inequalities,high
0607_s23_qp_22.json,4(a),statistics,high
0607_s23_qp_22.json,4(b),statistics,high
0607_s23_qp_22.json,5,angles,high
0607_s23_qp_22.json,6,exponents and surds,high
0607_s23_qp_22.json,7,topics in arithmetic,high
0607_s23_qp_22.json,8(a),probability,high
0607_s23_qp_22.json,8(b),probability,high
0607_s23_qp_22.json,9,sets and Venn diagrams,high
0607_s23_qp_22.json,10,statistics,high
0607_s23_qp_22.json,11,simultaneous equations,high
0607_s23_qp_22.json,12(a),circle theorems,high
0607_s23_qp_22.json,12(b),circle theorems,high
0607_s23_qp_22.json,12(c),circle theorems,high
0607_s23_qp_22.json,13,exponents and surds,high
0607_s23_qp_22.json,14,variation and proportion,high
0607_s23_qp_22.json,15(a),logarithms,high
0607_s23_qp_22.json,15(b),logarithms,high
0607_s23_qp_22.json,16(a),similarity,high
0607_s23_qp_22.json,16(b),similarity,high
0607_s23_qp_23.json,1,topics in arithmetic,high
0607_s23_qp_23.json,2,angles,high
0607_s23_qp_23.json,3(a),topics in arithmetic,high
0607_s23_qp_23.json,3(b),topics in arithmetic,high
0607_s23_qp_23.json,4(a),probability,high
0607_s23_qp_23.json,4(b),probability,high
0607_s23_qp_23.json,5,topics in arithmetic,high
0607_s23_qp_23.json,6,expanding and factorising,high
0607_s23_qp_23.json,7(a),topics in arithmetic,high
0607_s23_qp_23.json,7(b),exponents and surds,high
0607_s23_qp_23.json,8,sequences,high
0607_s23_qp_23.json,9,solving linear equations,high
0607_s23_qp_23.json,10,topics in arithmetic,high
0607_s23_qp_23.json,11(a),statistics,high
0607_s23_qp_23.json,11(b),statistics,high
0607_s23_qp_23.json,12(a),expanding and factorising,high
0607_s23_qp_23.json,12(b),expanding and factorising,high
0607_s23_qp_23.json,13(a),sets and Venn diagrams,high
0607_s23_qp_23.json,13(b),sets and Venn diagrams,high
0607_s23_qp_23.json,14,probability,high
0607_s23_qp_23.json,15,solving linear equations,high
0607_s23_qp_23.json,16,straight lines,high
0607_s23_qp_41.json,1(a)(i),statistics,high
0607_s23_qp_41.json,1(a)(ii),statistics,high
0607_s23_qp_41.json,1(a)(iii),statistics,high
0607_s23_qp_41.json,1(a)(iv),statistics,high
0607_s23_qp_41.json,1(a)(v),statistics,high
0607_s23_qp_41.json,1(b),statistics,high
0607_s23_qp_41.json,1(c),variation and proportion,high
0607_s23_qp_41.json,2(a)(i),mensuration,high
0607_s23_qp_41.json,2(a)(ii),mensuration,high
0607_s23_qp_41.json,2(b),mensuration,high
0607_s23_qp_41.json,2(c),mensuration,high
0607_s23_qp_41.json,3(a),functions,high
0607_s23_qp_41.json,3(b),functions,high
0607_s23_qp_41.json,3(c)(i),functions,high
0607_s23_qp_41.json,3(c)(ii),inequalities,high
0607_s23_qp_41.json,3(c)(iii),inequalities,high
0607_s23_qp_41.json,3(d),functions,high
0607_s23_qp_41.json,4(a)(i),topics in arithmetic,high
0607_s23_qp_41.json,4(a)(ii),topics in arithmetic,high
0607_s23_qp_41.json,4(b),topics in arithmetic,high
0607_s23_qp_41.json,4(c),topics in arithmetic,high
0607_s23_qp_41.json,5(a)(i),straight lines,high
0607_s23_qp_41.json,5(a)(ii),straight lines,high
0607_s23_qp_41.json,5(b)(i),straight lines,high
0607_s23_qp_41.json,5(b)(ii),straight lines,high
0607_s23_qp_41.json,6(a),functions,high
0607_s23_qp_41.json,6(b),functions,high
0607_s23_qp_41.json,6(c),functions,high
0607_s23_qp_41.json,6(d),functions,high
0607_s23_qp_41.json,6(e),functions,high
0607_s23_qp_41.json,7(a)(i),trigonometry,high
0607_s23_qp_41.json,7(a)(ii),trigonometry,high
0607_s23_qp_41.json,7(a)(iii),mensuration,high
0607_s23_qp_41.json,7(a)(iv),mensuration,high
0607_s23_qp_41.json,7(b),similarity,high
0607_s23_qp_41.json,8(a),simultaneous equations,high
0607_s23_qp_41.json,8(b)(i),solving quadratic equations,high
0607_s23_qp_41.json,8(b)(ii),solving quadratic equations,high
0607_s23_qp_41.json,8(b)(iii),solving linear equations,high
0607_s23_qp_41.json,9(a),trigonometry,high
0607_s23_qp_41.json,9(b),trigonometry,high
0607_s23_qp_41.json,9(c),trigonometry,high
0607_s23_qp_41.json,9(d),trigonometry,high
0607_s23_qp_41.json,10(a)(i),sets and Venn diagrams,high
0607_s23_qp_41.json,10(a)(ii),sets and Venn diagrams,high
0607_s23_qp_41.json,10(b)(i),sets and Venn diagrams,high
0607_s23_qp_41.json,10(b)(ii),sets and Venn diagrams,high
0607_s23_qp_41.json,10(b)(iii),probability,high
0607_s23_qp_41.json,10(b)(iv),probability,high
0607_s23_qp_41.json,10(b)(v)(a),probability,high
0607_s23_qp_41.json,10(b)(v)(b),probability,high
0607_s23_qp_41.json,11(a)(i),exponents and surds,high
0607_s23_qp_41.json,11(a)(ii),exponents and surds,high
0607_s23_qp_41.json,11(a)(iii),exponents and surds,high
0607_s23_qp_41.json,11(a)(iv),exponents and surds,high
0607_s23_qp_41.json,11(b),logarithms,high
0607_s23_qp_41.json,11(c),logarithms,high
0607_s23_qp_41.json,11(d),logarithms,high
0607_s23_qp_42.json,1(a),sequences,high
0607_s23_qp_42.json,1(b),sequences,high
0607_s23_qp_42.json,1(c),sequences,high
0607_s23_qp_42.json,1(d),sequences,high
0607_s23_qp_42.json,2(a),topics in arithmetic,high
0607_s23_qp_42.json,2(b),topics in arithmetic,high
0607_s23_qp_42.json,2(c),logarithms,medium
0607_s23_qp_42.json,3(a),transformations,high
0607_s23_qp_42.json,3(b),transformations,high
0607_s23_qp_42.json,3(c),transformations,high
0607_s23_qp_42.json,3(d),transformations,high
0607_s23_qp_42.json,4(a),statistics,high
0607_s23_qp_42.json,4(b)(i),statistics,high
0607_s23_qp_42.json,4(b)(ii),statistics,high
0607_s23_qp_42.json,4(c),statistics,high
0607_s23_qp_42.json,5(a)(i),angles,high
0607_s23_qp_42.json,5(a)(ii),trigonometry,high
0607_s23_qp_42.json,5(a)(iii),mensuration,high
0607_s23_qp_42.json,5(b)(i),trigonometry,high
0607_s23_qp_42.json,5(b)(ii),mensuration,high
0607_s23_qp_42.json,5(b)(iii),similarity,high
0607_s23_qp_42.json,6(a),functions,high
0607_s23_qp_42.json,6(b),functions,high
0607_s23_qp_42.json,6(c),functions,high
0607_s23_qp_42.json,6(d)(i),functions,high
0607_s23_qp_42.json,6(d)(ii),functions,high
0607_s23_qp_42.json,6(d)(iii),inequalities,high
0607_s23_qp_42.json,7(a),straight lines,high
0607_s23_qp_42.json,7(b),straight lines,high
0607_s23_qp_42.json,7(c),straight lines,high
0607_s23_qp_42.json,7(d)(i),transformations,medium
0607_s23_qp_42.json,7(d)(ii),straight lines,medium
0607_s23_qp_42.json,7(d)(iii),straight lines,high
0607_s23_qp_42.json,7(d)(iv),straight lines,medium
0607_s23_qp_42.json,8(a),trigonometry,high
0607_s23_qp_42.json,8(b),trigonometry,high
0607_s23_qp_42.json,9(a),probability,high
0607_s23_qp_42.json,9(b),probability,high
0607_s23_qp_42.json,9(c),probability,high
0607_s23_qp_42.json,9(d),probability,high
0607_s23_qp_42.json,10(a),expanding and factorising,high
0607_s23_qp_42.json,10(b),expanding and factorising,high
0607_s23_qp_42.json,10(c),expanding and factorising,high
0607_s23_qp_42.json,10(d)(i),solving quadratic equations,high
0607_s23_qp_42.json,10(d)(ii),solving quadratic equations,high
0607_s23_qp_42.json,11(a),functions,high
0607_s23_qp_42.json,11(b),functions,high
0607_s23_qp_42.json,11(c),functions,high
0607_s23_qp_42.json,11(d),functions,high
0607_s24_qp_21.json,1,exponents and surds,high
0607_s24_qp_21.json,2(a),topics in arithmetic,high
0607_s24_qp_21.json,2(b),topics in arithmetic,high
0607_s24_qp_21.json,3,expanding and factorising,high
0607_s24_qp_21.json,4,mensuration,high
0607_s24_qp_21.json,5,exponents and surds,high
0607_s24_qp_21.json,6,topics in arithmetic,high
0607_s24_qp_21.json,7,vectors,high
0607_s24_qp_21.json,8(a),topics in arithmetic,high
0607_s24_qp_21.json,8(b),topics in arithmetic,high
0607_s24_qp_21.json,9,straight lines,high
0607_s24_qp_21.json,10(a),statistics,high
0607_s24_qp_21.json,10(b),statistics,high
0607_s24_qp_21.json,11(a),exponents and surds,high
0607_s24_qp_21.json,11(b),exponents and surds,high
0607_s24_qp_21.json,12,expanding and factorising,high
0607_s24_qp_21.json,13,probability,high
0607_s24_qp_21.json,14,solving linear equations,high
0607_s24_qp_21.json,15,logarithms,high
0607_s24_qp_21.json,16,trigonometry,high
0607_s24_qp_22.json,1(a),angles,high
0607_s24_qp_22.json,1(b),angles,high
0607_s24_qp_22.json,2(a),statistics,high
0607_s24_qp_22.json,2(b),statistics,high
0607_s24_qp_22.json,3,topics in arithmetic,high
0607_s24_qp_22.json,4,topics in arithmetic,high
0607_s24_qp_22.json,5,solving linear equations,medium
0607_s24_qp_22.json,6,inequalities,high
0607_s24_qp_22.json,7(a),exponents and surds,high
0607_s24_qp_22.json,7(b),exponents and surds,high
0607_s24_qp_22.json,8,solving linear equations,high
0607_s24_qp_22.json,9,expanding and factorising,high
0607_s24_qp_22.json,10(a),circle theorems,high
0607_s24_qp_22.json,10(b),circle theorems,high
0607_s24_qp_22.json,10(c),similarity,high
0607_s24_qp_22.json,11,exponents and surds,high
0607_s24_qp_22.json,12(a),functions,high
0607_s24_qp_22.json,12(b),trigonometry,high
0607_s24_qp_22.json,13(a),sets and Venn diagrams,high
0607_s24_qp_22.json,13(b),sets and Venn diagrams,high
0607_s24_qp_22.json,13(c),sets and Venn diagrams,high
0607_s24_qp_22.json,14,exponents and surds,high
0607_s24_qp_22.json,15,trigonometry,high
0607_s24_qp_22.json,16,transformations,high
0607_s24_qp_22.json,17,trigonometry,high
0607_s24_qp_23.json,1,topics in arithmetic,high
0607_s24_qp_23.json,2,topics in arithmetic,high
0607_s24_qp_23.json,3,angles,medium
0607_s24_qp_23.json,4(a),expanding and factorising,high
0607_s24_qp_23.json,4(b),expanding and factorising,high
0607_s24_qp_23.json,5,statistics,high
0607_s24_qp_23.json,6(a),topics in arithmetic,high
0607_s24_qp_23.json,6(b),topics in arithmetic,high
0607_s24_qp_23.json,7,topics in arithmetic,high
0607_s24_qp_23.json,8,variation and proportion,medium
0607_s24_qp_23.json,9,sets and Venn diagrams,high
0607_s24_qp_23.json,10(a),statistics,high
0607_s24_qp_23.json,10(b),statistics,high
0607_s24_qp_23.json,11,expanding and factorising,high
0607_s24_qp_23.json,12,variation and proportion,high
0607_s24_qp_23.json,13,logarithms,high
0607_s24_qp_23.json,14,mensuration,medium
0607_s24_qp_41.json,1(a)(i),solving linear equations,high
0607_s24_qp_41.json,1(a)(ii),solving linear equations,high
0607_s24_qp_41.json,1(b),simultaneous equations,high
0607_s24_qp_41.json,1(c),inequalities,high
0607_s24_qp_41.json,2(a)(i),statistics,high
0607_s24_qp_41.json,2(a)(ii)(a),statistics,high
0607_s24_qp_41.json,2(a)(ii)(b),statistics,high
0607_s24_qp_41.json,2(a)(ii)(c),statistics,high
0607_s24_qp_41.json,2(b),statistics,high
0607_s24_qp_41.json,3(a),transformations,high
0607_s24_qp_41.json,3(b),transformations,high
0607_s24_qp_41.json,3(c),transformations,high
0607_s24_qp_41.json,3(d),transformations,high
0607_s24_qp_41.json,3(e),transformations,high
0607_s24_qp_41.json,4(a),topics in arithmetic,high
0607_s24_qp_41.json,4(b),topics in arithmetic,high
0607_s24_qp_41.json,4(c)(i),topics in arithmetic,high
0607_s24_qp_41.json,4(c)(ii),logarithms,medium
0607_s24_qp_41.json,4(d)(i),topics in arithmetic,high
0607_s24_qp_41.json,4(d)(ii),topics in arithmetic,high
0607_s24_qp_41.json,5(a),circle theorems,high
0607_s24_qp_41.json,5(b),circle theorems,high
0607_s24_qp_41.json,5(c)(i),circle theorems,high
0607_s24_qp_41.json,5(c)(ii),circle theorems,high
0607_s24_qp_41.json,5(c)(iii),circle theorems,high
0607_s24_qp_41.json,5(c)(iv),circle theorems,high
0607_s24_qp_41.json,6(a),functions,high
0607_s24_qp_41.json,6(b),functions,high
0607_s24_qp_41.json,6(c),functions,high
0607_s24_qp_41.json,6(d),functions,high
0607_s24_qp_41.json,6(e),functions,high
0607_s24_qp_41.json,7(a)(i),probability,high
0607_s24_qp_41.json,7(a)(ii),probability,high
0607_s24_qp_41.json,7(a)(iii),probability,high
0607_s24_qp_41.json,7(a)(iv),probability,high
0607_s24_qp_41.json,7(b)(i),sets and Venn diagrams,high
0607_s24_qp_41.json,7(b)(ii),sets and Venn diagrams,high
0607_s24_qp_41.json,7(b)(iii),sets and Venn diagrams,high
0607_s24_qp_41.json,8(a),trigonometry,high
0607_s24_qp_41.json,8(b),trigonometry,high
0607_s24_qp_41.json,8(c),trigonometry,high
0607_s24_qp_41.json,8(d),mensuration,high
0607_s24_qp_41.json,8(e),mensuration,high
0607_s24_qp_41.json,9(a),mensuration,high
0607_s24_qp_41.json,9(b),mensuration,high
0607_s24_qp_41.json,9(c),similarity,high
0607_s24_qp_41.json,9(d),mensuration,high
0607_s24_qp_41.json,10(a)(i),variation and proportion,high
0607_s24_qp_41.json,10(a)(ii),variation and proportion,high
0607_s24_qp_41.json,10(b),variation and proportion,high
0607_s24_qp_41.json,11(a),functions,high
0607_s24_qp_41.json,11(b),functions,high
0607_s24_qp_41.json,11(c),functions,high
0607_s24_qp_41.json,11(d),functions,high
0607_s24_qp_42.json,1(a),mensuration,high
0607_s24_qp_42.json,1(b)(i),topics in arithmetic,high
0607_s24_qp_42.json,1(b)(ii),mensuration,high
0607_s24_qp_42.json,1(b)(iii),mensuration,high
0607_s24_qp_42.json,2(a),topics in arithmetic,high
0607_s24_qp_42.json,2(b)(i),topics in arithmetic,high
0607_s24_qp_42.json,2(b)(ii),topics in arithmetic,high
0607_s24_qp_42.json,2(c),topics in arithmetic,high
0607_s24_qp_42.json,2(d),topics in arithmetic,high
0607_s24_qp_42.json,3(a)(i),functions,high
0607_s24_qp_42.json,3(a)(ii),functions,high
0607_s24_qp_42.json,3(a)(iii),functions,high
0607_s24_qp_42.json,3(a)(iv),functions,high
0607_s24_qp_42.json,3(b)(i),functions,high
0607_s24_qp_42.json,3(b)(ii),functions,high
0607_s24_qp_42.json,3(b)(iii),functions,high
0607_s24_qp_42.json,3(b)(iv)(a),functions,high
0607_s24_qp_42.json,3(b)(iv)(b),functions,high
0607_s24_qp_42.json,4(a),statistics,high
0607_s24_qp_42.json,4(b)(i),statistics,high
0607_s24_qp_42.json,4(b)(ii)(a),statistics,high
0607_s24_qp_42.json,4(b)(ii)(b),statistics,high
0607_s24_qp_42.json,4(c),statistics,high
0607_s24_qp_42.json,4(d),statistics,high
0607_s24_qp_42.json,5(a),mensuration,high
0607_s24_qp_42.json,5(b),mensuration,high
0607_s24_qp_42.json,5(c),mensuration,high
0607_s24_qp_42.json,6(a),topics in arithmetic,high
0607_s24_qp_42.json,6(b),topics in arithmetic,high
0607_s24_qp_42.json,7(a),solving linear equations,high
0607_s24_qp_42.json,7(b),simultaneous equations,high
0607_s24_qp_42.json,7(c)(i),expanding and factorising,high
0607_s24_qp_42.json,7(c)(ii),solving quadratic equations,high
0607_s24_qp_42.json,8(a)(i),transformations,high
0607_s24_qp_42.json,8(a)(ii),transformations,high
0607_s24_qp_42.json,8(b)(i),vectors,high
0607_s24_qp_42.json,8(b)(ii),vectors,high
0607_s24_qp_42.json,8(c),straight lines,high
0607_s24_qp_42.json,9(a)(i),functions,high
0607_s24_qp_42.json,9(a)(ii),functions,high
0607_s24_qp_42.json,9(a)(iii),functions,high
0607_s24_qp_42.json,9(a)(iv),functions,high
0607_s24_qp_42.json,9(a)(v),functions,high
0607_s24_qp_42.json,9(b)(i),logarithms,high
0607_s24_qp_42.json,9(b)(ii),logarithms,high
0607_s24_qp_42.json,9(b)(iii),logarithms,high
0607_s24_qp_42.json,10(a)(i),probability,high
0607_s24_qp_42.json,10(a)(ii),probability,high
0607_s24_qp_42.json,10(b)(i),probability,high
0607_s24_qp_42.json,10(b)(ii),probability,high
0607_s24_qp_42.json,10(c),probability,high
0607_s24_qp_42.json,11(a),expanding and factorising,high
0607_s24_qp_42.json,11(b)(i),solving quadratic equations,high
0607_s24_qp_42.json,11(b)(ii),solving quadratic equations,high
0607_s24_qp_43.json,1(a)(i),statistics,high
0607_s24_qp_43.json,1(a)(ii),statistics,high
0607_s24_qp_43.json,1(a)(iii),statistics,high
0607_s24_qp_43.json,1(a)(iv),statistics,high
0607_s24_qp_43.json,1(a)(v),statistics,high
0607_s24_qp_43.json,1(b),statistics,high
0607_s24_qp_43.json,2(a),topics in arithmetic,high
0607_s24_qp_43.json,2(b),topics in arithmetic,high
0607_s24_qp_43.json,2(c),topics in arithmetic,high
0607_s24_qp_43.json,2(d),topics in arithmetic,high
0607_s24_qp_43.json,3(a)(i),probability,high
0607_s24_qp_43.json,3(a)(ii),probability,high
0607_s24_qp_43.json,3(b)(i),probability,high
0607_s24_qp_43.json,3(b)(ii),probability,high
0607_s24_qp_43.json,3(c)(i),probability,high
0607_s24_qp_43.json,3(c)(ii),probability,high
0607_s24_qp_43.json,4(a),straight lines,high
0607_s24_qp_43.json,4(b),straight lines,high
0607_s24_qp_43.json,4(c),simultaneous equations,high
0607_s24_qp_43.json,5(a),functions,high
0607_s24_qp_43.json,5(b),functions,high
0607_s24_qp_43.json,5(c),functions,high
0607_s24_qp_43.json,5(d),functions,high
0607_s24_qp_43.json,5(e),functions,high
0607_s24_qp_43.json,6(a)(i),transformations,high
0607_s24_qp_43.json,6(a)(ii),transformations,high
0607_s24_qp_43.json,6(a)(iii),transformations,high
0607_s24_qp_43.json,6(b)(i),transformations,high
0607_s24_qp_43.json,6(b)(ii),transformations,high
0607_s24_qp_43.json,7(a),mensuration,high
0607_s24_qp_43.json,7(b),trigonometry,high
0607_s24_qp_43.json,7(c),mensuration,high
0607_s24_qp_43.json,7(d),similarity,high
0607_s24_qp_43.json,8(a),mensuration,high
0607_s24_qp_43.json,8(b),mensuration,high
0607_s24_qp_43.json,9(a)(i),solving linear equations,high
0607_s24_qp_43.json,9(a)(ii),solving linear equations,high
0607_s24_qp_43.json,9(b),expanding and factorising,high
0607_s24_qp_43.json,9(c),expanding and factorising,high
0607_s24_qp_43.json,9(d),solving quadratic equations,high
0607_s24_qp_43.json,10(a),functions,high
0607_s24_qp_43.json,10(b),functions,high
0607_s24_qp_43.json,10(c),functions,high
0607_s24_qp_43.json,10(d),functions,high
0607_s24_qp_43.json,10(e),functions,high
0607_s24_qp_43.json,10(f),functions,high
0607_s24_qp_43.json,11(a),trigonometry,high
0607_s24_qp_43.json,11(b),trigonometry,high
0607_s24_qp_43.json,11(c),trigonometry,high
0607_s25_qp_21.json,1(a),topics in arithmetic,high
0607_s25_qp_21.json,1(b),topics in arithmetic,high
0607_s25_qp_21.json,2(a),topics in arithmetic,high
0607_s25_qp_21.json,2(b),topics in arithmetic,high
0607_s25_qp_21.json,3,angles,high
0607_s25_qp_21.json,4(a),transformations,high
0607_s25_qp_21.json,4(b),transformations,high
0607_s25_qp_21.json,5,topics in arithmetic,high
0607_s25_qp_21.json,6(a),transformations,high
0607_s25_qp_21.json,6(b),transformations,high
0607_s25_qp_21.json,6(c),transformations,high
0607_s25_qp_21.json,7,topics in arithmetic,high
0607_s25_qp_21.json,8,statistics,high
0607_s25_qp_21.json,9(a),expanding and factorising,high
0607_s25_qp_21.json,9(b),expanding and factorising,high
0607_s25_qp_21.json,10,topics in arithmetic,high
0607_s25_qp_21.json,11,inequalities,high
0607_s25_qp_21.json,12,topics in arithmetic,high
0607_s25_qp_21.json,13(a),circle theorems,high
0607_s25_qp_21.json,13(b),circle theorems,high
0607_s25_qp_21.json,13(c),circle theorems,high
0607_s25_qp_21.json,14(a),sequences,high
0607_s25_qp_21.json,14(b),sequences,high
0607_s25_qp_21.json,15,solving quadratic equations,high
0607_s25_qp_21.json,16,straight lines,high
0607_s25_qp_21.json,17(a),statistics,high
0607_s25_qp_21.json,17(b),statistics,high
0607_s25_qp_21.json,18(a)(i),functions,high
0607_s25_qp_21.json,18(a)(ii),functions,high
0607_s25_qp_21.json,18(a)(iii),functions,high
0607_s25_qp_21.json,18(b),functions,high
0607_s25_qp_21.json,19,expanding and factorising,high
0607_s25_qp_21.json,20(a),trigonometry,high
0607_s25_qp_21.json,20(b),trigonometry,high
0607_s25_qp_21.json,21(a),variation and proportion,high
0607_s25_qp_21.json,21(b),variation and proportion,high
0607_s25_qp_21.json,22(a),exponents and surds,high
0607_s25_qp_21.json,22(b),exponents and surds,high
0607_s25_qp_22.json,1(a),topics in arithmetic,high
0607_s25_qp_22.json,1(b),topics in arithmetic,high
0607_s25_qp_22.json,2,topics in arithmetic,high
0607_s25_qp_22.json,3,topics in arithmetic,high
0607_s25_qp_22.json,4,mensuration,high
0607_s25_qp_22.json,5,angles,high
0607_s25_qp_22.json,6(a),topics in arithmetic,high
0607_s25_qp_22.json,6(b),topics in arithmetic,high
0607_s25_qp_22.json,7(a),statistics,high
0607_s25_qp_22.json,7(b),statistics,high
0607_s25_qp_22.json,8(a),expanding and factorising,high
0607_s25_qp_22.json,8(b)(i),expanding and factorising,high
0607_s25_qp_22.json,8(b)(ii),expanding and factorising,high
0607_s25_qp_22.json,8(b)(iii),expanding and factorising,high
0607_s25_qp_22.json,9(a),statistics,high
0607_s25_qp_22.json,9(b),statistics,high
0607_s25_qp_22.json,10,sets and Venn diagrams,high
0607_s25_qp_22.json,11,exponents and surds,high
0607_s25_qp_22.json,12,mensuration,high
0607_s25_qp_22.json,13(a),solving linear equations,high
0607_s25_qp_22.json,13(b),solving linear equations,high
0607_s25_qp_22.json,14,expanding and factorising,high
0607_s25_qp_22.json,15,probability,high
0607_s25_qp_22.json,16(a),sequences,high
0607_s25_qp_22.json,16(b),sequences,high
0607_s25_qp_22.json,17(a),circle theorems,high
0607_s25_qp_22.json,17(b),circle theorems,high
0607_s25_qp_22.json,17(c),circle theorems,high
0607_s25_qp_22.json,17(d),circle theorems,high
0607_s25_qp_22.json,18,solving linear equations,high
0607_s25_qp_22.json,19(a),functions,high
0607_s25_qp_22.json,19(b),functions,high
0607_s25_qp_22.json,19(c),functions,high
0607_s25_qp_22.json,20(a),exponents and surds,high
0607_s25_qp_22.json,20(b),exponents and surds,high
0607_s25_qp_22.json,21(a),straight lines,high
0607_s25_qp_22.json,21(b),straight lines,high
0607_s25_qp_23.json,1,topics in arithmetic,high
0607_s25_qp_23.json,2(a),topics in arithmetic,high
0607_s25_qp_23.json,2(b),topics in arithmetic,high
0607_s25_qp_23.json,2(c),topics in arithmetic,high
0607_s25_qp_23.json,3,expanding and factorising,high
0607_s25_qp_23.json,4,angles,high
0607_s25_qp_23.json,5(a),topics in arithmetic,high
0607_s25_qp_23.json,5(b),solving linear equations,high
0607_s25_qp_23.json,6,simultaneous equations,high
0607_s25_qp_23.json,7,topics in arithmetic,high
0607_s25_qp_23.json,8(a),transformations,high
0607_s25_qp_23.json,8(b),transformations,high
0607_s25_qp_23.json,9,exponents and surds,high
0607_s25_qp_23.json,10,circle theorems,high
0607_s25_qp_23.json,11(a),exponents and surds,high
0607_s25_qp_23.json,11(b),exponents and surds,high
0607_s25_qp_23.json,12,mensuration,high
0607_s25_qp_23.json,13,topics in arithmetic,high
0607_s25_qp_23.json,14(a)(i),trigonometry,high
0607_s25_qp_23.json,14(a)(ii),trigonometry,high
0607_s25_qp_23.json,14(b),trigonometry,high
0607_s25_qp_23.json,14(c),trigonometry,high
0607_s25_qp_23.json,15,exponents and surds,high
0607_s25_qp_23.json,16,solving linear equations,high
0607_s25_qp_23.json,17,solving quadratic equations,high
0607_s25_qp_23.json,18,inequalities,high
0607_s25_qp_23.json,19(a),logarithms,high
0607_s25_qp_23.json,19(b),logarithms,high
0607_s25_qp_23.json,20(a),sequences,high
0607_s25_qp_23.json,20(b),sequences,high
0607_s25_qp_23.json,21(a),Pythagoras,high
0607_s25_qp_23.json,21(b),trigonometry,high
0607_s25_qp_23.json,22,expanding and factorising,high
0607_s25_qp_23.json,23(a),probability,high
0607_s25_qp_23.json,23(b),probability,high
0607_s25_qp_41.json,1(a)(i),statistics,high
0607_s25_qp_41.json,1(a)(ii),statistics,high
0607_s25_qp_41.json,1(a)(iii),statistics,high
0607_s25_qp_41.json,1(a)(iv),statistics,high
0607_s25_qp_41.json,1(b),probability,high
0607_s25_qp_41.json,2(a),topics in arithmetic,high
0607_s25_qp_41.json,2(b),topics in arithmetic,high
0607_s25_qp_41.json,3(a),expanding and factorising,high
0607_s25_qp_41.json,3(b),expanding and factorising,high
0607_s25_qp_41.json,4,sets and Venn diagrams,high
0607_s25_qp_41.json,5,solving linear equations,high
0607_s25_qp_41.json,6(a),trigonometry,high
0607_s25_qp_41.json,6(b),mensuration,high
0607_s25_qp_41.json,7,exponents and surds,high
0607_s25_qp_41.json,8,vectors,high
0607_s25_qp_41.json,9(a)(i),topics in arithmetic,high
0607_s25_qp_41.json,9(a)(ii),topics in arithmetic,high
0607_s25_qp_41.json,9(b),logarithms,medium
0607_s25_qp_41.json,10(a),mensuration,high
0607_s25_qp_41.json,10(b),mensuration,high
0607_s25_qp_41.json,11(a),functions,high
0607_s25_qp_41.json,11(b),functions,high
0607_s25_qp_41.json,11(c),functions,high
0607_s25_qp_41.json,11(d),inequalities,high
0607_s25_qp_41.json,12(a),trigonometry,high
0607_s25_qp_41.json,12(b),trigonometry,high
0607_s25_qp_41.json,13(a),expanding and factorising,high
0607_s25_qp_41.json,13(b)(i),solving quadratic equations,high
0607_s25_qp_41.json,13(b)(ii),topics in arithmetic,high
0607_s25_qp_41.json,14(a),statistics,high
0607_s25_qp_41.json,14(b),probability,high
0607_s25_qp_41.json,15,similarity,high
0607_s25_qp_42.json,1(a),topics in arithmetic,high
0607_s25_qp_42.json,1(b),topics in arithmetic,high
0607_s25_qp_42.json,2(a),solving linear equations,high
0607_s25_qp_42.json,2(b),solving linear equations,high
0607_s25_qp_42.json,3,topics in arithmetic,high
0607_s25_qp_42.json,4,topics in arithmetic,high
0607_s25_qp_42.json,5,topics in arithmetic,high
0607_s25_qp_42.json,6(a),topics in arithmetic,high
0607_s25_qp_42.json,6(b),solving linear equations,high
0607_s25_qp_42.json,7,mensuration,high
0607_s25_qp_42.json,8(a),topics in arithmetic,high
0607_s25_qp_42.json,8(b),topics in arithmetic,high
0607_s25_qp_42.json,9(a),transformations,high
0607_s25_qp_42.json,9(b),transformations,high
0607_s25_qp_42.json,9(c),transformations,high
0607_s25_qp_42.json,10(a),statistics,high
0607_s25_qp_42.json,10(b)(i),statistics,high
0607_s25_qp_42.json,10(b)(ii),statistics,high
0607_s25_qp_42.json,10(c),probability,high
0607_s25_qp_42.json,11(a)(i),functions,high
0607_s25_qp_42.json,11(a)(ii),functions,high
0607_s25_qp_42.json,11(a)(iii),functions,high
0607_s25_qp_42.json,11(b),inequalities,high
0607_s25_qp_42.json,12(a),topics in arithmetic,high
0607_s25_qp_42.json,12(b),logarithms,high
0607_s25_qp_42.json,13,functions,high
0607_s25_qp_42.json,14(a),variation and proportion,high
0607_s25_qp_42.json,14(b),variation and proportion,high
0607_s25_qp_42.json,15(a),trigonometry,high
0607_s25_qp_42.json,15(b),trigonometry,high
0607_s25_qp_42.json,15(c),trigonometry,high
0607_s25_qp_42.json,15(d),similarity,high
0607_s25_qp_42.json,16(a),Pythagoras,high
0607_s25_qp_42.json,16(b),Pythagoras,high
0607_s25_qp_43.json,1,transformations,high
0607_s25_qp_43.json,2,topics in arithmetic,high
0607_s25_qp_43.json,3,topics in arithmetic,high
0607_s25_qp_43.json,4,angles,high
0607_s25_qp_43.json,5,solving linear equations,high
0607_s25_qp_43.json,6,trigonometry,high
0607_s25_qp_43.json,7(a),statistics,high
0607_s25_qp_43.json,7(b)(i),straight lines,high
0607_s25_qp_43.json,7(b)(ii),straight lines,high
0607_s25_qp_43.json,8(a),functions,high
0607_s25_qp_43.json,8(b),functions,high
0607_s25_qp_43.json,8(c),functions,high
0607_s25_qp_43.json,8(d),functions,high
0607_s25_qp_43.json,8(e),functions,high
0607_s25_qp_43.json,9,mensuration,high
0607_s25_qp_43.json,10,statistics,high
0607_s25_qp_43.json,11,vectors,high
0607_s25_qp_43.json,12,variation and proportion,high
0607_s25_qp_43.json,13,mensuration,high
0607_s25_qp_43.json,14(a),expanding and factorising,high
0607_s25_qp_43.json,14(b)(i),solving quadratic equations,high
0607_s25_qp_43.json,14(b)(ii),expanding and factorising,high
0607_s25_qp_43.json,14(b)(iii),solving quadratic equations,high
0607_s25_qp_43.json,15,trigonometry,high
0607_s25_qp_43.json,16(a),sets and Venn diagrams,high
0607_s25_qp_43.json,16(b),sets and Venn diagrams,high
0607_s25_qp_43.json,17(a),functions,high
0607_s25_qp_43.json,17(b),functions,high
0607_s25_qp_43.json,17(c),functions,high
0607_s25_qp_43.json,17(d),functions,high
0607_s25_qp_43.json,18(a),topics in arithmetic,high
0607_s25_qp_43.json,18(b),logarithms,high
0607_s25_qp_43.json,18(c),topics in arithmetic,high
0607_s25_qp_43.json,19,similarity,high
0607_s25_qp_43.json,20,expanding and factorising,high
0607_s25_qp_43.json,21,straight lines,high
0607_w14_qp_21.json,1(a),topics in arithmetic,high
0607_w14_qp_21.json,1(b),topics in arithmetic,high
0607_w14_qp_21.json,2(a),angles,high
0607_w14_qp_21.json,2(b),angles,high
0607_w14_qp_21.json,3(a),exponents and surds,high
0607_w14_qp_21.json,3(b),exponents and surds,high
0607_w14_qp_21.json,4(a),topics in arithmetic,high
0607_w14_qp_21.json,4(b)(i),topics in arithmetic,high
0607_w14_qp_21.json,4(b)(ii),topics in arithmetic,high
0607_w14_qp_21.json,5(a),inequalities,high
0607_w14_qp_21.json,5(b),inequalities,high
0607_w14_qp_21.json,6(a),probability,high
0607_w14_qp_21.json,6(b)(i),probability,high
0607_w14_qp_21.json,6(b)(ii),probability,high
0607_w14_qp_21.json,7(a),statistics,high
0607_w14_qp_21.json,7(b)(i),statistics,high
0607_w14_qp_21.json,7(b)(ii),statistics,high
0607_w14_qp_21.json,8(a),topics in arithmetic,high
0607_w14_qp_21.json,8(b),topics in arithmetic,high
0607_w14_qp_21.json,9,straight lines,medium
0607_w14_qp_21.json,10(a),expanding and factorising,high
0607_w14_qp_21.json,10(b),expanding and factorising,high
0607_w14_qp_21.json,11(a),logarithms,high
0607_w14_qp_21.json,11(b),logarithms,high
0607_w14_qp_22.json,1,solving linear equations,high
0607_w14_qp_22.json,2,sequences,high
0607_w14_qp_22.json,3,exponents and surds,high
0607_w14_qp_22.json,4,exponents and surds,high
0607_w14_qp_22.json,5(a),angles,medium
0607_w14_qp_22.json,5(b),angles,medium
0607_w14_qp_22.json,6(a),expanding and factorising,high
0607_w14_qp_22.json,6(b),expanding and factorising,high
0607_w14_qp_22.json,7,probability,high
0607_w14_qp_22.json,8(a),variation and proportion,high
0607_w14_qp_22.json,8(b),variation and proportion,high
0607_w14_qp_22.json,8(c),variation and proportion,high
0607_w14_qp_22.json,9(a),logarithms,high
0607_w14_qp_22.json,9(b),logarithms,high
0607_w14_qp_22.json,10(a)(i),straight lines,high
0607_w14_qp_22.json,10(a)(ii),straight lines,high
0607_w14_qp_22.json,10(a)(iii),straight lines,high
0607_w14_qp_22.json,10(b),straight lines,high
0607_w14_qp_22.json,11,transformations,high
0607_w14_qp_22.json,12,functions,high
0607_w14_qp_23.json,1(a),sequences,high
0607_w14_qp_23.json,1(b),sequences,high
0607_w14_qp_23.json,2(a),solving linear equations,high
0607_w14_qp_23.json,2(b),solving linear equations,high
0607_w14_qp_23.json,3,topics in arithmetic,high
0607_w14_qp_23.json,4(a),exponents and surds,high
0607_w14_qp_23.json,4(b)(i),exponents and surds,high
0607_w14_qp_23.json,4(b)(ii),exponents and surds,high
0607_w14_qp_23.json,5,sets and Venn diagrams,high
0607_w14_qp_23.json,6(a),trigonometry,high
0607_w14_qp_23.json,6(b),trigonometry,high
0607_w14_qp_23.json,7(a),expanding and factorising,high
0607_w14_qp_23.json,7(b),expanding and factorising,high
0607_w14_qp_23.json,8(a),vectors,high
0607_w14_qp_23.json,8(b),vectors,high
0607_w14_qp_23.json,9,circle theorems,high
0607_w14_qp_23.json,10(a),functions,high
0607_w14_qp_23.json,10(b),functions,high
0607_w14_qp_23.json,10(c),functions,high
0607_w14_qp_41.json,1(a),inequalities,high
0607_w14_qp_41.json,1(b),inequalities,high
0607_w14_qp_41.json,2(a),statistics,high
0607_w14_qp_41.json,2(b),statistics,high
0607_w14_qp_41.json,2(c),straight lines,high
0607_w14_qp_41.json,2(d)(i),straight lines,high
0607_w14_qp_41.json,2(d)(ii),statistics,high
0607_w14_qp_41.json,3(a),functions,high
0607_w14_qp_41.json,3(b),functions,high
0607_w14_qp_41.json,3(c),functions,high
0607_w14_qp_41.json,3(d),inequalities,high
0607_w14_qp_41.json,4(a)(i),sequences,high
0607_w14_qp_41.json,4(a)(ii),sequences,high
0607_w14_qp_41.json,4(b)(i),sequences,high
0607_w14_qp_41.json,4(b)(ii),sequences,high
0607_w14_qp_41.json,5(a),mensuration,high
0607_w14_qp_41.json,5(b),trigonometry,high
0607_w14_qp_41.json,5(c),mensuration,high
0607_w14_qp_41.json,6(a)(i),vectors,high
0607_w14_qp_41.json,6(a)(ii),vectors,high
0607_w14_qp_41.json,6(b),vectors,high
0607_w14_qp_41.json,6(c)(i),vectors,high
0607_w14_qp_41.json,6(c)(ii),vectors,high
0607_w14_qp_41.json,7(a),sets and Venn diagrams,high
0607_w14_qp_41.json,7(b)(i),probability,high
0607_w14_qp_41.json,7(b)(ii),probability,high
0607_w14_qp_41.json,7(c)(i),probability,high
0607_w14_qp_41.json,7(c)(ii),probability,high
0607_w14_qp_41.json,8(a)(i),angles,high
0607_w14_qp_41.json,8(a)(ii),angles,high
0607_w14_qp_41.json,8(b)(i),similarity,high
0607_w14_qp_41.json,8(b)(ii),similarity,high
0607_w14_qp_41.json,8(b)(iii),similarity,high
0607_w14_qp_41.json,9(a)(i),statistics,high
0607_w14_qp_41.json,9(a)(ii),statistics,high
0607_w14_qp_41.json,9(a)(iii),statistics,high
0607_w14_qp_41.json,9(b),statistics,high
0607_w14_qp_41.json,9(c),statistics,high
0607_w14_qp_41.json,10(a)(i),functions,high
0607_w14_qp_41.json,10(a)(ii),functions,high
0607_w14_qp_41.json,10(b)(i),functions,high
0607_w14_qp_41.json,10(b)(ii),functions,high
0607_w14_qp_41.json,10(c),functions,high
0607_w14_qp_41.json,11(a),topics in arithmetic,high
0607_w14_qp_41.json,11(b)(i),topics in arithmetic,high
0607_w14_qp_41.json,11(b)(ii),topics in arithmetic,high
0607_w14_qp_41.json,11(c),topics in arithmetic,high
0607_w14_qp_41.json,11(d),topics in arithmetic,high
0607_w14_qp_41.json,12(a),trigonometry,high
0607_w14_qp_41.json,12(b)(i),solving quadratic equations,high
0607_w14_qp_41.json,12(b)(ii),trigonometry,high
0607_w14_qp_41.json,12(c),variation and proportion,high
0607_w14_qp_41.json,13(a),functions,high
0607_w14_qp_41.json,13(b),functions,high
0607_w14_qp_41.json,13(c),functions,high
0607_w14_qp_41.json,13(d),functions,high
0607_w14_qp_42.json,1(a),topics in arithmetic,high
0607_w14_qp_42.json,1(b),topics in arithmetic,high
0607_w14_qp_42.json,1(c)(i),topics in arithmetic,high
0607_w14_qp_42.json,1(c)(ii),logarithms,medium
0607_w14_qp_42.json,2(a),topics in arithmetic,high
0607_w14_qp_42.json,2(b),topics in arithmetic,high
0607_w14_qp_42.json,2(c),topics in arithmetic,high
0607_w14_qp_42.json,2(d),topics in arithmetic,high
0607_w14_qp_42.json,2(e),topics in arithmetic,high
0607_w14_qp_42.json,3(a)(i),sets and Venn diagrams,high
0607_w14_qp_42.json,3(a)(ii),sets and Venn diagrams,high
0607_w14_qp_42.json,3(a)(iii),sets and Venn diagrams,high
0607_w14_qp_42.json,3(b)(i),probability,high
0607_w14_qp_42.json,3(b)(ii),probability,high
0607_w14_qp_42.json,3(c),probability,high
0607_w14_qp_42.json,4(a),functions,high
0607_w14_qp_42.json,4(b)(i),functions,high
0607_w14_qp_42.json,4(b)(ii),functions,high
0607_w14_qp_42.json,4(c),functions,high
0607_w14_qp_42.json,4(d),functions,high
0607_w14_qp_42.json,4(e),functions,high
0607_w14_qp_42.json,4(f)(i),straight lines,high
0607_w14_qp_42.json,4(f)(ii),functions,high
0607_w14_qp_42.json,4(g)(i),functions,high
0607_w14_qp_42.json,4(g)(ii),inequalities,high
0607_w14_qp_42.json,5(a),angles,high
0607_w14_qp_42.json,5(b),angles,high
0607_w14_qp_42.json,5(c)(i),circle theorems,high
0607_w14_qp_42.json,5(c)(ii),circle theorems,high
0607_w14_qp_42.json,5(c)(iii),circle theorems,high
0607_w14_qp_42.json,6(a)(i),statistics,high
0607_w14_qp_42.json,6(a)(ii),statistics,high
0607_w14_qp_42.json,6(b)(i),statistics,high
0607_w14_qp_42.json,6(b)(ii),statistics,high
0607_w14_qp_42.json,6(b)(iii),statistics,high
0607_w14_qp_42.json,7(a),simultaneous equations,high
0607_w14_qp_42.json,7(b),solving linear equations,high
0607_w14_qp_42.json,7(c)(i),solving linear equations,high
0607_w14_qp_42.json,7(c)(ii),solving linear equations,high
0607_w14_qp_42.json,7(c)(iii),solving quadratic equations,high
0607_w14_qp_42.json,8(a),trigonometry,high
0607_w14_qp_42.json,8(b),trigonometry,high
0607_w14_qp_42.json,8(c),mensuration,high
0607_w14_qp_42.json,8(d)(i),trigonometry,high
0607_w14_qp_42.json,8(d)(ii),trigonometry,high
0607_w14_qp_42.json,9(a),mensuration,high
0607_w14_qp_42.json,9(b),mensuration,high
0607_w14_qp_42.json,9(c),topics in arithmetic,high
0607_w14_qp_42.json,10(a)(i),vectors,high
0607_w14_qp_42.json,10(a)(ii),vectors,high
0607_w14_qp_42.json,10(b)(i),vectors,high
0607_w14_qp_42.json,10(b)(ii),vectors,high
0607_w14_qp_42.json,11(a),functions,high
0607_w14_qp_42.json,11(b)(i),transformations,high
0607_w14_qp_42.json,11(b)(ii),transformations,high
0607_w14_qp_42.json,11(c)(i),functions,high
0607_w14_qp_42.json,11(c)(ii)(a),transformations,high
0607_w14_qp_42.json,11(c)(ii)(b),transformations,high
0607_w14_qp_42.json,12(a),similarity,high
0607_w14_qp_42.json,12(b),similarity,high
0607_w14_qp_43.json,1(a),topics in arithmetic,high
0607_w14_qp_43.json,1(b)(i),topics in arithmetic,high
0607_w14_qp_43.json,1(b)(ii),topics in arithmetic,high
0607_w14_qp_43.json,2(a),straight lines,high
0607_w14_qp_43.json,2(b),straight lines,high
0607_w14_qp_43.json,2(c),straight lines,high
0607_w14_qp_43.json,3(a),transformations,high
0607_w14_qp_43.json,3(b)(i),transformations,high
0607_w14_qp_43.json,3(b)(ii),transformations,high
0607_w14_qp_43.json,3(c),transformations,high
0607_w14_qp_43.json,4(a),trigonometry,high
0607_w14_qp_43.json,4(b),mensuration,high
0607_w14_qp_43.json,4(c),mensuration,high
0607_w14_qp_43.json,4(d),trigonometry,high
0607_w14_qp_43.json,4(e),mensuration,high
0607_w14_qp_43.json,5(a),functions,high
0607_w14_qp_43.json,5(b),functions,high
0607_w14_qp_43.json,5(c),functions,high
0607_w14_qp_43.json,5(d)(i),functions,high
0607_w14_qp_43.json,5(d)(ii),inequalities,high
0607_w14_qp_43.json,6(a),similarity,high
0607_w14_qp_43.json,6(b),similarity,high
0607_w14_qp_43.json,7(a)(i),vectors,high
0607_w14_qp_43.json,7(a)(ii),vectors,high
0607_w14_qp_43.json,7(a)(iii),vectors,high
0607_w14_qp_43.json,7(b)(i),vectors,high
0607_w14_qp_43.json,7(b)(ii),vectors,high
0607_w14_qp_43.json,7(c),vectors,high
0607_w14_qp_43.json,8(a),trigonometry,high
0607_w14_qp_43.json,8(b)(i),trigonometry,high
0607_w14_qp_43.json,8(b)(ii),trigonometry,high
0607_w14_qp_43.json,8(c)(i),topics in arithmetic,high
0607_w14_qp_43.json,8(c)(ii),topics in arithmetic,high
0607_w14_qp_43.json,9(a),probability,high
0607_w14_qp_43.json,9(b)(i),probability,high
0607_w14_qp_43.json,9(b)(ii),probability,high
0607_w14_qp_43.json,9(c),probability,high
0607_w14_qp_43.json,10(a),statistics,high
0607_w14_qp_43.json,10(b),statistics,high
0607_w14_qp_43.json,10(c),statistics,high
0607_w14_qp_43.json,10(d),statistics,high
0607_w14_qp_43.json,10(e)(i),statistics,high
0607_w14_qp_43.json,10(e)(ii),statistics,high
0607_w14_qp_43.json,10(f),statistics,high
0607_w14_qp_43.json,11(a),functions,high
0607_w14_qp_43.json,11(b),functions,high
0607_w14_qp_43.json,11(c)(i),functions,high
0607_w14_qp_43.json,11(c)(ii),functions,high
0607_w14_qp_43.json,12(a),expanding and factorising,high
0607_w14_qp_43.json,12(b),solving quadratic equations,high
0607_w14_qp_43.json,12(c),functions,high
0607_w14_qp_43.json,12(d),mensuration,high
0607_w15_qp_21.json,1,topics in arithmetic,high
0607_w15_qp_21.json,2,topics in arithmetic,high
0607_w15_qp_21.json,3(a),topics in arithmetic,high
0607_w15_qp_21.json,3(b),exponents and surds,high
0607_w15_qp_21.json,4,topics in arithmetic,high
0607_w15_qp_21.json,5,exponents and surds,high
0607_w15_qp_21.json,6(a),solving linear equations,high
0607_w15_qp_21.json,6(b),solving linear equations,high
0607_w15_qp_21.json,7,trigonometry,high
0607_w15_qp_21.json,8(a),statistics,high
0607_w15_qp_21.json,8(b),statistics,high
0607_w15_qp_21.json,9(a),exponents and surds,high
0607_w15_qp_21.json,9(b),exponents and surds,high
0607_w15_qp_21.json,9(c),exponents and surds,high
0607_w15_qp_21.json,9(d),logarithms,high
0607_w15_qp_21.json,10,circle theorems,high
0607_w15_qp_21.json,11,functions,high
0607_w15_qp_21.json,12(a),sets and Venn diagrams,high
0607_w15_qp_21.json,12(b),sets and Venn diagrams,high
0607_w15_qp_21.json,13,straight lines,high
0607_w15_qp_21.json,14(a),variation and proportion,high
0607_w15_qp_21.json,14(b),variation and proportion,high
0607_w15_qp_21.json,15,functions,high
0607_w15_qp_22.json,1(a),topics in arithmetic,high
0607_w15_qp_22.json,1(b),exponents and surds,high
0607_w15_qp_22.json,2(a),solving linear equations,high
0607_w15_qp_22.json,2(b),solving linear equations,high
0607_w15_qp_22.json,3,variation and proportion,high
0607_w15_qp_22.json,4(a),probability,high
0607_w15_qp_22.json,4(b),probability,high
0607_w15_qp_22.json,4(c),probability,high
0607_w15_qp_22.json,5(a),vectors,high
0607_w15_qp_22.json,5(b),vectors,high
0607_w15_qp_22.json,6(a),expanding and factorising,high
0607_w15_qp_22.json,6(b),expanding and factorising,high
0607_w15_qp_22.json,7(a),exponents and surds,high
0607_w15_qp_22.json,7(b),exponents and surds,high
0607_w15_qp_22.json,8(a),circle theorems,high
0607_w15_qp_22.json,8(b),circle theorems,high
0607_w15_qp_22.json,8(c),circle theorems,high
0607_w15_qp_22.json,8(d),circle theorems,high
0607_w15_qp_22.json,9(a),Pythagoras,high
0607_w15_qp_22.json,9(b),trigonometry,high
0607_w15_qp_22.json,10,functions,high
0607_w15_qp_22.json,11,statistics,high
0607_w15_qp_23.json,1,topics in arithmetic,high
0607_w15_qp_23.json,2,topics in arithmetic,high
0607_w15_qp_23.json,3,vectors,high
0607_w15_qp_23.json,4,topics in arithmetic,high
0607_w15_qp_23.json,5,statistics,high
0607_w15_qp_23.json,6,Pythagoras,high
0607_w15_qp_23.json,7,simultaneous equations,high
0607_w15_qp_23.json,8,variation and proportion,high
0607_w15_qp_23.json,9,inequalities,high
0607_w15_qp_23.json,10(a),sequences,high
0607_w15_qp_23.json,10(b),sequences,high
0607_w15_qp_23.json,11,solving linear equations,high
0607_w15_qp_23.json,12,expanding and factorising,high
0607_w15_qp_23.json,13(a),exponents and surds,high
0607_w15_qp_23.json,13(b),exponents and surds,high
0607_w15_qp_23.json,13(c),trigonometry,high
0607_w15_qp_23.json,14,exponents and surds,high
0607_w15_qp_23.json,15,sets and Venn diagrams,high
0607_w15_qp_23.json,16,straight lines,high
0607_w15_qp_23.json,17,exponents and surds,high
0607_w15_qp_23.json,18(a),expanding and factorising,high
0607_w15_qp_23.json,18(b),expanding and factorising,high
0607_w15_qp_23.json,19(a),logarithms,high
0607_w15_qp_23.json,19(b),logarithms,high
0607_w15_qp_23.json,20,functions,high
0607_w15_qp_41.json,1(a),topics in arithmetic,high
0607_w15_qp_41.json,1(b)(i),topics in arithmetic,high
0607_w15_qp_41.json,1(b)(ii),topics in arithmetic,high
0607_w15_qp_41.json,1(c)(i),topics in arithmetic,high
0607_w15_qp_41.json,1(c)(ii),solving linear equations,medium
0607_w15_qp_41.json,2(a)(i),vectors,high
0607_w15_qp_41.json,2(a)(ii),vectors,high
0607_w15_qp_41.json,2(b),transformations,high
0607_w15_qp_41.json,2(c)(i),transformations,high
0607_w15_qp_41.json,2(c)(ii),transformations,high
0607_w15_qp_41.json,2(c)(iii),transformations,high
0607_w15_qp_41.json,3(a),functions,high
0607_w15_qp_41.json,3(b),inequalities,high
0607_w15_qp_41.json,3(c),functions,high
0607_w15_qp_41.json,3(d),functions,high
0607_w15_qp_41.json,3(e),transformations,high
0607_w15_qp_41.json,4(a),similarity,high
0607_w15_qp_41.json,4(b),circle theorems,high
0607_w15_qp_41.json,4(c),similarity,high
0607_w15_qp_41.json,5(a),trigonometry,high
0607_w15_qp_41.json,5(b),trigonometry,high
0607_w15_qp_41.json,5(c),trigonometry,high
0607_w15_qp_41.json,6(a),statistics,high
0607_w15_qp_41.json,6(b),statistics,high
0607_w15_qp_41.json,7(a)(i),mensuration,high
0607_w15_qp_41.json,7(a)(ii),mensuration,high
0607_w15_qp_41.json,7(b),mensuration,high
0607_w15_qp_41.json,7(c)(i),mensuration,high
0607_w15_qp_41.json,7(c)(ii),mensuration,high
0607_w15_qp_41.json,7(c)(iii),mensuration,high
0607_w15_qp_41.json,7(d),mensuration,high
0607_w15_qp_41.json,8(a),functions,high
0607_w15_qp_41.json,8(b),solving quadratic equations,medium
0607_w15_qp_41.json,8(c),solving quadratic equations,high
0607_w15_qp_41.json,8(d)(i),functions,high
0607_w15_qp_41.json,8(d)(ii),functions,high
0607_w15_qp_41.json,8(e)(i),functions,high
0607_w15_qp_41.json,8(e)(ii),functions,high
0607_w15_qp_41.json,9(a)(i),probability,high
0607_w15_qp_41.json,9(a)(ii),probability,high
0607_w15_qp_41.json,9(b),probability,high
0607_w15_qp_41.json,9(c),probability,high
0607_w15_qp_41.json,10(a),functions,high
0607_w15_qp_41.json,10(b),functions,high
0607_w15_qp_41.json,10(c),expanding and factorising,medium
0607_w15_qp_41.json,10(d),logarithms,high
0607_w15_qp_41.json,10(e),solving quadratic equations,high
0607_w15_qp_41.json,11(a),simultaneous equations,high
0607_w15_qp_41.json,11(b),solving linear equations,high
0607_w15_qp_42.json,1(a),topics in arithmetic,high
0607_w15_qp_42.json,1(b),topics in arithmetic,high
0607_w15_qp_42.json,1(c),topics in arithmetic,high
0607_w15_qp_42.json,2(a)(i),logarithms,high
0607_w15_qp_42.json,2(a)(ii),trigonometry,high
0607_w15_qp_42.json,2(b),solving linear equations,high
0607_w15_qp_42.json,3(a)(i),statistics,high
0607_w15_qp_42.json,3(a)(ii),statistics,high
0607_w15_qp_42.json,3(b)(i),statistics,high
0607_w15_qp_42.json,3(b)(ii),statistics,high
0607_w15_qp_42.json,4(a)(i),transformations,high
0607_w15_qp_42.json,4(a)(ii),transformations,high
0607_w15_qp_42.json,4(b),transformations,high
0607_w15_qp_42.json,5(a),sequences,high
0607_w15_qp_42.json,5(b),sequences,high
0607_w15_qp_42.json,6(a),statistics,high
0607_w15_qp_42.json,6(b),statistics,high
0607_w15_qp_42.json,6(c),statistics,high
0607_w15_qp_42.json,6(d)(i),statistics,high
0607_w15_qp_42.json,6(d)(ii),statistics,high
0607_w15_qp_42.json,6(d)(iii),statistics,high
0607_w15_qp_42.json,7(a)(i),functions,high
0607_w15_qp_42.json,7(a)(ii),functions,high
0607_w15_qp_42.json,7(a)(iii),functions,high
0607_w15_qp_42.json,7(b),inequalities,high
0607_w15_qp_42.json,8(a),topics in arithmetic,high
0607_w15_qp_42.json,8(b),topics in arithmetic,high
0607_w15_qp_42.json,8(c),topics in arithmetic,high
0607_w15_qp_42.json,9(a),topics in arithmetic,high
0607_w15_qp_42.json,9(b),topics in arithmetic,high
0607_w15_qp_42.json,9(c),expanding and factorising,high
0607_w15_qp_42.json,10(a)(i),probability,high
0607_w15_qp_42.json,10(a)(ii),probability,high
0607_w15_qp_42.json,10(a)(iii),probability,high
0607_w15_qp_42.json,10(b),probability,high
0607_w15_qp_42.json,11(a),simultaneous equations,high
0607_w15_qp_42.json,11(b),straight lines,high
0607_w15_qp_42.json,11(c),straight lines,high
0607_w15_qp_42.json,11(d),straight lines,high
0607_w15_qp_42.json,12(a),trigonometry,high
0607_w15_qp_42.json,12(b),trigonometry,high
0607_w15_qp_42.json,12(c),mensuration,high
0607_w15_qp_42.json,12(d),mensuration,high
0607_w15_qp_42.json,13(a)(i),functions,high
0607_w15_qp_42.json,13(a)(ii),functions,high
0607_w15_qp_42.json,13(a)(iii),functions,high
0607_w15_qp_42.json,13(b),functions,high
0607_w15_qp_42.json,13(c),transformations,high
0607_w15_qp_42.json,14(a),topics in arithmetic,high
0607_w15_qp_42.json,14(b),topics in arithmetic,high
0607_w15_qp_42.json,14(c)(i),solving quadratic equations,high
0607_w15_qp_42.json,14(c)(ii),solving quadratic equations,high
0607_w15_qp_42.json,14(c)(iii),topics in arithmetic,high
0607_w15_qp_42.json,15(a),inequalities,high
0607_w15_qp_42.json,15(b),logarithms,high
0607_w15_qp_43.json,1(a),trigonometry,high
0607_w15_qp_43.json,1(b),trigonometry,high
0607_w15_qp_43.json,1(c),trigonometry,high
0607_w15_qp_43.json,2(a),topics in arithmetic,high
0607_w15_qp_43.json,2(b),topics in arithmetic,high
0607_w15_qp_43.json,2(c)(i),topics in arithmetic,high
0607_w15_qp_43.json,2(c)(ii),logarithms,medium
0607_w15_qp_43.json,3(a)(i),statistics,high
0607_w15_qp_43.json,3(a)(ii),statistics,high
0607_w15_qp_43.json,3(a)(iii),statistics,high
0607_w15_qp_43.json,3(b),statistics,high
0607_w15_qp_43.json,4(a)(i),transformations,high
0607_w15_qp_43.json,4(a)(ii),transformations,high
0607_w15_qp_43.json,4(b)(i),similarity,high
0607_w15_qp_43.json,4(b)(ii),similarity,high
0607_w15_qp_43.json,5(a)(i),transformations,high
0607_w15_qp_43.json,5(a)(ii),transformations,high
0607_w15_qp_43.json,5(b)(i),transformations,high
0607_w15_qp_43.json,5(b)(ii),transformations,high
0607_w15_qp_43.json,5(c),transformations,high
0607_w15_qp_43.json,6(a),mensuration,high
0607_w15_qp_43.json,6(b)(i),mensuration,high
0607_w15_qp_43.json,6(b)(ii),mensuration,high
0607_w15_qp_43.json,7(a),topics in arithmetic,high
0607_w15_qp_43.json,7(b),variation and proportion,medium
0607_w15_qp_43.json,8(a)(i),inequalities,high
0607_w15_qp_43.json,8(a)(ii),inequalities,high
0607_w15_qp_43.json,8(b),solving quadratic equations,high
0607_w15_qp_43.json,8(c)(i),logarithms,high
0607_w15_qp_43.json,8(c)(ii),logarithms,high
0607_w15_qp_43.json,8(d),expanding and factorising,high
0607_w15_qp_43.json,9(a),angles,high
0607_w15_qp_43.json,9(b),angles,high
0607_w15_qp_43.json,9(c)(i),circle theorems,high
0607_w15_qp_43.json,9(c)(ii),circle theorems,high
0607_w15_qp_43.json,9(c)(iii),circle theorems,high
0607_w15_qp_43.json,10(a),probability,high
0607_w15_qp_43.json,10(b),probability,high
0607_w15_qp_43.json,10(c),probability,high
0607_w15_qp_43.json,11(a),functions,high
0607_w15_qp_43.json,11(b),functions,high
0607_w15_qp_43.json,11(c),expanding and factorising,high
0607_w15_qp_43.json,11(d)(i),functions,high
0607_w15_qp_43.json,11(d)(ii),functions,high
0607_w15_qp_43.json,11(e),transformations,high
0607_w15_qp_43.json,12(a),functions,high
0607_w15_qp_43.json,12(b)(i),functions,high
0607_w15_qp_43.json,12(b)(ii),functions,high
0607_w15_qp_43.json,12(c),inequalities,high
0607_w16_qp_21.json,1,variation and proportion,high
0607_w16_qp_21.json,2,transformations,high
0607_w16_qp_21.json,3(a),statistics,high
0607_w16_qp_21.json,3(b),statistics,high
0607_w16_qp_21.json,3(c),statistics,high
0607_w16_qp_21.json,4,topics in arithmetic,high
0607_w16_qp_21.json,5(a),solving linear equations,high
0607_w16_qp_21.json,5(b),solving linear equations,high
0607_w16_qp_21.json,6,topics in arithmetic,high
0607_w16_qp_21.json,7,angles,high
0607_w16_qp_21.json,8,circle theorems,high
0607_w16_qp_21.json,9,sets and Venn diagrams,high
0607_w16_qp_21.json,10,exponents and surds,high
0607_w16_qp_21.json,11,solving linear equations,high
0607_w16_qp_21.json,12,exponents and surds,high
0607_w16_qp_21.json,13,exponents and surds,high
0607_w16_qp_21.json,14,solving quadratic equations,high
0607_w16_qp_21.json,15,variation and proportion,high
0607_w16_qp_21.json,16,functions,high
0607_w16_qp_21.json,17(a),logarithms,high
0607_w16_qp_21.json,17(b),logarithms,high
0607_w16_qp_22.json,1,topics in arithmetic,high
0607_w16_qp_22.json,2,topics in arithmetic,high
0607_w16_qp_22.json,3(a),topics in arithmetic,high
0607_w16_qp_22.json,3(b),topics in arithmetic,high
0607_w16_qp_22.json,4(a),topics in arithmetic,high
0607_w16_qp_22.json,4(b),topics in arithmetic,high
0607_w16_qp_22.json,5(a),statistics,high
0607_w16_qp_22.json,5(b),statistics,high
0607_w16_qp_22.json,6(a),probability,high
0607_w16_qp_22.json,6(b),probability,high
0607_w16_qp_22.json,7(a),expanding and factorising,high
0607_w16_qp_22.json,7(b),expanding and factorising,high
0607_w16_qp_22.json,8,exponents and surds,high
0607_w16_qp_22.json,9,expanding and factorising,high
0607_w16_qp_22.json,10(a),exponents and surds,high
0607_w16_qp_22.json,10(b),exponents and surds,high
0607_w16_qp_22.json,11,straight lines,high
0607_w16_qp_22.json,12(a),variation and proportion,high
0607_w16_qp_22.json,12(b),variation and proportion,high
0607_w16_qp_23.json,1,sequences,high
0607_w16_qp_23.json,2,mensuration,high
0607_w16_qp_23.json,3(a),topics in arithmetic,high
0607_w16_qp_23.json,3(b),topics in arithmetic,high
0607_w16_qp_23.json,4,angles,high
0607_w16_qp_23.json,5,transformations,high
0607_w16_qp_23.json,6(a),statistics,high
0607_w16_qp_23.json,6(b),statistics,high
0607_w16_qp_23.json,6(c),statistics,high
0607_w16_qp_23.json,7,simultaneous equations,high
0607_w16_qp_23.json,8(a),statistics,high
0607_w16_qp_23.json,8(b),statistics,high
0607_w16_qp_23.json,9(a),circle theorems,high
0607_w16_qp_23.json,9(b),circle theorems,high
0607_w16_qp_23.json,10(a),logarithms,high
0607_w16_qp_23.json,10(b),logarithms,high
0607_w16_qp_23.json,11,inequalities,high
0607_w16_qp_23.json,12(a),vectors,high
0607_w16_qp_23.json,12(b),vectors,high
0607_w16_qp_23.json,13(a),exponents and surds,high
0607_w16_qp_23.json,13(b),exponents and surds,high
0607_w16_qp_41.json,1(a),topics in arithmetic,high
0607_w16_qp_41.json,1(b)(i),topics in arithmetic,high
0607_w16_qp_41.json,1(b)(ii),topics in arithmetic,high
0607_w16_qp_41.json,1(b)(iii),solving linear equations,high
0607_w16_qp_41.json,2(a)(i),vectors,high
0607_w16_qp_41.json,2(a)(ii),transformations,high
0607_w16_qp_41.json,2(a)(iii),vectors,high
0607_w16_qp_41.json,2(b)(i),transformations,high
0607_w16_qp_41.json,2(b)(ii),transformations,high
0607_w16_qp_41.json,2(b)(iii),transformations,high
0607_w16_qp_41.json,3(a),functions,high
0607_w16_qp_41.json,3(b),functions,high
0607_w16_qp_41.json,3(c)(i),functions,high
0607_w16_qp_41.json,3(c)(ii),functions,high
0607_w16_qp_41.json,3(d)(i),functions,high
0607_w16_qp_41.json,3(d)(ii),sequences,high
0607_w16_qp_41.json,3(e)(i),functions,high
0607_w16_qp_41.json,3(e)(ii),functions,high
0607_w16_qp_41.json,4(a),mensuration,high
0607_w16_qp_41.json,4(b)(i),mensuration,high
0607_w16_qp_41.json,4(b)(ii),mensuration,high
0607_w16_qp_41.json,4(c),mensuration,high
0607_w16_qp_41.json,5(a),sets and Venn diagrams,high
0607_w16_qp_41.json,5(b)(i),sets and Venn diagrams,high
0607_w16_qp_41.json,5(b)(ii),sets and Venn diagrams,high
0607_w16_qp_41.json,5(c),sets and Venn diagrams,high
0607_w16_qp_41.json,5(d),sets and Venn diagrams,high
0607_w16_qp_41.json,6(a),straight lines,high
0607_w16_qp_41.json,6(b),straight lines,high
0607_w16_qp_41.json,7(a),trigonometry,high
0607_w16_qp_41.json,7(b),trigonometry,high
0607_w16_qp_41.json,7(c),trigonometry,high
0607_w16_qp_41.json,8(a),functions,high
0607_w16_qp_41.json,8(b),functions,high
0607_w16_qp_41.json,8(c),inequalities,high
0607_w16_qp_41.json,8(d),functions,high
0607_w16_qp_41.json,8(e),transformations,high
0607_w16_qp_41.json,9(a),statistics,high
0607_w16_qp_41.json,9(b),statistics,high
0607_w16_qp_41.json,9(c),probability,high
0607_w16_qp_41.json,10(a),solving linear equations,high
0607_w16_qp_41.json,10(b),topics in arithmetic,high
0607_w16_qp_41.json,10(c)(i),exponents and surds,high
0607_w16_qp_41.json,10(c)(ii),expanding and factorising,high
0607_w16_qp_41.json,11(a),functions,high
0607_w16_qp_41.json,11(b),functions,high
0607_w16_qp_41.json,11(c)(i),functions,high
0607_w16_qp_41.json,11(c)(ii),functions,high
0607_w16_qp_41.json,12(a)(i),topics in arithmetic,high
0607_w16_qp_41.json,12(a)(ii),topics in arithmetic,high
0607_w16_qp_41.json,12(a)(iii),topics in arithmetic,high
0607_w16_qp_41.json,12(b)(i),topics in arithmetic,high
0607_w16_qp_41.json,12(b)(ii),topics in arithmetic,high
0607_w16_qp_43.json,1(a)(i),topics in arithmetic,high
0607_w16_qp_43.json,1(a)(ii),topics in arithmetic,high
0607_w16_qp_43.json,1(b)(i),exponents and surds,high
0607_w16_qp_43.json,1(b)(ii),exponents and surds,high
0607_w16_qp_43.json,2(a)(i),topics in arithmetic,high
0607_w16_qp_43.json,2(a)(ii),solving linear equations,medium
0607_w16_qp_43.json,2(b),topics in arithmetic,high
0607_w16_qp_43.json,3(a),transformations,high
0607_w16_qp_43.json,3(b),transformations,high
0607_w16_qp_43.json,3(c),transformations,high
0607_w16_qp_43.json,4(a)(i),mensuration,high
0607_w16_qp_43.json,4(a)(ii),Pythagoras,high
0607_w16_qp_43.json,4(b)(i),similarity,high
0607_w16_qp_43.json,4(b)(ii),mensuration,high
0607_w16_qp_43.json,5(a),functions,high
0607_w16_qp_43.json,5(b),functions,high
0607_w16_qp_43.json,5(c)(i),functions,high
0607_w16_qp_43.json,5(c)(ii),functions,high
0607_w16_qp_43.json,5(d),functions,high
0607_w16_qp_43.json,6(a),straight lines,high
0607_w16_qp_43.json,6(b),straight lines,high
0607_w16_qp_43.json,6(c),straight lines,high
0607_w16_qp_43.json,7(a)(i),statistics,high
0607_w16_qp_43.json,7(a)(ii),statistics,high
0607_w16_qp_43.json,7(a)(iii),statistics,high
0607_w16_qp_43.json,7(a)(iv),statistics,high
0607_w16_qp_43.json,7(a)(v),statistics,high
0607_w16_qp_43.json,7(b),statistics,high
0607_w16_qp_43.json,8(a),trigonometry,high
0607_w16_qp_43.json,8(b),trigonometry,high
0607_w16_qp_43.json,8(c),trigonometry,high
0607_w16_qp_43.json,8(d),trigonometry,high
0607_w16_qp_43.json,8(e),trigonometry,high
0607_w16_qp_43.json,9(a),topics in arithmetic,high
0607_w16_qp_43.json,9(b)(i),expanding and factorising,medium
0607_w16_qp_43.json,9(b)(ii),expanding and factorising,medium
0607_w16_qp_43.json,9(b)(iii),solving quadratic equations,high
0607_w16_qp_43.json,10(a)(i),expanding and factorising,high
0607_w16_qp_43.json,10(a)(ii),expanding and factorising,high
0607_w16_qp_43.json,10(b)(i),functions,high
0607_w16_qp_43.json,10(b)(ii),straight lines,high
0607_w16_qp_43.json,10(b)(iii),functions,high
0607_w16_qp_43.json,10(b)(iv),solving quadratic equations,high
0607_w16_qp_43.json,11(a),statistics,high
0607_w16_qp_43.json,11(b),probability,high
0607_w16_qp_43.json,11(c),probability,high
0607_w16_qp_43.json,12(a),variation and proportion,high
0607_w16_qp_43.json,12(b),variation and proportion,high
0607_w16_qp_43.json,12(c),variation and proportion,high
0607_w17_qp_21.json,1,topics in arithmetic,high
0607_w17_qp_21.json,2(a),topics in arithmetic,high
0607_w17_qp_21.json,2(b),topics in arithmetic,high
0607_w17_qp_21.json,2(c),exponents and surds,high
0607_w17_qp_21.json,3,inequalities,high
0607_w17_qp_21.json,4,topics in arithmetic,high
0607_w17_qp_21.json,5,simultaneous equations,high
0607_w17_qp_21.json,6(a),straight lines,high
0607_w17_qp_21.json,6(b),Pythagoras,high
0607_w17_qp_21.json,7,topics in arithmetic,high
0607_w17_qp_21.json,8(a),sets and Venn diagrams,high
0607_w17_qp_21.json,8(b),sets and Venn diagrams,high
0607_w17_qp_21.json,8(c),sets and Venn diagrams,high
0607_w17_qp_21.json,9(a),circle theorems,high
0607_w17_qp_21.json,9(b),circle theorems,high
0607_w17_qp_21.json,10,variation and proportion,high
0607_w17_qp_21.json,11(a),expanding and factorising,high
0607_w17_qp_21.json,11(b),inequalities,high
0607_w17_qp_21.json,12,exponents and surds,high
0607_w17_qp_21.json,13,expanding and factorising,high
0607_w17_qp_22.json,1,angles,high
0607_w17_qp_22.json,2,mensuration,high
0607_w17_qp_22.json,3,topics in arithmetic,high
0607_w17_qp_22.json,4,functions,high
0607_w17_qp_22.json,5,Pythagoras,medium
0607_w17_qp_22.json,6,solving linear equations,medium
0607_w17_qp_22.json,7(a),topics in arithmetic,high
0607_w17_qp_22.json,7(b),topics in arithmetic,high
0607_w17_qp_22.json,8,topics in arithmetic,high
0607_w17_qp_22.json,9,topics in arithmetic,high
0607_w17_qp_22.json,10(a),circle theorems,high
0607_w17_qp_22.json,10(b),circle theorems,high
0607_w17_qp_22.json,11(a),exponents and surds,high
0607_w17_qp_22.json,11(b),exponents and surds,high
0607_w17_qp_22.json,12,variation and proportion,high
0607_w17_qp_22.json,13(a),exponents and surds,high
0607_w17_qp_22.json,13(b),exponents and surds,high
0607_w17_qp_22.json,14,expanding and factorising,high
0607_w17_qp_22.json,15(a),logarithms,high
0607_w17_qp_22.json,15(b),logarithms,high
0607_w17_qp_22.json,16,trigonometry,high
0607_w17_qp_23.json,1,topics in arithmetic,high
0607_w17_qp_23.json,2,straight lines,high
0607_w17_qp_23.json,3,angles,high
0607_w17_qp_23.json,4,topics in arithmetic,high
0607_w17_qp_23.json,5,solving linear equations,high
0607_w17_qp_23.json,6(a),topics in arithmetic,high
0607_w17_qp_23.json,6(b),topics in arithmetic,high
0607_w17_qp_23.json,7,angles,high
0607_w17_qp_23.json,8,solving linear equations,high
0607_w17_qp_23.json,9,simultaneous equations,high
0607_w17_qp_23.json,10,solving quadratic equations,high
0607_w17_qp_23.json,11,exponents and surds,high
0607_w17_qp_23.json,12,mensuration,high
0607_w17_qp_23.json,13,straight lines,high
0607_w17_qp_23.json,14,solving linear equations,high
0607_w17_qp_23.json,15,expanding and factorising,high
0607_w17_qp_23.json,16,probability,high
0607_w17_qp_41.json,1(a)(i),statistics,high
0607_w17_qp_41.json,1(a)(ii),statistics,high
0607_w17_qp_41.json,1(a)(iii),statistics,high
0607_w17_qp_41.json,1(a)(iv),statistics,high
0607_w17_qp_41.json,1(a)(v),statistics,high
0607_w17_qp_41.json,1(b),statistics,high
0607_w17_qp_41.json,2(a),topics in arithmetic,high
0607_w17_qp_41.json,2(b),topics in arithmetic,high
0607_w17_qp_41.json,2(c),topics in arithmetic,high
0607_w17_qp_41.json,3(a),sequences,high
0607_w17_qp_41.json,3(b)(i),sequences,high
0607_w17_qp_41.json,3(b)(ii),sequences,high
0607_w17_qp_41.json,3(c),sequences,high
0607_w17_qp_41.json,4(a),statistics,high
0607_w17_qp_41.json,4(b),statistics,high
0607_w17_qp_41.json,4(c)(i),statistics,high
0607_w17_qp_41.json,4(c)(ii),statistics,high
0607_w17_qp_41.json,4(c)(iii),statistics,high
0607_w17_qp_41.json,5(a),mensuration,high
0607_w17_qp_41.json,5(b),mensuration,high
0607_w17_qp_41.json,5(c),similarity,high
0607_w17_qp_41.json,6(a),transformations,high
0607_w17_qp_41.json,6(b),transformations,high
0607_w17_qp_41.json,6(c),transformations,high
0607_w17_qp_41.json,7(a),topics in arithmetic,high
0607_w17_qp_41.json,7(b)(i),topics in arithmetic,high
0607_w17_qp_41.json,7(b)(ii),topics in arithmetic,high
0607_w17_qp_41.json,8(a),trigonometry,high
0607_w17_qp_41.json,8(b),trigonometry,high
0607_w17_qp_41.json,8(c),trigonometry,high
0607_w17_qp_41.json,8(d),trigonometry,high
0607_w17_qp_41.json,9(a),probability,high
0607_w17_qp_41.json,9(b)(i),probability,high
0607_w17_qp_41.json,9(b)(ii),probability,high
0607_w17_qp_41.json,10(a),solving linear equations,high
0607_w17_qp_41.json,10(b)(i),simultaneous equations,high
0607_w17_qp_41.json,10(b)(ii),simultaneous equations,high
0607_w17_qp_41.json,11(a),functions,high
0607_w17_qp_41.json,11(b),functions,high
0607_w17_qp_41.json,11(c),functions,high
0607_w17_qp_41.json,11(d)(i),functions,high
0607_w17_qp_41.json,11(d)(ii),inequalities,high
0607_w17_qp_41.json,12(a),functions,high
0607_w17_qp_41.json,12(b),functions,high
0607_w17_qp_41.json,12(c),functions,high
0607_w17_qp_41.json,12(d)(i),functions,high
0607_w17_qp_41.json,12(d)(ii),functions,high
0607_w17_qp_41.json,12(d)(iii),functions,high
0607_w17_qp_41.json,13(a)(i),vectors,high
0607_w17_qp_41.json,13(a)(ii),vectors,high
0607_w17_qp_41.json,13(a)(iii),vectors,high
0607_w17_qp_41.json,13(b),vectors,high
0607_w17_qp_42.json,1(a)(i),sequences,high
0607_w17_qp_42.json,1(a)(ii),sequences,high
0607_w17_qp_42.json,1(b)(i),sequences,high
0607_w17_qp_42.json,1(b)(ii),sequences,high
0607_w17_qp_42.json,2(a)(i),topics in arithmetic,high
0607_w17_qp_42.json,2(a)(ii),topics in arithmetic,high
0607_w17_qp_42.json,2(b),topics in arithmetic,high
0607_w17_qp_42.json,2(c),topics in arithmetic,high
0607_w17_qp_42.json,3(a)(i),transformations,high
0607_w17_qp_42.json,3(a)(ii),transformations,high
0607_w17_qp_42.json,3(a)(iii),transformations,high
0607_w17_qp_42.json,3(b),transformations,high
0607_w17_qp_42.json,3(c),transformations,high
0607_w17_qp_42.json,4(a),functions,high
0607_w17_qp_42.json,4(b),functions,high
0607_w17_qp_42.json,4(c),functions,high
0607_w17_qp_42.json,4(d)(i),functions,high
0607_w17_qp_42.json,4(d)(ii),functions,high
0607_w17_qp_42.json,4(e),functions,high
0607_w17_qp_42.json,5(a),topics in arithmetic,high
0607_w17_qp_42.json,5(b),topics in arithmetic,high
0607_w17_qp_42.json,6(a)(i),statistics,high
0607_w17_qp_42.json,6(a)(ii),statistics,high
0607_w17_qp_42.json,6(a)(iii)(a),statistics,high
0607_w17_qp_42.json,6(a)(iii)(b),statistics,high
0607_w17_qp_42.json,6(b)(i),statistics,high
0607_w17_qp_42.json,6(b)(ii),statistics,high
0607_w17_qp_42.json,6(b)(iii),statistics,high
0607_w17_qp_42.json,7(a),mensuration,high
0607_w17_qp_42.json,7(b)(i),expanding and factorising,high
0607_w17_qp_42.json,7(b)(ii),functions,high
0607_w17_qp_42.json,7(b)(iii),mensuration,high
0607_w17_qp_42.json,8(a)(i),probability,high
0607_w17_qp_42.json,8(a)(ii),probability,high
0607_w17_qp_42.json,8(a)(iii),probability,high
0607_w17_qp_42.json,8(b)(i),probability,high
0607_w17_qp_42.json,8(b)(ii),probability,high
0607_w17_qp_42.json,8(c),probability,high
0607_w17_qp_42.json,9(a)(i),straight lines,high
0607_w17_qp_42.json,9(a)(ii),straight lines,high
0607_w17_qp_42.json,9(b)(i),solving quadratic equations,high
0607_w17_qp_42.json,9(b)(ii),inequalities,high
0607_w17_qp_42.json,9(c),expanding and factorising,high
0607_w17_qp_42.json,10(a)(i),angles,high
0607_w17_qp_42.json,10(a)(ii),angles,high
0607_w17_qp_42.json,10(b),trigonometry,high
0607_w17_qp_42.json,10(c),trigonometry,high
0607_w17_qp_42.json,10(d)(i),mensuration,high
0607_w17_qp_42.json,10(d)(ii),mensuration,high
0607_w17_qp_42.json,11(a)(i),functions,high
0607_w17_qp_42.json,11(a)(ii),functions,high
0607_w17_qp_42.json,11(b),functions,high
0607_w17_qp_42.json,11(c),functions,high
0607_w17_qp_42.json,11(d),transformations,high
0607_w17_qp_42.json,11(e),functions,high
0607_w17_qp_43.json,1(a)(i),functions,high
0607_w17_qp_43.json,1(a)(ii),functions,high
0607_w17_qp_43.json,1(b),functions,high
0607_w17_qp_43.json,1(c),functions,high
0607_w17_qp_43.json,1(d),functions,high
0607_w17_qp_43.json,2(a),topics in arithmetic,high
0607_w17_qp_43.json,2(b)(i),topics in arithmetic,high
0607_w17_qp_43.json,2(b)(ii),topics in arithmetic,high
0607_w17_qp_43.json,2(c)(i),topics in arithmetic,high
0607_w17_qp_43.json,2(c)(ii),topics in arithmetic,high
0607_w17_qp_43.json,3(a)(i),statistics,high
0607_w17_qp_43.json,3(a)(ii),statistics,high
0607_w17_qp_43.json,3(b)(i),statistics,high
0607_w17_qp_43.json,3(b)(ii),statistics,high
0607_w17_qp_43.json,3(c)(i),statistics,high
0607_w17_qp_43.json,3(c)(ii),statistics,high
0607_w17_qp_43.json,4(a),statistics,high
0607_w17_qp_43.json,4(b),probability,high
0607_w17_qp_43.json,4(c)(i),statistics,high
0607_w17_qp_43.json,4(c)(ii),statistics,high
0607_w17_qp_43.json,5(a)(i),vectors,high
0607_w17_qp_43.json,5(a)(ii),vectors,high
0607_w17_qp_43.json,5(a)(iii),vectors,high
0607_w17_qp_43.json,5(a)(iv),vectors,high
0607_w17_qp_43.json,5(b)(i),similarity,high
0607_w17_qp_43.json,5(b)(ii),similarity,high
0607_w17_qp_43.json,6(a),mensuration,high
0607_w17_qp_43.json,6(b),Pythagoras,high
0607_w17_qp_43.json,6(c),Pythagoras,high
0607_w17_qp_43.json,6(d),trigonometry,high
0607_w17_qp_43.json,6(e)(i),Pythagoras,high
0607_w17_qp_43.json,6(e)(ii),trigonometry,high
0607_w17_qp_43.json,6(f),similarity,high
0607_w17_qp_43.json,7(a),mensuration,high
0607_w17_qp_43.json,7(b),mensuration,high
0607_w17_qp_43.json,8(a),transformations,high
0607_w17_qp_43.json,8(b),transformations,high
0607_w17_qp_43.json,8(c),transformations,high
0607_w17_qp_43.json,9(a)(i),functions,high
0607_w17_qp_43.json,9(a)(ii),functions,high
0607_w17_qp_43.json,9(a)(iii),functions,high
0607_w17_qp_43.json,9(b)(i),functions,high
0607_w17_qp_43.json,9(b)(ii),functions,high
0607_w17_qp_43.json,9(b)(iii),functions,high
0607_w17_qp_43.json,9(b)(iv),functions,high
0607_w17_qp_43.json,10(a),solving quadratic equations,high
0607_w17_qp_43.json,10(b),inequalities,high
0607_w17_qp_43.json,10(c),inequalities,high
0607_w17_qp_43.json,11(a),simultaneous equations,high
0607_w17_qp_43.json,11(b),simultaneous equations,high
0607_w17_qp_43.json,11(c)(i),simultaneous equations,high
0607_w17_qp_43.json,11(c)(ii),logarithms,high
0607_w18_qp_21.json,1,topics in arithmetic,high
0607_w18_qp_21.json,2,angles,high
0607_w18_qp_21.json,3,probability,high
0607_w18_qp_21.json,4,exponents and surds,high
0607_w18_qp_21.json,5,solving linear equations,high
0607_w18_qp_21.json,6,topics in arithmetic,high
0607_w18_qp_21.json,7,angles,high
0607_w18_qp_21.json,8,Pythagoras,high
0607_w18_qp_21.json,9,exponents and surds,high
0607_w18_qp_21.json,10,inequalities,high
0607_w18_qp_21.json,11,exponents and surds,high
0607_w18_qp_21.json,12,sequences,high
0607_w18_qp_21.json,13,angles,high
0607_w18_qp_21.json,14,simultaneous equations,high
0607_w18_qp_21.json,15,expanding and factorising,high
0607_w18_qp_21.json,16,probability,high
0607_w18_qp_21.json,17,exponents and surds,high
0607_w18_qp_21.json,18,mensuration,high
0607_w18_qp_22.json,1(a),topics in arithmetic,high
0607_w18_qp_22.json,1(b),topics in arithmetic,high
0607_w18_qp_22.json,2,exponents and surds,high
0607_w18_qp_22.json,3,transformations,medium
0607_w18_qp_22.json,4(a),vectors,high
0607_w18_qp_22.json,4(b),vectors,high
0607_w18_qp_22.json,5(a),functions,high
0607_w18_qp_22.json,5(b),functions,high
0607_w18_qp_22.json,6,inequalities,high
0607_w18_qp_22.json,7(a),expanding and factorising,high
0607_w18_qp_22.json,7(b),expanding and factorising,high
0607_w18_qp_22.json,8(a),angles,high
0607_w18_qp_22.json,8(b),angles,high
0607_w18_qp_22.json,9,statistics,high
0607_w18_qp_22.json,10,inequalities,high
0607_w18_qp_22.json,11,functions,high
0607_w18_qp_22.json,12(a),circle theorems,high
0607_w18_qp_22.json,12(b),circle theorems,high
0607_w18_qp_22.json,12(c),circle theorems,high
0607_w18_qp_22.json,13,exponents and surds,high
0607_w18_qp_22.json,14(a),logarithms,high
0607_w18_qp_22.json,14(b),logarithms,high
0607_w18_qp_22.json,15(a),functions,high
0607_w18_qp_22.json,15(b),functions,high
0607_w18_qp_23.json,1(a),solving linear equations,high
0607_w18_qp_23.json,1(b),solving linear equations,high
0607_w18_qp_23.json,2,solving linear equations,high
0607_w18_qp_23.json,3,inequalities,high
0607_w18_qp_23.json,4(a),topics in arithmetic,high
0607_w18_qp_23.json,4(b),topics in arithmetic,high
0607_w18_qp_23.json,5,topics in arithmetic,high
0607_w18_qp_23.json,6(a),exponents and surds,high
0607_w18_qp_23.json,6(b),exponents and surds,high
0607_w18_qp_23.json,7,simultaneous equations,high
0607_w18_qp_23.json,8(a),exponents and surds,high
0607_w18_qp_23.json,8(b),exponents and surds,high
0607_w18_qp_23.json,9(a),transformations,high
0607_w18_qp_23.json,9(b),transformations,high
0607_w18_qp_23.json,10,mensuration,high
0607_w18_qp_23.json,11(a),circle theorems,high
0607_w18_qp_23.json,11(b),circle theorems,high
0607_w18_qp_23.json,12,trigonometry,high
0607_w18_qp_23.json,13,straight lines,high
0607_w18_qp_23.json,14,similarity,high
0607_w18_qp_23.json,15,expanding and factorising,high
0607_w18_qp_41.json,1(a)(i),solving linear equations,high
0607_w18_qp_41.json,1(a)(ii),solving linear equations,high
0607_w18_qp_41.json,1(a)(iii),solving linear equations,high
0607_w18_qp_41.json,1(b)(i),solving quadratic equations,high
0607_w18_qp_41.json,1(b)(ii),solving quadratic equations,high
0607_w18_qp_41.json,2(a),statistics,high
0607_w18_qp_41.json,2(b),statistics,high
0607_w18_qp_41.json,2(c),statistics,high
0607_w18_qp_41.json,2(d),statistics,high
0607_w18_qp_41.json,2(e),statistics,high
0607_w18_qp_41.json,2(f),statistics,high
0607_w18_qp_41.json,2(g),probability,high
0607_w18_qp_41.json,3(a),functions,high
0607_w18_qp_41.json,3(b),functions,high
0607_w18_qp_41.json,3(c),functions,high
0607_w18_qp_41.json,3(d),functions,high
0607_w18_qp_41.json,4(a)(i),straight lines,high
0607_w18_qp_41.json,4(a)(ii),straight lines,high
0607_w18_qp_41.json,4(a)(iii),straight lines,high
0607_w18_qp_41.json,4(b),straight lines,high
0607_w18_qp_41.json,4(c),straight lines,high
0607_w18_qp_41.json,4(d)(i),straight lines,high
0607_w18_qp_41.json,4(d)(ii),straight lines,high
0607_w18_qp_41.json,5(a)(i),topics in arithmetic,high
0607_w18_qp_41.json,5(a)(ii),topics in arithmetic,high
0607_w18_qp_41.json,5(a)(iii),topics in arithmetic,high
0607_w18_qp_41.json,5(b),logarithms,high
0607_w18_qp_41.json,5(c)(i),topics in arithmetic,high
0607_w18_qp_41.json,5(c)(ii),topics in arithmetic,high
0607_w18_qp_41.json,5(d),variation and proportion,high
0607_w18_qp_41.json,6(a),transformations,high
0607_w18_qp_41.json,6(b),transformations,high
0607_w18_qp_41.json,6(c),transformations,high
0607_w18_qp_41.json,6(d),transformations,high
0607_w18_qp_41.json,7(a)(i),sequences,high
0607_w18_qp_41.json,7(a)(ii),sequences,high
0607_w18_qp_41.json,7(b),sequences,high
0607_w18_qp_41.json,7(c),sequences,high
0607_w18_qp_41.json,7(d)(i),sequences,high
0607_w18_qp_41.json,7(d)(ii),sequences,high
0607_w18_qp_41.json,8(a),circle theorems,high
0607_w18_qp_41.json,8(b),circle theorems,high
0607_w18_qp_41.json,9(a),functions,high
0607_w18_qp_41.json,9(b),functions,high
0607_w18_qp_41.json,9(c),functions,high
0607_w18_qp_41.json,9(d),inequalities,high
0607_w18_qp_41.json,10(a)(i),vectors,high
0607_w18_qp_41.json,10(a)(ii),vectors,high
0607_w18_qp_41.json,10(a)(iii),vectors,high
0607_w18_qp_41.json,10(b),vectors,high
0607_w18_qp_41.json,10(c),similarity,high
0607_w18_qp_41.json,10(d)(i),vectors,high
0607_w18_qp_41.json,10(d)(ii),vectors,high
0607_w18_qp_41.json,10(e),similarity,high
0607_w18_qp_41.json,11(a),trigonometry,high
0607_w18_qp_41.json,11(b),trigonometry,high
0607_w18_qp_41.json,11(c),trigonometry,high
0607_w18_qp_42.json,1(a),topics in arithmetic,high
0607_w18_qp_42.json,1(b)(i),topics in arithmetic,high
0607_w18_qp_42.json,1(b)(ii),logarithms,medium
0607_w18_qp_42.json,2(a)(i),statistics,high
0607_w18_qp_42.json,2(a)(ii),statistics,high
0607_w18_qp_42.json,2(a)(iii),statistics,high
0607_w18_qp_42.json,2(a)(iv),statistics,high
0607_w18_qp_42.json,2(a)(v),statistics,high
0607_w18_qp_42.json,2(b),probability,high
0607_w18_qp_42.json,3(a),transformations,high
0607_w18_qp_42.json,3(b),transformations,high
0607_w18_qp_42.json,3(c),transformations,high
0607_w18_qp_42.json,4(a)(i),variation and proportion,high
0607_w18_qp_42.json,4(a)(ii),variation and proportion,high
0607_w18_qp_42.json,4(a)(iii),variation and proportion,high
0607_w18_qp_42.json,4(b),variation and proportion,high
0607_w18_qp_42.json,5(a),functions,high
0607_w18_qp_42.json,5(b),functions,high
0607_w18_qp_42.json,5(c)(i),functions,high
0607_w18_qp_42.json,5(c)(ii),functions,high
0607_w18_qp_42.json,5(d),functions,high
0607_w18_qp_42.json,6(a),trigonometry,high
0607_w18_qp_42.json,6(b)(i),mensuration,high
0607_w18_qp_42.json,6(b)(ii),mensuration,high
0607_w18_qp_42.json,7(a),topics in arithmetic,high
0607_w18_qp_42.json,7(b)(i),topics in arithmetic,high
0607_w18_qp_42.json,7(b)(ii),topics in arithmetic,high
0607_w18_qp_42.json,8(a),sets and Venn diagrams,high
0607_w18_qp_42.json,8(b)(i),probability,high
0607_w18_qp_42.json,8(b)(ii),probability,high
0607_w18_qp_42.json,8(c),probability,high
0607_w18_qp_42.json,9(a),statistics,high
0607_w18_qp_42.json,9(b)(i),statistics,high
0607_w18_qp_42.json,9(b)(ii),statistics,high
0607_w18_qp_42.json,9(b)(iii),statistics,high
0607_w18_qp_42.json,9(c),statistics,high
0607_w18_qp_42.json,10(a),trigonometry,high
0607_w18_qp_42.json,10(b),trigonometry,high
0607_w18_qp_42.json,11(a),mensuration,high
0607_w18_qp_42.json,11(b),mensuration,high
0607_w18_qp_42.json,12(a),functions,high
0607_w18_qp_42.json,12(b),functions,high
0607_w18_qp_42.json,12(c)(i),functions,high
0607_w18_qp_42.json,12(c)(ii),functions,high
0607_w18_qp_42.json,13(a)(i),vectors,high
0607_w18_qp_42.json,13(a)(ii),vectors,high
0607_w18_qp_42.json,13(b)(i),vectors,high
0607_w18_qp_42.json,13(b)(ii),vectors,high
0607_w18_qp_42.json,14(a),straight lines,high
0607_w18_qp_42.json,14(b),straight lines,high
0607_w18_qp_42.json,14(c),straight lines,high
0607_w18_qp_43.json,1(a)(i),topics in arithmetic,high
0607_w18_qp_43.json,1(a)(ii),topics in arithmetic,high
0607_w18_qp_43.json,1(b),topics in arithmetic,high
0607_w18_qp_43.json,1(c)(i),topics in arithmetic,high
0607_w18_qp_43.json,1(c)(ii),topics in arithmetic,high
0607_w18_qp_43.json,1(d),topics in arithmetic,high
0607_w18_qp_43.json,2(a),transformations,high
0607_w18_qp_43.json,2(b),transformations,high
0607_w18_qp_43.json,2(c),transformations,high
0607_w18_qp_43.json,2(d),transformations,high
0607_w18_qp_43.json,3(a)(i),vectors,high
0607_w18_qp_43.json,3(a)(ii),vectors,high
0607_w18_qp_43.json,3(a)(iii),vectors,high
0607_w18_qp_43.json,3(b)(i),vectors,high
0607_w18_qp_43.json,3(b)(ii),vectors,high
0607_w18_qp_43.json,4(a)(i),functions,high
0607_w18_qp_43.json,4(a)(ii),functions,high
0607_w18_qp_43.json,4(a)(iii),functions,high
0607_w18_qp_43.json,4(a)(iv),functions,high
0607_w18_qp_43.json,4(b)(i)(a),functions,high
0607_w18_qp_43.json,4(b)(i)(b),functions,high
0607_w18_qp_43.json,4(b)(ii),inequalities,high
0607_w18_qp_43.json,5(a),statistics,high
0607_w18_qp_43.json,5(b),statistics,high
0607_w18_qp_43.json,5(c),statistics,high
0607_w18_qp_43.json,6(a),trigonometry,high
0607_w18_qp_43.json,6(b),trigonometry,high
0607_w18_qp_43.json,7(a),topics in arithmetic,high
0607_w18_qp_43.json,7(b)(i),topics in arithmetic,high
0607_w18_qp_43.json,7(b)(ii),topics in arithmetic,high
0607_w18_qp_43.json,8(a),functions,high
0607_w18_qp_43.json,8(b),functions,high
0607_w18_qp_43.json,8(c)(i),functions,high
0607_w18_qp_43.json,8(c)(ii),inequalities,high
0607_w18_qp_43.json,8(d),functions,high
0607_w18_qp_43.json,8(e),functions,high
0607_w18_qp_43.json,8(f),inequalities,high
0607_w18_qp_43.json,9(a),probability,high
0607_w18_qp_43.json,9(b)(i),probability,high
0607_w18_qp_43.json,9(b)(ii),probability,high
0607_w18_qp_43.json,9(b)(iii),probability,high
0607_w18_qp_43.json,10(a),trigonometry,high
0607_w18_qp_43.json,10(b),trigonometry,high
0607_w18_qp_43.json,10(c),trigonometry,high
0607_w18_qp_43.json,10(d),trigonometry,high
0607_w18_qp_43.json,10(e),trigonometry,high
0607_w18_qp_43.json,11(a),statistics,high
0607_w18_qp_43.json,11(b),statistics,high
0607_w18_qp_43.json,12(a),solving linear equations,high
0607_w18_qp_43.json,12(b),solving quadratic equations,high
0607_w18_qp_43.json,12(c),solving linear equations,high
0607_w18_qp_43.json,12(d),solving linear equations,high
0607_w18_qp_43.json,13(a),functions,high
0607_w18_qp_43.json,13(b)(i),functions,high
0607_w18_qp_43.json,13(b)(ii),functions,high
0607_w18_qp_43.json,13(c),functions,high
0607_w18_qp_43.json,13(d)(i),functions,high
0607_w18_qp_43.json,13(d)(ii),functions,high
0607_w19_qp_21.json,1,topics in arithmetic,high
0607_w19_qp_21.json,2(a),topics in arithmetic,high
0607_w19_qp_21.json,2(b),topics in arithmetic,high
0607_w19_qp_21.json,3,inequalities,high
0607_w19_qp_21.json,4,probability,high
0607_w19_qp_21.json,5,topics in arithmetic,high
0607_w19_qp_21.json,6,sequences,high
0607_w19_qp_21.json,7,mensuration,high
0607_w19_qp_21.json,8,exponents and surds,high
0607_w19_qp_21.json,9(a),vectors,high
0607_w19_qp_21.json,9(b),vectors,high
0607_w19_qp_21.json,10,solving quadratic equations,high
0607_w19_qp_21.json,11,variation and proportion,high
0607_w19_qp_21.json,12(a),circle theorems,high
0607_w19_qp_21.json,12(b),circle theorems,high
0607_w19_qp_21.json,13(a),exponents and surds,high
0607_w19_qp_21.json,13(b),exponents and surds,high
0607_w19_qp_21.json,14,solving linear equations,high
0607_w19_qp_21.json,15,exponents and surds,high
0607_w19_qp_21.json,16,straight lines,high
0607_w19_qp_21.json,17,expanding and factorising,high
0607_w19_qp_22.json,1,topics in arithmetic,high
0607_w19_qp_22.json,2,topics in arithmetic,high
0607_w19_qp_22.json,3(a),topics in arithmetic,high
0607_w19_qp_22.json,3(b),topics in arithmetic,high
0607_w19_qp_22.json,4,angles,high
0607_w19_qp_22.json,5,topics in arithmetic,high
0607_w19_qp_22.json,6,angles,high
0607_w19_qp_22.json,7,trigonometry,high
0607_w19_qp_22.json,8,solving linear equations,high
0607_w19_qp_22.json,9,statistics,high
0607_w19_qp_22.json,10,straight lines,high
0607_w19_qp_22.json,11,expanding and factorising,high
0607_w19_qp_22.json,12(a),exponents and surds,high
0607_w19_qp_22.json,12(b),exponents and surds,high
0607_w19_qp_22.json,13,logarithms,high
0607_w19_qp_22.json,14,solving linear equations,high
0607_w19_qp_22.json,15,probability,high
0607_w19_qp_23.json,1(a),topics in arithmetic,high
0607_w19_qp_23.json,1(b),topics in arithmetic,high
0607_w19_qp_23.json,2(a),topics in arithmetic,high
0607_w19_qp_23.json,2(b),topics in arithmetic,high
0607_w19_qp_23.json,3(a),transformations,high
0607_w19_qp_23.json,3(b),transformations,high
0607_w19_qp_23.json,4,topics in arithmetic,high
0607_w19_qp_23.json,5(a),expanding and factorising,high
0607_w19_qp_23.json,5(b),expanding and factorising,high
0607_w19_qp_23.json,6,angles,high
0607_w19_qp_23.json,7,statistics,high
0607_w19_qp_23.json,8(a),probability,high
0607_w19_qp_23.json,8(b),probability,high
0607_w19_qp_23.json,8(c),probability,high
0607_w19_qp_23.json,9(a),inequalities,high
0607_w19_qp_23.json,9(b),inequalities,high
0607_w19_qp_23.json,10,solving linear equations,high
0607_w19_qp_23.json,11,exponents and surds,high
0607_w19_qp_23.json,12(a),straight lines,high
0607_w19_qp_23.json,12(b),straight lines,high
0607_w19_qp_23.json,12(c),straight lines,high
0607_w19_qp_23.json,13,similarity,medium
0607_w19_qp_23.json,14,functions,high
0607_w19_qp_23.json,15(a),statistics,high
0607_w19_qp_23.json,15(b),statistics,high
0607_w19_qp_41.json,1(a),statistics,high
0607_w19_qp_41.json,1(b),statistics,high
0607_w19_qp_41.json,1(c),statistics,high
0607_w19_qp_41.json,1(d),statistics,high
0607_w19_qp_41.json,1(e),statistics,high
0607_w19_qp_41.json,1(f),statistics,high
0607_w19_qp_41.json,2(a),topics in arithmetic,high
0607_w19_qp_41.json,2(b),topics in arithmetic,high
0607_w19_qp_41.json,2(c),topics in arithmetic,high
0607_w19_qp_41.json,3(a),functions,high
0607_w19_qp_41.json,3(b),functions,high
0607_w19_qp_41.json,3(c),functions,high
0607_w19_qp_41.json,3(d)(i),solving quadratic equations,medium
0607_w19_qp_41.json,3(d)(ii),expanding and factorising,medium
0607_w19_qp_41.json,4(a)(i),transformations,high
0607_w19_qp_41.json,4(a)(ii),transformations,high
0607_w19_qp_41.json,4(a)(iii),transformations,high
0607_w19_qp_41.json,4(b),transformations,high
0607_w19_qp_41.json,5(a),topics in arithmetic,high
0607_w19_qp_41.json,5(b),topics in arithmetic,high
0607_w19_qp_41.json,5(c),logarithms,medium
0607_w19_qp_41.json,6(a),probability,high
0607_w19_qp_41.json,6(b)(i),probability,high
0607_w19_qp_41.json,6(b)(ii),probability,high
0607_w19_qp_41.json,6(c),probability,high
0607_w19_qp_41.json,6(d),probability,high
0607_w19_qp_41.json,6(e),exponents and surds,medium
0607_w19_qp_41.json,6(f),probability,high
0607_w19_qp_41.json,7(a),trigonometry,high
0607_w19_qp_41.json,7(b),trigonometry,high
0607_w19_qp_41.json,7(c),trigonometry,high
0607_w19_qp_41.json,7(d),trigonometry,high
0607_w19_qp_41.json,7(e),mensuration,high
0607_w19_qp_41.json,8(a)(i),statistics,high
0607_w19_qp_41.json,8(a)(ii),statistics,high
0607_w19_qp_41.json,8(a)(iii),statistics,high
0607_w19_qp_41.json,8(b)(i),statistics,high
0607_w19_qp_41.json,8(b)(ii),statistics,high
0607_w19_qp_41.json,9(a),topics in arithmetic,high
0607_w19_qp_41.json,9(b),topics in arithmetic,high
0607_w19_qp_41.json,9(c),variation and proportion,medium
0607_w19_qp_41.json,9(d)(i),expanding and factorising,medium
0607_w19_qp_41.json,9(d)(ii),solving quadratic equations,high
0607_w19_qp_41.json,9(d)(iii),solving quadratic equations,high
0607_w19_qp_41.json,10(a)(i),functions,high
0607_w19_qp_41.json,10(a)(ii),functions,high
0607_w19_qp_41.json,10(b),functions,high
0607_w19_qp_41.json,10(c),functions,high
0607_w19_qp_41.json,10(d),functions,high
0607_w19_qp_41.json,10(e),functions,high
0607_w19_qp_41.json,10(f),functions,high
0607_w19_qp_41.json,10(g),functions,high
0607_w19_qp_41.json,11(a),trigonometry,high
0607_w19_qp_41.json,11(b),trigonometry,high
0607_w19_qp_41.json,11(c),inequalities,high
0607_w19_qp_41.json,11(d)(i),trigonometry,high
0607_w19_qp_41.json,11(d)(ii),inequalities,high
0607_w19_qp_41.json,11(d)(iii),transformations,high
0607_w19_qp_42.json,1(a),transformations,high
0607_w19_qp_42.json,1(b),transformations,high
0607_w19_qp_42.json,1(c),transformations,high
0607_w19_qp_42.json,1(d),transformations,high
0607_w19_qp_42.json,1(e),transformations,high
0607_w19_qp_42.json,2(a),functions,high
0607_w19_qp_42.json,2(b),functions,high
0607_w19_qp_42.json,2(c),functions,high
0607_w19_qp_42.json,2(d),functions,high
0607_w19_qp_42.json,2(e),functions,high
0607_w19_qp_42.json,2(f)(i),functions,high
0607_w19_qp_42.json,2(f)(ii),functions,high
0607_w19_qp_42.json,2(f)(iii),inequalities,high
0607_w19_qp_42.json,3(a),topics in arithmetic,high
0607_w19_qp_42.json,3(b),topics in arithmetic,high
0607_w19_qp_42.json,3(c)(i),topics in arithmetic,high
0607_w19_qp_42.json,3(c)(ii),topics in arithmetic,high
0607_w19_qp_42.json,4(a)(i),solving linear equations,high
0607_w19_qp_42.json,4(a)(ii),solving linear equations,high
0607_w19_qp_42.json,4(a)(iii),solving linear equations,high
0607_w19_qp_42.json,4(b),simultaneous equations,high
0607_w19_qp_42.json,5(a)(i),circle theorems,high
0607_w19_qp_42.json,5(a)(ii),circle theorems,high
0607_w19_qp_42.json,5(a)(iii),circle theorems,high
0607_w19_qp_42.json,5(a)(iv),circle theorems,high
0607_w19_qp_42.json,5(a)(v),circle theorems,high
0607_w19_qp_42.json,5(a)(vi),circle theorems,high
0607_w19_qp_42.json,5(b),circle theorems,high
0607_w19_qp_42.json,6(a),probability,high
0607_w19_qp_42.json,6(b),probability,high
0607_w19_qp_42.json,6(c),probability,high
0607_w19_qp_42.json,6(d),probability,high
0607_w19_qp_42.json,6(e),probability,high
0607_w19_qp_42.json,7(a)(i),expanding and factorising,high
0607_w19_qp_42.json,7(a)(ii),inequalities,high
0607_w19_qp_42.json,7(b),solving quadratic equations,high
0607_w19_qp_42.json,8(a),sets and Venn diagrams,high
0607_w19_qp_42.json,8(b)(i),sets and Venn diagrams,high
0607_w19_qp_42.json,8(b)(ii),sets and Venn diagrams,high
0607_w19_qp_42.json,8(b)(iii),sets and Venn diagrams,high
0607_w19_qp_42.json,9(a),mensuration,high
0607_w19_qp_42.json,9(b),similarity,high
0607_w19_qp_42.json,9(c),mensuration,high
0607_w19_qp_42.json,9(d),mensuration,high
0607_w19_qp_42.json,9(e),mensuration,high
0607_w19_qp_42.json,10(a),statistics,high
0607_w19_qp_42.json,10(b),statistics,high
0607_w19_qp_42.json,10(c),probability,high
0607_w19_qp_42.json,10(d)(i),statistics,high
0607_w19_qp_42.json,10(d)(ii),statistics,high
0607_w19_qp_42.json,11(a),trigonometry,high
0607_w19_qp_42.json,11(b)(i),trigonometry,high
0607_w19_qp_42.json,11(b)(ii),trigonometry,high
0607_w19_qp_42.json,12(a),functions,high
0607_w19_qp_42.json,12(b),functions,high
0607_w19_qp_42.json,12(c),functions,high
0607_w19_qp_42.json,12(d),functions,high
0607_w19_qp_43.json,1(a),topics in arithmetic,high
0607_w19_qp_43.json,1(b),topics in arithmetic,high
0607_w19_qp_43.json,1(c),topics in arithmetic,high
0607_w19_qp_43.json,2(a),statistics,high
0607_w19_qp_43.json,2(b),statistics,high
0607_w19_qp_43.json,2(c),statistics,high
0607_w19_qp_43.json,2(d),statistics,high
0607_w19_qp_43.json,2(e),statistics,high
0607_w19_qp_43.json,3(a),functions,high
0607_w19_qp_43.json,3(b),functions,high
0607_w19_qp_43.json,3(c),functions,high
0607_w19_qp_43.json,3(d),functions,high
0607_w19_qp_43.json,3(e),functions,high
0607_w19_qp_43.json,4(a),statistics,high
0607_w19_qp_43.json,4(b),statistics,high
0607_w19_qp_43.json,4(c),statistics,high
0607_w19_qp_43.json,4(d),statistics,high
0607_w19_qp_43.json,4(e),statistics,high
0607_w19_qp_43.json,5(a),transformations,high
0607_w19_qp_43.json,5(b),transformations,high
0607_w19_qp_43.json,5(c),transformations,high
0607_w19_qp_43.json,5(d),transformations,high
0607_w19_qp_43.json,6(a),straight lines,high
0607_w19_qp_43.json,6(b)(i),vectors,high
0607_w19_qp_43.json,6(b)(ii),vectors,high
0607_w19_qp_43.json,7(a)(i),mensuration,high
0607_w19_qp_43.json,7(a)(ii),mensuration,high
0607_w19_qp_43.json,7(a)(iii),mensuration,high
0607_w19_qp_43.json,7(b),mensuration,high
0607_w19_qp_43.json,7(c),similarity,high
0607_w19_qp_43.json,8(a),sets and Venn diagrams,high
0607_w19_qp_43.json,8(b),sets and Venn diagrams,high
0607_w19_qp_43.json,8(c),probability,high
0607_w19_qp_43.json,8(d),probability,high
0607_w19_qp_43.json,9(a),trigonometry,high
0607_w19_qp_43.json,9(b),circle theorems,high
0607_w19_qp_43.json,9(c),trigonometry,high
0607_w19_qp_43.json,9(d),circle theorems,high
0607_w19_qp_43.json,10(a),expanding and factorising,high
0607_w19_qp_43.json,10(b),expanding and factorising,high
0607_w19_qp_43.json,10(c),solving quadratic equations,high
0607_w19_qp_43.json,10(d),solving quadratic equations,high
0607_w19_qp_43.json,11(a)(i),exponents and surds,high
0607_w19_qp_43.json,11(a)(ii),logarithms,high
0607_w19_qp_43.json,11(a)(iii),logarithms,high
0607_w19_qp_43.json,11(b),logarithms,high
0607_w19_qp_43.json,12(a),functions,high
0607_w19_qp_43.json,12(b),functions,high
0607_w19_qp_43.json,12(c)(i),functions,high
0607_w19_qp_43.json,12(c)(ii),functions,high
0607_w19_qp_43.json,12(c)(iii),inequalities,high
0607_w19_qp_43.json,13(a),functions,high
0607_w19_qp_43.json,13(b),functions,high
0607_w19_qp_43.json,13(c),functions,high
0607_w19_qp_43.json,13(d),functions,high
0607_w19_qp_43.json,13(e),functions,high
0607_w19_qp_43.json,13(f),functions,high
0607_w20_qp_21.json,1,topics in arithmetic,high
0607_w20_qp_21.json,2,topics in arithmetic,high
0607_w20_qp_21.json,3,topics in arithmetic,high
0607_w20_qp_21.json,4,solving linear equations,high
0607_w20_qp_21.json,5,topics in arithmetic,high
0607_w20_qp_21.json,6,statistics,high
0607_w20_qp_21.json,7,variation and proportion,high
0607_w20_qp_21.json,8(a),vectors,high
0607_w20_qp_21.json,8(b),vectors,high
0607_w20_qp_21.json,9(a),topics in arithmetic,high
0607_w20_qp_21.json,9(b),topics in arithmetic,high
0607_w20_qp_21.json,10(a),expanding and factorising,high
0607_w20_qp_21.json,10(b),expanding and factorising,high
0607_w20_qp_21.json,10(c),expanding and factorising,high
0607_w20_qp_21.json,11,exponents and surds,high
0607_w20_qp_21.json,12(a),statistics,high
0607_w20_qp_21.json,12(b),statistics,high
0607_w20_qp_21.json,13,straight lines,high
0607_w20_qp_22.json,1,angles,high
0607_w20_qp_22.json,2,topics in arithmetic,high
0607_w20_qp_22.json,3(a),sequences,high
0607_w20_qp_22.json,3(b),sequences,high
0607_w20_qp_22.json,4,exponents and surds,high
0607_w20_qp_22.json,5,solving linear equations,high
0607_w20_qp_22.json,6,mensuration,high
0607_w20_qp_22.json,7,statistics,high
0607_w20_qp_22.json,8(a),topics in arithmetic,high
0607_w20_qp_22.json,8(b),topics in arithmetic,high
0607_w20_qp_22.json,8(c),topics in arithmetic,high
0607_w20_qp_22.json,9(a),probability,high
0607_w20_qp_22.json,9(b),probability,high
0607_w20_qp_22.json,9(c),probability,high
0607_w20_qp_22.json,10(a),expanding and factorising,high
0607_w20_qp_22.json,10(b),expanding and factorising,high
0607_w20_qp_22.json,11(a),sets and Venn diagrams,high
0607_w20_qp_22.json,11(b)(i),sets and Venn diagrams,high
0607_w20_qp_22.json,11(b)(ii),sets and Venn diagrams,high
0607_w20_qp_22.json,12(a),circle theorems,high
0607_w20_qp_22.json,12(b),circle theorems,high
0607_w20_qp_22.json,12(c),circle theorems,high
0607_w20_qp_22.json,13(a),logarithms,high
0607_w20_qp_22.json,13(b),logarithms,high
0607_w20_qp_22.json,14,variation and proportion,medium
0607_w20_qp_23.json,1,topics in arithmetic,high
0607_w20_qp_23.json,2,solving linear equations,high
0607_w20_qp_23.json,3,topics in arithmetic,high
0607_w20_qp_23.json,4,inequalities,high
0607_w20_qp_23.json,5,simultaneous equations,high
0607_w20_qp_23.json,6,mensuration,high
0607_w20_qp_23.json,7,trigonometry,high
0607_w20_qp_23.json,8(a),exponents and surds,high
0607_w20_qp_23.json,8(b),logarithms,high
0607_w20_qp_23.json,9,exponents and surds,high
0607_w20_qp_23.json,10,solving linear equations,high
0607_w20_qp_23.json,11,Pythagoras,medium
0607_w20_qp_23.json,12,angles,high
0607_w20_qp_23.json,13,exponents and surds,high
0607_w20_qp_23.json,14,variation and proportion,high
0607_w20_qp_23.json,15,logarithms,high
0607_w20_qp_23.json,16(a),trigonometry,high
0607_w20_qp_23.json,16(b),trigonometry,high
0607_w20_qp_23.json,17,expanding and factorising,high
0607_w20_qp_41.json,1(a),statistics,high
0607_w20_qp_41.json,1(b)(i),statistics,high
0607_w20_qp_41.json,1(b)(ii),statistics,high
0607_w20_qp_41.json,1(c)(i),statistics,high
0607_w20_qp_41.json,1(c)(ii),statistics,high
0607_w20_qp_41.json,2(a)(i),topics in arithmetic,high
0607_w20_qp_41.json,2(a)(ii),topics in arithmetic,high
0607_w20_qp_41.json,2(a)(iii),topics in arithmetic,high
0607_w20_qp_41.json,2(a)(iv),topics in arithmetic,high
0607_w20_qp_41.json,2(a)(v),topics in arithmetic,high
0607_w20_qp_41.json,2(b)(i),topics in arithmetic,high
0607_w20_qp_41.json,2(b)(ii),topics in arithmetic,high
0607_w20_qp_41.json,2(b)(iii),topics in arithmetic,high
0607_w20_qp_41.json,3(a),simultaneous equations,high
0607_w20_qp_41.json,3(b),solving quadratic equations,high
0607_w20_qp_41.json,4(a)(i),transformations,high
0607_w20_qp_41.json,4(a)(ii),transformations,high
0607_w20_qp_41.json,4(a)(iii),transformations,high
0607_w20_qp_41.json,4(b)(i),transformations,high
0607_w20_qp_41.json,4(b)(ii),transformations,high
0607_w20_qp_41.json,5(a),circle theorems,high
0607_w20_qp_41.json,5(b),circle theorems,high
0607_w20_qp_41.json,5(c),circle theorems,high
0607_w20_qp_41.json,5(d),circle theorems,high
0607_w20_qp_41.json,5(e),circle theorems,high
0607_w20_qp_41.json,5(f),circle theorems,high
0607_w20_qp_41.json,6(a),sequences,high
0607_w20_qp_41.json,6(b),sequences,high
0607_w20_qp_41.json,7(a),functions,high
0607_w20_qp_41.json,7(b),functions,high
0607_w20_qp_41.json,7(c),functions,high
0607_w20_qp_41.json,7(d),inequalities,high
0607_w20_qp_41.json,8(a),trigonometry,high
0607_w20_qp_41.json,8(b),trigonometry,high
0607_w20_qp_41.json,8(c),trigonometry,high
0607_w20_qp_41.json,8(d),trigonometry,high
0607_w20_qp_41.json,9(a)(i),mensuration,high
0607_w20_qp_41.json,9(a)(ii),similarity,high
0607_w20_qp_41.json,9(b)(i),mensuration,high
0607_w20_qp_41.json,9(b)(ii),similarity,high
0607_w20_qp_41.json,10(a),trigonometry,high
0607_w20_qp_41.json,10(b),trigonometry,high
0607_w20_qp_41.json,10(c),trigonometry,high
0607_w20_qp_41.json,10(d),trigonometry,high
0607_w20_qp_41.json,11(a)(i),probability,high
0607_w20_qp_41.json,11(a)(ii),probability,high
0607_w20_qp_41.json,11(b)(i),probability,high
0607_w20_qp_41.json,11(b)(ii),probability,high
0607_w20_qp_41.json,11(b)(iii),probability,high
0607_w20_qp_41.json,11(c)(i),probability,high
0607_w20_qp_41.json,11(c)(ii),probability,high
0607_w20_qp_41.json,12(a),solving linear equations,high
0607_w20_qp_41.json,12(b),solving linear equations,high
0607_w20_qp_41.json,12(c),logarithms,high
0607_w20_qp_41.json,12(d),logarithms,high
0607_w20_qp_42.json,1(a),topics in arithmetic,high
0607_w20_qp_42.json,1(b)(i),topics in arithmetic,high
0607_w20_qp_42.json,1(b)(ii),topics in arithmetic,high
0607_w20_qp_42.json,2(a),transformations,high
0607_w20_qp_42.json,2(b),transformations,high
0607_w20_qp_42.json,2(c),transformations,high
0607_w20_qp_42.json,2(d),transformations,high
0607_w20_qp_42.json,2(e),transformations,high
0607_w20_qp_42.json,3(a),statistics,high
0607_w20_qp_42.json,3(b),statistics,high
0607_w20_qp_42.json,3(c),statistics,high
0607_w20_qp_42.json,3(d),statistics,high
0607_w20_qp_42.json,4(a),functions,high
0607_w20_qp_42.json,4(b),functions,high
0607_w20_qp_42.json,4(c),functions,high
0607_w20_qp_42.json,4(d)(i),functions,high
0607_w20_qp_42.json,4(d)(ii),inequalities,high
0607_w20_qp_42.json,5(a),topics in arithmetic,high
0607_w20_qp_42.json,5(b),topics in arithmetic,high
0607_w20_qp_42.json,5(c),topics in arithmetic,high
0607_w20_qp_42.json,6(a),trigonometry,high
0607_w20_qp_42.json,6(b),trigonometry,high
0607_w20_qp_42.json,6(c),trigonometry,high
0607_w20_qp_42.json,6(d),trigonometry,high
0607_w20_qp_42.json,7(a),straight lines,high
0607_w20_qp_42.json,7(b),straight lines,high
0607_w20_qp_42.json,7(c),straight lines,high
0607_w20_qp_42.json,7(d),straight lines,high
0607_w20_qp_42.json,7(e)(i),straight lines,high
0607_w20_qp_42.json,7(e)(ii),straight lines,high
0607_w20_qp_42.json,7(f),straight lines,high
0607_w20_qp_42.json,8(a),probability,high
0607_w20_qp_42.json,8(b)(i),probability,high
0607_w20_qp_42.json,8(b)(ii),probability,high
0607_w20_qp_42.json,8(c),probability,high
0607_w20_qp_42.json,8(d),probability,high
0607_w20_qp_42.json,9(a)(i),statistics,high
0607_w20_qp_42.json,9(a)(ii),statistics,high
0607_w20_qp_42.json,9(b),statistics,high
0607_w20_qp_42.json,10(a),variation and proportion,high
0607_w20_qp_42.json,10(b),variation and proportion,high
0607_w20_qp_42.json,10(c),variation and proportion,high
0607_w20_qp_42.json,10(d),variation and proportion,high
0607_w20_qp_42.json,11(a),functions,high
0607_w20_qp_42.json,11(b),functions,high
0607_w20_qp_42.json,11(c)(i),functions,high
0607_w20_qp_42.json,11(c)(ii),functions,high
0607_w20_qp_42.json,11(d),functions,high
0607_w20_qp_42.json,11(e),functions,high
0607_w20_qp_42.json,12(a)(i),vectors,high
0607_w20_qp_42.json,12(a)(ii),vectors,high
0607_w20_qp_42.json,12(a)(iii),vectors,high
0607_w20_qp_42.json,12(b),vectors,high
0607_w21_qp_21.json,1(a),topics in arithmetic,high
0607_w21_qp_21.json,1(b),topics in arithmetic,high
0607_w21_qp_21.json,2(a),topics in arithmetic,high
0607_w21_qp_21.json,2(b),topics in arithmetic,high
0607_w21_qp_21.json,3,transformations,medium
0607_w21_qp_21.json,4,statistics,high
0607_w21_qp_21.json,5,solving linear equations,high
0607_w21_qp_21.json,6(a),topics in arithmetic,high
0607_w21_qp_21.json,6(b)(i),exponents and surds,high
0607_w21_qp_21.json,6(b)(ii),exponents and surds,high
0607_w21_qp_21.json,7(a),probability,high
0607_w21_qp_21.json,7(b)(i),probability,high
0607_w21_qp_21.json,7(b)(ii),probability,high
0607_w21_qp_21.json,8,simultaneous equations,high
0607_w21_qp_21.json,9,variation and proportion,high
0607_w21_qp_21.json,10,mensuration,high
0607_w21_qp_21.json,11,exponents and surds,high
0607_w21_qp_21.json,12(a),inequalities,high
0607_w21_qp_21.json,12(b),inequalities,high
0607_w21_qp_21.json,13,solving quadratic equations,medium
0607_w21_qp_21.json,14(a),logarithms,high
0607_w21_qp_21.json,14(b),logarithms,high
0607_w21_qp_22.json,1,topics in arithmetic,high
0607_w21_qp_22.json,2,transformations,high
0607_w21_qp_22.json,3(a),topics in arithmetic,high
0607_w21_qp_22.json,3(b),topics in arithmetic,high
0607_w21_qp_22.json,4,inequalities,high
0607_w21_qp_22.json,5,topics in arithmetic,high
0607_w21_qp_22.json,6,inequalities,high
0607_w21_qp_22.json,7,angles,high
0607_w21_qp_22.json,8,functions,high
0607_w21_qp_22.json,9,mensuration,high
0607_w21_qp_22.json,10(a),sets and Venn diagrams,high
0607_w21_qp_22.json,10(b),sets and Venn diagrams,high
0607_w21_qp_22.json,10(c),sets and Venn diagrams,high
0607_w21_qp_22.json,11,solving linear equations,high
0607_w21_qp_22.json,12,exponents and surds,high
0607_w21_qp_22.json,13,circle theorems,high
0607_w21_qp_22.json,14,exponents and surds,high
0607_w21_qp_22.json,15,solving linear equations,high
0607_w21_qp_22.json,16,expanding and factorising,high
0607_w21_qp_22.json,17,exponents and surds,high
0607_w21_qp_22.json,18,expanding and factorising,high
0607_w21_qp_22.json,19,logarithms,high
0607_w21_qp_22.json,20(a),trigonometry,high
0607_w21_qp_22.json,20(b),trigonometry,high
0607_w21_qp_23.json,1(a),topics in arithmetic,high
0607_w21_qp_23.json,1(b),topics in arithmetic,high
0607_w21_qp_23.json,2,topics in arithmetic,high
0607_w21_qp_23.json,3,topics in arithmetic,high
0607_w21_qp_23.json,4(a),solving linear equations,high
0607_w21_qp_23.json,4(b),solving linear equations,high
0607_w21_qp_23.json,5(a),solving linear equations,high
0607_w21_qp_23.json,5(b),statistics,high
0607_w21_qp_23.json,6(a),exponents and surds,high
0607_w21_qp_23.json,6(b),exponents and surds,high
0607_w21_qp_23.json,7,Pythagoras,high
0607_w21_qp_23.json,8(a),angles,high
0607_w21_qp_23.json,8(b),angles,high
0607_w21_qp_23.json,9,expanding and factorising,high
0607_w21_qp_23.json,10,simultaneous equations,high
0607_w21_qp_23.json,11(a),functions,high
0607_w21_qp_23.json,11(b),functions,high
0607_w21_qp_23.json,12,expanding and factorising,high
0607_w21_qp_23.json,13,probability,high
0607_w21_qp_41.json,1(a),topics in arithmetic,high
0607_w21_qp_41.json,1(b),topics in arithmetic,high
0607_w21_qp_41.json,1(c),topics in arithmetic,high
0607_w21_qp_41.json,2(a)(i),transformations,high
0607_w21_qp_41.json,2(a)(ii),transformations,high
0607_w21_qp_41.json,2(a)(iii),transformations,high
0607_w21_qp_41.json,2(b)(i),transformations,high
0607_w21_qp_41.json,2(b)(ii),transformations,high
0607_w21_qp_41.json,3(a),statistics,high
0607_w21_qp_41.json,3(b),statistics,high
0607_w21_qp_41.json,3(c),statistics,high
0607_w21_qp_41.json,3(d),statistics,high
0607_w21_qp_41.json,3(e),statistics,high
0607_w21_qp_41.json,4(a)(i),statistics,high
0607_w21_qp_41.json,4(a)(ii),statistics,high
0607_w21_qp_41.json,4(a)(iii),statistics,high
0607_w21_qp_41.json,4(a)(iv),statistics,high
0607_w21_qp_41.json,4(b),statistics,high
0607_w21_qp_41.json,5(a),functions,high
0607_w21_qp_41.json,5(b),functions,high
0607_w21_qp_41.json,5(c),functions,high
0607_w21_qp_41.json,5(d),functions,high
0607_w21_qp_41.json,5(e),functions,high
0607_w21_qp_41.json,6(a),statistics,high
0607_w21_qp_41.json,6(b),statistics,high
0607_w21_qp_41.json,6(c),statistics,high
0607_w21_qp_41.json,7(a),sequences,high
0607_w21_qp_41.json,7(b)(i),sequences,high
0607_w21_qp_41.json,7(b)(ii),sequences,high
0607_w21_qp_41.json,7(b)(iii),sequences,high
0607_w21_qp_41.json,8(a),mensuration,high
0607_w21_qp_41.json,8(b),mensuration,high
0607_w21_qp_41.json,8(c),Pythagoras,high
0607_w21_qp_41.json,8(d),trigonometry,high
0607_w21_qp_41.json,8(e),similarity,high
0607_w21_qp_41.json,9(a),simultaneous equations,high
0607_w21_qp_41.json,9(b),solving quadratic equations,high
0607_w21_qp_41.json,10(a),functions,high
0607_w21_qp_41.json,10(b),functions,high
0607_w21_qp_41.json,10(c),functions,high
0607_w21_qp_41.json,10(d),functions,high
0607_w21_qp_41.json,11(a),trigonometry,high
0607_w21_qp_41.json,11(b)(i),trigonometry,high
0607_w21_qp_41.json,11(b)(ii),trigonometry,high
0607_w21_qp_41.json,11(c),trigonometry,high
0607_w21_qp_41.json,12(a)(i),sets and Venn diagrams,high
0607_w21_qp_41.json,12(a)(ii),sets and Venn diagrams,high
0607_w21_qp_41.json,12(b)(i),probability,high
0607_w21_qp_41.json,12(b)(ii),probability,high
0607_w21_qp_41.json,12(b)(iii),probability,high
0607_w21_qp_41.json,13(a),solving linear equations,high
0607_w21_qp_41.json,13(b)(i),functions,high
0607_w21_qp_41.json,13(b)(ii),transformations,high
0607_w21_qp_41.json,13(b)(iii),transformations,high
0607_w21_qp_42.json,1(a)(i),topics in arithmetic,high
0607_w21_qp_42.json,1(a)(ii),topics in arithmetic,high
0607_w21_qp_42.json,1(b)(i),topics in arithmetic,high
0607_w21_qp_42.json,1(b)(ii),topics in arithmetic,high
0607_w21_qp_42.json,2(a),functions,high
0607_w21_qp_42.json,2(b),functions,high
0607_w21_qp_42.json,2(c),functions,high
0607_w21_qp_42.json,2(d),functions,high
0607_w21_qp_42.json,2(e)(i),functions,high
0607_w21_qp_42.json,2(e)(ii),functions,high
0607_w21_qp_42.json,2(f),functions,high
0607_w21_qp_42.json,3(a)(i),sequences,high
0607_w21_qp_42.json,3(a)(ii),sequences,high
0607_w21_qp_42.json,3(b),sequences,high
0607_w21_qp_42.json,4(a)(i),statistics,high
0607_w21_qp_42.json,4(a)(ii),statistics,high
0607_w21_qp_42.json,4(a)(iii),statistics,high
0607_w21_qp_42.json,4(a)(iv),statistics,high
0607_w21_qp_42.json,4(b),statistics,high
0607_w21_qp_42.json,5(a)(i),transformations,high
0607_w21_qp_42.json,5(a)(ii),transformations,high
0607_w21_qp_42.json,5(a)(iii),transformations,high
0607_w21_qp_42.json,5(a)(iv),transformations,high
0607_w21_qp_42.json,5(a)(v),transformations,high
0607_w21_qp_42.json,5(b)(i),transformations,high
0607_w21_qp_42.json,5(b)(ii),transformations,high
0607_w21_qp_42.json,6(a)(i),vectors,high
0607_w21_qp_42.json,6(a)(ii),vectors,high
0607_w21_qp_42.json,6(a)(iii),vectors,high
0607_w21_qp_42.json,6(a)(iv),vectors,high
0607_w21_qp_42.json,6(b)(i),straight lines,high
0607_w21_qp_42.json,6(b)(ii),straight lines,high
0607_w21_qp_42.json,7(a),simultaneous equations,high
0607_w21_qp_42.json,7(b),solving quadratic equations,high
0607_w21_qp_42.json,8(a)(i)(a),functions,high
0607_w21_qp_42.json,8(a)(i)(b),functions,high
0607_w21_qp_42.json,8(a)(ii),functions,high
0607_w21_qp_42.json,8(a)(iii),functions,high
0607_w21_qp_42.json,8(a)(iv),functions,high
0607_w21_qp_42.json,8(a)(v),functions,high
0607_w21_qp_42.json,8(b)(i),exponents and surds,high
0607_w21_qp_42.json,8(b)(ii),functions,high
0607_w21_qp_42.json,9(a),sequences,high
0607_w21_qp_42.json,9(b),variation and proportion,high
0607_w21_qp_42.json,10(a),probability,high
0607_w21_qp_42.json,10(b),probability,high
0607_w21_qp_42.json,11(a),mensuration,high
0607_w21_qp_42.json,11(b)(i),trigonometry,high
0607_w21_qp_42.json,11(b)(ii),trigonometry,high
0607_w21_qp_43.json,1(a)(i),statistics,high
0607_w21_qp_43.json,1(a)(ii),statistics,high
0607_w21_qp_43.json,1(a)(iii),statistics,high
0607_w21_qp_43.json,1(a)(iv),statistics,high
0607_w21_qp_43.json,1(a)(v),statistics,high
0607_w21_qp_43.json,1(b),statistics,high
0607_w21_qp_43.json,2(a),transformations,high
0607_w21_qp_43.json,2(b),transformations,high
0607_w21_qp_43.json,2(c),transformations,high
0607_w21_qp_43.json,2(d),transformations,high
0607_w21_qp_43.json,3(a)(i),topics in arithmetic,high
0607_w21_qp_43.json,3(a)(ii),topics in arithmetic,high
0607_w21_qp_43.json,3(b)(i),topics in arithmetic,high
0607_w21_qp_43.json,3(b)(ii),topics in arithmetic,high
0607_w21_qp_43.json,4(a),straight lines,high
0607_w21_qp_43.json,4(b),straight lines,high
0607_w21_qp_43.json,4(c),straight lines,high
0607_w21_qp_43.json,4(d),straight lines,high
0607_w21_qp_43.json,4(e),straight lines,high
0607_w21_qp_43.json,5(a)(i),variation and proportion,high
0607_w21_qp_43.json,5(a)(ii),variation and proportion,high
0607_w21_qp_43.json,5(b)(i),topics in arithmetic,high
0607_w21_qp_43.json,5(b)(ii),topics in arithmetic,high
0607_w21_qp_43.json,6(a),sets and Venn diagrams,high
0607_w21_qp_43.json,6(b),sets and Venn diagrams,high
0607_w21_qp_43.json,6(c)(i),sets and Venn diagrams,high
0607_w21_qp_43.json,6(c)(ii),sets and Venn diagrams,high
0607_w21_qp_43.json,6(c)(iii),sets and Venn diagrams,high
0607_w21_qp_43.json,6(d),sets and Venn diagrams,high
0607_w21_qp_43.json,7(a)(i),variation and proportion,high
0607_w21_qp_43.json,7(a)(ii),variation and proportion,high
0607_w21_qp_43.json,7(b),variation and proportion,high
0607_w21_qp_43.json,8(a),functions,high
0607_w21_qp_43.json,8(b),functions,high
0607_w21_qp_43.json,8(c),functions,high
0607_w21_qp_43.json,8(d)(i),transformations,high
0607_w21_qp_43.json,8(d)(ii),functions,high
0607_w21_qp_43.json,8(d)(iii),inequalities,high
0607_w21_qp_43.json,9(a),circle theorems,high
0607_w21_qp_43.json,9(b)(i),circle theorems,high
0607_w21_qp_43.json,9(b)(ii),circle theorems,high
0607_w21_qp_43.json,9(b)(iii),circle theorems,high
0607_w21_qp_43.json,9(c),circle theorems,high
0607_w21_qp_43.json,9(d)(i),similarity,high
0607_w21_qp_43.json,9(d)(ii),similarity,high
0607_w21_qp_43.json,10(a),mensuration,high
0607_w21_qp_43.json,10(b),mensuration,high
0607_w21_qp_43.json,10(c),similarity,high
0607_w21_qp_43.json,11(a),trigonometry,high
0607_w21_qp_43.json,11(b),trigonometry,high
0607_w21_qp_43.json,11(c),trigonometry,high
0607_w21_qp_43.json,12(a)(i),solving linear equations,high
0607_w21_qp_43.json,12(a)(ii),inequalities,high
0607_w21_qp_43.json,12(b)(i),solving quadratic equations,high
0607_w21_qp_43.json,12(b)(ii),trigonometry,high
0607_w21_qp_43.json,13(a),probability,high
0607_w21_qp_43.json,13(b)(i),probability,high
0607_w21_qp_43.json,13(b)(ii),probability,high
0607_w21_qp_43.json,13(b)(iii),probability,high
0607_w22_qp_21.json,1(a),topics in arithmetic,high
0607_w22_qp_21.json,1(b),topics in arithmetic,high
0607_w22_qp_21.json,2(a),topics in arithmetic,high
0607_w22_qp_21.json,2(b),topics in arithmetic,high
0607_w22_qp_21.json,3,expanding and factorising,high
0607_w22_qp_21.json,4,mensuration,high
0607_w22_qp_21.json,5,exponents and surds,high
0607_w22_qp_21.json,6(a),exponents and surds,high
0607_w22_qp_21.json,6(b),exponents and surds,high
0607_w22_qp_21.json,7(a),statistics,high
0607_w22_qp_21.json,7(b),statistics,high
0607_w22_qp_21.json,8(a),sequences,high
0607_w22_qp_21.json,8(b),sequences,high
0607_w22_qp_21.json,9(a),angles,high
0607_w22_qp_21.json,9(b),angles,high
0607_w22_qp_21.json,10,straight lines,high
0607_w22_qp_21.json,11(a),solving quadratic equations,high
0607_w22_qp_21.json,11(b),solving linear equations,high
0607_w22_qp_21.json,12,probability,high
0607_w22_qp_21.json,13,logarithms,high
0607_w22_qp_21.json,14,mensuration,high
0607_w22_qp_22.json,1(a),statistics,high
0607_w22_qp_22.json,1(b),statistics,high
0607_w22_qp_22.json,2,angles,high
0607_w22_qp_22.json,3,topics in arithmetic,high
0607_w22_qp_22.json,4(a),exponents and surds,high
0607_w22_qp_22.json,4(b),exponents and surds,high
0607_w22_qp_22.json,5(a),probability,high
0607_w22_qp_22.json,5(b),probability,high
0607_w22_qp_22.json,6,inequalities,high
0607_w22_qp_22.json,7(a),transformations,high
0607_w22_qp_22.json,7(b),transformations,high
0607_w22_qp_22.json,8,exponents and surds,high
0607_w22_qp_22.json,9,variation and proportion,high
0607_w22_qp_22.json,10,trigonometry,high
0607_w22_qp_22.json,11,expanding and factorising,high
0607_w22_qp_22.json,12(a),functions,high
0607_w22_qp_22.json,12(b),functions,high
0607_w22_qp_22.json,13(a),circle theorems,high
0607_w22_qp_22.json,13(b),circle theorems,high
0607_w22_qp_22.json,14,logarithms,high
0607_w22_qp_23.json,1,angles,high
0607_w22_qp_23.json,2,solving linear equations,high
0607_w22_qp_23.json,3,topics in arithmetic,high
0607_w22_qp_23.json,4,topics in arithmetic,high
0607_w22_qp_23.json,5(a),probability,high
0607_w22_qp_23.json,5(b),probability,high
0607_w22_qp_23.json,6,mensuration,high
0607_w22_qp_23.json,7,exponents and surds,high
0607_w22_qp_23.json,8(a),similarity,high
0607_w22_qp_23.json,8(b),similarity,high
0607_w22_qp_23.json,9(a),sets and Venn diagrams,high
0607_w22_qp_23.json,9(b),sets and Venn diagrams,high
0607_w22_qp_23.json,9(c),sets and Venn diagrams,high
0607_w22_qp_23.json,10,solving linear equations,medium
0607_w22_qp_23.json,11(a),circle theorems,high
0607_w22_qp_23.json,11(b),circle theorems,high
0607_w22_qp_23.json,11(c),circle theorems,high
0607_w22_qp_23.json,11(d),circle theorems,high
0607_w22_qp_23.json,12,topics in arithmetic,high
0607_w22_qp_23.json,13(a),expanding and factorising,high
0607_w22_qp_23.json,13(b),expanding and factorising,high
0607_w22_qp_23.json,14,exponents and surds,high
0607_w22_qp_23.json,15,logarithms,high
0607_w22_qp_23.json,16,exponents and surds,high
0607_w22_qp_23.json,17,expanding and factorising,medium
0607_w22_qp_41.json,1(a),transformations,high
0607_w22_qp_41.json,1(b),transformations,high
0607_w22_qp_41.json,1(c),transformations,high
0607_w22_qp_41.json,1(d),transformations,high
0607_w22_qp_41.json,2(a)(i),statistics,high
0607_w22_qp_41.json,2(a)(ii),statistics,high
0607_w22_qp_41.json,2(b),statistics,high
0607_w22_qp_41.json,2(c),straight lines,high
0607_w22_qp_41.json,2(d)(i),straight lines,high
0607_w22_qp_41.json,2(d)(ii),straight lines,high
0607_w22_qp_41.json,2(e),statistics,high
0607_w22_qp_41.json,3(a),topics in arithmetic,high
0607_w22_qp_41.json,3(b)(i),topics in arithmetic,high
0607_w22_qp_41.json,3(b)(ii),topics in arithmetic,high
0607_w22_qp_41.json,3(c),solving linear equations,high
0607_w22_qp_41.json,3(d),topics in arithmetic,high
0607_w22_qp_41.json,4(a),circle theorems,high
0607_w22_qp_41.json,4(b)(i),circle theorems,high
0607_w22_qp_41.json,4(b)(ii),circle theorems,high
0607_w22_qp_41.json,4(b)(iii),circle theorems,high
0607_w22_qp_41.json,4(c)(i),similarity,high
0607_w22_qp_41.json,4(c)(ii),similarity,high
0607_w22_qp_41.json,5(a),functions,high
0607_w22_qp_41.json,5(b),functions,high
0607_w22_qp_41.json,5(c),functions,high
0607_w22_qp_41.json,5(d),functions,high
0607_w22_qp_41.json,5(e),functions,high
0607_w22_qp_41.json,5(f),inequalities,high
0607_w22_qp_41.json,6(a),variation and proportion,high
0607_w22_qp_41.json,6(b),variation and proportion,high
0607_w22_qp_41.json,7(a),simultaneous equations,high
0607_w22_qp_41.json,7(b)(i),functions,high
0607_w22_qp_41.json,7(b)(ii),functions,high
0607_w22_qp_41.json,7(b)(iii),functions,high
0607_w22_qp_41.json,7(b)(iv),functions,high
0607_w22_qp_41.json,8(a),statistics,high
0607_w22_qp_41.json,8(b)(i),statistics,high
0607_w22_qp_41.json,8(b)(ii),statistics,high
0607_w22_qp_41.json,8(c),statistics,high
0607_w22_qp_41.json,8(d),statistics,high
0607_w22_qp_41.json,8(e),statistics,high
0607_w22_qp_41.json,9(a)(i),expanding and factorising,high
0607_w22_qp_41.json,9(a)(ii),expanding and factorising,high
0607_w22_qp_41.json,9(b),expanding and factorising,high
0607_w22_qp_41.json,9(c),solving quadratic equations,high
0607_w22_qp_41.json,10(a)(i),probability,high
0607_w22_qp_41.json,10(a)(ii),probability,high
0607_w22_qp_41.json,10(b),probability,high
0607_w22_qp_41.json,11(a),trigonometry,high
0607_w22_qp_41.json,11(b),trigonometry,high
0607_w22_qp_41.json,11(c),trigonometry,high
0607_w22_qp_41.json,11(d),trigonometry,high
0607_w22_qp_41.json,12(a)(i),exponents and surds,high
0607_w22_qp_41.json,12(a)(ii),exponents and surds,high
0607_w22_qp_41.json,12(b)(i),exponents and surds,high
0607_w22_qp_41.json,12(b)(ii),solving linear equations,high
0607_w22_qp_41.json,12(c)(i),exponents and surds,high
0607_w22_qp_41.json,12(c)(ii),exponents and surds,high
0607_w22_qp_42.json,1(a),topics in arithmetic,high
0607_w22_qp_42.json,1(b)(i),topics in arithmetic,high
0607_w22_qp_42.json,1(b)(ii),topics in arithmetic,high
0607_w22_qp_42.json,2(a),statistics,high
0607_w22_qp_42.json,2(b),statistics,high
0607_w22_qp_42.json,2(c),straight lines,high
0607_w22_qp_42.json,2(d),straight lines,high
0607_w22_qp_42.json,2(e),statistics,high
0607_w22_qp_42.json,3(a),topics in arithmetic,high
0607_w22_qp_42.json,3(b),topics in arithmetic,high
0607_w22_qp_42.json,3(c)(i),topics in arithmetic,high
0607_w22_qp_42.json,3(c)(ii),topics in arithmetic,high
0607_w22_qp_42.json,4(a),straight lines,high
0607_w22_qp_42.json,4(b),straight lines,high
0607_w22_qp_42.json,4(c),straight lines,high
0607_w22_qp_42.json,5(a)(i),statistics,high
0607_w22_qp_42.json,5(a)(ii),statistics,high
0607_w22_qp_42.json,5(b),statistics,high
0607_w22_qp_42.json,5(c),statistics,high
0607_w22_qp_42.json,5(d),statistics,high
0607_w22_qp_42.json,6(a)(i),expanding and factorising,high
0607_w22_qp_42.json,6(a)(ii),expanding and factorising,high
0607_w22_qp_42.json,6(b)(i),solving linear equations,high
0607_w22_qp_42.json,6(b)(ii),solving linear equations,high
0607_w22_qp_42.json,6(c)(i),exponents and surds,high
0607_w22_qp_42.json,6(c)(ii),logarithms,high
0607_w22_qp_42.json,6(c)(iii),solving linear equations,high
0607_w22_qp_42.json,6(d),solving quadratic equations,high
0607_w22_qp_42.json,7(a),mensuration,high
0607_w22_qp_42.json,7(b)(i),mensuration,high
0607_w22_qp_42.json,7(b)(ii),mensuration,high
0607_w22_qp_42.json,8(a),sets and Venn diagrams,high
0607_w22_qp_42.json,8(b)(i),sets and Venn diagrams,high
0607_w22_qp_42.json,8(b)(ii),sets and Venn diagrams,high
0607_w22_qp_42.json,8(b)(iii),sets and Venn diagrams,high
0607_w22_qp_42.json,8(b)(iv),sets and Venn diagrams,high
0607_w22_qp_42.json,9(a),probability,high
0607_w22_qp_42.json,9(b),probability,high
0607_w22_qp_42.json,9(c),probability,high
0607_w22_qp_42.json,9(d),probability,high
0607_w22_qp_42.json,9(e),probability,high
0607_w22_qp_42.json,10(a),trigonometry,high
0607_w22_qp_42.json,10(b),mensuration,high
0607_w22_qp_42.json,10(c),mensuration,high
0607_w22_qp_42.json,10(d),similarity,high
0607_w22_qp_42.json,11(a),functions,high
0607_w22_qp_42.json,11(b),functions,high
0607_w22_qp_42.json,11(c)(i),functions,high
0607_w22_qp_42.json,11(c)(ii),functions,high
0607_w22_qp_42.json,11(c)(iii),functions,high
0607_w22_qp_42.json,11(d)(i),functions,high
0607_w22_qp_42.json,11(d)(ii),inequalities,high
0607_w22_qp_42.json,12(a),expanding and factorising,high
0607_w22_qp_42.json,12(b)(i),sequences,high
0607_w22_qp_42.json,12(b)(ii),expanding and factorising,high
0607_w22_qp_43.json,1(a),transformations,high
0607_w22_qp_43.json,1(b),transformations,high
0607_w22_qp_43.json,1(c),transformations,high
0607_w22_qp_43.json,1(d),transformations,high
0607_w22_qp_43.json,2(a),functions,high
0607_w22_qp_43.json,2(b),functions,high
0607_w22_qp_43.json,2(c),functions,high
0607_w22_qp_43.json,2(d),functions,high
0607_w22_qp_43.json,2(e),functions,high
0607_w22_qp_43.json,2(f)(i),solving quadratic equations,medium
0607_w22_qp_43.json,2(f)(ii),expanding and factorising,high
0607_w22_qp_43.json,3(a),solving linear equations,high
0607_w22_qp_43.json,3(b),simultaneous equations,high
0607_w22_qp_43.json,4,sequences,high
0607_w22_qp_43.json,5(a)(i),topics in arithmetic,high
0607_w22_qp_43.json,5(a)(ii),topics in arithmetic,high
0607_w22_qp_43.json,5(a)(iii),topics in arithmetic,high
0607_w22_qp_43.json,5(b)(i),topics in arithmetic,high
0607_w22_qp_43.json,5(b)(ii),topics in arithmetic,high
0607_w22_qp_43.json,5(c),topics in arithmetic,high
0607_w22_qp_43.json,6(a)(i),vectors,high
0607_w22_qp_43.json,6(a)(ii),vectors,high
0607_w22_qp_43.json,6(a)(iii),vectors,high
0607_w22_qp_43.json,6(b)(i),vectors,high
0607_w22_qp_43.json,6(b)(ii),vectors,high
0607_w22_qp_43.json,6(c),straight lines,high
0607_w22_qp_43.json,7(a)(i),statistics,high
0607_w22_qp_43.json,7(a)(ii),statistics,high
0607_w22_qp_43.json,7(b)(i),statistics,high
0607_w22_qp_43.json,7(b)(ii),statistics,high
0607_w22_qp_43.json,7(b)(iii),statistics,high
0607_w22_qp_43.json,7(b)(iv),statistics,high
0607_w22_qp_43.json,7(c)(i),probability,high
0607_w22_qp_43.json,7(c)(ii),probability,high
0607_w22_qp_43.json,8(a)(i),trigonometry,high
0607_w22_qp_43.json,8(a)(ii),trigonometry,high
0607_w22_qp_43.json,8(b),trigonometry,high
0607_w22_qp_43.json,8(c),trigonometry,high
0607_w22_qp_43.json,8(d),trigonometry,high
0607_w22_qp_43.json,9(a)(i),functions,high
0607_w22_qp_43.json,9(a)(ii),functions,high
0607_w22_qp_43.json,9(a)(iii),functions,high
0607_w22_qp_43.json,9(a)(iv),functions,high
0607_w22_qp_43.json,9(a)(v),functions,high
0607_w22_qp_43.json,9(a)(vi),trigonometry,high
0607_w22_qp_43.json,9(b)(i),functions,high
0607_w22_qp_43.json,9(b)(ii),functions,high
0607_w22_qp_43.json,10(a),variation and proportion,high
0607_w22_qp_43.json,10(b),variation and proportion,high
0607_w23_qp_21.json,1,angles,high
0607_w23_qp_21.json,2(a),statistics,high
0607_w23_qp_21.json,2(b),statistics,high
0607_w23_qp_21.json,3,straight lines,high
0607_w23_qp_21.json,4(a),topics in arithmetic,high
0607_w23_qp_21.json,4(b),exponents and surds,high
0607_w23_qp_21.json,4(c),inequalities,high
0607_w23_qp_21.json,4(d),topics in arithmetic,high
0607_w23_qp_21.json,5,solving linear equations,high
0607_w23_qp_21.json,6,sequences,high
0607_w23_qp_21.json,7(a),topics in arithmetic,high
0607_w23_qp_21.json,7(b),solving linear equations,high
0607_w23_qp_21.json,8,Pythagoras,high
0607_w23_qp_21.json,9,probability,high
0607_w23_qp_21.json,10,exponents and surds,high
0607_w23_qp_21.json,11,mensuration,high
0607_w23_qp_21.json,12,circle theorems,high
0607_w23_qp_21.json,13,variation and proportion,high
0607_w23_qp_21.json,14,straight lines,high
0607_w23_qp_21.json,15,exponents and surds,high
0607_w23_qp_21.json,16,logarithms,high
0607_w23_qp_22.json,1,topics in arithmetic,high
0607_w23_qp_22.json,2,topics in arithmetic,high
0607_w23_qp_22.json,3,solving linear equations,high
0607_w23_qp_22.json,4,topics in arithmetic,high
0607_w23_qp_22.json,5(a),statistics,high
0607_w23_qp_22.json,5(b),statistics,high
0607_w23_qp_22.json,6(a),topics in arithmetic,high
0607_w23_qp_22.json,6(b),topics in arithmetic,high
0607_w23_qp_22.json,7,exponents and surds,high
0607_w23_qp_22.json,8,topics in arithmetic,high
0607_w23_qp_22.json,9,expanding and factorising,high
0607_w23_qp_22.json,10(a),straight lines,high
0607_w23_qp_22.json,10(b),straight lines,high
0607_w23_qp_22.json,11(a),sets and Venn diagrams,high
0607_w23_qp_22.json,11(b),sets and Venn diagrams,high
0607_w23_qp_22.json,11(c),sets and Venn diagrams,high
0607_w23_qp_22.json,12,solving quadratic equations,high
0607_w23_qp_22.json,13,vectors,high
0607_w23_qp_22.json,14,solving linear equations,high
0607_w23_qp_22.json,15(a),functions,high
0607_w23_qp_22.json,15(b),functions,high
0607_w23_qp_22.json,16(a),logarithms,high
0607_w23_qp_22.json,16(b),logarithms,high
0607_w23_qp_23.json,1(a),topics in arithmetic,high
0607_w23_qp_23.json,1(b),topics in arithmetic,high
0607_w23_qp_23.json,2,angles,high
0607_w23_qp_23.json,3,topics in arithmetic,high
0607_w23_qp_23.json,4(a),inequalities,high
0607_w23_qp_23.json,4(b),inequalities,high
0607_w23_qp_23.json,5(a),statistics,high
0607_w23_qp_23.json,5(b),statistics,high
0607_w23_qp_23.json,6,angles,high
0607_w23_qp_23.json,7,exponents and surds,high
0607_w23_qp_23.json,8(a),sequences,high
0607_w23_qp_23.json,8(b),sequences,high
0607_w23_qp_23.json,9,similarity,high
0607_w23_qp_23.json,10(a),circle theorems,high
0607_w23_qp_23.json,10(b),circle theorems,high
0607_w23_qp_23.json,10(c),circle theorems,high
0607_w23_qp_23.json,11,expanding and factorising,high
0607_w23_qp_23.json,12,variation and proportion,high
0607_w23_qp_23.json,13,mensuration,high
0607_w23_qp_23.json,14,logarithms,high
0607_w23_qp_23.json,15,expanding and factorising,high
0607_w23_qp_41.json,1(a),topics in arithmetic,high
0607_w23_qp_41.json,1(b),topics in arithmetic,high
0607_w23_qp_41.json,1(c),topics in arithmetic,high
0607_w23_qp_41.json,1(d)(i),topics in arithmetic,high
0607_w23_qp_41.json,1(d)(ii),logarithms,medium
0607_w23_qp_41.json,2(a),functions,high
0607_w23_qp_41.json,2(b),functions,high
0607_w23_qp_41.json,2(c),functions,high
0607_w23_qp_41.json,2(d),functions,high
0607_w23_qp_41.json,2(e),functions,high
0607_w23_qp_41.json,3(a)(i),statistics,high
0607_w23_qp_41.json,3(a)(ii),statistics,high
0607_w23_qp_41.json,3(a)(iii),statistics,high
0607_w23_qp_41.json,3(b),statistics,high
0607_w23_qp_41.json,3(c),statistics,high
0607_w23_qp_41.json,4(a)(i),vectors,high
0607_w23_qp_41.json,4(a)(ii),vectors,high
0607_w23_qp_41.json,4(a)(iii),vectors,high
0607_w23_qp_41.json,4(b),vectors,high
0607_w23_qp_41.json,4(c)(i),transformations,high
0607_w23_qp_41.json,4(c)(ii),transformations,high
0607_w23_qp_41.json,4(c)(iii),transformations,high
0607_w23_qp_41.json,4(c)(iv),transformations,high
0607_w23_qp_41.json,5(a),functions,high
0607_w23_qp_41.json,5(b)(i),functions,high
0607_w23_qp_41.json,5(b)(ii),functions,high
0607_w23_qp_41.json,5(c),functions,high
0607_w23_qp_41.json,5(d),functions,high
0607_w23_qp_41.json,5(e),functions,high
0607_w23_qp_41.json,5(f),functions,high
0607_w23_qp_41.json,6(a),topics in arithmetic,high
0607_w23_qp_41.json,6(b),topics in arithmetic,high
0607_w23_qp_41.json,6(c)(i),exponents and surds,high
0607_w23_qp_41.json,6(c)(ii),exponents and surds,high
0607_w23_qp_41.json,7(a),solving linear equations,high
0607_w23_qp_41.json,7(b)(i),solving quadratic equations,high
0607_w23_qp_41.json,7(b)(ii),solving quadratic equations,high
0607_w23_qp_41.json,7(b)(iii),solving quadratic equations,high
0607_w23_qp_41.json,8(a),mensuration,high
0607_w23_qp_41.json,8(b),mensuration,high
0607_w23_qp_41.json,8(c),mensuration,high
0607_w23_qp_41.json,8(d),similarity,high
0607_w23_qp_41.json,9(a),probability,high
0607_w23_qp_41.json,9(b),probability,high
0607_w23_qp_41.json,9(c),probability,high
0607_w23_qp_41.json,9(d),probability,high
0607_w23_qp_41.json,10(a)(i),expanding and factorising,high
0607_w23_qp_41.json,10(a)(ii),expanding and factorising,high
0607_w23_qp_41.json,10(b),expanding and factorising,high
0607_w23_qp_41.json,10(c),expanding and factorising,high
0607_w23_qp_41.json,11(a),trigonometry,high
0607_w23_qp_41.json,11(b),trigonometry,high
0607_w23_qp_41.json,11(c),trigonometry,high
0607_w23_qp_41.json,11(d),circle theorems,high
0607_w23_qp_42.json,1(a),transformations,high
0607_w23_qp_42.json,1(b),transformations,high
0607_w23_qp_42.json,1(c),transformations,high
0607_w23_qp_42.json,1(d),transformations,high
0607_w23_qp_42.json,2(a)(i),functions,high
0607_w23_qp_42.json,2(a)(ii),functions,high
0607_w23_qp_42.json,2(b),functions,high
0607_w23_qp_42.json,2(c),functions,high
0607_w23_qp_42.json,2(d),functions,high
0607_w23_qp_42.json,2(e),functions,high
0607_w23_qp_42.json,3(a),variation and proportion,high
0607_w23_qp_42.json,3(b),variation and proportion,high
0607_w23_qp_42.json,3(c),variation and proportion,high
0607_w23_qp_42.json,4(a)(i),statistics,high
0607_w23_qp_42.json,4(a)(ii),statistics,high
0607_w23_qp_42.json,4(a)(iii),straight lines,high
0607_w23_qp_42.json,4(a)(iv),straight lines,high
0607_w23_qp_42.json,4(b),topics in arithmetic,high
0607_w23_qp_42.json,4(c),statistics,high
0607_w23_qp_42.json,5(a)(i),straight lines,high
0607_w23_qp_42.json,5(a)(ii),inequalities,high
0607_w23_qp_42.json,5(b)(i),functions,high
0607_w23_qp_42.json,5(b)(ii),functions,high
0607_w23_qp_42.json,5(b)(iii),functions,high
0607_w23_qp_42.json,5(b)(iv),functions,high
0607_w23_qp_42.json,5(b)(v),functions,high
0607_w23_qp_42.json,6(a)(i),angles,high
0607_w23_qp_42.json,6(a)(ii)(a),topics in arithmetic,high
0607_w23_qp_42.json,6(a)(ii)(b),topics in arithmetic,high
0607_w23_qp_42.json,6(b),topics in arithmetic,high
0607_w23_qp_42.json,7(a),trigonometry,high
0607_w23_qp_42.json,7(b),trigonometry,high
0607_w23_qp_42.json,7(c),trigonometry,high
0607_w23_qp_42.json,8(a)(i),Pythagoras,high
0607_w23_qp_42.json,8(a)(ii),Pythagoras,high
0607_w23_qp_42.json,8(a)(iii),trigonometry,high
0607_w23_qp_42.json,8(b)(i),mensuration,high
0607_w23_qp_42.json,8(b)(ii),mensuration,high
0607_w23_qp_42.json,9(a)(i),probability,high
0607_w23_qp_42.json,9(a)(ii),probability,high
0607_w23_qp_42.json,9(b)(i),solving linear equations,high
0607_w23_qp_42.json,9(b)(ii)(a),solving linear equations,high
0607_w23_qp_42.json,9(b)(ii)(b),simultaneous equations,high
0607_w23_qp_42.json,10(a),circle theorems,high
0607_w23_qp_42.json,10(b),circle theorems,high
0607_w23_qp_42.json,10(c)(i),trigonometry,high
0607_w23_qp_42.json,10(c)(ii),mensuration,high
0607_w23_qp_42.json,11(a),exponents and surds,high
0607_w23_qp_42.json,11(b),logarithms,high
0607_w23_qp_42.json,11(c)(i),expanding and factorising,high
0607_w23_qp_42.json,11(c)(ii),solving quadratic equations,high
0607_w23_qp_43.json,1(a),topics in arithmetic,high
0607_w23_qp_43.json,1(b),topics in arithmetic,high
0607_w23_qp_43.json,1(c),topics in arithmetic,high
0607_w23_qp_43.json,2(a)(i),statistics,high
0607_w23_qp_43.json,2(a)(ii),statistics,high
0607_w23_qp_43.json,2(a)(iii),statistics,high
0607_w23_qp_43.json,2(a)(iv),statistics,high
0607_w23_qp_43.json,2(a)(v),statistics,high
0607_w23_qp_43.json,2(b),statistics,high
0607_w23_qp_43.json,3(a),transformations,high
0607_w23_qp_43.json,3(b),transformations,high
0607_w23_qp_43.json,3(c)(i),transformations,high
0607_w23_qp_43.json,3(c)(ii),transformations,high
0607_w23_qp_43.json,4(a),functions,high
0607_w23_qp_43.json,4(b),solving quadratic equations,medium
0607_w23_qp_43.json,4(c),functions,high
0607_w23_qp_43.json,4(d),functions,high
0607_w23_qp_43.json,5(a),topics in arithmetic,high
0607_w23_qp_43.json,5(b),topics in arithmetic,high
0607_w23_qp_43.json,5(c),logarithms,medium
0607_w23_qp_43.json,6(a)(i),mensuration,high
0607_w23_qp_43.json,6(a)(ii),Pythagoras,high
0607_w23_qp_43.json,6(b)(i),similarity,high
0607_w23_qp_43.json,6(b)(ii),mensuration,high
0607_w23_qp_43.json,7(a)(i),statistics,high
0607_w23_qp_43.json,7(a)(ii),statistics,high
0607_w23_qp_43.json,7(b),statistics,high
0607_w23_qp_43.json,7(c),statistics,high
0607_w23_qp_43.json,7(d),statistics,high
0607_w23_qp_43.json,8(a),solving linear equations,high
0607_w23_qp_43.json,8(b)(i),solving linear equations,high
0607_w23_qp_43.json,8(b)(ii),solving linear equations,high
0607_w23_qp_43.json,8(c),solving quadratic equations,high
0607_w23_qp_43.json,8(d),solving linear equations,high
0607_w23_qp_43.json,8(e),expanding and factorising,high
0607_w23_qp_43.json,9(a),sets and Venn diagrams,high
0607_w23_qp_43.json,9(b)(i),sets and Venn diagrams,high
0607_w23_qp_43.json,9(b)(ii),probability,high
0607_w23_qp_43.json,9(b)(iii),probability,high
0607_w23_qp_43.json,9(b)(iv),probability,high
0607_w23_qp_43.json,10(a)(i),functions,high
0607_w23_qp_43.json,10(a)(ii),functions,high
0607_w23_qp_43.json,10(a)(iii),functions,high
0607_w23_qp_43.json,10(a)(iv),functions,high
0607_w23_qp_43.json,10(b)(i),functions,high
0607_w23_qp_43.json,10(b)(ii),functions,high
0607_w23_qp_43.json,10(b)(iii),functions,high
0607_w23_qp_43.json,10(b)(iv),functions,high
0607_w23_qp_43.json,11(a),trigonometry,high
0607_w23_qp_43.json,11(b)(i),trigonometry,high
0607_w23_qp_43.json,11(b)(ii),trigonometry,high
0607_w23_qp_43.json,12(a)(i),straight lines,high
0607_w23_qp_43.json,12(a)(ii),straight lines,high
0607_w23_qp_43.json,12(b),straight lines,high
0607_w24_qp_21.json,1,topics in arithmetic,high
0607_w24_qp_21.json,2(a),topics in arithmetic,high
0607_w24_qp_21.json,2(b),topics in arithmetic,high
0607_w24_qp_21.json,3(a),statistics,high
0607_w24_qp_21.json,3(b),statistics,high
0607_w24_qp_21.json,4,expanding and factorising,high
0607_w24_qp_21.json,5,exponents and surds,high
0607_w24_qp_21.json,6,angles,high
0607_w24_qp_21.json,7,variation and proportion,high
0607_w24_qp_21.json,8(a),expanding and factorising,high
0607_w24_qp_21.json,8(b),expanding and factorising,high
0607_w24_qp_21.json,9(a),topics in arithmetic,high
0607_w24_qp_21.json,9(b),topics in arithmetic,high
0607_w24_qp_21.json,10(a),circle theorems,high
0607_w24_qp_21.json,10(b),circle theorems,high
0607_w24_qp_21.json,10(c),circle theorems,high
0607_w24_qp_21.json,11(a),exponents and surds,high
0607_w24_qp_21.json,11(b),exponents and surds,high
0607_w24_qp_21.json,12(a),probability,high
0607_w24_qp_21.json,12(b),probability,high
0607_w24_qp_21.json,13,straight lines,high
0607_w24_qp_21.json,14,expanding and factorising,high
0607_w24_qp_22.json,1,topics in arithmetic,high
0607_w24_qp_22.json,2,topics in arithmetic,high
0607_w24_qp_22.json,3,expanding and factorising,high
0607_w24_qp_22.json,4,topics in arithmetic,high
0607_w24_qp_22.json,5,expanding and factorising,high
0607_w24_qp_22.json,6(a),topics in arithmetic,high
0607_w24_qp_22.json,6(b),topics in arithmetic,high
0607_w24_qp_22.json,7(a),statistics,high
0607_w24_qp_22.json,7(b),statistics,high
0607_w24_qp_22.json,7(c),statistics,high
0607_w24_qp_22.json,8,topics in arithmetic,high
0607_w24_qp_22.json,9,angles,high
0607_w24_qp_22.json,10,statistics,high
0607_w24_qp_22.json,11,exponents and surds,high
0607_w24_qp_22.json,12(a),circle theorems,high
0607_w24_qp_22.json,12(b),circle theorems,high
0607_w24_qp_22.json,13,exponents and surds,high
0607_w24_qp_22.json,14,similarity,high
0607_w24_qp_22.json,15,expanding and factorising,high
0607_w24_qp_22.json,16,variation and proportion,high
0607_w24_qp_22.json,17,trigonometry,high
0607_w24_qp_22.json,18,logarithms,high
0607_w24_qp_23.json,1(a),transformations,high
0607_w24_qp_23.json,1(b),transformations,high
0607_w24_qp_23.json,2,topics in arithmetic,high
0607_w24_qp_23.json,3,topics in arithmetic,high
0607_w24_qp_23.json,4,solving linear equations,high
0607_w24_qp_23.json,5(a),topics in arithmetic,high
0607_w24_qp_23.json,5(b),topics in arithmetic,high
0607_w24_qp_23.json,6(a),angles,high
0607_w24_qp_23.json,6(b),angles,high
0607_w24_qp_23.json,7,solving quadratic equations,high
0607_w24_qp_23.json,8,exponents and surds,high
0607_w24_qp_23.json,9,circle theorems,high
0607_w24_qp_23.json,10,solving linear equations,high
0607_w24_qp_23.json,11(a),probability,high
0607_w24_qp_23.json,11(b),probability,high
0607_w24_qp_23.json,11(c),probability,high
0607_w24_qp_23.json,12(a),exponents and surds,high
0607_w24_qp_23.json,12(b),exponents and surds,high
0607_w24_qp_23.json,13,expanding and factorising,high
0607_w24_qp_23.json,14(a),logarithms,high
0607_w24_qp_23.json,14(b),logarithms,high
0607_w24_qp_23.json,15,solving quadratic equations,high
0607_w24_qp_41.json,1(a)(i),solving linear equations,high
0607_w24_qp_41.json,1(a)(ii),solving linear equations,high
0607_w24_qp_41.json,1(a)(iii),solving linear equations,high
0607_w24_qp_41.json,1(b),solving quadratic equations,high
0607_w24_qp_41.json,2(a)(i),topics in arithmetic,high
0607_w24_qp_41.json,2(a)(ii),topics in arithmetic,high
0607_w24_qp_41.json,2(a)(iii),topics in arithmetic,high
0607_w24_qp_41.json,2(b),topics in arithmetic,high
0607_w24_qp_41.json,2(c)(i),topics in arithmetic,high
0607_w24_qp_41.json,2(c)(ii),topics in arithmetic,high
0607_w24_qp_41.json,2(d),topics in arithmetic,high
0607_w24_qp_41.json,3(a)(i),statistics,high
0607_w24_qp_41.json,3(a)(ii),statistics,high
0607_w24_qp_41.json,3(b),statistics,high
0607_w24_qp_41.json,3(c)(i),straight lines,high
0607_w24_qp_41.json,3(c)(ii),straight lines,high
0607_w24_qp_41.json,3(c)(iii),statistics,high
0607_w24_qp_41.json,4(a)(i),topics in arithmetic,high
0607_w24_qp_41.json,4(a)(ii),topics in arithmetic,high
0607_w24_qp_41.json,4(a)(iii),topics in arithmetic,high
0607_w24_qp_41.json,4(b)(i),topics in arithmetic,high
0607_w24_qp_41.json,4(b)(ii),topics in arithmetic,high
0607_w24_qp_41.json,4(c),topics in arithmetic,high
0607_w24_qp_41.json,4(d),topics in arithmetic,high
0607_w24_qp_41.json,5(a),trigonometry,high
0607_w24_qp_41.json,5(b),trigonometry,high
0607_w24_qp_41.json,5(c),trigonometry,high
0607_w24_qp_41.json,5(d),trigonometry,high
0607_w24_qp_41.json,6(a)(i),transformations,high
0607_w24_qp_41.json,6(a)(ii),transformations,high
0607_w24_qp_41.json,6(a)(iii),transformations,high
0607_w24_qp_41.json,6(b)(i),transformations,high
0607_w24_qp_41.json,6(b)(ii),transformations,high
0607_w24_qp_41.json,7(a)(i),sets and Venn diagrams,high
0607_w24_qp_41.json,7(a)(ii),sets and Venn diagrams,high
0607_w24_qp_41.json,7(a)(iii)(a),sets and Venn diagrams,high
0607_w24_qp_41.json,7(a)(iii)(b),sets and Venn diagrams,high
0607_w24_qp_41.json,7(b),probability,high
0607_w24_qp_41.json,8(a),sequences,high
0607_w24_qp_41.json,8(b),sequences,high
0607_w24_qp_41.json,8(c),sequences,high
0607_w24_qp_41.json,8(d),sequences,high
0607_w24_qp_41.json,9(a),functions,high
0607_w24_qp_41.json,9(b),functions,high
0607_w24_qp_41.json,9(c),functions,high
0607_w24_qp_41.json,9(d),functions,high
0607_w24_qp_41.json,9(e),inequalities,high
0607_w24_qp_41.json,10(a),mensuration,high
0607_w24_qp_41.json,10(b),mensuration,high
0607_w24_qp_41.json,10(c)(i),similarity,high
0607_w24_qp_41.json,10(c)(ii),similarity,high
0607_w24_qp_41.json,11(a),logarithms,high
0607_w24_qp_41.json,11(b),functions,high
0607_w24_qp_42.json,1(a),straight lines,high
0607_w24_qp_42.json,1(b)(i),vectors,high
0607_w24_qp_42.json,1(b)(ii),straight lines,high
0607_w24_qp_42.json,1(c),vectors,high
0607_w24_qp_42.json,1(d),straight lines,high
0607_w24_qp_42.json,2(a),functions,high
0607_w24_qp_42.json,2(b),functions,high
0607_w24_qp_42.json,2(c),functions,high
0607_w24_qp_42.json,2(d)(i),functions,high
0607_w24_qp_42.json,2(d)(ii),inequalities,high
0607_w24_qp_42.json,3(a),topics in arithmetic,high
0607_w24_qp_42.json,3(b),topics in arithmetic,high
0607_w24_qp_42.json,3(c),topics in arithmetic,high
0607_w24_qp_42.json,3(d),topics in arithmetic,high
0607_w24_qp_42.json,4(a)(i),mensuration,high
0607_w24_qp_42.json,4(a)(ii),mensuration,high
0607_w24_qp_42.json,4(b),mensuration,high
0607_w24_qp_42.json,5(a)(i),solving linear equations,high
0607_w24_qp_42.json,5(a)(ii),solving linear equations,high
0607_w24_qp_42.json,5(b),sequences,high
0607_w24_qp_42.json,6(a)(i),transformations,high
0607_w24_qp_42.json,6(a)(ii),transformations,high
0607_w24_qp_42.json,6(b),transformations,high
0607_w24_qp_42.json,7(a),inequalities,high
0607_w24_qp_42.json,7(b)(i),inequalities,high
0607_w24_qp_42.json,7(b)(ii),inequalities,high
0607_w24_qp_42.json,7(c),solving linear equations,high
0607_w24_qp_42.json,7(d)(i),expanding and factorising,high
0607_w24_qp_42.json,7(d)(ii),solving quadratic equations,high
0607_w24_qp_42.json,8(a),trigonometry,high
0607_w24_qp_42.json,8(b),trigonometry,high
0607_w24_qp_42.json,8(c),trigonometry,high
0607_w24_qp_42.json,8(d),trigonometry,high
0607_w24_qp_42.json,8(e),trigonometry,high
0607_w24_qp_42.json,9(a),functions,high
0607_w24_qp_42.json,9(b),functions,high
0607_w24_qp_42.json,9(c),functions,high
0607_w24_qp_42.json,9(d),functions,high
0607_w24_qp_42.json,9(e),functions,high
0607_w24_qp_42.json,9(f),expanding and factorising,high
0607_w24_qp_42.json,10(a)(i),statistics,high
0607_w24_qp_42.json,10(a)(ii),probability,high
0607_w24_qp_42.json,10(a)(iii),probability,high
0607_w24_qp_42.json,10(b)(i),sets and Venn diagrams,high
0607_w24_qp_42.json,10(b)(ii),sets and Venn diagrams,high
0607_w24_qp_42.json,10(b)(iii),sets and Venn diagrams,high
0607_w24_qp_42.json,10(b)(iv),probability,high
0607_w24_qp_42.json,11(a),exponents and surds,high
0607_w24_qp_42.json,11(b),exponents and surds,high
0607_w24_qp_42.json,11(c)(i),exponents and surds,high
0607_w24_qp_42.json,11(c)(ii),exponents and surds,high
0607_w24_qp_43.json,1(a),statistics,high
0607_w24_qp_43.json,1(b),statistics,high
0607_w24_qp_43.json,1(c),statistics,high
0607_w24_qp_43.json,1(d),statistics,high
0607_w24_qp_43.json,2(a),topics in arithmetic,high
0607_w24_qp_43.json,2(b),topics in arithmetic,high
0607_w24_qp_43.json,2(c),topics in arithmetic,high
0607_w24_qp_43.json,2(d),solving linear equations,high
0607_w24_qp_43.json,2(e)(i),topics in arithmetic,high
0607_w24_qp_43.json,2(e)(ii),logarithms,medium
0607_w24_qp_43.json,3(a)(i),straight lines,high
0607_w24_qp_43.json,3(a)(ii),straight lines,high
0607_w24_qp_43.json,3(a)(iii),straight lines,high
0607_w24_qp_43.json,3(b),straight lines,high
0607_w24_qp_43.json,4(a),functions,high
0607_w24_qp_43.json,4(b),functions,high
0607_w24_qp_43.json,4(c),functions,high
0607_w24_qp_43.json,4(d),functions,high
0607_w24_qp_43.json,4(e),inequalities,high
0607_w24_qp_43.json,5(a),transformations,high
0607_w24_qp_43.json,5(b)(i),transformations,high
0607_w24_qp_43.json,5(b)(ii),transformations,high
0607_w24_qp_43.json,5(c),transformations,high
0607_w24_qp_43.json,6(a),functions,high
0607_w24_qp_43.json,6(b),functions,high
0607_w24_qp_43.json,6(c),functions,high
0607_w24_qp_43.json,6(d),functions,high
0607_w24_qp_43.json,6(e),functions,high
0607_w24_qp_43.json,7(a)(i),sequences,high
0607_w24_qp_43.json,7(a)(ii),sequences,high
0607_w24_qp_43.json,7(b),solving quadratic equations,high
0607_w24_qp_43.json,8(a),solving linear equations,high
0607_w24_qp_43.json,8(b),topics in arithmetic,high
0607_w24_qp_43.json,8(c),inequalities,high
0607_w24_qp_43.json,8(d),simultaneous equations,high
0607_w24_qp_43.json,8(e),variation and proportion,high
0607_w24_qp_43.json,9(a),trigonometry,high
0607_w24_qp_43.json,9(b),trigonometry,high
0607_w24_qp_43.json,9(c),mensuration,high
0607_w24_qp_43.json,10(a)(i),mensuration,high
0607_w24_qp_43.json,10(a)(ii),mensuration,high
0607_w24_qp_43.json,10(b)(i),Pythagoras,high
0607_w24_qp_43.json,10(b)(ii),trigonometry,high
0607_w24_qp_43.json,11(a),sets and Venn diagrams,high
0607_w24_qp_43.json,11(b),sets and Venn diagrams,high
0607_w24_qp_43.json,11(c),sets and Venn diagrams,high
0607_w24_qp_43.json,11(d),probability,high
0607_w24_qp_43.json,11(e),probability,high
0607_w24_qp_43.json,11(f),probability,high
0607_w25_qp_21.json,1,topics in arithmetic,high
0607_w25_qp_21.json,2,topics in arithmetic,high
0607_w25_qp_21.json,3,topics in arithmetic,high
0607_w25_qp_21.json,4(a)(i),angles,high
0607_w25_qp_21.json,4(a)(ii),angles,high
0607_w25_qp_21.json,4(b),angles,high
0607_w25_qp_21.json,5,vectors,high
0607_w25_qp_21.json,6(a),statistics,high
0607_w25_qp_21.json,6(b),statistics,high
0607_w25_qp_21.json,7,angles,high
0607_w25_qp_21.json,8(a),solving linear equations,high
0607_w25_qp_21.json,8(b),solving linear equations,high
0607_w25_qp_21.json,9,mensuration,high
0607_w25_qp_21.json,10,variation and proportion,high
0607_w25_qp_21.json,11(a),sets and Venn diagrams,high
0607_w25_qp_21.json,11(b)(i),sets and Venn diagrams,high
0607_w25_qp_21.json,11(b)(ii),sets and Venn diagrams,high
0607_w25_qp_21.json,11(c)(i),probability,high
0607_w25_qp_21.json,11(c)(ii),probability,high
0607_w25_qp_21.json,12,trigonometry,high
0607_w25_qp_21.json,13(a),exponents and surds,high
0607_w25_qp_21.json,13(b),exponents and surds,high
0607_w25_qp_21.json,14(a),inequalities,high
0607_w25_qp_21.json,14(b),inequalities,high
0607_w25_qp_21.json,14(c),inequalities,high
0607_w25_qp_21.json,15(a),functions,high
0607_w25_qp_21.json,15(b),functions,high
0607_w25_qp_21.json,15(c),functions,high
0607_w25_qp_21.json,15(d),functions,high
0607_w25_qp_21.json,15(e),solving quadratic equations,high
0607_w25_qp_21.json,16(a),angles,high
0607_w25_qp_21.json,16(b),trigonometry,high
0607_w25_qp_21.json,17,exponents and surds,high
0607_w25_qp_21.json,18(a),circle theorems,high
0607_w25_qp_21.json,18(b),similarity,high
0607_w25_qp_21.json,18(c),similarity,high
0607_w25_qp_21.json,19,expanding and factorising,high
0607_w25_qp_22.json,1(a),topics in arithmetic,high
0607_w25_qp_22.json,1(b),topics in arithmetic,high
0607_w25_qp_22.json,1(c),exponents and surds,high
0607_w25_qp_22.json,2,expanding and factorising,high
0607_w25_qp_22.json,3,topics in arithmetic,high
0607_w25_qp_22.json,4,topics in arithmetic,high
0607_w25_qp_22.json,5(a),statistics,high
0607_w25_qp_22.json,5(b),statistics,high
0607_w25_qp_22.json,5(c),statistics,high
0607_w25_qp_22.json,6,solving linear equations,high
0607_w25_qp_22.json,7,sequences,high
0607_w25_qp_22.json,8,Pythagoras,high
0607_w25_qp_22.json,9,topics in arithmetic,high
0607_w25_qp_22.json,10(a),transformations,high
0607_w25_qp_22.json,10(b),transformations,high
0607_w25_qp_22.json,10(c),transformations,high
0607_w25_qp_22.json,11,topics in arithmetic,high
0607_w25_qp_22.json,12(a),statistics,high
0607_w25_qp_22.json,12(b),statistics,high
0607_w25_qp_22.json,12(c),statistics,high
0607_w25_qp_22.json,13,simultaneous equations,high
0607_w25_qp_22.json,14(a)(i),circle theorems,high
0607_w25_qp_22.json,14(a)(ii),circle theorems,high
0607_w25_qp_22.json,14(a)(iii),circle theorems,high
0607_w25_qp_22.json,14(a)(iv),circle theorems,high
0607_w25_qp_22.json,14(b),circle theorems,high
0607_w25_qp_22.json,15,functions,high
0607_w25_qp_22.json,16,exponents and surds,high
0607_w25_qp_22.json,17,trigonometry,high
0607_w25_qp_22.json,18,straight lines,high
0607_w25_qp_22.json,19,exponents and surds,high
0607_w25_qp_22.json,20(a),expanding and factorising,high
0607_w25_qp_22.json,20(b),solving quadratic equations,high
0607_w25_qp_22.json,20(c),trigonometry,high
0607_w25_qp_22.json,21,expanding and factorising,high
0607_w25_qp_22.json,22,solving quadratic equations,high
0607_w25_qp_23.json,1(a),angles,high
0607_w25_qp_23.json,1(b),transformations,high
0607_w25_qp_23.json,2,solving linear equations,high
0607_w25_qp_23.json,3(a),topics in arithmetic,high
0607_w25_qp_23.json,3(b),topics in arithmetic,high
0607_w25_qp_23.json,4,expanding and factorising,high
0607_w25_qp_23.json,5,topics in arithmetic,high
0607_w25_qp_23.json,6(a),sequences,high
0607_w25_qp_23.json,6(b),sequences,high
0607_w25_qp_23.json,7(a),sets and Venn diagrams,high
0607_w25_qp_23.json,7(b),sets and Venn diagrams,high
0607_w25_qp_23.json,8,angles,high
0607_w25_qp_23.json,9,exponents and surds,high
0607_w25_qp_23.json,10(a),circle theorems,high
0607_w25_qp_23.json,10(b),circle theorems,high
0607_w25_qp_23.json,11(a),topics in arithmetic,high
0607_w25_qp_23.json,11(b),topics in arithmetic,high
0607_w25_qp_23.json,12(a),exponents and surds,high
0607_w25_qp_23.json,12(b),exponents and surds,high
0607_w25_qp_23.json,13(a),transformations,high
0607_w25_qp_23.json,13(b),transformations,high
0607_w25_qp_23.json,14(a),Pythagoras,high
0607_w25_qp_23.json,14(b),straight lines,high
0607_w25_qp_23.json,15(a),solving quadratic equations,high
0607_w25_qp_23.json,15(b),expanding and factorising,high
0607_w25_qp_23.json,15(c),mensuration,high
0607_w25_qp_23.json,16(a),exponents and surds,high
0607_w25_qp_23.json,16(b),exponents and surds,high
0607_w25_qp_23.json,17,solving quadratic equations,high
0607_w25_qp_23.json,18(a),functions,high
0607_w25_qp_23.json,18(b),functions,high
0607_w25_qp_23.json,18(c),functions,high
0607_w25_qp_23.json,19,expanding and factorising,high
0607_w25_qp_23.json,20(a),probability,high
0607_w25_qp_23.json,20(b),probability,high
0607_w25_qp_23.json,20(c),probability,high
0607_w25_qp_23.json,20(d),probability,high
0607_w25_qp_23.json,21,mensuration,high
0607_w25_qp_41.json,1(a),statistics,high
0607_w25_qp_41.json,1(b),statistics,high
0607_w25_qp_41.json,1(c),statistics,high
0607_w25_qp_41.json,1(d),statistics,high
0607_w25_qp_41.json,2,topics in arithmetic,high
0607_w25_qp_41.json,3,topics in arithmetic,high
0607_w25_qp_41.json,4,topics in arithmetic,high
0607_w25_qp_41.json,5,inequalities,high
0607_w25_qp_41.json,6(a),topics in arithmetic,high
0607_w25_qp_41.json,6(b),topics in arithmetic,high
0607_w25_qp_41.json,6(c),logarithms,medium
0607_w25_qp_41.json,7(a),mensuration,high
0607_w25_qp_41.json,7(b),trigonometry,high
0607_w25_qp_41.json,8(a),functions,high
0607_w25_qp_41.json,8(b),functions,high
0607_w25_qp_41.json,8(c),functions,high
0607_w25_qp_41.json,8(d),functions,high
0607_w25_qp_41.json,8(e),functions,high
0607_w25_qp_41.json,9(a),trigonometry,high
0607_w25_qp_41.json,9(b),trigonometry,high
0607_w25_qp_41.json,10(a),variation and proportion,high
0607_w25_qp_41.json,10(b),variation and proportion,high
0607_w25_qp_41.json,10(c),variation and proportion,high
0607_w25_qp_41.json,11,statistics,high
0607_w25_qp_41.json,12,transformations,high
0607_w25_qp_41.json,13(a),straight lines,high
0607_w25_qp_41.json,13(b),straight lines,high
0607_w25_qp_41.json,14(a),mensuration,high
0607_w25_qp_41.json,14(b),mensuration,high
0607_w25_qp_41.json,15(a),expanding and factorising,high
0607_w25_qp_41.json,15(b),functions,high
0607_w25_qp_42.json,1(a),topics in arithmetic,high
0607_w25_qp_42.json,1(b),topics in arithmetic,high
0607_w25_qp_42.json,2(a),probability,high
0607_w25_qp_42.json,2(b),statistics,high
0607_w25_qp_42.json,2(c),statistics,high
0607_w25_qp_42.json,3,expanding and factorising,high
0607_w25_qp_42.json,4,angles,high
0607_w25_qp_42.json,5,mensuration,high
0607_w25_qp_42.json,6,topics in arithmetic,high
0607_w25_qp_42.json,7,expanding and factorising,high
0607_w25_qp_42.json,8(a)(i),functions,high
0607_w25_qp_42.json,8(a)(ii),functions,high
0607_w25_qp_42.json,8(a)(iii),functions,high
0607_w25_qp_42.json,8(b),functions,high
0607_w25_qp_42.json,8(c),inequalities,high
0607_w25_qp_42.json,9,probability,high
0607_w25_qp_42.json,10(a),statistics,high
0607_w25_qp_42.json,10(b),statistics,high
0607_w25_qp_42.json,10(c),statistics,high
0607_w25_qp_42.json,11,trigonometry,high
0607_w25_qp_42.json,12,solving linear equations,high
0607_w25_qp_42.json,13,expanding and factorising,high
0607_w25_qp_42.json,14(a),trigonometry,high
0607_w25_qp_42.json,14(b),trigonometry,high
0607_w25_qp_42.json,14(c),mensuration,high
0607_w25_qp_42.json,15(a)(i),topics in arithmetic,high
0607_w25_qp_42.json,15(a)(ii),topics in arithmetic,high
0607_w25_qp_42.json,15(b),topics in arithmetic,high
0607_w25_qp_42.json,16,probability,high
0607_w25_qp_42.json,17(a),mensuration,high
0607_w25_qp_42.json,17(b),similarity,high
0607_w25_qp_43.json,1,angles,high
0607_w25_qp_43.json,2,topics in arithmetic,high
0607_w25_qp_43.json,3,topics in arithmetic,high
0607_w25_qp_43.json,4(a),functions,high
0607_w25_qp_43.json,4(b),functions,high
0607_w25_qp_43.json,4(c),functions,high
0607_w25_qp_43.json,4(d),functions,high
0607_w25_qp_43.json,4(e),functions,high
0607_w25_qp_43.json,4(f)(i),straight lines,high
0607_w25_qp_43.json,4(f)(ii),inequalities,high
0607_w25_qp_43.json,5,simultaneous equations,high
0607_w25_qp_43.json,6,topics in arithmetic,high
0607_w25_qp_43.json,7(a)(i),statistics,high
0607_w25_qp_43.json,7(a)(ii)(a),statistics,high
0607_w25_qp_43.json,7(a)(ii)(b),statistics,high
0607_w25_qp_43.json,7(b)(i),statistics,high
0607_w25_qp_43.json,7(b)(ii),statistics,high
0607_w25_qp_43.json,8,vectors,high
0607_w25_qp_43.json,9,mensuration,high
0607_w25_qp_43.json,10,mensuration,high
0607_w25_qp_43.json,11,solving linear equations,high
0607_w25_qp_43.json,12,variation and proportion,high
0607_w25_qp_43.json,13(a),topics in arithmetic,high
0607_w25_qp_43.json,13(b)(i),topics in arithmetic,high
0607_w25_qp_43.json,13(b)(ii),logarithms,high
0607_w25_qp_43.json,14(a),trigonometry,high
0607_w25_qp_43.json,14(b),trigonometry,high
0607_w25_qp_43.json,14(c),trigonometry,high
0607_w25_qp_43.json,15,Pythagoras,high
0607_w25_qp_43.json,16,expanding and factorising,high
0607_w25_qp_43.json,17,similarity,high
0607_w25_qp_43.json,18,trigonometry,high
0607_s23_qp_43.json,1(a),transformations,high
0607_s23_qp_43.json,1(b),transformations,high
0607_s23_qp_43.json,1(c),transformations,high
0607_s23_qp_43.json,1(d),transformations,high
0607_s23_qp_43.json,2(a),topics in arithmetic,high
0607_s23_qp_43.json,2(b),topics in arithmetic,high
0607_s23_qp_43.json,2(c),topics in arithmetic,high
0607_s23_qp_43.json,3(a),statistics,high
0607_s23_qp_43.json,3(b),statistics,high
0607_s23_qp_43.json,3(c),statistics,high
0607_s23_qp_43.json,3(d)(i),statistics,high
0607_s23_qp_43.json,3(d)(ii),statistics,high
0607_s23_qp_43.json,3(e),statistics,high
0607_s23_qp_43.json,4(a),topics in arithmetic,high
0607_s23_qp_43.json,4(b)(i),topics in arithmetic,high
0607_s23_qp_43.json,4(b)(ii),topics in arithmetic,high
0607_s23_qp_43.json,4(c),topics in arithmetic,high
0607_s23_qp_43.json,4(d),topics in arithmetic,high
0607_s23_qp_43.json,4(e)(i),solving linear equations,medium
0607_s23_qp_43.json,4(e)(ii),solving quadratic equations,medium
0607_s23_qp_43.json,5(a),trigonometry,high
0607_s23_qp_43.json,5(b),trigonometry,high
0607_s23_qp_43.json,5(c),trigonometry,high
0607_s23_qp_43.json,5(d),similarity,high
0607_s23_qp_43.json,6(a),solving linear equations,high
0607_s23_qp_43.json,6(b),solving linear equations,high
0607_s23_qp_43.json,6(c),solving linear equations,high
0607_s23_qp_43.json,6(d),solving quadratic equations,high
0607_s23_qp_43.json,6(e),logarithms,high
0607_s23_qp_43.json,6(f),probability,high
0607_s23_qp_43.json,7(a),functions,high
0607_s23_qp_43.json,7(b),functions,high
0607_s23_qp_43.json,7(c),functions,high
0607_s23_qp_43.json,7(d)(i),functions,high
0607_s23_qp_43.json,7(d)(ii),inequalities,high
0607_s23_qp_43.json,8(a),simultaneous equations,high
0607_s23_qp_43.json,8(b)(i),functions,high
0607_s23_qp_43.json,8(b)(ii),functions,high
0607_s23_qp_43.json,8(b)(iii),functions,high
0607_s23_qp_43.json,9(a)(i),probability,high
0607_s23_qp_43.json,9(a)(ii),probability,high
0607_s23_qp_43.json,9(b),probability,high
0607_s23_qp_43.json,9(c)(i),probability,high
0607_s23_qp_43.json,9(c)(ii),probability,high
0607_s23_qp_43.json,10(a),circle theorems,high
0607_s23_qp_43.json,10(b),circle theorems,high
0607_s23_qp_43.json,10(c),circle theorems,high
0607_s23_qp_43.json,10(d),circle theorems,high
0607_s23_qp_43.json,11(a),mensuration,high
0607_s23_qp_43.json,11(b),mensuration,high
0607_s23_qp_43.json,11(c)(i),mensuration,high
0607_s23_qp_43.json,11(c)(ii),mensuration,high
0607_s23_qp_43.json,12,trigonometry,high
0607_w16_qp_42.json,1(a),statistics,high
0607_w16_qp_42.json,1(b),statistics,high
0607_w16_qp_42.json,1(c),statistics,high
0607_w16_qp_42.json,1(d),statistics,high
0607_w16_qp_42.json,1(e),statistics,high
0607_w16_qp_42.json,2(a),trigonometry,high
0607_w16_qp_42.json,2(b),trigonometry,high
0607_w16_qp_42.json,2(c),mensuration,high
0607_w16_qp_42.json,3(a),statistics,high
0607_w16_qp_42.json,3(b)(i),statistics,high
0607_w16_qp_42.json,3(b)(ii),statistics,high
0607_w16_qp_42.json,3(c)(i),statistics,high
0607_w16_qp_42.json,3(c)(ii),statistics,high
0607_w16_qp_42.json,4(a),circle theorems,high
0607_w16_qp_42.json,4(b),circle theorems,high
0607_w16_qp_42.json,4(c),circle theorems,high
0607_w16_qp_42.json,4(d),circle theorems,high
0607_w16_qp_42.json,4(e),circle theorems,high
0607_w16_qp_42.json,5(a),statistics,high
0607_w16_qp_42.json,5(b),statistics,high
0607_w16_qp_42.json,6(a),transformations,high
0607_w16_qp_42.json,6(b),transformations,high
0607_w16_qp_42.json,6(c),transformations,high
0607_w16_qp_42.json,6(d),transformations,high
0607_w16_qp_42.json,7,simultaneous equations,high
0607_w16_qp_42.json,8(a),trigonometry,high
0607_w16_qp_42.json,8(b)(i),trigonometry,high
0607_w16_qp_42.json,8(b)(ii),trigonometry,high
0607_w16_qp_42.json,9(a),mensuration,high
0607_w16_qp_42.json,9(b)(i),mensuration,high
0607_w16_qp_42.json,9(b)(ii),mensuration,high
0607_w16_qp_42.json,9(b)(iii),mensuration,high
0607_w16_qp_42.json,10(a),functions,high
0607_w16_qp_42.json,10(b),functions,high
0607_w16_qp_42.json,10(c),functions,high
0607_w16_qp_42.json,10(d),inequalities,high
0607_w16_qp_42.json,10(e)(i),transformations,high
0607_w16_qp_42.json,10(e)(ii),transformations,high
0607_w16_qp_42.json,11(a),sequences,high
0607_w16_qp_42.json,11(b),sequences,high
0607_w16_qp_42.json,11(c),sequences,high
0607_w16_qp_42.json,12(a)(i),mensuration,high
0607_w16_qp_42.json,12(a)(ii),mensuration,high
0607_w16_qp_42.json,12(b)(i),mensuration,high
0607_w16_qp_42.json,12(b)(ii),mensuration,high
0607_w16_qp_42.json,13(a),logarithms,high
0607_w16_qp_42.json,13(b)(i),logarithms,high
0607_w16_qp_42.json,13(b)(ii),solving quadratic equations,high
0607_w16_qp_42.json,14(a),functions,high
0607_w16_qp_42.json,14(b),functions,high
0607_w16_qp_42.json,14(c),functions,high
0607_w16_qp_42.json,14(d),functions,high
